SiO2,Al2O3,Fe2O3,CaO,MgO,Na2O,K2O,TiO2,SO3,Si,Al,Fe,Ca,Mg,Na,K,Ti,TS,GSAsh,GSAsh_Dry,Standard_Ash,MnO,Ash_Deformation,Ash_Softening,Ash_Fluid
20.3,8.9,33.3,13.7,0.0232,0.149,0.33,0.37,14.9,14700.0,7320.0,36200.0,15200.0,21.8,171.0,427.0,344.0,6.05,15.3,15.5,12.9,0.069,2000.0,2100.0,2200.0
56.7,16.8,9.15,4.64,0.647,0.216,0.397,2.24,5.8,50400.0,16900.0,12200.0,6290.0,741.0,304.0,627.0,2550.0,2.55,17.3,19.0,15.66,0.031,2270.0,2300.0,2380.0
33.0,16.3,22.3,11.5,0.85,0.67,1.71,0.711,4.39,18800.0,10500.0,19600.0,9000.0,645.0,595.0,1800.0,519.0,1.8,11.8,12.0,9.89,0.0898,2053.0,2125.0,2259.0
40.4,26.4,13.5,6.37,0.88,0.392,0.52,1.13,9.69,7690.0,5690.0,3860.0,1850.0,216.0,118.0,176.0,276.0,3.95,4.0,4.08,3.8,0.026,2410.0,2460.0,2780.0
46.2,18.1,15.9,6.26,1.24,0.23,2.58,0.92,2.23,26600.0,11800.0,13700.0,5500.0,923.0,209.0,2650.0,677.0,0.928,11.8,12.3,11.62,0.034,2010.0,2080.0,2130.0
48.4,23.3,16.0,1.3,0.631,0.27,1.77,0.97,1.25,27800.0,15100.0,13700.0,1140.0,467.0,246.0,1810.0,713.0,0.504,12.2,12.3,11.9,0.02,2260.0,2350.0,2450.0
28.7,16.0,43.4,1.78,0.349,0.176,1.03,0.67,1.86,16700.0,10600.0,37900.0,1590.0,263.0,163.0,1070.0,501.0,0.775,12.0,12.5,10.3,0.022,2020.0,2102.0,2250.0
54.6,24.6,6.92,3.33,1.33,0.513,3.03,1.17,2.05,49900.0,25400.0,9460.0,4650.0,1560.0,743.0,4930.0,1370.0,0.831,19.3,19.6,17.8,0.023,2300.0,2420.0,2540.0
54.2,36.1,1.8,1.2,0.764,0.284,2.0,2.1,1.0,63600.0,47900.0,3160.0,2150.0,1150.0,527.0,4180.0,3150.0,0.417,24.1,25.1,19.3,0.011,2910.0,2910.0,2910.0
25.9,16.1,48.4,2.55,0.548,0.662,0.721,0.702,3.65,5860.0,4120.0,16400.0,882.0,160.0,237.0,291.0,203.0,1.5,4.7,4.84,4.3,0.04,1970.0,2070.0,2160.0
62.3,30.4,1.29,0.308,0.681,0.608,1.65,0.97,0.475,74800.0,41400.0,2310.0,565.0,1050.0,1160.0,3520.0,1490.0,0.192,25.4,25.7,23.03,0.0038,2800.0,2800.0,2800.0
24.8,17.1,49.8,0.896,0.249,0.23,0.493,0.719,1.27,9410.0,7320.0,28200.0,519.0,122.0,138.0,333.0,349.0,0.517,8.0,8.11,7.33,0.006,2010.0,2110.0,2190.0
38.5,14.5,35.3,0.881,0.631,0.311,2.0,1.0,1.2,20400.0,8700.0,28000.0,714.0,431.0,261.0,1880.0,681.0,0.496,11.0,11.3,10.3,0.0232,2065.0,2160.0,2250.0
55.4,31.9,3.43,1.11,0.631,0.162,1.56,2.34,1.02,35600.0,23200.0,3300.0,1090.0,522.0,165.0,1790.0,1920.0,0.417,13.5,13.7,12.93,0.0046,2660.0,2740.0,2790.0
39.4,18.3,32.7,1.26,0.432,0.392,1.97,1.99,1.93,24500.0,12900.0,30500.0,1200.0,347.0,387.0,2190.0,1590.0,0.778,13.2,13.3,12.8,0.011,2020.0,2080.0,2140.0
37.5,30.6,21.9,2.13,0.564,1.13,1.37,1.26,3.68,13800.0,12700.0,12000.0,1190.0,267.0,660.0,895.0,593.0,1.5,7.7,7.85,6.92,0.02,2220.0,2520.0,2620.0
34.0,14.1,31.2,7.51,0.448,0.189,1.5,0.773,2.8,15800.0,7430.0,21700.0,5340.0,269.0,139.0,1240.0,460.0,1.16,9.6,9.96,8.8,0.0542,1945.0,2055.0,2155.0
57.3,22.2,7.69,1.13,1.46,0.783,3.64,1.12,1.38,62200.0,27300.0,12500.0,1880.0,2040.0,1350.0,7040.0,1560.0,0.558,22.9,23.2,21.1,0.016,2340.0,2430.0,2530.0
41.7,29.3,12.7,2.28,1.15,0.176,2.24,0.97,3.5,36100.0,28700.0,16400.0,3020.0,1280.0,241.0,3440.0,1070.0,1.43,18.1,18.5,15.3,0.29,2450.0,2560.0,2650.0
17.8,10.5,54.5,1.99,0.93,0.324,1.31,0.518,2.98,5770.0,3830.0,26300.0,982.0,387.0,166.0,754.0,214.0,1.21,6.8,6.91,6.89,0.038,2060.0,2120.0,2230.0
43.5,26.6,21.0,0.97,0.847,0.203,2.73,1.15,1.69,27100.0,18700.0,19500.0,922.0,679.0,200.0,3020.0,916.0,0.72,12.5,13.3,10.5,0.01,2410.0,2460.0,2880.0
50.1,22.7,18.2,0.46,0.73,0.324,2.36,1.29,1.12,78600.0,40300.0,42700.0,1100.0,1480.0,805.0,6590.0,2590.0,0.467,32.2,33.5,31.5,0.0092,2415.0,2505.0,2605.0
27.2,17.6,45.2,2.55,0.714,0.459,1.26,0.719,1.85,11500.0,8430.0,28600.0,1650.0,389.0,308.0,950.0,389.0,0.752,8.9,9.05,8.94,0.015,2000.0,2090.0,2290.0
42.2,21.0,26.0,0.784,0.299,0.27,3.35,2.61,1.95,57900.0,32600.0,53500.0,1650.0,529.0,588.0,8200.0,4580.0,0.79,29.0,29.4,25.3,0.015,1980.0,2070.0,2160.0
32.1,12.7,27.7,10.1,0.697,0.729,1.32,0.635,7.23,18700.0,8380.0,24200.0,9020.0,525.0,675.0,1370.0,475.0,2.98,12.1,12.5,10.0,0.057,1950.0,2060.0,2200.0
50.1,26.2,13.2,1.01,0.448,0.27,2.88,1.35,1.43,23700.0,14000.0,9360.0,729.0,273.0,202.0,2430.0,820.0,0.577,10.0,10.1,10.3,0.008,2440.0,2520.0,2630.0
50.7,32.0,5.88,0.914,0.879,0.306,2.65,1.34,1.43,19200.0,13700.0,3410.0,541.0,436.0,180.0,1810.0,652.0,0.596,7.82,8.14,9.01,0.0495,2800.0,2800.0,2800.0
52.2,27.8,8.15,0.546,0.697,0.203,2.91,1.25,0.6,39600.0,23800.0,9240.0,632.0,681.0,243.0,3920.0,1220.0,0.242,16.1,16.2,15.71,0.0062,2610.0,2720.0,2780.0
42.1,23.4,26.3,1.56,0.481,0.203,1.25,1.76,1.82,40600.0,25500.0,37900.0,2300.0,598.0,309.0,2150.0,2170.0,0.758,19.8,20.6,18.25,0.011,2117.0,2230.0,2376.0
24.4,14.7,42.9,2.9,0.697,0.405,1.25,0.635,4.55,4400.0,3010.0,11600.0,799.0,162.0,116.0,401.0,147.0,1.85,3.8,3.86,3.41,0.02,2000.0,2050.0,2150.0
33.6,30.1,18.3,3.18,0.78,1.11,0.745,1.19,4.78,2050.0,2080.0,1670.0,297.0,61.5,107.0,81.1,92.9,1.92,1.3,1.31,1.25,0.056,2300.0,2420.0,2640.0
35.9,20.5,35.3,1.58,0.498,0.176,1.15,1.02,2.36,12600.0,8180.0,18600.0,851.0,226.0,98.0,721.0,460.0,0.949,7.5,7.54,7.77,0.0065,1960.0,2100.0,2450.0
55.6,32.8,2.64,0.504,0.858,0.891,2.89,1.44,1.4,61200.0,38400.0,3590.0,445.0,1190.0,1560.0,6160.0,2140.0,0.585,21.8,22.7,21.54,0.00942,2800.0,2800.0,2800.0
57.8,32.6,1.1,1.15,0.382,0.068,0.613,2.58,1.35,13900.0,8840.0,395.0,421.0,118.0,26.0,262.0,790.0,0.554,5.0,5.13,4.84,0.0028,2800.0,2800.0,2800.0
39.0,34.0,4.4,3.9,0.146,0.0743,1.8,2.2,3.1,16900.0,16700.0,2850.0,2580.0,81.6,51.0,1390.0,1220.0,1.28,9.0,9.28,9.9,0.0263,2430.0,2560.0,2910.0
49.5,37.1,4.8,1.2,0.332,0.851,1.1,1.6,2.8,16900.0,14300.0,2450.0,625.0,146.0,459.0,667.0,698.0,1.17,7.0,7.29,6.5,0.0072,2800.0,2800.0,2800.0
47.9,35.7,5.61,1.66,0.896,1.08,0.86,1.4,2.7,8390.0,7080.0,1470.0,444.0,203.0,300.0,268.0,314.0,1.13,3.6,3.75,2.8,0.022,2910.0,2910.0,2910.0
49.7,25.4,13.7,0.133,1.99,0.989,3.73,0.927,1.67,84300.0,48900.0,34500.0,327.0,4350.0,2630.0,11200.0,2000.0,0.697,34.8,36.2,32.76,0.0143,2259.0,2386.0,2565.0
47.3,29.1,17.3,0.7,0.598,1.28,1.8,1.2,1.6,18200.0,12700.0,9960.0,411.0,296.0,782.0,1230.0,591.0,0.667,7.9,8.23,7.6,0.0097,2410.0,2530.0,2645.0
52.3,36.8,3.8,0.7,0.78,0.5,2.5,1.3,1.5,22900.0,18300.0,2490.0,469.0,441.0,347.0,1950.0,729.0,0.625,9.0,9.38,15.8,0.007,2910.0,2910.0,2910.0
41.1,19.7,27.3,1.27,0.896,0.311,1.79,1.32,1.68,15200.0,8210.0,15100.0,719.0,426.0,182.0,1180.0,624.0,0.678,7.8,7.9,8.0,0.017,2000.0,2090.0,2150.0
32.1,20.2,16.6,8.4,2.32,0.689,1.95,0.803,10.6,2150.0,1540.0,1670.0,861.0,201.0,73.2,233.0,68.9,4.34,1.4,1.44,1.47,0.027,2100.0,2260.0,2340.0
36.7,23.5,14.1,7.07,1.64,0.27,2.13,1.15,6.1,4750.0,3450.0,2740.0,1400.0,275.0,55.5,491.0,191.0,2.51,2.7,2.77,6.59,0.09,2000.0,2100.0,2220.0
52.2,36.7,3.1,1.04,0.481,0.27,1.48,1.55,1.2,12800.0,10200.0,1140.0,391.0,152.0,105.0,645.0,485.0,0.484,5.2,5.25,5.45,0.0071,2800.0,2800.0,2800.0
56.1,25.0,6.52,2.21,0.813,0.176,1.95,1.59,1.5,31400.0,15800.0,5460.0,1890.0,587.0,156.0,1940.0,1140.0,0.609,11.8,12.0,8.8,0.014,2040.0,2160.0,2250.0
39.0,25.0,7.3,3.9,1.44,0.365,2.5,1.0,0.73,14400.0,10500.0,4040.0,2200.0,689.0,214.0,1650.0,473.0,0.304,7.6,7.92,4.9,0.012,2430.0,2480.0,2590.0
27.3,15.1,49.8,1.83,0.681,0.459,1.38,0.535,3.0,24000.0,15000.0,65500.0,2460.0,770.0,639.0,2160.0,601.0,1.22,18.5,18.8,18.7,0.026,2190.0,2280.0,2400.0
27.1,11.4,10.9,16.1,4.4,4.36,0.535,0.445,22.1,19400.0,7520.0,10600.0,12700.0,2980.0,3420.0,763.0,349.0,9.43,12.1,12.9,9.63,0.0398,2270.0,2346.0,2405.0
41.9,28.1,20.4,1.76,0.813,0.041,1.43,1.01,2.2,11100.0,8400.0,8060.0,711.0,276.0,17.0,671.0,340.0,0.886,5.6,5.64,5.61,0.014,2240.0,2510.0,2640.0
37.9,16.3,28.1,0.76,0.498,0.0729,1.3,1.0,1.2,10800.0,5270.0,12000.0,332.0,183.0,33.0,661.0,366.0,0.506,5.8,6.11,5.9,0.013,1955.0,2055.0,2155.0
61.6,11.0,10.3,3.26,0.88,0.162,0.697,0.903,5.55,104000.0,21000.0,26000.0,8420.0,1920.0,434.0,2100.0,1950.0,2.35,34.2,36.1,32.72,0.042,2390.0,2480.0,2520.0
51.8,32.4,2.3,1.4,1.18,0.635,2.7,1.2,2.6,14100.0,10000.0,938.0,583.0,414.0,274.0,1310.0,419.0,1.08,5.6,5.83,7.9,0.016,2840.0,2910.0,2910.0
48.0,25.0,15.0,0.28,0.863,0.189,2.7,1.0,0.71,37600.0,22200.0,17600.0,335.0,872.0,235.0,3770.0,1000.0,0.296,16.1,16.8,15.6,0.0134,2420.0,2470.0,2520.0
52.2,34.1,2.89,0.677,0.726,0.244,2.97,1.08,0.623,23900.0,17900.0,2020.0,453.0,465.0,193.0,2680.0,632.0,0.252,9.79,9.89,9.34,0.00632,2800.0,2800.0,2800.0
56.6,25.8,7.21,0.504,1.83,0.392,4.01,1.2,0.825,53300.0,27600.0,10200.0,727.0,2220.0,585.0,6740.0,1450.0,0.333,20.0,20.2,16.8,0.02,2660.0,2780.0,2800.0
50.5,25.7,6.36,1.52,0.892,0.488,2.82,1.23,1.58,49300.0,27500.0,9010.0,1800.0,1190.0,694.0,5170.0,1540.0,0.644,19.2,19.5,18.3,0.00667,2488.0,2581.0,2687.0
36.7,21.7,26.0,2.93,0.83,0.702,1.25,1.71,3.05,9730.0,6510.0,10300.0,1190.0,284.0,295.0,590.0,579.0,1.24,5.6,5.67,5.4,0.011,2510.0,2620.0,2700.0
45.1,28.4,16.3,1.57,0.73,0.243,2.94,1.35,1.83,21000.0,15000.0,11400.0,1120.0,438.0,179.0,2440.0,807.0,0.734,9.9,9.96,8.6,0.0081,2420.0,2550.0,2670.0
33.4,34.0,3.31,4.53,1.2,0.641,1.05,2.33,4.78,6540.0,7430.0,955.0,1340.0,301.0,195.0,368.0,592.0,2.0,3.96,4.15,3.63,0.00634,2301.0,2484.0,2758.0
37.2,23.6,15.0,8.15,1.16,0.284,2.27,0.936,3.25,27000.0,19400.0,16300.0,9040.0,1090.0,326.0,2940.0,870.0,1.32,15.3,15.5,15.6,0.039,2250.0,2350.0,2440.0
39.8,20.2,13.6,3.33,2.16,0.23,1.31,0.686,5.78,7500.0,4310.0,3830.0,959.0,524.0,68.5,439.0,165.0,2.45,3.8,4.03,3.42,0.1,2250.0,2320.0,2540.0
40.0,31.1,17.6,2.24,0.531,0.311,1.3,1.48,3.5,12600.0,11100.0,8340.0,1080.0,216.0,156.0,730.0,597.0,1.41,6.7,6.76,6.65,0.014,2340.0,2510.0,2630.0
46.1,26.3,11.3,1.2,1.01,0.203,2.8,1.1,2.2,26400.0,17100.0,9690.0,1050.0,748.0,184.0,2860.0,807.0,0.914,11.8,12.3,11.3,0.01,2455.0,2555.0,2655.0
44.7,26.2,19.7,1.93,0.664,0.216,1.89,1.14,1.9,27800.0,18400.0,18300.0,1830.0,531.0,213.0,2090.0,905.0,0.765,13.2,13.3,13.58,0.028,2260.0,2380.0,2610.0
44.6,32.1,7.47,2.57,0.714,0.81,1.96,1.02,2.95,15600.0,12700.0,3920.0,1380.0,323.0,450.0,1220.0,457.0,1.23,7.2,7.5,6.6,0.014,2800.0,2800.0,2800.0
83.9,7.54,4.79,0.994,0.465,0.122,0.925,0.334,1.15,48000.0,4890.0,4110.0,870.0,343.0,110.0,944.0,245.0,0.474,11.9,12.3,10.4,0.013,2280.0,2370.0,2490.0
35.2,15.1,7.05,10.9,1.64,2.16,0.469,0.635,16.9,14200.0,6900.0,4250.0,6700.0,854.0,1380.0,336.0,328.0,7.27,8.0,8.63,7.06,0.028,2110.0,2190.0,2250.0
57.1,30.4,2.97,1.2,0.675,0.896,1.1,1.5,3.11,21800.0,13800.0,1580.0,618.0,330.0,536.0,822.0,739.0,1.29,7.91,8.24,8.11,0.0261,2800.0,2800.0,2800.0
34.0,18.0,37.0,1.1,0.797,0.216,1.0,0.79,2.3,14700.0,8830.0,24000.0,728.0,445.0,148.0,771.0,438.0,0.958,8.9,9.27,8.2,0.0163,1990.0,2040.0,2150.0
43.7,28.3,14.4,1.85,1.28,0.351,3.5,1.09,2.2,18700.0,13700.0,9200.0,1210.0,704.0,238.0,2660.0,594.0,0.903,8.9,9.14,9.22,0.053,2400.0,2650.0,2800.0
53.7,22.1,4.26,4.64,1.18,0.486,3.02,1.15,1.3,43600.0,20300.0,5170.0,5740.0,1230.0,625.0,4360.0,1200.0,0.534,16.9,17.4,15.6,0.038,2290.0,2370.0,2460.0
46.4,29.7,13.1,0.7,1.05,0.23,2.22,1.34,1.33,49800.0,36000.0,21100.0,1150.0,1450.0,390.0,4250.0,1840.0,0.534,22.8,23.0,23.2,0.01,2750.0,2800.0,2800.0
45.4,17.4,29.8,0.95,0.847,0.135,2.18,0.91,1.76,38100.0,16600.0,37500.0,1220.0,918.0,180.0,3260.0,979.0,0.736,17.2,18.1,15.0,0.028,2120.0,2170.0,2350.0
30.2,16.6,39.8,1.51,1.31,0.378,1.61,0.585,1.88,5670.0,3540.0,11200.0,434.0,318.0,113.0,539.0,141.0,0.754,4.0,4.02,3.8,0.32,1980.0,2030.0,2160.0
47.3,28.8,6.96,3.66,0.78,0.392,1.54,1.3,3.78,11900.0,8200.0,2620.0,1400.0,253.0,156.0,688.0,419.0,1.53,5.3,5.38,5.47,0.037,2630.0,2730.0,2800.0
32.1,11.7,10.7,21.4,3.15,0.635,0.517,0.819,13.0,14200.0,5890.0,7120.0,14500.0,1800.0,446.0,408.0,465.0,5.96,8.3,9.5,7.65,0.027,2070.0,2160.0,2170.0
32.7,27.8,21.6,1.39,1.54,0.203,0.889,1.14,3.53,7440.0,7150.0,7350.0,482.0,452.0,73.0,360.0,331.0,1.46,4.7,4.86,4.26,0.056,2210.0,2480.0,2560.0
30.8,15.4,43.5,0.34,0.631,0.101,2.06,0.54,2.0,56700.0,32000.0,120000.0,956.0,1500.0,295.0,6750.0,1270.0,0.833,37.8,39.4,37.8,0.012,1940.0,1990.0,2170.0
54.9,34.0,3.1,0.2,1.05,0.864,3.6,1.1,0.9,85500.0,60000.0,7230.0,476.0,2100.0,2130.0,9980.0,2190.0,0.375,32.0,33.3,48.6,0.005,2910.0,2910.0,2910.0
54.1,31.0,2.29,1.46,0.78,0.702,1.6,1.39,1.58,15400.0,9950.0,971.0,631.0,285.0,316.0,807.0,504.0,0.648,5.9,6.07,5.94,0.0074,2800.0,2800.0,2800.0
15.2,8.6,54.0,3.22,2.32,0.27,1.21,0.368,7.6,8030.0,5150.0,42700.0,2600.0,1580.0,226.0,1140.0,249.0,3.34,10.3,11.3,8.98,0.0047,2100.0,2140.0,2240.0
52.4,24.4,13.2,0.812,0.78,0.203,2.5,1.57,1.27,49300.0,25900.0,18500.0,1170.0,945.0,302.0,4180.0,1890.0,0.526,19.5,20.1,17.85,0.0097,2330.0,2450.0,2500.0
55.3,29.8,3.7,1.08,0.83,0.135,2.69,2.09,1.5,46000.0,28100.0,4620.0,1370.0,891.0,178.0,3990.0,2230.0,0.615,17.4,17.8,16.67,0.02,2800.0,2800.0,2800.0
66.6,20.9,7.55,0.406,0.266,0.0851,0.877,2.44,0.825,92100.0,32700.0,15600.0,859.0,474.0,187.0,2160.0,4320.0,0.333,29.3,29.6,29.94,0.0068,2650.0,2780.0,2800.0
33.4,18.3,5.29,15.4,3.15,3.38,0.841,1.2,11.9,15200.0,9460.0,3610.0,10700.0,1850.0,2440.0,682.0,702.0,5.09,9.1,9.71,6.9,0.023,2070.0,2170.0,2200.0
40.1,23.0,26.9,1.48,0.638,0.273,1.76,0.975,1.96,22600.0,13600.0,20600.0,1010.0,484.0,200.0,2030.0,689.0,0.808,11.2,11.5,10.76,0.0191,2094.0,2201.0,2321.0
45.6,35.2,3.43,4.13,0.465,0.729,0.553,1.62,2.98,8780.0,7670.0,989.0,1220.0,115.0,223.0,190.0,400.0,1.2,4.1,4.12,4.24,0.027,2730.0,2800.0,2800.0
47.2,24.8,13.3,0.79,0.572,0.252,2.24,1.33,0.931,38100.0,21700.0,13200.0,874.0,618.0,292.0,3260.0,1320.0,0.383,16.0,16.5,17.03,0.00838,2616.0,2688.0,2754.0
42.2,19.7,19.3,3.98,0.979,0.419,2.82,1.02,5.03,26800.0,14100.0,18300.0,3860.0,802.0,421.0,3190.0,829.0,2.04,13.4,13.6,12.16,0.02,2110.0,2200.0,2360.0
29.0,23.2,35.2,2.28,0.382,0.176,0.41,0.95,3.24,12200.0,11000.0,22100.0,1460.0,206.0,117.0,306.0,510.0,1.31,8.9,8.97,8.3,0.0097,2150.0,2290.0,2590.0
28.8,19.9,37.9,2.43,0.394,0.154,0.779,0.764,2.62,11200.0,8620.0,21800.0,1550.0,198.0,93.7,551.0,388.0,1.09,7.96,8.29,8.04,0.0191,2084.0,2138.0,2304.0
22.6,14.2,55.3,0.8,0.631,0.783,0.6,0.4,2.4,8470.0,6030.0,31000.0,458.0,305.0,465.0,400.0,192.0,1.0,7.7,8.02,6.9,0.036,1950.0,2045.0,2085.0
56.5,25.0,8.55,0.784,0.88,0.23,2.64,1.19,1.4,36400.0,18200.0,8250.0,773.0,731.0,235.0,3040.0,980.0,0.572,13.5,13.8,12.66,0.012,2690.0,2780.0,2800.0
29.5,21.4,41.6,0.71,0.282,2.7,0.938,0.602,1.18,29600.0,24300.0,62500.0,1090.0,365.0,4300.0,1680.0,773.0,0.488,20.7,21.5,19.43,0.0058,2040.0,2150.0,2330.0
43.6,26.4,17.0,2.83,0.996,0.338,2.21,1.17,1.88,46000.0,31500.0,26900.0,4560.0,1350.0,565.0,4160.0,1580.0,0.756,22.4,22.6,18.9,0.018,2200.0,2280.0,2390.0
33.8,28.4,13.2,7.03,1.53,0.446,1.94,1.02,9.53,14600.0,13900.0,8540.0,4640.0,851.0,305.0,1490.0,564.0,3.92,9.0,9.25,2.44,0.019,2410.0,2470.0,2570.0
47.5,22.7,20.3,0.448,0.681,0.405,3.16,0.903,0.925,27700.0,15000.0,17700.0,399.0,512.0,374.0,3280.0,674.0,0.375,12.3,12.5,11.48,0.012,2220.0,2320.0,2380.0
52.0,28.5,4.72,1.82,1.24,1.01,2.37,1.61,2.85,11100.0,6910.0,1510.0,595.0,343.0,343.0,901.0,439.0,1.16,4.5,4.57,3.92,0.012,2500.0,2540.0,2650.0
49.2,25.5,10.8,2.45,1.26,0.405,3.51,1.27,2.58,76700.0,45000.0,25200.0,5830.0,2530.0,1000.0,9730.0,2530.0,1.05,32.8,33.3,21.7,0.015,2300.0,2340.0,2390.0
59.9,26.1,4.58,1.11,1.11,0.527,2.86,1.27,1.35,43800.0,21600.0,5010.0,1240.0,1050.0,610.0,3720.0,1190.0,0.549,15.4,15.7,13.68,0.0089,2520.0,2590.0,2660.0
41.9,32.7,9.27,2.37,0.88,0.135,1.84,1.06,3.02,6470.0,5720.0,2140.0,559.0,175.0,33.0,505.0,209.0,1.25,3.2,3.3,3.3,0.016,2910.0,2910.0,2910.0
53.4,28.5,3.5,4.5,0.93,1.28,1.5,1.9,5.5,23700.0,14300.0,2320.0,3050.0,531.0,901.0,1180.0,1080.0,2.29,9.1,9.48,9.9,0.01,2430.0,2480.0,2780.0
49.6,34.0,5.29,0.868,0.73,0.446,2.76,1.25,1.25,17100.0,13300.0,2720.0,456.0,324.0,243.0,1690.0,552.0,0.504,7.3,7.36,8.0,0.0066,2800.0,2800.0,2800.0
49.0,25.0,6.8,1.1,0.963,0.243,2.5,1.2,1.6,16000.0,9230.0,3320.0,548.0,405.0,126.0,1450.0,501.0,0.667,6.7,6.98,9.6,0.011,2840.0,2890.0,2910.0
55.3,10.6,6.58,10.4,1.18,0.486,0.216,1.62,8.68,37200.0,8060.0,6620.0,10600.0,1020.0,518.0,259.0,1400.0,3.76,13.3,14.4,13.67,0.033,2120.0,2470.0,2550.0
41.1,26.1,15.0,1.6,1.16,0.567,3.3,1.1,2.4,6000.0,4320.0,3280.0,357.0,219.0,131.0,858.0,206.0,0.968,3.1,3.13,4.9,0.011,2245.0,2345.0,2460.0
43.0,23.3,19.6,1.72,0.896,0.243,2.87,0.819,1.75,8130.0,4970.0,5540.0,497.0,218.0,72.8,966.0,198.0,0.707,4.0,4.04,3.88,0.0391,1940.0,2120.0,2290.0
26.0,19.0,41.0,1.9,0.382,0.27,0.48,0.83,3.5,10400.0,8590.0,24500.0,1160.0,196.0,171.0,341.0,424.0,1.46,8.2,8.54,8.1,0.0142,2120.0,2170.0,2470.0
41.7,28.5,20.2,1.2,0.548,0.351,1.25,0.936,1.5,15100.0,11700.0,10900.0,667.0,256.0,202.0,807.0,434.0,0.612,7.6,7.76,7.26,0.0061,2560.0,2620.0,2710.0
47.3,34.0,6.71,1.2,0.78,0.189,2.57,1.19,1.83,14500.0,11800.0,3080.0,565.0,309.0,92.0,1410.0,467.0,0.761,6.3,6.58,5.36,0.0079,2800.0,2800.0,2800.0
38.3,18.2,5.7,15.3,1.83,0.891,0.91,1.4,8.8,24900.0,13400.0,5550.0,15200.0,1530.0,918.0,1050.0,1160.0,3.55,13.8,13.9,13.8,0.05,2215.0,2345.0,2410.0
38.3,20.7,30.1,2.08,0.843,0.0653,0.674,0.733,1.84,23700.0,12400.0,16500.0,1530.0,650.0,56.1,711.0,619.0,0.761,10.6,10.9,10.13,0.00996,2118.0,2215.0,2302.0
40.2,22.1,14.2,5.08,1.49,0.176,2.54,0.92,7.5,9300.0,5790.0,4910.0,1800.0,445.0,64.3,1040.0,272.0,3.03,4.9,4.95,17.5,0.069,2645.0,2760.0,2800.0
39.2,20.8,19.2,6.12,1.24,0.351,2.81,0.786,4.38,22800.0,13700.0,16700.0,5450.0,936.0,324.0,2920.0,586.0,1.78,12.3,12.5,10.9,0.029,2000.0,2090.0,2170.0
48.4,30.1,8.29,0.798,0.896,0.257,2.49,2.04,1.0,28700.0,20200.0,7360.0,724.0,686.0,241.0,2630.0,1550.0,0.406,12.5,12.7,11.73,0.009,2630.0,2770.0,2800.0
31.7,20.6,31.7,2.9,0.996,0.432,2.12,0.669,3.35,4510.0,3320.0,6760.0,630.0,183.0,97.4,536.0,122.0,1.36,3.0,3.04,2.58,0.024,2030.0,2160.0,2530.0
34.8,20.2,36.6,0.854,1.23,0.162,1.48,0.97,1.43,23600.0,15500.0,37200.0,886.0,1070.0,174.0,1790.0,842.0,0.583,14.2,14.5,11.69,0.02,1950.0,2060.0,2370.0
50.1,31.8,8.29,0.462,0.631,0.311,1.69,1.25,0.575,27600.0,19800.0,6840.0,389.0,448.0,271.0,1660.0,884.0,0.232,11.7,11.8,11.43,0.01,2800.0,2800.0,2800.0
39.6,15.5,22.2,7.87,0.93,0.473,2.26,0.836,3.48,48000.0,21300.0,40200.0,14600.0,1450.0,909.0,4880.0,1300.0,1.41,25.6,26.0,23.5,0.042,1840.0,1980.0,2060.0
57.1,28.7,6.49,0.276,0.802,0.257,3.1,1.29,0.588,77400.0,43500.0,12500.0,488.0,1400.0,546.0,7610.0,2190.0,0.237,28.6,28.7,25.6,0.00866,2800.0,2800.0,2800.0
48.6,36.4,5.33,0.756,0.797,0.243,2.43,1.11,0.775,14000.0,11900.0,2300.0,333.0,296.0,111.0,1250.0,411.0,0.319,6.0,6.17,5.26,0.018,2800.0,2800.0,2800.0
57.8,29.8,3.88,0.728,0.747,0.176,2.44,1.62,0.6,41600.0,24200.0,4170.0,800.0,692.0,200.0,3120.0,1490.0,0.246,15.0,15.4,14.36,0.0066,2800.0,2800.0,2800.0
51.9,27.8,4.28,0.52,0.963,0.54,2.95,1.66,1.99,24400.0,14800.0,3020.0,374.0,585.0,403.0,2470.0,1000.0,0.802,10.0,10.1,9.85,0.12,2730.0,2800.0,2800.0
43.9,24.0,20.8,1.02,0.946,0.243,3.0,1.07,1.83,20200.0,12500.0,14300.0,718.0,561.0,177.0,2460.0,630.0,0.74,9.7,9.84,9.7,0.023,1880.0,1990.0,2100.0
46.2,27.6,14.6,2.07,0.913,0.446,1.68,1.2,1.85,61300.0,41500.0,29000.0,4200.0,1560.0,937.0,3980.0,2040.0,0.751,28.0,28.4,28.9,0.018,2320.0,2410.0,2530.0
27.4,13.3,45.5,2.11,0.93,0.729,2.02,1.07,2.5,6090.0,3340.0,15100.0,718.0,266.0,257.0,799.0,304.0,1.03,4.6,4.75,3.87,0.029,2050.0,2060.0,2440.0
37.2,16.4,33.2,0.882,0.863,0.284,1.85,0.853,1.73,30400.0,15200.0,40500.0,1100.0,908.0,367.0,2690.0,891.0,0.701,17.2,17.5,15.06,0.022,1940.0,2020.0,2330.0
48.6,31.9,6.15,2.24,0.764,0.432,2.28,1.12,2.23,12300.0,9130.0,2320.0,864.0,248.0,173.0,1030.0,362.0,0.907,5.3,5.4,5.33,0.0062,2750.0,2800.0,2800.0
41.0,21.0,29.0,0.6,0.697,0.338,2.0,0.9,0.93,43500.0,25200.0,46100.0,973.0,954.0,568.0,3780.0,1220.0,0.388,21.8,22.7,24.1,0.0297,2080.0,2130.0,2180.0
40.0,17.5,25.3,4.01,0.664,0.419,2.09,1.0,3.0,14800.0,7350.0,14000.0,2270.0,317.0,246.0,1380.0,476.0,1.25,7.6,7.95,7.4,0.031,1985.0,2075.0,2165.0
26.7,15.1,19.2,13.0,2.03,1.8,1.68,0.668,15.0,27400.0,15200.0,26300.0,3640.0,1370.0,794.0,4020.0,622.0,6.08,14.8,15.0,15.4,0.0325,1994.0,2081.0,2198.0
52.9,29.9,8.11,0.378,1.2,0.203,3.44,1.47,0.75,77600.0,49600.0,17800.0,847.0,2260.0,471.0,8980.0,2760.0,0.308,30.6,31.4,29.1,0.007,2660.0,2710.0,2880.0
45.4,26.1,14.7,1.55,0.863,0.135,1.63,1.12,2.25,35600.0,23200.0,17200.0,1860.0,873.0,168.0,2280.0,1120.0,0.91,16.6,16.8,18.4,0.023,2720.0,2800.0,2800.0
39.9,20.1,11.3,6.77,4.49,0.357,2.38,0.779,8.54,32500.0,18600.0,12900.0,7820.0,4510.0,458.0,3340.0,814.0,3.68,15.8,17.1,12.23,0.22,2080.0,2160.0,2210.0
58.9,24.1,9.94,0.462,0.73,0.126,2.42,1.42,0.775,57200.0,26500.0,14500.0,687.0,916.0,194.0,4180.0,1770.0,0.313,20.6,20.8,19.8,0.0083,2510.0,2640.0,2740.0
38.7,31.9,15.0,1.83,1.06,0.365,1.57,0.702,1.55,21900.0,20400.0,12700.0,1580.0,774.0,327.0,1580.0,508.0,0.625,12.0,12.1,11.02,0.0061,2550.0,2660.0,2790.0
40.9,20.9,30.3,1.12,0.598,0.135,1.61,1.14,2.28,25900.0,15000.0,28700.0,1080.0,488.0,136.0,1820.0,922.0,0.921,13.4,13.6,13.57,0.021,2010.0,2080.0,2330.0
43.0,19.4,26.2,0.7,0.481,0.23,1.8,1.3,0.8,40000.0,20400.0,36500.0,994.0,577.0,338.0,2980.0,1550.0,0.333,19.1,19.9,17.69,0.0018,2127.0,2196.0,2318.0
46.2,27.8,7.45,4.47,1.66,0.675,3.33,1.2,3.45,44000.0,29900.0,10600.0,6500.0,2040.0,1020.0,5640.0,1470.0,1.4,20.1,20.4,19.3,0.018,2390.0,2510.0,2580.0
40.0,22.0,6.4,6.0,1.61,2.57,2.3,0.95,8.8,15000.0,9330.0,3590.0,3440.0,778.0,1520.0,1530.0,456.0,3.67,7.7,8.02,9.0,0.0158,2080.0,2130.0,2180.0
43.4,26.8,13.1,5.01,1.16,0.405,2.37,1.12,2.55,31400.0,22000.0,14200.0,5540.0,1080.0,465.0,3050.0,1040.0,1.03,15.3,15.5,14.5,0.031,2200.0,2300.0,2370.0
52.7,26.7,9.87,1.09,0.813,0.23,3.11,1.34,1.65,32500.0,18600.0,9090.0,1030.0,646.0,224.0,3410.0,1050.0,0.669,13.0,13.2,11.16,0.008,2490.0,2610.0,2650.0
47.8,25.6,11.8,1.24,0.913,0.527,3.29,1.07,2.06,13800.0,8400.0,5110.0,550.0,341.0,242.0,1700.0,397.0,0.838,6.1,6.21,5.6,0.0096,2520.0,2540.0,2540.0
19.7,7.33,64.7,0.497,0.0996,0.353,0.771,0.329,1.62,24900.0,10400.0,118000.0,997.0,166.0,683.0,1750.0,532.0,0.659,25.9,26.4,16.35,0.0135,2168.0,2297.0,2473.0
14.8,5.95,68.6,1.81,0.216,0.216,0.709,0.318,2.33,9760.0,4450.0,67800.0,1820.0,184.0,226.0,834.0,268.0,0.938,14.0,14.1,13.5,0.012,2230.0,2320.0,2440.0
57.5,27.2,4.72,0.56,1.01,0.432,4.21,1.39,0.6,44900.0,24000.0,5510.0,668.0,1020.0,534.0,5850.0,1390.0,0.243,16.5,16.7,16.02,0.0094,2500.0,2650.0,2730.0
17.0,12.1,26.7,6.88,0.332,1.03,0.901,0.769,8.1,2750.0,2220.0,6460.0,1700.0,69.1,263.0,259.0,159.0,3.29,3.4,3.46,3.5,0.081,1850.0,1940.0,2030.0
43.8,20.4,18.8,4.31,1.15,0.27,1.73,0.953,5.25,36000.0,19000.0,23100.0,5420.0,1210.0,352.0,2530.0,1000.0,2.15,17.2,17.6,16.2,0.014,2080.0,2200.0,2350.0
40.7,17.4,24.2,5.18,0.631,0.297,1.62,0.92,5.0,33700.0,16400.0,30000.0,6570.0,675.0,391.0,2400.0,977.0,2.03,17.5,17.8,18.81,0.0462,2100.0,2190.0,2230.0
55.2,25.1,9.07,0.784,1.83,0.594,3.32,1.25,1.43,33600.0,17300.0,8250.0,729.0,1430.0,572.0,3590.0,976.0,0.579,12.8,13.0,13.0,0.026,2440.0,2520.0,2640.0
36.8,16.5,38.7,1.05,0.813,0.13,2.04,0.83,2.0,24000.0,12100.0,37600.0,1040.0,682.0,134.0,2360.0,691.0,0.844,13.2,13.9,11.8,0.034,1960.0,2010.0,2240.0
50.9,31.8,6.29,1.78,0.664,0.729,1.66,1.87,1.33,19900.0,14100.0,3680.0,1060.0,335.0,452.0,1150.0,937.0,0.534,8.3,8.37,7.43,0.0026,2800.0,2800.0,2800.0
47.1,27.8,13.9,1.02,1.28,0.432,3.38,0.886,1.05,53100.0,35400.0,23400.0,1760.0,1860.0,772.0,6780.0,1280.0,0.427,23.7,24.1,22.2,0.015,2490.0,2590.0,2670.0
53.4,32.7,3.3,1.33,0.681,0.392,1.74,2.11,1.6,51000.0,35400.0,4720.0,1940.0,839.0,593.0,2970.0,2580.0,0.648,20.2,20.5,6.5,0.0068,2800.0,2800.0,2800.0
60.0,27.2,2.75,1.71,0.465,0.824,0.529,1.66,1.3,59300.0,30400.0,4050.0,2580.0,591.0,1290.0,929.0,2090.0,0.533,20.6,21.1,19.27,0.013,2800.0,2800.0,2800.0
50.0,30.1,11.2,0.7,0.963,0.27,3.37,1.45,1.0,25300.0,17300.0,8470.0,542.0,629.0,217.0,3040.0,944.0,0.409,10.6,10.8,11.0,0.0066,2770.0,2800.0,2800.0
35.1,26.7,19.9,3.22,0.963,0.81,1.73,1.35,5.0,8170.0,7020.0,6920.0,1150.0,289.0,299.0,717.0,403.0,2.03,4.9,4.98,4.3,0.019,2210.0,2320.0,2410.0
53.5,27.2,5.0,0.67,1.08,0.311,2.9,2.0,0.8,71500.0,41200.0,10000.0,1370.0,1860.0,658.0,6900.0,3420.0,0.324,28.3,28.6,19.7,0.0092,2800.0,2800.0,2800.0
36.4,23.1,30.5,1.1,0.515,0.405,1.1,0.8,1.8,19500.0,14000.0,24400.0,900.0,355.0,344.0,1050.0,548.0,0.75,11.0,11.5,13.1,0.011,2090.0,2190.0,2390.0
44.3,31.6,15.3,0.238,0.913,0.27,4.54,1.07,0.775,65800.0,53100.0,34100.0,540.0,1750.0,636.0,12000.0,2030.0,0.312,31.6,31.8,29.7,0.01,2260.0,2400.0,2490.0
14.1,6.99,75.2,1.95,1.08,0.351,0.421,0.368,3.28,7980.0,4480.0,63600.0,1680.0,786.0,314.0,423.0,266.0,1.33,11.9,12.1,12.3,0.027,2280.0,2360.0,2440.0
48.0,37.0,2.46,2.07,0.548,0.324,1.42,0.92,1.25,15800.0,13800.0,1210.0,1040.0,232.0,169.0,831.0,387.0,0.51,6.9,7.04,6.55,0.0073,2800.0,2800.0,2800.0
34.5,16.1,34.6,4.37,0.598,0.284,1.63,0.786,3.75,31000.0,16500.0,46600.0,6010.0,694.0,405.0,2620.0,906.0,1.56,18.5,19.3,17.6,0.021,1950.0,1990.0,2030.0
58.1,30.8,2.02,1.88,0.266,0.189,1.56,2.18,2.18,34800.0,20900.0,1810.0,1720.0,205.0,179.0,1660.0,1670.0,0.908,12.3,12.8,11.6,0.0067,2910.0,2910.0,2910.0
44.5,39.2,4.9,1.81,0.548,1.34,1.14,2.22,3.48,6740.0,6720.0,1110.0,418.0,107.0,321.0,307.0,431.0,1.41,3.2,3.24,3.18,0.0061,2800.0,2800.0,2800.0
50.7,27.2,12.6,1.12,0.78,2.03,2.3,1.66,1.35,14700.0,8920.0,5450.0,495.0,291.0,929.0,1180.0,613.0,0.548,6.1,6.19,5.48,0.029,2570.0,2690.0,2760.0
52.9,26.3,5.92,1.21,0.83,0.23,2.68,1.19,2.8,19000.0,10700.0,3190.0,667.0,385.0,131.0,1720.0,550.0,1.17,7.4,7.71,6.96,0.072,2544.0,2630.0,2687.0
57.7,32.6,2.9,0.7,0.946,1.32,2.1,1.8,1.4,25000.0,16000.0,1880.0,463.0,528.0,909.0,1620.0,998.0,0.583,8.9,9.27,5.8,0.016,2910.0,2910.0,2910.0
40.4,19.5,32.3,0.868,0.299,0.243,1.45,1.34,1.63,21300.0,11600.0,25400.0,698.0,203.0,203.0,1360.0,900.0,0.677,10.8,11.3,10.6,0.015,2186.0,2267.0,2487.0
40.9,29.9,7.13,4.36,1.26,0.351,2.3,0.8,8.3,17600.0,14600.0,4600.0,2870.0,701.0,240.0,1770.0,441.0,3.56,8.6,9.2,6.7,0.068,2460.0,2530.0,2910.0
58.2,19.3,10.5,1.71,0.664,0.135,1.23,0.953,2.38,31100.0,11700.0,8350.0,1390.0,457.0,114.0,1170.0,651.0,0.961,11.3,11.4,9.3,0.034,2210.0,2320.0,2410.0
45.4,32.7,5.41,4.5,1.05,0.23,1.24,1.12,5.38,14600.0,11900.0,2600.0,2210.0,434.0,117.0,709.0,461.0,2.24,6.6,6.9,6.24,0.11,2680.0,2760.0,2800.0
30.7,18.1,42.0,2.58,0.498,0.554,0.721,1.15,2.35,8590.0,5750.0,17600.0,1100.0,180.0,245.0,359.0,413.0,0.954,5.9,5.99,5.8,0.014,1850.0,1950.0,2030.0
39.6,21.9,27.5,0.98,0.515,0.311,1.51,1.25,1.25,15900.0,9960.0,16500.0,601.0,266.0,197.0,1080.0,644.0,0.511,8.4,8.59,10.7,0.017,2160.0,2250.0,2350.0
27.7,15.9,47.5,1.74,0.448,0.132,1.53,0.753,1.75,10300.0,6690.0,26400.0,986.0,215.0,77.9,1010.0,358.0,0.704,7.9,7.95,8.1,0.015,2000.0,2080.0,2150.0
44.5,34.8,5.29,4.06,0.93,0.567,1.18,0.87,3.93,14500.0,12800.0,2580.0,2020.0,390.0,293.0,683.0,362.0,1.61,6.8,6.97,6.04,0.0158,2640.0,2730.0,2770.0
41.9,35.9,4.0,3.59,0.714,0.351,0.925,0.552,2.5,6280.0,6090.0,897.0,820.0,138.0,83.3,247.0,106.0,1.03,3.1,3.2,3.01,0.012,2640.0,2650.0,2660.0
41.7,23.3,28.6,0.728,0.415,0.162,1.94,1.24,1.45,67000.0,42300.0,68800.0,1790.0,859.0,413.0,5530.0,2540.0,0.604,33.0,34.4,36.56,0.014,2264.0,2336.0,2399.0
36.4,22.7,28.0,2.65,0.664,0.905,0.601,2.01,4.6,11000.0,7770.0,12700.0,1220.0,259.0,433.0,323.0,776.0,1.86,6.4,6.47,5.91,0.031,1960.0,2060.0,2160.0
43.0,19.0,7.2,8.0,1.99,0.702,0.54,1.9,7.2,14200.0,7120.0,3570.0,4050.0,850.0,368.0,318.0,805.0,3.0,6.8,7.08,6.4,0.0177,2080.0,2130.0,2180.0
54.2,28.5,7.69,0.898,1.04,0.198,2.83,1.12,1.17,31600.0,18900.0,6990.0,758.0,738.0,170.0,2860.0,858.0,0.477,12.2,12.5,11.4,0.0137,2664.0,2688.0,2723.0
40.0,20.6,28.7,0.672,1.05,0.27,3.22,0.87,1.5,35800.0,20800.0,38400.0,918.0,1200.0,382.0,5130.0,994.0,0.614,18.7,19.1,16.14,0.0026,2090.0,2120.0,2170.0
45.7,21.2,15.3,1.2,1.34,0.338,3.3,1.2,2.4,52000.0,27300.0,26000.0,2090.0,1970.0,609.0,6680.0,1750.0,0.978,23.9,24.3,22.0,0.02,2330.0,2425.0,2525.0
49.6,26.6,15.6,1.16,0.498,0.176,1.24,1.42,1.3,30400.0,18500.0,14400.0,1090.0,394.0,171.0,1350.0,1120.0,0.525,13.0,13.1,12.3,0.0045,2490.0,2600.0,2680.0
40.7,25.1,20.7,1.69,0.681,0.203,2.36,1.1,2.0,14500.0,10100.0,11000.0,922.0,313.0,114.0,1490.0,503.0,0.813,7.5,7.62,7.6,0.0076,2200.0,2310.0,2450.0
49.6,22.6,8.3,2.9,1.2,0.149,2.6,1.4,4.1,35400.0,18300.0,8870.0,3170.0,1100.0,168.0,3310.0,1280.0,1.66,15.1,15.3,15.1,0.022,2555.0,2645.0,2715.0
44.1,25.1,18.9,1.65,1.53,0.635,1.36,1.32,1.78,15500.0,9990.0,9910.0,886.0,691.0,353.0,849.0,593.0,0.73,7.3,7.51,6.85,0.014,2310.0,2480.0,2690.0
51.8,31.0,4.0,1.3,0.598,0.446,2.4,1.5,2.1,14500.0,9830.0,1680.0,556.0,216.0,198.0,1200.0,537.0,0.853,5.9,5.99,5.7,0.0056,2800.0,2800.0,2800.0
41.0,23.3,17.1,2.7,0.797,0.243,1.7,1.3,3.8,12600.0,8140.0,7890.0,1270.0,317.0,119.0,934.0,513.0,1.54,6.5,6.6,7.3,0.014,2165.0,2255.0,2365.0
43.1,22.2,23.7,1.97,0.337,0.211,0.699,1.74,1.67,21100.0,12200.0,14300.0,1380.0,181.0,145.0,507.0,1110.0,0.676,9.79,9.91,10.47,0.012,2254.0,2446.0,2568.0
31.7,21.6,6.29,7.04,4.98,0.419,1.61,1.0,12.8,12800.0,9840.0,3800.0,4340.0,2590.0,268.0,1160.0,518.0,5.44,8.1,8.64,6.49,0.019,2330.0,2380.0,2560.0
29.7,28.5,13.8,7.68,1.23,0.27,0.901,1.29,9.25,3850.0,4180.0,2680.0,1520.0,205.0,55.4,208.0,213.0,3.8,2.7,2.77,3.9,0.015,2360.0,2450.0,2540.0
35.7,18.6,38.5,0.564,0.365,0.459,1.21,0.953,1.05,34200.0,20200.0,55100.0,826.0,451.0,697.0,2070.0,1170.0,0.437,19.7,20.5,16.45,0.012,2030.0,2100.0,2210.0
38.3,26.3,19.2,1.53,0.961,0.348,2.93,1.01,0.86,19000.0,14700.0,13800.0,1130.0,605.0,275.0,2570.0,638.0,0.358,10.1,10.5,9.46,0.0117,2241.0,2319.0,2408.0
51.0,33.0,1.5,0.49,0.764,0.405,3.1,1.2,0.6,30300.0,22200.0,1330.0,445.0,585.0,381.0,3280.0,912.0,0.25,12.2,12.7,10.17,0.00698,2846.0,2910.0,2910.0
48.8,23.7,15.7,0.513,0.577,0.3,2.03,1.11,0.74,21300.0,11500.0,9300.0,314.0,316.0,199.0,1570.0,626.0,0.31,8.77,9.13,8.99,0.0114,2553.0,2645.0,2685.0
37.0,24.2,21.2,1.16,2.49,0.419,3.16,1.12,2.55,16200.0,12000.0,13800.0,776.0,1400.0,290.0,2460.0,626.0,1.07,8.9,9.33,9.16,0.0067,2220.0,2320.0,2580.0
55.2,26.7,6.71,1.61,0.764,0.297,2.02,1.2,2.0,31100.0,17000.0,5650.0,1390.0,554.0,265.0,2020.0,868.0,0.817,11.8,12.0,10.8,0.021,2615.0,2720.0,2800.0
48.8,34.3,5.91,0.98,0.548,1.09,1.27,0.97,1.41,15700.0,12500.0,2840.0,481.0,227.0,557.0,726.0,399.0,0.588,6.6,6.88,6.4,0.0054,2800.0,2800.0,2800.0
43.0,24.4,21.3,0.742,1.01,0.297,2.4,0.97,0.95,49800.0,32000.0,36900.0,1310.0,1510.0,545.0,4950.0,1440.0,0.384,24.5,24.8,20.26,0.0092,2130.0,2270.0,2530.0
64.0,15.6,0.887,5.39,0.548,0.675,0.962,0.753,3.3,126000.0,34700.0,2610.0,16200.0,1390.0,2110.0,3370.0,1900.0,1.52,36.6,42.2,34.41,0.13,2370.0,2470.0,2570.0
44.9,25.3,14.7,1.71,1.41,0.567,3.68,1.04,2.73,14700.0,9370.0,7200.0,853.0,595.0,294.0,2140.0,434.0,1.11,6.9,7.0,6.61,0.013,2180.0,2360.0,2520.0
48.5,36.1,3.43,2.24,0.548,0.513,1.43,2.37,2.73,12600.0,10600.0,1340.0,890.0,184.0,211.0,662.0,790.0,1.1,5.5,5.57,5.29,0.009,2750.0,2800.0,2800.0
50.8,28.7,6.08,1.35,0.664,0.243,1.79,1.71,1.55,32800.0,21000.0,5880.0,1340.0,553.0,249.0,2060.0,1410.0,0.631,13.6,13.8,12.8,0.0068,2730.0,2790.0,2800.0
45.5,20.7,22.8,3.88,0.979,1.31,1.08,1.21,4.25,17300.0,8910.0,13000.0,2250.0,479.0,788.0,730.0,588.0,1.77,7.8,8.13,8.4,0.018,2040.0,2090.0,2410.0
38.8,24.0,28.4,1.4,0.747,0.756,1.9,1.1,3.1,17600.0,12300.0,19200.0,968.0,436.0,543.0,1530.0,637.0,1.29,9.3,9.69,9.0,0.024,2020.0,2140.0,2240.0
43.5,22.7,18.7,1.83,1.34,0.257,3.55,0.936,2.95,35900.0,21200.0,23000.0,2310.0,1430.0,335.0,5200.0,987.0,1.24,16.8,17.6,16.5,0.0089,2000.0,2100.0,2210.0
36.6,25.3,25.0,1.04,1.05,0.405,2.3,1.17,1.9,19700.0,15400.0,20200.0,853.0,726.0,346.0,2200.0,807.0,0.769,11.4,11.5,11.05,0.035,2180.0,2330.0,2650.0
29.6,19.3,39.1,3.28,0.614,0.257,1.79,0.686,3.5,18100.0,13300.0,35700.0,3060.0,483.0,248.0,1950.0,536.0,1.43,12.8,13.1,12.9,0.026,1970.0,2060.0,2150.0
42.8,19.7,4.43,0.504,1.08,0.648,2.63,1.02,0.65,20500.0,10600.0,3170.0,368.0,665.0,491.0,2240.0,624.0,0.263,10.1,10.2,9.44,0.011,2600.0,2720.0,2800.0
51.0,23.0,20.0,0.83,0.664,0.284,1.9,0.89,1.4,23800.0,12200.0,14000.0,593.0,400.0,210.0,1580.0,532.0,0.583,9.6,10.0,9.1,0.0155,2190.0,2280.0,2380.0
39.2,23.6,5.72,8.25,2.66,0.419,2.15,0.97,15.0,13800.0,9440.0,3020.0,4450.0,1210.0,234.0,1350.0,438.0,6.3,7.2,7.52,6.21,0.029,2240.0,2330.0,2440.0
42.8,19.5,24.8,1.68,0.847,0.567,1.67,0.92,2.25,23800.0,12300.0,20700.0,1430.0,608.0,501.0,1660.0,656.0,0.917,11.7,11.9,12.1,0.012,1910.0,2000.0,2120.0
29.3,19.5,41.1,2.38,0.465,0.419,1.27,0.88,2.82,12800.0,9680.0,27000.0,1600.0,263.0,291.0,993.0,495.0,1.15,9.2,9.4,11.9,0.023,2040.0,2140.0,2350.0
48.8,34.0,5.01,1.5,1.1,0.257,3.15,1.29,1.63,12500.0,9850.0,1920.0,585.0,361.0,104.0,1430.0,421.0,0.671,5.3,5.47,5.58,0.0074,2500.0,2800.0,2800.0
46.0,21.2,24.2,0.56,0.664,0.149,2.13,1.44,1.2,35300.0,18400.0,27800.0,656.0,656.0,180.0,2900.0,1410.0,0.486,16.2,16.4,15.37,0.0052,2200.0,2280.0,2400.0
34.5,21.1,34.7,1.83,0.415,0.27,1.27,1.0,3.28,19300.0,13300.0,29100.0,1570.0,299.0,240.0,1270.0,719.0,1.36,11.5,12.0,11.33,0.011,2070.0,2160.0,2270.0
52.2,18.1,6.42,9.05,2.49,0.028,0.697,1.52,5.98,57700.0,22700.0,10600.0,15300.0,3550.0,48.0,1370.0,2150.0,2.96,19.1,23.7,16.92,0.1,2260.0,2330.0,2490.0
49.4,27.1,9.19,2.02,1.08,0.972,1.85,1.44,4.48,40500.0,25100.0,12500.0,2430.0,1240.0,1000.0,3060.0,1590.0,1.87,17.1,17.8,18.82,0.0168,2408.0,2468.0,2677.0
53.5,29.9,4.29,0.602,1.34,0.392,2.98,1.54,0.775,20900.0,13200.0,2510.0,359.0,677.0,242.0,2070.0,769.0,0.316,8.2,8.36,7.91,0.0095,2800.0,2800.0,2800.0
41.5,29.5,10.6,3.24,0.813,0.135,1.75,0.836,3.75,14900.0,12000.0,5680.0,1770.0,375.0,76.6,1120.0,383.0,1.51,7.6,7.66,6.7,0.0061,2410.0,2520.0,2610.0
47.0,33.0,7.8,0.31,0.581,0.189,2.0,1.4,0.84,28800.0,22900.0,7160.0,291.0,459.0,184.0,2180.0,1100.0,0.35,12.6,13.1,11.8,0.011,2910.0,2910.0,2910.0
30.6,20.0,35.5,5.28,0.299,0.135,1.2,0.769,3.2,24000.0,17800.0,41600.0,6320.0,302.0,168.0,1680.0,771.0,1.29,16.6,16.8,14.17,0.022,2075.0,2170.0,2400.0
40.0,23.6,26.6,0.98,0.498,0.27,1.26,1.3,1.25,12400.0,8290.0,12300.0,464.0,199.0,133.0,696.0,517.0,0.51,6.5,6.63,5.9,0.012,2210.0,2320.0,2410.0
43.5,25.4,3.12,7.14,3.49,0.203,0.649,1.44,12.8,52200.0,34500.0,5600.0,13100.0,5390.0,385.0,1390.0,2220.0,6.13,21.4,25.6,19.24,0.025,2320.0,2380.0,2560.0
45.2,34.2,24.5,3.07,0.614,0.27,1.41,0.853,3.53,6920.0,5940.0,5610.0,718.0,121.0,65.6,384.0,167.0,1.45,3.2,3.28,3.36,0.0091,2800.0,2800.0,2800.0
44.5,26.3,13.6,1.62,0.996,0.459,3.17,0.836,2.3,43500.0,29100.0,19900.0,2420.0,1250.0,711.0,5520.0,1040.0,0.943,20.4,20.9,18.11,0.028,2320.0,2500.0,2540.0
52.4,31.2,2.25,1.61,0.481,0.392,1.3,2.36,2.0,17700.0,12000.0,1140.0,833.0,210.0,210.0,782.0,1020.0,0.805,7.2,7.24,5.9,0.0024,2800.0,2800.0,2800.0
35.7,19.8,17.8,8.73,1.03,0.945,1.23,0.87,8.75,10300.0,6500.0,7700.0,3850.0,384.0,433.0,631.0,322.0,3.55,6.1,6.19,6.5,0.028,2120.0,2210.0,2300.0
34.5,17.6,31.7,2.48,1.03,0.135,1.96,0.736,4.5,18300.0,10500.0,25200.0,2010.0,704.0,113.0,1850.0,499.0,1.82,11.2,11.3,11.6,0.032,1920.0,2040.0,2150.0
57.6,23.8,3.65,3.26,1.2,0.581,3.04,1.15,2.2,45000.0,21100.0,4260.0,3900.0,1200.0,719.0,4230.0,1150.0,0.897,16.4,16.7,16.1,0.031,2650.0,2740.0,2800.0
28.2,12.5,42.2,4.76,0.448,0.392,1.26,0.769,3.33,22100.0,11100.0,49500.0,5700.0,453.0,486.0,1760.0,772.0,1.36,16.4,16.8,13.35,0.031,1950.0,2000.0,2170.0
75.9,16.4,0.572,0.714,0.481,1.04,1.56,0.769,0.55,155000.0,38000.0,1750.0,2230.0,1270.0,3360.0,5670.0,2010.0,0.221,43.4,43.6,44.57,0.0024,2600.0,2740.0,2800.0
18.6,11.4,60.5,1.1,0.183,0.0918,0.28,0.19,2.0,11200.0,7770.0,54500.0,1010.0,142.0,87.6,300.0,146.0,0.811,12.7,12.9,11.3,0.014,2040.0,2090.0,2150.0
54.1,27.3,8.57,1.48,0.664,0.134,2.01,1.91,1.25,25300.0,14400.0,5990.0,1060.0,400.0,99.0,1670.0,1140.0,0.505,9.9,10.0,9.3,0.01,2420.0,2540.0,2630.0
52.5,29.0,6.94,1.44,0.764,0.446,2.69,1.23,0.98,25100.0,15700.0,4950.0,1050.0,470.0,337.0,2280.0,751.0,0.404,9.9,10.2,10.3,0.0072,2850.0,2910.0,2910.0
44.1,24.5,15.8,2.0,0.581,0.189,2.0,1.3,2.8,21000.0,13200.0,11300.0,1460.0,357.0,143.0,1700.0,794.0,1.13,10.1,10.2,9.6,0.0076,2500.0,2605.0,2710.0
49.3,26.7,13.3,0.79,0.681,0.176,2.75,1.51,1.0,34800.0,21300.0,14000.0,851.0,618.0,196.0,3450.0,1360.0,0.405,14.9,15.1,13.9,0.0055,2430.0,2480.0,2730.0
56.4,34.0,2.5,0.7,0.647,0.608,1.5,2.5,1.2,36800.0,25100.0,2440.0,698.0,544.0,628.0,1740.0,2090.0,0.5,13.4,14.0,9.4,0.0061,2910.0,2910.0,2910.0
48.5,21.5,19.4,1.71,1.15,0.405,2.61,1.07,3.0,35800.0,18000.0,21400.0,1930.0,1090.0,474.0,3430.0,1010.0,1.22,15.5,15.8,15.2,0.028,2170.0,2250.0,2340.0
58.3,25.1,4.3,0.7,0.631,1.03,0.75,2.1,0.78,24900.0,12200.0,2750.0,458.0,348.0,696.0,571.0,1150.0,0.314,9.1,9.16,8.1,0.0081,2800.0,2800.0,2800.0
48.6,27.2,10.1,3.08,1.18,0.339,2.58,1.48,2.17,41900.0,26500.0,13200.0,4060.0,1310.0,462.0,3960.0,1630.0,0.878,18.3,18.5,16.86,0.0213,2449.0,2559.0,2609.0
42.2,24.8,21.9,0.84,0.88,0.284,2.61,1.24,1.55,24900.0,16500.0,19300.0,757.0,669.0,265.0,2740.0,934.0,0.626,12.5,12.6,10.87,0.016,2190.0,2270.0,2600.0
37.5,24.4,25.3,1.04,0.93,0.365,2.03,1.04,1.58,13200.0,9730.0,13400.0,558.0,422.0,204.0,1280.0,468.0,0.634,7.5,7.54,7.28,0.017,2200.0,2290.0,2540.0
35.1,19.9,36.2,2.04,0.481,0.176,1.62,0.903,1.75,15700.0,10100.0,24200.0,1400.0,277.0,124.0,1290.0,516.0,0.72,9.3,9.56,7.73,0.016,2000.0,2070.0,2270.0
43.1,24.4,20.3,1.16,0.498,0.162,1.39,1.23,1.07,34200.0,21900.0,24000.0,1410.0,509.0,204.0,1960.0,1250.0,0.438,16.6,17.0,15.9,0.004,2140.0,2190.0,2460.0
43.1,24.5,24.2,0.574,0.79,0.752,2.2,1.38,2.39,22900.0,14700.0,19300.0,467.0,544.0,630.0,2080.0,935.0,0.994,10.9,11.4,11.02,0.0115,2137.0,2224.0,2427.0
35.3,18.7,26.7,3.99,1.66,0.756,2.49,0.769,5.45,18200.0,10900.0,20700.0,3150.0,1100.0,618.0,2290.0,508.0,2.21,10.9,11.0,10.8,0.019,2000.0,2050.0,2110.0
38.0,17.0,32.0,3.6,0.73,0.756,1.8,0.76,3.7,25900.0,13100.0,32600.0,3750.0,642.0,817.0,2180.0,663.0,1.54,14.0,14.6,12.9,0.0575,2040.0,2130.0,2340.0
53.0,13.2,3.95,7.39,0.465,5.67,1.67,0.635,12.5,67500.0,19100.0,7520.0,14400.0,763.0,11400.0,3790.0,1040.0,5.83,23.4,27.2,22.04,0.063,2050.0,2150.0,2300.0
34.9,24.6,26.0,1.51,0.813,0.689,2.15,1.14,2.2,6540.0,5220.0,7300.0,433.0,196.0,204.0,718.0,274.0,0.905,3.9,4.01,4.14,0.1,2080.0,2220.0,2550.0
43.7,32.5,4.13,5.77,0.931,0.817,0.593,1.0,6.01,16400.0,13200.0,1720.0,2390.0,365.0,432.0,454.0,436.0,2.5,7.21,7.5,6.91,0.00624,2644.0,2713.0,2734.0
34.8,18.5,30.0,0.7,0.581,0.135,1.9,0.92,1.0,20300.0,12200.0,26100.0,623.0,436.0,125.0,1970.0,686.0,0.412,12.1,12.5,12.3,0.016,2015.0,2125.0,2235.0
40.1,22.5,14.4,4.37,1.11,0.297,2.26,0.91,9.06,15500.0,9870.0,8350.0,2590.0,556.0,183.0,1560.0,451.0,3.85,7.8,8.3,6.18,0.022,2040.0,2060.0,2100.0
25.5,16.4,37.1,3.54,0.933,0.529,1.13,0.816,5.59,10500.0,7300.0,22100.0,1740.0,444.0,262.0,855.0,402.0,2.33,8.01,8.34,7.3,0.0415,2077.0,2127.0,2213.0
47.5,19.8,20.0,2.2,1.41,0.662,3.17,0.886,2.3,54800.0,25900.0,34600.0,3880.0,2100.0,1210.0,6520.0,1310.0,0.958,23.7,24.7,17.1,0.018,1990.0,2040.0,2180.0
54.4,27.8,5.42,0.42,0.979,0.23,3.04,1.09,0.25,73000.0,42200.0,10900.0,862.0,1700.0,488.0,7270.0,1870.0,0.104,27.7,28.7,25.1,0.0074,2910.0,2910.0,2910.0
47.6,37.4,2.7,0.59,0.78,0.257,2.9,2.1,0.53,40900.0,36400.0,3470.0,775.0,865.0,350.0,4440.0,2310.0,0.216,18.1,18.4,14.3,0.0069,2800.0,2800.0,2800.0
69.7,19.4,3.52,0.392,0.88,0.176,2.43,2.61,0.825,80500.0,25400.0,6080.0,692.0,1310.0,321.0,4990.0,3850.0,0.333,24.5,24.7,22.57,0.0068,2560.0,2730.0,2800.0
41.4,18.5,23.7,3.96,0.807,0.693,1.89,0.439,2.58,19300.0,9790.0,16600.0,2830.0,490.0,513.0,1580.0,275.0,1.05,9.79,9.98,9.13,0.026,1998.0,2042.0,2155.0
34.0,22.0,31.0,2.5,0.53,0.51,1.2,0.86,2.9,15700.0,11500.0,21400.0,1760.0,315.0,373.0,985.0,507.0,1.18,9.7,9.87,10.4,0.049,2000.0,2050.0,2100.0
71.2,19.3,1.46,1.29,0.332,0.149,1.01,1.19,0.975,40300.0,12400.0,1240.0,1110.0,242.0,133.0,1020.0,860.0,0.397,11.9,12.1,11.4,0.0037,2800.0,2800.0,2800.0
46.0,29.7,5.43,2.84,1.36,0.473,3.13,1.57,2.33,12200.0,8910.0,2160.0,1150.0,465.0,199.0,1470.0,533.0,0.942,5.6,5.67,5.87,0.0054,2620.0,2730.0,2760.0
13.3,6.84,43.6,17.6,0.133,0.162,0.361,0.234,2.83,12100.0,7050.0,59400.0,24500.0,156.0,234.0,584.0,273.0,1.16,19.0,19.5,16.68,0.1,2150.0,2220.0,2320.0
44.9,29.7,11.0,3.5,0.598,0.108,1.8,0.903,1.53,34200.0,25500.0,12500.0,4070.0,586.0,130.0,2440.0,879.0,0.62,16.0,16.3,14.04,0.01,2500.0,2590.0,2670.0
46.6,23.6,14.4,29.0,1.24,0.405,3.43,1.12,2.7,41700.0,23900.0,19300.0,39700.0,1430.0,574.0,5450.0,1280.0,1.09,18.9,19.1,18.0,0.022,2110.0,2200.0,2300.0
21.1,9.83,54.8,3.96,0.598,0.405,1.06,0.502,4.13,6890.0,3640.0,26800.0,1980.0,252.0,210.0,616.0,210.0,1.67,6.9,7.0,6.7,0.039,1870.0,1980.0,2080.0
28.5,16.6,19.8,6.9,2.32,0.0635,1.44,0.92,14.8,13800.0,9090.0,14400.0,5120.0,1450.0,48.8,1250.0,571.0,6.18,9.9,10.3,8.3,0.092,2005.0,2120.0,2215.0
42.4,24.5,16.5,0.304,0.494,0.155,1.05,0.865,0.765,19000.0,12400.0,11100.0,208.0,285.0,110.0,836.0,496.0,0.319,9.2,9.58,8.5,0.0134,2608.0,2711.0,2764.0
45.4,21.2,24.5,1.33,0.564,0.162,2.09,1.1,1.98,20400.0,10800.0,16400.0,912.0,326.0,115.0,1670.0,634.0,0.816,9.3,9.6,8.43,0.031,2000.0,2080.0,2150.0
48.4,38.5,4.17,1.13,0.641,0.556,1.71,1.11,0.952,21200.0,18500.0,2230.0,645.0,356.0,311.0,1390.0,727.0,0.394,8.87,9.14,8.59,0.00804,2800.0,2800.0,2800.0
18.7,9.92,51.5,3.43,1.06,0.432,1.13,0.468,4.25,3300.0,1980.0,13600.0,924.0,241.0,121.0,355.0,106.0,1.73,3.7,3.77,3.51,0.27,2020.0,2120.0,2200.0
36.4,18.7,29.0,5.04,0.647,0.311,1.57,0.619,1.13,35300.0,20500.0,42200.0,7480.0,810.0,478.0,2720.0,769.0,0.46,20.3,20.8,19.38,0.035,2090.0,2130.0,2170.0
44.0,20.4,27.3,0.952,0.614,0.135,2.21,0.953,2.2,41100.0,21500.0,38200.0,1360.0,739.0,200.0,3680.0,1140.0,0.888,19.8,20.0,19.25,0.037,2170.0,2280.0,2410.0
29.7,12.1,28.7,11.4,0.714,0.324,1.79,0.552,5.25,24600.0,11300.0,35600.0,14400.0,761.0,425.0,2640.0,584.0,2.15,17.3,17.7,15.5,0.14,2050.0,2090.0,2330.0
38.6,23.8,6.2,8.4,1.99,0.567,1.5,1.2,7.9,14100.0,9870.0,3400.0,4700.0,941.0,329.0,978.0,563.0,3.18,7.8,7.84,9.6,0.042,2425.0,2505.0,2605.0
37.3,19.8,34.2,0.743,0.472,0.176,1.26,0.817,1.82,22800.0,13200.0,32700.0,631.0,380.0,163.0,1490.0,632.0,0.742,12.9,13.2,11.62,0.0163,1969.0,2066.0,2172.0
52.2,30.1,2.67,3.24,0.232,0.324,0.841,1.89,3.73,9000.0,5870.0,690.0,852.0,51.6,88.5,258.0,417.0,1.53,3.6,3.69,3.22,0.0034,2800.0,2800.0,2800.0
54.6,27.4,6.29,0.686,1.59,0.567,4.21,1.07,0.85,31100.0,17700.0,5360.0,597.0,1170.0,512.0,4260.0,780.0,0.345,12.0,12.2,10.07,0.02,2570.0,2660.0,2720.0
57.9,31.1,2.2,0.63,0.747,0.203,2.75,1.59,0.6,33100.0,20100.0,1880.0,550.0,550.0,183.0,2800.0,1160.0,0.244,12.0,12.2,11.2,0.0043,2800.0,2800.0,2800.0
53.9,26.7,9.4,1.1,0.979,0.756,1.5,2.0,2.3,27000.0,15200.0,7050.0,843.0,633.0,601.0,1340.0,1280.0,0.958,10.3,10.7,8.5,0.0068,2780.0,2800.0,2910.0
31.5,22.3,29.9,4.4,0.963,0.216,0.925,1.37,6.25,6320.0,5070.0,8980.0,1350.0,249.0,68.7,331.0,352.0,2.56,4.2,4.3,3.9,0.0097,2020.0,2110.0,2230.0
50.4,36.3,5.72,0.56,0.382,0.23,1.69,2.26,0.975,65000.0,53000.0,11000.0,1100.0,635.0,469.0,3890.0,3730.0,0.406,26.5,27.6,32.6,0.006,2763.0,2800.0,2800.0
37.5,18.2,35.2,0.994,0.315,0.621,1.05,1.74,1.23,21700.0,11900.0,30400.0,879.0,235.0,569.0,1080.0,1290.0,0.493,12.3,12.4,11.51,0.0061,1920.0,2080.0,2200.0
51.2,35.7,1.47,1.27,0.299,0.135,1.39,2.29,1.9,30900.0,24400.0,1330.0,1170.0,232.0,129.0,1500.0,1770.0,0.766,12.8,12.9,12.19,0.0053,2800.0,2800.0,2800.0
40.9,23.6,15.1,5.3,0.93,0.891,1.2,1.2,5.7,18300.0,12000.0,10100.0,3630.0,537.0,633.0,957.0,688.0,2.38,9.2,9.58,8.8,0.029,2260.0,2385.0,2450.0
45.4,22.7,20.2,0.504,0.896,0.27,2.92,1.05,1.33,36400.0,20600.0,24200.0,618.0,927.0,343.0,4170.0,1080.0,0.535,17.0,17.2,14.13,0.0076,2180.0,2390.0,2540.0
54.6,26.9,13.6,0.644,0.664,0.284,2.19,1.24,0.925,46300.0,25800.0,17300.0,834.0,725.0,381.0,3300.0,1350.0,0.385,17.4,18.1,17.03,0.0075,2380.0,2503.0,2647.0
49.0,24.6,16.3,1.53,1.46,0.189,2.73,1.03,2.11,113000.0,64100.0,56100.0,5380.0,4330.0,689.0,11200.0,3030.0,0.848,49.0,49.2,48.58,0.2,1970.0,2190.0,2310.0
51.4,25.0,11.1,0.406,1.31,0.311,3.69,1.19,0.95,49500.0,27200.0,16000.0,598.0,1630.0,474.0,6330.0,1460.0,0.384,20.4,20.6,10.49,0.013,2470.0,2610.0,2720.0
46.2,20.8,21.2,0.826,0.88,0.432,2.5,1.2,1.3,44000.0,22400.0,30200.0,1200.0,1080.0,653.0,4240.0,1470.0,0.528,20.1,20.4,19.4,0.016,2040.0,2150.0,2230.0
42.4,27.0,18.3,1.64,0.664,0.594,1.79,1.44,2.3,9190.0,6640.0,5940.0,543.0,186.0,204.0,691.0,399.0,0.928,4.6,4.64,4.52,0.012,2220.0,2470.0,2600.0
50.1,27.2,5.58,1.9,0.764,0.702,2.02,3.01,2.53,9800.0,6030.0,1630.0,570.0,193.0,218.0,704.0,754.0,1.03,4.1,4.19,3.69,0.025,2680.0,2780.0,2800.0
29.4,19.9,43.5,1.42,0.432,0.149,1.33,0.72,1.72,7900.0,6050.0,17500.0,583.0,149.0,63.2,636.0,247.0,0.694,5.7,5.75,5.74,0.013,1990.0,2020.0,2230.0
50.0,28.3,5.26,3.07,1.08,0.23,2.04,1.18,4.97,7790.0,4980.0,1230.0,730.0,217.0,56.7,567.0,235.0,2.07,3.2,3.33,3.04,0.023,2382.0,2588.0,2640.0
58.6,24.2,5.75,1.5,0.481,0.135,1.42,2.02,1.13,57200.0,26800.0,8400.0,2240.0,606.0,209.0,2470.0,2530.0,0.459,20.5,20.9,17.85,0.004,2780.0,2800.0,2800.0
37.2,20.8,28.6,3.71,0.747,0.243,1.79,1.02,4.5,16500.0,10400.0,19000.0,2510.0,427.0,171.0,1410.0,579.0,1.84,9.3,9.48,10.1,0.04,2005.0,2115.0,2215.0
54.6,25.4,5.8,2.0,0.564,0.999,1.7,2.0,0.93,39900.0,21000.0,6340.0,2230.0,531.0,1160.0,2210.0,1870.0,0.388,15.0,15.6,15.9,0.014,2800.0,2800.0,2800.0
58.0,27.4,4.43,0.588,1.08,0.284,3.0,1.47,0.8,36600.0,19600.0,4190.0,568.0,879.0,284.0,3380.0,1190.0,0.325,13.3,13.5,13.5,0.012,2500.0,2800.0,2800.0
56.7,35.4,1.4,0.673,0.256,0.106,0.437,3.66,0.825,38000.0,25100.0,1240.0,579.0,245.0,113.0,619.0,3420.0,0.333,13.9,14.0,13.66,0.00512,2910.0,2910.0,2910.0
17.7,12.6,58.9,1.74,0.498,0.108,0.589,0.318,2.42,10100.0,8150.0,50500.0,1520.0,368.0,98.1,601.0,233.0,0.975,12.2,12.3,11.36,0.022,2030.0,2120.0,2160.0
46.5,21.7,21.0,0.41,0.664,0.23,3.14,0.91,1.9,99100.0,52300.0,66900.0,1330.0,1820.0,775.0,11900.0,2480.0,0.765,45.3,45.6,42.86,0.18,2110.0,2210.0,2630.0
49.8,28.8,9.5,2.3,1.33,1.28,2.2,1.4,4.6,7510.0,4920.0,2150.0,530.0,258.0,307.0,591.0,270.0,1.92,3.1,3.23,2.5,0.017,2460.0,2545.0,2635.0
48.3,30.9,6.29,2.48,0.963,0.27,2.91,1.02,2.33,19400.0,14000.0,3770.0,1520.0,497.0,171.0,2070.0,523.0,0.949,8.4,8.57,8.4,0.019,2790.0,2800.0,2800.0
48.3,23.4,13.6,2.63,0.531,0.554,1.5,2.81,1.7,51400.0,28200.0,21600.0,4280.0,728.0,933.0,2840.0,3820.0,0.685,22.6,22.8,24.52,0.012,2350.0,2490.0,2630.0
37.0,21.9,27.0,2.44,1.39,0.324,2.69,0.803,3.1,14000.0,9370.0,15300.0,1410.0,679.0,194.0,1810.0,388.0,1.27,7.9,8.08,9.18,0.023,2120.0,2180.0,2510.0
53.9,27.0,7.2,1.6,0.481,0.149,2.3,1.4,1.8,24000.0,13600.0,4800.0,1090.0,277.0,105.0,1820.0,798.0,0.73,9.4,9.53,8.9,0.0099,2695.0,2800.0,2800.0
45.4,19.3,16.7,8.77,0.681,0.243,1.79,0.987,1.08,20200.0,9740.0,11200.0,5970.0,391.0,172.0,1420.0,563.0,0.446,9.2,9.54,8.24,0.037,2140.0,2240.0,2360.0
36.1,23.9,15.5,4.5,1.83,0.108,2.0,1.1,6.9,4940.0,3700.0,3170.0,940.0,322.0,23.4,487.0,193.0,2.79,2.9,2.93,3.3,0.036,2270.0,2355.0,2445.0
40.7,26.3,19.0,2.02,1.41,0.108,2.8,0.836,3.35,41800.0,30600.0,29300.0,3170.0,1870.0,176.0,5130.0,1100.0,1.34,22.0,22.0,20.51,0.253,2150.0,2270.0,2360.0
39.8,24.0,24.3,1.74,0.581,0.162,1.43,1.0,2.0,16300.0,11100.0,14900.0,1090.0,307.0,105.0,1040.0,527.0,0.826,8.5,8.78,8.9,0.009,2150.0,2260.0,2350.0
48.1,31.9,8.88,0.63,1.11,0.216,3.2,1.04,0.975,28800.0,21700.0,7960.0,577.0,859.0,205.0,3410.0,795.0,0.394,12.7,12.8,11.4,0.0059,2800.0,2800.0,2800.0
28.3,13.9,41.4,3.4,0.93,1.62,1.4,0.5,8.2,3310.0,1840.0,7240.0,607.0,140.0,300.0,291.0,74.8,3.42,2.4,2.5,2.2,0.025,2015.0,2185.0,2270.0
26.5,10.8,53.3,1.3,0.448,0.27,1.09,0.635,1.63,19600.0,9030.0,59000.0,1470.0,427.0,316.0,1440.0,601.0,0.659,15.6,15.8,14.19,0.0098,2070.0,2090.0,2150.0
52.3,26.5,8.47,0.91,1.43,0.5,3.76,1.19,1.7,98000.0,56300.0,23800.0,2610.0,3450.0,1480.0,12600.0,2850.0,0.689,39.6,40.1,38.5,0.018,2470.0,2560.0,2650.0
29.6,24.5,36.1,2.46,0.531,0.459,1.33,1.02,2.33,8320.0,7810.0,15200.0,1060.0,193.0,205.0,668.0,367.0,0.948,5.9,6.02,5.75,0.011,1980.0,2060.0,2150.0
7.64,6.43,69.6,5.46,0.332,0.0756,0.385,0.318,4.75,3830.0,3650.0,52200.0,4190.0,215.0,60.1,344.0,204.0,1.94,10.5,10.7,10.5,0.033,2010.0,2100.0,2190.0
32.4,18.2,39.9,1.64,0.332,0.203,0.865,0.903,1.75,12400.0,7860.0,22800.0,957.0,164.0,123.0,589.0,442.0,0.716,8.0,8.18,8.4,0.016,1940.0,2060.0,2180.0
53.7,29.5,1.52,2.34,0.697,0.081,0.998,2.36,2.55,14700.0,9110.0,620.0,977.0,246.0,35.1,486.0,825.0,1.05,5.7,5.85,6.16,0.0092,2740.0,2800.0,2800.0
54.6,27.8,7.58,0.952,0.614,0.473,1.44,1.99,1.02,47300.0,27200.0,9820.0,1260.0,686.0,649.0,2220.0,2210.0,0.418,18.2,18.5,16.5,0.0059,2570.0,2680.0,2800.0
41.9,26.6,9.24,7.61,1.01,0.486,1.9,1.37,3.25,24600.0,17700.0,8110.0,6820.0,766.0,452.0,1980.0,1030.0,1.32,12.4,12.6,11.4,0.031,2170.0,2260.0,2370.0
63.4,25.0,2.66,0.914,0.565,0.222,2.11,1.53,1.08,33800.0,16700.0,2850.0,633.0,538.0,191.0,2900.0,979.0,0.438,11.9,12.1,10.95,0.00529,2800.0,2800.0,2800.0
39.0,23.2,20.1,2.12,0.76,0.393,2.45,1.21,2.72,16900.0,11100.0,10500.0,1190.0,414.0,228.0,1960.0,656.0,1.11,8.52,8.69,9.27,0.0217,2215.0,2301.0,2510.0
53.1,30.4,5.21,1.71,0.73,0.513,1.62,1.76,1.48,12400.0,8030.0,1810.0,608.0,219.0,189.0,673.0,523.0,0.6,4.9,4.98,4.85,0.0079,2680.0,2800.0,2800.0
44.7,23.8,15.2,1.89,0.731,0.327,2.59,1.2,2.66,26500.0,15800.0,11100.0,1570.0,575.0,281.0,2920.0,902.0,1.08,12.0,12.2,12.05,0.00911,2302.0,2372.0,2601.0
31.0,14.0,26.0,1.3,0.647,0.203,1.6,0.66,1.1,13900.0,7100.0,17400.0,890.0,374.0,144.0,1280.0,378.0,0.458,9.2,9.58,4.2,0.0174,2800.0,2910.0,2910.0
34.0,21.0,37.0,1.1,0.664,0.176,1.2,0.97,1.4,10600.0,7410.0,17200.0,524.0,267.0,86.7,666.0,387.0,0.583,6.4,6.67,6.1,0.0164,1960.0,2010.0,2060.0
44.1,28.1,7.8,2.8,1.03,1.62,0.77,1.6,5.0,6700.0,4840.0,1770.0,650.0,202.0,390.0,208.0,311.0,2.03,3.2,3.25,3.4,0.055,2550.0,2650.0,2765.0
55.7,28.7,3.03,0.813,1.05,0.158,2.7,1.71,1.44,47400.0,27200.0,3710.0,970.0,1140.0,208.0,4120.0,1870.0,0.596,17.5,18.1,15.82,0.00661,2800.0,2800.0,2800.0
46.3,36.2,2.42,2.92,1.29,1.76,3.05,1.2,4.98,10100.0,8980.0,793.0,977.0,366.0,609.0,1190.0,336.0,2.08,4.5,4.69,4.7,1e-06,2700.0,2700.0,2700.0
40.7,29.3,12.3,2.59,1.83,0.419,3.68,1.15,2.83,10900.0,8870.0,4930.0,1060.0,629.0,177.0,1750.0,395.0,1.15,5.6,5.72,5.6,0.013,2070.0,2150.0,2270.0
52.3,27.3,6.0,0.7,1.28,0.932,3.4,1.3,1.0,29300.0,17300.0,5030.0,600.0,924.0,828.0,3390.0,933.0,0.403,11.9,12.0,10.9,0.012,2725.0,2800.0,2800.0
30.0,31.0,11.0,4.5,1.99,0.648,1.5,1.3,8.7,4670.0,5470.0,2560.0,1070.0,400.0,160.0,416.0,259.0,3.63,3.2,3.33,4.8,0.0833,2250.0,2350.0,2650.0
57.6,29.4,1.75,0.578,0.574,0.43,2.21,2.68,0.397,39000.0,22800.0,1820.0,576.0,554.0,479.0,3050.0,2110.0,0.162,14.3,14.6,15.43,0.00282,2800.0,2800.0,2800.0
42.1,15.1,18.6,7.55,2.99,0.203,1.94,0.74,5.65,34200.0,13800.0,22600.0,9360.0,3120.0,260.0,2800.0,768.0,2.32,16.9,17.4,9.7,0.039,1990.0,2040.0,2260.0
45.2,30.2,7.72,2.8,0.896,0.189,2.16,1.52,3.5,7740.0,5870.0,1980.0,734.0,198.0,51.4,661.0,334.0,1.43,3.6,3.67,3.54,0.0082,2580.0,2720.0,2750.0
50.5,31.3,2.16,4.92,0.481,0.81,0.541,1.46,1.93,55300.0,38900.0,3540.0,8230.0,680.0,1410.0,1050.0,2040.0,0.785,23.0,23.4,21.71,0.072,2800.0,2800.0,2800.0
64.0,28.0,5.4,0.89,0.548,0.257,2.0,2.3,1.6,26800.0,13300.0,3380.0,569.0,296.0,170.0,1490.0,1230.0,0.667,8.6,8.96,8.8,0.00627,2910.0,2910.0,2910.0
52.7,32.1,7.72,1.44,0.651,0.212,1.82,1.61,1.14,24300.0,15700.0,5970.0,762.0,413.0,148.0,1760.0,903.0,0.466,9.52,9.69,9.36,0.0105,2800.0,2800.0,2800.0
51.0,24.8,9.08,1.76,1.03,0.473,2.57,1.29,1.66,44500.0,24500.0,11900.0,2350.0,1160.0,653.0,3990.0,1440.0,0.674,18.4,18.7,15.6,0.02,2415.0,2515.0,2610.0
34.6,15.9,39.6,1.37,0.88,0.554,2.73,0.569,2.45,28100.0,14600.0,48100.0,1700.0,922.0,713.0,3950.0,591.0,0.991,17.2,17.4,15.1,0.012,2000.0,2090.0,2200.0
38.9,30.5,15.3,1.6,1.18,0.405,3.43,1.13,3.78,6170.0,5470.0,3620.0,386.0,241.0,102.0,966.0,229.0,1.55,3.3,3.39,3.29,0.093,2310.0,2500.0,2550.0
52.9,28.9,5.93,0.476,0.946,0.284,5.1,1.04,1.0,84100.0,52100.0,14100.0,1160.0,1940.0,715.0,14400.0,2110.0,0.404,33.7,34.0,31.4,0.0062,2800.0,2800.0,2800.0
49.9,23.1,17.8,0.63,0.598,0.216,2.52,1.07,1.75,41300.0,21600.0,22000.0,797.0,638.0,283.0,3720.0,1130.0,0.709,17.5,17.7,17.2,0.015,2360.0,2450.0,2570.0
52.4,22.2,11.0,2.29,1.58,0.216,3.2,1.06,2.75,75700.0,36300.0,23800.0,5050.0,2940.0,495.0,8230.0,1960.0,1.1,30.8,30.9,31.0,0.054,2100.0,2320.0,2440.0
34.0,14.7,41.8,1.4,0.598,0.162,1.32,0.987,1.78,13600.0,6660.0,24900.0,853.0,307.0,102.0,939.0,503.0,0.721,8.4,8.53,8.48,0.014,1990.0,2080.0,2130.0
27.1,18.9,47.4,1.64,0.332,0.149,0.65,0.557,2.33,12400.0,9800.0,32500.0,1150.0,196.0,108.0,530.0,326.0,0.939,9.7,9.8,10.22,0.0023,2020.0,2100.0,2240.0
55.0,27.5,3.1,2.1,0.664,0.77,1.5,2.0,2.8,16200.0,9160.0,1370.0,944.0,252.0,359.0,786.0,753.0,1.16,6.1,6.3,6.0,0.0087,2800.0,2800.0,2800.0
45.1,19.3,25.7,1.23,1.18,0.365,2.19,1.05,2.25,35200.0,17000.0,30100.0,1470.0,1190.0,451.0,3040.0,1050.0,0.906,16.6,16.7,13.01,0.016,1950.0,2100.0,2190.0
68.9,20.2,2.02,0.826,0.465,0.284,1.25,2.68,1.83,25800.0,8590.0,1130.0,473.0,225.0,168.0,834.0,1280.0,0.741,7.9,8.02,6.89,0.004,2720.0,2800.0,2800.0
58.4,18.0,4.36,5.49,0.896,1.76,0.228,1.24,5.15,41200.0,14300.0,4600.0,5910.0,815.0,1960.0,287.0,1120.0,2.11,14.7,15.1,12.91,0.069,2260.0,2380.0,2690.0
46.9,18.3,51.8,3.88,0.382,0.162,1.63,1.49,2.9,48100.0,21200.0,79600.0,6090.0,505.0,264.0,2990.0,1960.0,1.17,21.8,22.0,19.27,0.015,2030.0,2150.0,2270.0
43.2,31.0,15.3,2.41,0.564,0.162,1.18,1.29,3.05,13300.0,10800.0,7030.0,1130.0,223.0,78.9,644.0,506.0,1.23,6.5,6.57,9.91,0.027,2030.0,2150.0,2250.0
25.7,16.4,37.2,5.67,0.913,0.473,1.77,0.602,3.65,12500.0,9040.0,27000.0,4210.0,572.0,364.0,1530.0,374.0,1.47,10.3,10.4,9.92,0.021,2070.0,2230.0,2320.0
44.5,35.7,4.43,2.13,0.697,1.23,1.59,1.09,2.53,10900.0,9940.0,1630.0,800.0,221.0,479.0,695.0,342.0,1.02,5.2,5.26,4.97,0.0099,2690.0,2800.0,2800.0
36.6,25.9,14.5,5.99,1.36,0.891,1.86,1.39,5.25,8520.0,6830.0,5040.0,2130.0,409.0,329.0,773.0,414.0,2.14,4.9,4.99,5.0,0.027,2250.0,2350.0,2440.0
40.4,20.2,25.5,1.86,0.896,0.459,2.73,0.886,2.48,50400.0,28500.0,47400.0,3550.0,1440.0,906.0,6050.0,1410.0,1.02,25.9,26.7,24.36,0.018,2100.0,2140.0,2540.0
69.8,19.7,2.86,1.01,0.764,0.594,1.61,1.14,1.25,50400.0,16100.0,3090.0,1110.0,711.0,680.0,2070.0,1050.0,0.505,15.3,15.5,14.26,0.0094,2620.0,2740.0,2800.0
41.1,27.4,18.5,1.73,0.632,0.429,1.17,1.15,2.75,11600.0,9020.0,7800.0,679.0,234.0,180.0,662.0,390.0,1.15,5.82,6.06,5.41,0.0155,2578.0,2669.0,2751.0
46.4,29.9,15.0,0.47,0.581,0.27,3.25,1.2,0.76,23600.0,17200.0,11400.0,366.0,381.0,218.0,2950.0,782.0,0.307,10.8,10.9,10.8,0.018,2660.0,2780.0,2800.0
45.6,28.2,9.87,1.33,0.93,0.621,2.27,1.54,2.7,14600.0,10200.0,4710.0,649.0,383.0,314.0,1290.0,629.0,1.1,6.7,6.83,6.87,0.011,2490.0,2590.0,2730.0
48.2,31.4,6.68,2.75,0.78,0.189,1.36,1.54,2.0,11700.0,8640.0,2430.0,1020.0,245.0,72.9,588.0,479.0,0.816,5.1,5.21,5.0,0.007,2800.0,2800.0,2800.0
71.5,20.6,1.26,0.49,0.199,0.189,0.577,2.01,0.875,103000.0,33500.0,2700.0,1070.0,369.0,430.0,1470.0,3690.0,0.352,30.5,30.7,27.6,0.0019,2800.0,2800.0,2800.0
23.7,22.5,27.5,6.86,1.44,0.176,0.661,1.2,7.25,2840.0,3040.0,4920.0,1250.0,223.0,33.3,141.0,184.0,2.97,2.5,2.56,2.77,0.018,2290.0,2370.0,2420.0
58.2,23.6,4.82,3.25,0.847,0.527,1.13,1.76,3.03,50300.0,23100.0,6230.0,4290.0,942.0,721.0,1740.0,1940.0,1.22,18.3,18.5,5.47,0.011,2170.0,2310.0,2410.0
36.7,19.6,23.7,0.46,0.282,0.0972,0.73,0.97,0.6,16700.0,10100.0,16200.0,321.0,166.0,70.3,593.0,566.0,0.252,9.3,9.73,7.5,0.0082,2165.0,2255.0,2355.0
47.7,39.9,3.27,0.798,0.697,0.135,1.53,1.56,0.025,32700.0,30900.0,3350.0,835.0,615.0,146.0,1860.0,1360.0,0.0104,14.1,14.6,13.7,0.0053,2800.0,2800.0,2800.0
39.4,29.9,16.4,2.62,1.21,0.5,1.79,1.22,2.1,24500.0,21000.0,15300.0,2490.0,972.0,493.0,1980.0,972.0,0.854,13.1,13.3,11.95,0.015,2340.0,2540.0,2690.0
49.2,28.5,13.7,1.68,0.465,0.311,1.92,1.39,1.45,20000.0,13100.0,8340.0,1040.0,243.0,200.0,1390.0,721.0,0.593,8.5,8.68,8.21,0.0058,2580.0,2690.0,2760.0
14.0,10.0,69.0,1.1,0.315,0.189,0.26,0.27,1.8,5110.0,4130.0,37700.0,614.0,148.0,109.0,169.0,126.0,0.75,7.5,7.81,7.8,0.0831,2010.0,2075.0,2105.0
28.7,16.6,44.2,2.16,0.631,0.081,1.75,0.87,2.95,12400.0,8110.0,28500.0,1420.0,351.0,55.4,1350.0,480.0,1.2,9.1,9.23,8.11,0.012,1950.0,2080.0,2130.0
34.5,20.4,31.2,3.01,0.697,0.716,0.853,1.56,3.13,13100.0,8770.0,17700.0,1750.0,341.0,430.0,576.0,755.0,1.27,8.0,8.12,9.22,0.012,1980.0,1990.0,2090.0
28.4,14.6,51.9,1.26,0.365,0.176,1.07,0.803,1.85,18600.0,10800.0,50900.0,1260.0,308.0,182.0,1250.0,673.0,0.757,13.7,14.0,13.4,0.027,1940.0,2010.0,2090.0
42.6,25.0,22.9,0.952,1.05,0.257,3.63,0.92,1.43,39800.0,26400.0,32000.0,1360.0,1260.0,380.0,6040.0,1100.0,0.578,19.7,20.0,19.3,0.015,2070.0,2170.0,2290.0
15.5,8.56,70.2,0.966,0.249,0.203,0.409,0.435,1.48,7990.0,4980.0,54000.0,759.0,165.0,165.0,374.0,286.0,0.601,10.8,11.0,11.6,0.013,2130.0,2260.0,2330.0
42.5,30.5,10.7,3.7,0.83,1.27,2.08,1.57,3.73,14200.0,11500.0,5320.0,1880.0,356.0,670.0,1230.0,670.0,1.52,7.0,7.13,7.83,0.018,2580.0,2700.0,2760.0
53.7,32.9,4.42,0.868,0.847,0.216,1.68,1.66,0.925,22100.0,15300.0,2720.0,545.0,449.0,141.0,1230.0,871.0,0.374,8.7,8.8,7.99,0.01,2800.0,2800.0,2800.0
51.8,30.2,5.29,1.09,0.83,0.513,2.52,1.59,1.35,25300.0,16700.0,3870.0,816.0,523.0,397.0,2200.0,994.0,0.548,10.3,10.5,11.14,0.0061,2570.0,2640.0,2800.0
31.8,15.1,15.1,11.8,2.66,1.76,1.83,0.736,16.8,8280.0,4470.0,5870.0,4700.0,893.0,725.0,848.0,245.0,6.8,5.5,5.58,6.0,0.033,2050.0,2140.0,2230.0
39.6,17.0,31.3,1.88,0.714,0.203,1.84,0.87,1.83,21100.0,10300.0,25000.0,1530.0,491.0,171.0,1750.0,594.0,0.745,11.2,11.4,11.77,0.008,2050.0,2140.0,2180.0
27.4,13.5,19.0,8.96,5.54,0.27,1.56,0.585,12.4,23800.0,13300.0,24700.0,11900.0,6200.0,371.0,2410.0,650.0,4.99,18.4,18.6,16.89,0.13,2210.0,2240.0,2480.0
45.9,28.7,8.9,1.9,0.979,1.49,1.6,1.7,3.9,7380.0,5220.0,2140.0,467.0,203.0,378.0,458.0,350.0,1.58,3.4,3.44,5.5,0.027,2570.0,2660.0,2755.0
15.7,8.8,28.4,17.7,0.365,0.0864,0.59,0.42,10.0,7190.0,4560.0,19500.0,12400.0,216.0,62.7,481.0,246.0,4.26,9.2,9.81,8.2,0.063,2065.0,2165.0,2265.0
53.9,28.6,5.69,2.07,0.647,0.5,2.7,1.59,1.63,19100.0,11500.0,3020.0,1120.0,296.0,281.0,1710.0,720.0,0.657,7.5,7.58,7.7,0.031,2790.0,2800.0,2800.0
55.9,28.5,3.65,1.01,0.73,0.23,2.49,1.91,1.65,33600.0,19400.0,3280.0,927.0,567.0,219.0,2670.0,1470.0,0.675,12.6,12.9,12.85,0.0035,2800.0,2800.0,2800.0
50.1,34.9,5.09,1.05,0.714,0.176,3.21,1.4,1.33,23800.0,18800.0,3620.0,762.0,437.0,132.0,2710.0,854.0,0.539,10.0,10.2,10.2,0.0046,2800.0,2800.0,2800.0
47.1,24.0,18.3,0.812,0.432,0.297,1.57,1.1,1.0,17300.0,9980.0,10100.0,456.0,204.0,173.0,1030.0,519.0,0.408,7.7,7.86,7.6,0.01,2410.0,2500.0,2590.0
54.4,26.0,11.4,0.842,0.786,0.274,2.83,1.17,0.899,40200.0,21600.0,13100.0,903.0,750.0,323.0,3740.0,1110.0,0.365,15.6,15.8,14.98,0.00901,2536.0,2609.0,2668.0
43.9,29.0,15.7,1.7,1.06,0.648,1.7,1.4,1.8,15800.0,11800.0,8460.0,936.0,493.0,370.0,1090.0,645.0,0.75,7.4,7.71,7.2,0.013,2565.0,2690.0,2790.0
56.2,31.2,3.6,0.728,0.979,0.216,3.14,1.45,1.05,38800.0,24400.0,3730.0,769.0,873.0,237.0,3860.0,1290.0,0.426,14.6,14.8,14.3,0.0045,2800.0,2800.0,2800.0
44.6,29.1,7.43,4.6,1.27,0.999,2.0,1.32,3.16,25700.0,17300.0,6750.0,3420.0,931.0,795.0,2130.0,900.0,1.28,11.7,11.8,10.61,0.0241,2258.0,2371.0,2475.0
31.5,13.6,42.0,1.9,0.481,0.473,1.1,1.1,1.8,11500.0,5620.0,22900.0,1060.0,227.0,273.0,715.0,514.0,0.75,7.5,7.81,6.4,0.025,1940.0,2040.0,2125.0
31.5,25.0,35.6,1.38,0.249,0.108,0.58,1.05,1.7,12800.0,11500.0,21600.0,856.0,130.0,69.5,419.0,545.0,0.687,8.6,8.68,8.51,0.019,2000.0,2170.0,2380.0
38.4,12.6,27.4,3.1,0.581,0.243,1.9,0.88,3.9,18900.0,7030.0,20200.0,2330.0,369.0,190.0,1670.0,555.0,1.63,10.1,10.6,12.1,0.016,2005.0,2095.0,2205.0
51.6,32.9,6.72,1.04,0.714,0.203,1.49,1.57,1.4,17700.0,12800.0,3440.0,542.0,315.0,110.0,909.0,689.0,0.57,7.2,7.33,7.29,0.029,2650.0,2760.0,2800.0
38.2,20.7,21.5,3.3,0.797,0.257,1.7,1.3,3.8,25700.0,15800.0,21600.0,3390.0,691.0,273.0,2040.0,1120.0,1.54,14.2,14.4,14.7,0.02,2125.0,2245.0,2355.0
27.9,12.8,9.1,19.6,1.64,0.635,0.72,0.88,15.8,15400.0,8020.0,7540.0,16600.0,1170.0,557.0,710.0,623.0,6.35,11.8,11.8,12.4,0.039,2210.0,2310.0,2400.0
45.6,35.7,8.29,2.1,0.498,0.23,0.974,1.66,2.45,15800.0,14000.0,4290.0,1110.0,222.0,126.0,599.0,732.0,0.993,7.3,7.4,6.06,0.0054,2750.0,2800.0,2800.0
49.4,23.5,18.0,1.9,1.21,0.77,2.4,1.0,2.6,39000.0,21000.0,21200.0,2290.0,1230.0,962.0,3370.0,1010.0,1.08,16.2,16.9,14.5,0.062,2050.0,2160.0,2220.0
54.2,31.8,5.55,0.546,0.564,0.108,2.19,1.86,1.33,26700.0,17800.0,4090.0,411.0,359.0,84.4,1920.0,1170.0,0.538,10.4,10.6,18.0,0.0044,2800.0,2800.0,2800.0
38.5,17.0,15.7,5.64,2.49,1.07,1.09,0.903,10.5,13400.0,6710.0,8200.0,3000.0,1120.0,589.0,678.0,402.0,4.65,6.7,7.45,5.94,0.028,2060.0,2150.0,2180.0
49.9,32.7,4.46,1.13,0.714,0.324,2.21,1.54,1.55,15500.0,11500.0,2070.0,537.0,285.0,159.0,1220.0,610.0,0.633,6.5,6.63,7.02,0.0089,2600.0,2800.0,2800.0
38.6,25.9,17.3,2.0,1.11,1.35,2.1,1.1,2.8,7470.0,5670.0,5010.0,591.0,278.0,414.0,724.0,272.0,1.13,4.1,4.14,3.3,0.011,2150.0,2255.0,2345.0
52.9,26.7,4.23,1.2,1.15,0.258,3.58,1.4,1.07,69200.0,37500.0,8940.0,1520.0,1970.0,521.0,8510.0,2200.0,0.437,25.9,26.4,24.83,0.0333,2624.0,2657.0,2691.0
34.5,23.4,22.6,6.44,0.598,0.257,1.21,1.17,5.25,16100.0,12400.0,15800.0,4590.0,359.0,190.0,1010.0,699.0,2.14,9.8,9.98,9.3,0.061,2250.0,2340.0,2450.0
51.8,33.5,3.15,0.896,1.36,0.446,3.81,1.12,0.025,33200.0,24300.0,3020.0,878.0,1120.0,453.0,4350.0,919.0,0.011,13.3,13.7,12.6,0.0083,2800.0,2800.0,2800.0
45.6,19.1,24.9,1.15,1.66,0.635,3.03,1.04,2.08,45900.0,21700.0,37400.0,1760.0,2150.0,1010.0,5420.0,1330.0,0.838,21.3,21.5,20.7,0.013,1910.0,2000.0,2090.0
60.8,26.8,2.15,0.406,0.448,0.284,0.709,1.44,0.55,2010.0,1000.0,106.0,20.5,19.1,14.8,41.7,60.8,0.222,0.7,0.706,12.68,0.0037,2800.0,2800.0,2800.0
28.8,17.0,47.1,0.8,0.432,0.23,1.68,0.87,1.27,22700.0,15200.0,55500.0,964.0,439.0,287.0,2360.0,878.0,0.513,16.7,16.9,14.4,0.0094,2015.0,2115.0,2205.0
34.5,19.1,25.3,5.8,0.631,0.297,1.47,0.987,6.5,11800.0,7380.0,12900.0,3020.0,278.0,161.0,891.0,431.0,2.64,7.2,7.3,7.3,0.02,2010.0,2100.0,2210.0
45.2,23.1,21.0,1.29,0.714,0.324,2.06,0.819,1.73,15000.0,8660.0,10400.0,653.0,305.0,170.0,1210.0,348.0,0.7,7.0,7.1,5.69,0.011,2000.0,2150.0,2270.0
32.7,15.8,40.4,1.7,0.365,1.62,0.85,1.0,2.6,14600.0,8000.0,27100.0,1160.0,211.0,1150.0,677.0,573.0,1.05,9.5,9.58,8.2,0.0034,1945.0,2050.0,2150.0
19.0,12.4,61.0,1.53,0.282,0.135,0.385,0.318,2.75,6420.0,4730.0,30800.0,787.0,123.0,72.2,231.0,137.0,1.12,7.1,7.22,6.1,0.038,2040.0,2160.0,2280.0
43.7,24.1,9.05,5.8,1.66,0.176,0.264,0.936,3.85,20400.0,12800.0,6320.0,4140.0,999.0,130.0,220.0,559.0,1.59,9.7,9.99,8.15,0.072,2330.0,2440.0,2630.0
40.9,29.2,15.4,2.14,1.13,0.176,3.09,0.93,2.83,11900.0,9650.0,6700.0,954.0,425.0,81.2,1610.0,347.0,1.14,6.2,6.24,5.7,0.024,2410.0,2490.0,2570.0
44.5,19.7,20.4,3.0,1.54,0.513,2.75,1.07,3.58,21000.0,10500.0,14500.0,2170.0,941.0,385.0,2320.0,648.0,1.45,10.0,10.1,11.76,0.014,2100.0,2250.0,2390.0
51.0,26.0,12.0,0.51,0.847,0.338,3.2,1.4,0.86,59100.0,34100.0,20800.0,903.0,1260.0,620.0,6600.0,2080.0,0.358,23.8,24.8,20.8,0.00975,2680.0,2770.0,2910.0
47.7,29.4,8.9,2.1,1.23,1.34,2.2,0.8,3.9,10900.0,7610.0,3050.0,734.0,362.0,485.0,896.0,234.0,1.63,4.7,4.9,9.2,0.039,2630.0,2680.0,2800.0
54.6,25.3,9.74,0.588,0.332,0.594,3.41,1.09,1.27,55200.0,29000.0,14700.0,910.0,433.0,953.0,6150.0,1410.0,0.521,21.2,21.7,18.8,0.015,2370.0,2450.0,2580.0
33.8,21.9,24.7,1.5,1.06,0.27,1.5,0.95,2.5,12300.0,9050.0,13500.0,837.0,500.0,156.0,975.0,444.0,1.04,7.5,7.81,5.8,0.028,1940.0,2060.0,2380.0
24.4,13.5,48.0,3.21,0.398,0.257,1.06,0.552,2.17,14300.0,8960.0,42000.0,2870.0,300.0,238.0,1100.0,413.0,0.892,12.2,12.5,11.93,0.021,2000.0,2040.0,2080.0
48.7,23.8,16.0,1.44,1.83,0.432,4.01,1.0,2.03,14200.0,7870.0,6990.0,643.0,687.0,200.0,2090.0,375.0,0.816,6.2,6.24,5.54,0.037,2160.0,2330.0,2420.0
39.7,13.9,23.6,4.8,0.647,0.189,1.7,0.88,2.9,17100.0,6790.0,15200.0,3160.0,360.0,129.0,1310.0,486.0,1.22,8.8,9.2,8.7,0.035,2015.0,2105.0,2205.0
56.0,25.0,4.4,0.6,0.945,0.849,3.2,1.2,1.2,33800.0,17100.0,3970.0,553.0,735.0,812.0,3440.0,927.0,0.5,12.4,12.9,13.3,0.0249,2630.0,2680.0,2910.0
49.4,27.0,5.61,3.01,1.11,0.297,2.62,1.0,4.0,19700.0,12200.0,3340.0,1830.0,571.0,187.0,1860.0,511.0,1.62,8.4,8.52,8.0,0.12,2650.0,2760.0,2800.0
44.1,25.3,13.9,3.17,1.1,0.797,1.54,0.91,4.49,9850.0,6390.0,4660.0,1080.0,316.0,282.0,613.0,260.0,1.83,4.7,4.78,2.4,0.039,2300.0,2450.0,2550.0
49.5,23.1,14.6,1.46,0.722,0.211,2.5,1.25,1.5,48600.0,25800.0,17600.0,1750.0,945.0,323.0,4410.0,1560.0,0.606,20.1,20.3,19.77,0.0197,2368.0,2438.0,2519.0
48.5,30.5,11.5,0.98,0.979,0.23,2.66,1.81,1.48,22200.0,15700.0,7860.0,684.0,576.0,166.0,2160.0,1050.0,0.6,9.6,9.77,10.4,0.016,2590.0,2680.0,2760.0
20.0,15.9,49.3,6.57,0.498,0.216,1.03,0.435,6.25,10800.0,9710.0,39800.0,5410.0,346.0,185.0,993.0,300.0,2.55,11.3,11.5,10.7,0.028,1970.0,2050.0,2140.0
49.9,28.0,10.2,1.09,0.581,0.405,2.39,1.34,1.25,22500.0,14300.0,6860.0,753.0,338.0,290.0,1920.0,773.0,0.508,9.5,9.66,9.5,0.052,2800.0,2800.0,2800.0
41.2,22.5,24.9,1.01,1.99,0.513,4.09,0.836,2.6,37700.0,23300.0,34100.0,1410.0,2350.0,745.0,6670.0,981.0,1.05,19.4,19.6,18.7,0.014,1980.0,2090.0,2210.0
45.0,12.4,25.1,3.85,1.1,1.2,0.986,0.753,4.5,30500.0,9500.0,25400.0,3990.0,957.0,1290.0,1190.0,652.0,1.84,14.2,14.5,9.72,0.22,2000.0,2090.0,2260.0
51.4,31.8,4.05,1.57,0.863,0.176,2.03,1.3,2.25,29900.0,20900.0,3530.0,1400.0,648.0,162.0,2110.0,973.0,0.912,12.3,12.5,11.7,0.04,2800.0,2800.0,2800.0
57.6,22.5,6.89,1.83,1.66,0.54,3.21,1.17,2.15,19000.0,8410.0,3410.0,926.0,707.0,283.0,1890.0,495.0,0.881,6.9,7.07,6.59,0.024,2700.0,2800.0,2800.0
44.3,31.7,11.9,2.97,1.05,0.527,2.13,1.62,2.63,25600.0,20700.0,10300.0,2620.0,778.0,482.0,2190.0,1200.0,1.06,12.2,12.4,11.5,0.017,2560.0,2640.0,2730.0
49.4,19.7,17.7,0.784,1.38,0.297,3.89,0.652,2.17,73900.0,33300.0,39700.0,1790.0,2650.0,704.0,10400.0,1250.0,0.883,31.5,32.0,29.1,0.016,2000.0,2090.0,2180.0
53.9,29.7,5.22,0.98,1.44,0.54,3.75,1.04,0.775,97300.0,60600.0,14100.0,2700.0,3360.0,1540.0,12000.0,2390.0,0.316,37.9,38.6,35.0,0.012,2910.0,2910.0,2910.0
43.4,20.0,25.5,3.5,0.581,0.162,1.8,0.886,3.0,19500.0,10200.0,17100.0,2400.0,336.0,115.0,1440.0,509.0,1.21,9.5,9.6,10.7,0.025,2000.0,2120.0,2210.0
24.0,12.6,56.2,1.32,0.299,0.135,0.817,0.702,1.4,13200.0,7880.0,46300.0,1110.0,212.0,118.0,801.0,495.0,0.584,11.3,11.8,10.3,0.02,2000.0,2090.0,2200.0
12.9,6.86,64.5,6.19,0.232,0.365,0.276,0.251,3.63,4780.0,2880.0,35800.0,3510.0,111.0,214.0,183.0,119.0,1.48,7.8,7.94,7.5,0.024,2240.0,2330.0,2410.0
46.5,35.5,3.7,2.0,0.531,0.662,1.6,1.6,2.6,9480.0,8190.0,1130.0,623.0,140.0,214.0,581.0,417.0,1.05,4.3,4.36,4.0,0.0061,2755.0,2800.0,2800.0
47.6,37.2,3.43,1.51,0.764,0.365,2.09,0.753,2.03,23900.0,21200.0,2580.0,1160.0,494.0,290.0,1870.0,483.0,0.828,10.5,10.7,10.23,0.0051,2800.0,2800.0,2800.0
51.4,34.3,1.86,2.42,0.448,0.891,0.505,1.23,1.18,67400.0,51000.0,3650.0,4850.0,757.0,1850.0,1180.0,2070.0,0.488,27.0,28.1,23.65,0.013,2800.0,2800.0,2800.0
49.8,34.7,5.19,0.94,0.481,1.16,1.43,1.04,1.5,16500.0,13000.0,2570.0,475.0,205.0,609.0,843.0,441.0,0.625,6.8,7.08,5.4,0.004,2800.0,2800.0,2800.0
36.4,22.5,27.5,2.06,0.863,0.162,2.0,1.12,3.2,19600.0,13700.0,22100.0,1700.0,600.0,138.0,1910.0,773.0,1.29,11.4,11.5,10.58,0.019,2090.0,2210.0,2420.0
41.7,22.1,24.9,2.66,0.93,0.459,2.46,0.87,2.1,36200.0,21700.0,32300.0,3520.0,1040.0,630.0,3800.0,964.0,0.875,17.8,18.5,18.4,0.021,2070.0,2120.0,2170.0
52.6,34.0,3.2,1.28,0.647,0.321,1.42,1.94,1.22,18900.0,14000.0,1780.0,704.0,310.0,187.0,989.0,881.0,0.495,7.62,7.73,8.24,0.0044,2800.0,2800.0,2800.0
29.1,21.0,39.0,1.54,0.365,0.864,1.44,0.97,2.03,9670.0,7890.0,19400.0,782.0,156.0,455.0,853.0,412.0,0.823,7.0,7.11,7.27,0.025,2090.0,2220.0,2360.0
55.9,30.3,4.55,0.734,0.736,0.0914,2.13,1.54,0.901,31800.0,19600.0,3730.0,623.0,530.0,80.6,2120.0,1120.0,0.367,11.9,12.2,8.79,0.0216,2127.0,2251.0,2360.0
42.3,30.3,10.9,1.75,0.465,0.297,1.26,0.853,1.27,16700.0,13500.0,6430.0,1060.0,236.0,186.0,887.0,431.0,0.513,8.4,8.44,8.2,0.0051,2770.0,2800.0,2800.0
48.1,34.7,7.1,2.0,1.29,0.621,2.8,1.2,2.6,46800.0,38200.0,10300.0,2980.0,1630.0,958.0,4850.0,1500.0,1.08,20.0,20.8,12.3,0.007,2040.0,2140.0,2360.0
46.2,25.3,19.3,0.97,0.664,0.203,1.96,1.45,1.21,28000.0,17400.0,17500.0,898.0,519.0,195.0,2110.0,1120.0,0.49,12.8,13.0,12.9,0.0065,2350.0,2410.0,2570.0
45.3,26.0,16.4,1.4,0.415,0.527,0.95,1.8,1.5,28200.0,18300.0,15300.0,1330.0,333.0,520.0,1050.0,1440.0,0.606,13.2,13.3,12.6,0.02,2425.0,2540.0,2645.0
42.9,31.5,9.9,1.5,1.11,1.49,1.7,1.1,2.2,12900.0,10800.0,4470.0,692.0,433.0,710.0,913.0,425.0,0.917,6.2,6.46,4.6,0.031,2480.0,2590.0,2710.0
40.5,23.6,26.2,1.36,0.216,0.176,1.53,1.34,2.17,17400.0,11500.0,16800.0,892.0,119.0,119.0,1170.0,736.0,0.876,9.1,9.18,8.82,0.013,2060.0,2170.0,2510.0
43.3,24.9,23.5,0.672,0.764,0.27,2.01,1.45,1.2,27800.0,18000.0,22500.0,659.0,631.0,274.0,2290.0,1190.0,0.488,13.5,13.7,12.0,0.012,2140.0,2300.0,2410.0
41.3,33.1,12.2,2.32,1.15,0.405,1.62,1.3,2.4,3730.0,3390.0,1640.0,321.0,134.0,58.1,261.0,151.0,0.978,1.9,1.94,2.05,0.017,2500.0,2620.0,2800.0
32.7,17.4,37.6,1.47,0.432,0.54,0.709,1.37,2.23,15100.0,9110.0,26000.0,1040.0,257.0,395.0,583.0,811.0,0.898,9.8,9.89,8.51,0.089,1890.0,2020.0,2180.0
38.9,22.2,22.4,0.82,0.681,0.116,2.1,1.1,1.3,7770.0,5020.0,6700.0,250.0,175.0,36.8,747.0,281.0,0.556,4.0,4.3,4.0,0.016,2155.0,2250.0,2350.0
39.2,26.0,28.1,2.3,0.548,0.23,0.993,1.28,3.08,19100.0,14300.0,20500.0,1710.0,344.0,177.0,860.0,797.0,1.25,10.3,10.4,10.17,0.026,1950.0,1980.0,2000.0
47.4,29.5,12.1,1.7,1.66,1.11,3.5,1.3,3.2,12700.0,8940.0,4850.0,695.0,573.0,470.0,1670.0,445.0,1.33,5.5,5.73,3.4,0.017,2180.0,2265.0,2380.0
45.8,25.8,22.8,1.04,0.415,0.27,1.07,1.15,1.18,16900.0,10800.0,12600.0,584.0,197.0,158.0,703.0,545.0,0.476,7.8,7.9,7.7,0.0083,2140.0,2260.0,2400.0
50.1,29.3,10.4,1.12,1.03,0.608,3.45,1.32,0.925,40200.0,26600.0,12500.0,1370.0,1070.0,773.0,4930.0,1360.0,0.376,16.9,17.2,15.48,0.0054,2390.0,2720.0,2800.0
29.8,21.0,36.4,1.91,0.432,0.081,0.9,0.79,1.75,8920.0,7120.0,16300.0,873.0,166.0,38.4,479.0,302.0,0.747,6.0,6.42,5.6,0.0051,2140.0,2260.0,2460.0
26.3,19.8,47.1,1.3,0.714,1.35,2.0,0.6,2.4,7170.0,6110.0,19200.0,541.0,251.0,583.0,971.0,209.0,1.0,5.6,5.83,4.7,0.005,2130.0,2190.0,2260.0
50.1,28.2,9.01,1.46,1.06,0.257,2.44,1.49,2.98,26600.0,16900.0,7150.0,1180.0,726.0,216.0,2300.0,1010.0,1.25,10.8,11.3,10.01,0.037,2630.0,2750.0,2800.0
42.0,34.0,4.1,1.8,0.078,0.124,1.7,1.9,1.4,17800.0,16300.0,2600.0,1170.0,42.6,83.5,1280.0,1030.0,0.577,8.8,9.07,8.8,0.00892,2910.0,2910.0,2910.0
39.3,26.8,22.2,1.22,0.598,0.648,2.54,1.22,1.83,10200.0,7860.0,8600.0,484.0,200.0,266.0,1170.0,403.0,0.736,5.5,5.54,5.4,0.01,2300.0,2420.0,2630.0
62.5,24.2,4.86,1.11,0.515,0.891,0.577,1.45,1.38,10100.0,4420.0,1180.0,273.0,107.0,228.0,166.0,301.0,0.559,3.4,3.46,3.35,0.006,2520.0,2680.0,2750.0
59.8,26.0,4.3,0.69,0.581,0.311,1.5,2.1,0.82,35500.0,17500.0,3820.0,625.0,444.0,292.0,1580.0,1590.0,0.333,12.5,12.7,13.3,0.005,2800.0,2800.0,2800.0
51.8,32.1,4.52,0.658,0.631,0.297,2.24,3.26,0.95,44000.0,30900.0,5740.0,854.0,690.0,400.0,3380.0,3540.0,0.384,18.0,18.2,18.01,0.0022,2800.0,2800.0,2800.0
27.3,17.3,47.4,1.39,0.398,0.203,1.11,0.71,2.06,11600.0,8330.0,30200.0,904.0,219.0,137.0,841.0,387.0,0.85,8.83,9.11,8.5,0.034,1905.0,2015.0,2115.0
31.5,18.8,36.4,2.91,0.896,0.338,1.6,0.786,4.75,9430.0,6380.0,16300.0,1330.0,347.0,160.0,853.0,302.0,1.94,6.3,6.42,5.8,0.031,2060.0,2150.0,2250.0
56.9,26.8,3.88,0.994,1.33,0.27,3.1,1.35,0.825,35500.0,18900.0,3610.0,947.0,1070.0,267.0,3440.0,1080.0,0.339,13.0,13.3,12.34,0.013,2440.0,2800.0,2800.0
42.4,25.2,14.3,0.84,0.93,0.419,2.81,1.1,1.75,9640.0,6480.0,4860.0,292.0,273.0,151.0,1140.0,321.0,0.71,4.8,4.87,4.42,0.012,2230.0,2460.0,2610.0
52.3,21.0,10.2,2.59,0.78,0.405,1.17,1.71,4.65,14000.0,6380.0,4100.0,1060.0,270.0,172.0,558.0,587.0,1.91,5.6,5.74,6.2,0.051,2130.0,2420.0,2580.0
58.2,20.4,10.3,1.02,1.05,0.392,3.19,1.02,1.75,96800.0,38400.0,25500.0,2600.0,2240.0,1030.0,9430.0,2170.0,0.718,34.7,35.6,32.6,0.017,2310.0,2440.0,2550.0
25.5,16.0,48.9,1.42,0.81,1.1,1.11,0.829,2.86,19200.0,12200.0,30800.0,803.0,590.0,806.0,1460.0,722.0,1.19,11.3,11.7,11.38,0.0404,2211.0,2311.0,2436.0
31.4,15.0,45.1,1.05,0.481,0.081,1.22,0.74,1.22,22600.0,12300.0,48500.0,1150.0,447.0,92.4,1560.0,682.0,0.518,14.5,15.4,14.0,0.017,1930.0,1980.0,2180.0
33.5,20.2,34.1,1.93,0.481,0.473,0.817,0.92,2.73,9980.0,6820.0,15200.0,879.0,185.0,223.0,433.0,350.0,1.1,6.3,6.37,6.12,0.02,2040.0,2190.0,2330.0
41.9,25.1,17.6,1.64,0.979,0.473,2.57,1.09,1.68,14700.0,9970.0,9270.0,879.0,443.0,263.0,1610.0,488.0,0.68,7.4,7.52,8.4,0.16,2170.0,2290.0,2420.0
54.1,27.6,5.33,1.27,0.913,0.243,2.88,1.42,1.75,28200.0,16200.0,4150.0,1010.0,612.0,200.0,2670.0,946.0,0.721,10.8,11.1,10.3,0.017,2800.0,2800.0,2800.0
52.2,33.6,5.57,1.0,0.716,0.142,1.92,1.78,1.13,24800.0,18200.0,2610.0,530.0,367.0,85.2,1330.0,1150.0,0.469,9.65,9.85,10.08,0.00832,2711.0,2727.0,2743.0
48.6,32.9,7.29,0.742,0.946,0.324,1.83,1.32,0.825,28200.0,21600.0,6330.0,658.0,708.0,298.0,1890.0,981.0,0.333,12.3,12.4,12.19,0.0076,2600.0,2730.0,2800.0
53.3,23.1,13.3,1.47,0.73,0.459,2.81,1.37,1.9,38700.0,19000.0,14400.0,1630.0,684.0,528.0,3640.0,1270.0,0.777,15.2,15.5,15.25,0.01,2480.0,2570.0,2620.0
35.0,19.0,24.0,3.9,0.647,0.567,1.5,0.69,3.3,15800.0,9740.0,16300.0,2700.0,378.0,407.0,1210.0,400.0,1.38,9.3,9.69,10.6,0.0194,1990.0,2040.0,2090.0
43.7,24.2,16.4,4.17,0.996,0.257,1.92,1.47,5.0,38300.0,24000.0,21500.0,5590.0,1130.0,357.0,3000.0,1650.0,2.02,18.6,18.8,18.7,0.014,2160.0,2270.0,2360.0
33.9,20.4,29.6,2.8,1.34,0.959,1.6,0.953,5.3,6780.0,4620.0,8850.0,855.0,346.0,303.0,568.0,244.0,2.16,4.2,4.27,3.94,0.15,2045.0,2290.0,2380.0
42.2,26.8,16.7,2.63,1.31,0.311,2.03,1.27,2.68,27000.0,19500.0,16000.0,2580.0,1080.0,315.0,2320.0,1040.0,1.09,13.5,13.7,12.8,0.0073,2240.0,2330.0,2410.0
32.4,25.5,18.4,4.53,1.31,0.662,1.61,0.94,7.17,3350.0,2990.0,2850.0,716.0,175.0,108.0,296.0,124.0,2.89,2.2,2.21,2.2,0.013,2260.0,2380.0,2490.0
49.9,26.2,19.3,1.04,0.681,0.149,2.57,1.16,1.14,26300.0,15600.0,15200.0,838.0,463.0,124.0,2410.0,783.0,0.459,11.2,11.3,11.24,0.0037,2100.0,2220.0,2550.0
28.6,14.4,50.5,1.76,0.332,0.662,0.685,0.92,2.93,7850.0,4460.0,20700.0,740.0,117.0,288.0,335.0,323.0,1.2,5.7,5.87,5.2,0.071,1960.0,2050.0,2140.0
49.6,22.5,10.8,2.07,1.66,0.54,3.61,1.04,1.98,63800.0,32700.0,20800.0,4070.0,2750.0,1100.0,8260.0,1710.0,0.796,27.3,27.5,30.2,0.02,2300.0,2450.0,2560.0
48.9,26.9,8.9,2.0,0.614,0.594,1.7,1.6,3.2,17000.0,10600.0,4630.0,1060.0,275.0,327.0,1050.0,711.0,1.3,7.3,7.44,7.0,0.015,2345.0,2455.0,2575.0
20.0,10.9,54.3,3.73,0.448,0.135,0.601,0.585,3.75,17800.0,11000.0,72200.0,5060.0,513.0,190.0,951.0,665.0,1.52,18.8,19.0,16.7,0.028,2000.0,2080.0,2180.0
39.6,16.4,31.3,2.97,0.697,0.297,1.19,0.987,2.6,13700.0,6400.0,16200.0,1570.0,311.0,163.0,732.0,437.0,1.08,7.1,7.4,6.32,0.028,1980.0,2040.0,2200.0
50.6,31.9,3.95,1.78,1.24,0.459,3.0,1.67,1.75,25100.0,17900.0,2920.0,1350.0,794.0,360.0,2650.0,1060.0,0.713,10.4,10.6,9.59,0.013,2760.0,2800.0,2800.0
37.0,17.5,34.5,2.56,0.432,0.23,0.974,0.819,2.5,14400.0,7700.0,20100.0,1520.0,217.0,142.0,675.0,408.0,1.02,8.2,8.33,8.6,0.018,2010.0,2120.0,2210.0
52.2,36.0,3.6,0.4,0.664,0.878,2.4,2.4,1.1,26700.0,20800.0,2750.0,312.0,438.0,711.0,2180.0,1570.0,0.458,10.5,10.9,11.4,0.0029,2800.0,2800.0,2800.0
49.6,25.1,11.2,1.38,0.747,0.675,3.42,1.3,3.13,17900.0,10200.0,6040.0,760.0,347.0,385.0,2190.0,599.0,1.3,7.4,7.71,7.49,2e-06,2300.0,2380.0,2490.0
48.8,27.8,11.7,0.798,0.249,0.54,0.95,1.96,1.53,35800.0,23100.0,12900.0,895.0,236.0,628.0,1240.0,1840.0,0.626,15.3,15.7,14.31,0.011,2580.0,2760.0,2790.0
42.6,23.4,19.9,2.8,1.1,0.5,2.64,1.04,2.63,45400.0,28200.0,31800.0,4560.0,1500.0,843.0,5010.0,1410.0,1.06,22.6,22.8,21.4,0.016,2170.0,2250.0,2380.0
44.0,29.8,5.62,4.51,0.896,0.486,1.73,1.19,7.25,8960.0,6870.0,1710.0,1400.0,235.0,157.0,628.0,310.0,3.01,4.2,4.36,3.4,0.045,2750.0,2800.0,2800.0
24.8,10.8,38.4,6.4,0.515,0.608,1.1,0.64,5.0,14200.0,7020.0,33000.0,5610.0,381.0,553.0,1120.0,470.0,2.06,11.9,12.3,10.3,0.1,1955.0,2055.0,2130.0
36.0,17.9,28.2,3.53,1.15,0.878,2.46,0.87,3.4,33200.0,18700.0,38900.0,4970.0,1360.0,1280.0,4050.0,1030.0,1.39,19.3,19.7,17.5,0.054,2050.0,2080.0,2230.0
29.0,16.5,6.21,15.8,3.58,4.16,0.489,0.759,11.9,17300.0,9730.0,4940.0,10500.0,2190.0,2870.0,611.0,515.0,5.11,10.2,10.9,7.54,0.018,2154.0,2256.0,2301.0
58.1,28.2,2.06,0.756,0.697,0.122,1.89,2.53,1.38,26500.0,14600.0,1410.0,527.0,410.0,87.9,1530.0,1470.0,0.565,9.5,9.76,9.3,0.012,2770.0,2800.0,2800.0
47.2,29.4,14.0,0.64,0.647,0.203,2.46,1.26,0.75,28600.0,20200.0,12700.0,593.0,506.0,195.0,2660.0,978.0,0.304,12.8,13.0,11.6,0.006,2910.0,2910.0,2910.0
60.3,25.3,5.05,3.11,0.631,0.149,0.709,0.953,1.53,105000.0,50100.0,13200.0,8290.0,1420.0,411.0,2200.0,2130.0,0.623,36.6,37.4,36.09,0.041,2650.0,2750.0,2800.0
29.0,16.5,48.3,0.658,0.398,0.203,1.14,1.04,1.0,15900.0,10300.0,39700.0,552.0,282.0,176.0,1120.0,728.0,0.409,11.5,11.7,9.6,0.0097,1980.0,2060.0,2150.0
42.8,19.7,29.0,0.938,1.03,0.149,2.24,0.97,0.775,29600.0,15400.0,30100.0,993.0,919.0,163.0,2760.0,860.0,0.313,14.7,14.8,14.44,0.013,2030.0,2100.0,2240.0
25.4,18.7,49.2,1.5,0.332,0.459,1.1,0.8,2.8,16300.0,13600.0,47300.0,1470.0,275.0,468.0,1260.0,658.0,1.17,13.2,13.8,16.9,0.0065,1990.0,2040.0,2090.0
36.7,23.6,29.3,1.16,0.371,0.411,0.986,1.05,2.08,14900.0,10400.0,16700.0,697.0,188.0,219.0,677.0,543.0,0.841,8.31,8.39,7.61,0.0346,2321.0,2425.0,2521.0
32.1,19.8,42.0,0.994,0.315,0.0675,0.541,0.652,1.25,10300.0,7180.0,20100.0,485.0,130.0,34.2,308.0,267.0,0.518,6.6,6.83,6.3,0.0046,2060.0,2150.0,2260.0
48.3,18.5,21.8,0.417,0.845,0.219,2.32,0.881,1.03,46200.0,19800.0,30500.0,611.0,1030.0,331.0,3920.0,1070.0,0.43,19.4,20.3,16.93,0.015,2110.0,2178.0,2233.0
48.2,39.0,6.75,0.798,0.548,0.108,1.68,0.719,0.8,18600.0,17000.0,3890.0,470.0,272.0,66.0,1150.0,355.0,0.326,8.1,8.24,8.2,0.0048,2800.0,2800.0,2800.0
40.1,22.5,26.6,1.29,1.26,0.211,2.31,1.09,2.17,39800.0,25100.0,38200.0,1920.0,1630.0,327.0,4150.0,1350.0,0.878,20.8,21.0,18.52,0.0209,2122.0,2241.0,2382.0
23.5,15.1,49.0,1.54,0.461,0.315,0.767,0.631,2.85,8580.0,5680.0,17300.0,527.0,251.0,122.0,710.0,259.0,1.18,5.9,6.08,5.66,0.00447,2107.0,2165.0,2412.0
47.4,33.7,10.5,0.672,0.216,0.0945,0.913,2.69,1.33,40000.0,32100.0,13200.0,865.0,234.0,126.0,1370.0,2900.0,0.552,17.3,18.0,17.4,0.013,2750.0,2800.0,2800.0
59.3,25.7,8.94,0.672,0.78,0.203,2.38,1.27,1.02,73800.0,36200.0,16700.0,1280.0,1250.0,400.0,5280.0,2030.0,0.42,26.0,26.7,28.0,0.0075,2515.0,2615.0,2715.0
36.6,22.7,22.7,2.94,1.06,0.176,2.01,0.953,5.5,8680.0,6090.0,8060.0,1070.0,325.0,66.0,848.0,289.0,2.23,5.0,5.08,5.0,0.074,2070.0,2160.0,2250.0
51.6,32.9,5.72,1.11,0.681,0.203,1.98,1.19,1.68,28500.0,20500.0,4720.0,933.0,484.0,177.0,1950.0,838.0,0.688,11.5,11.8,10.59,0.013,2800.0,2800.0,2800.0
26.5,13.9,42.5,5.55,0.913,0.243,1.95,0.468,2.88,20900.0,12400.0,50200.0,6690.0,930.0,304.0,2740.0,473.0,1.16,16.7,16.9,16.9,0.042,1960.0,2060.0,2150.0
43.6,28.9,10.9,2.41,1.06,0.797,2.44,1.02,2.9,7430.0,5580.0,2770.0,627.0,233.0,215.0,740.0,222.0,1.17,3.6,3.64,3.1,0.013,2330.0,2440.0,2550.0
27.6,17.1,43.6,1.82,0.747,0.216,2.06,0.719,2.48,11000.0,7710.0,26000.0,1110.0,383.0,136.0,1460.0,366.0,1.0,8.4,8.51,8.3,0.03,2010.0,2100.0,2190.0
50.2,29.1,9.08,1.81,1.1,0.648,3.8,1.39,2.13,17900.0,11700.0,4840.0,982.0,503.0,366.0,2410.0,632.0,0.863,7.5,7.62,5.9,0.0078,2400.0,2520.0,2610.0
27.0,15.1,51.3,1.11,0.166,0.23,0.781,0.903,2.1,18000.0,11400.0,51100.0,1130.0,143.0,243.0,928.0,771.0,0.875,13.7,14.3,14.42,0.011,2142.0,2247.0,2337.0
54.4,31.2,3.25,1.41,0.747,0.176,1.44,1.72,2.0,16300.0,10600.0,1460.0,648.0,289.0,83.4,770.0,661.0,0.815,6.3,6.42,6.08,0.009,2770.0,2800.0,2800.0
35.3,20.4,24.7,5.15,0.93,0.27,1.68,0.987,5.5,11600.0,7570.0,12100.0,2580.0,392.0,140.0,981.0,413.0,2.23,6.9,7.01,6.3,0.039,2160.0,2250.0,2360.0
47.0,25.6,16.6,1.53,0.647,0.23,1.66,1.62,2.17,28400.0,17600.0,15000.0,1410.0,505.0,220.0,1790.0,1260.0,0.901,12.5,12.9,11.4,0.0095,2550.0,2640.0,2710.0
46.0,17.7,26.5,0.616,0.73,0.176,2.78,0.97,1.25,58200.0,25300.0,50200.0,1190.0,1190.0,352.0,6250.0,1570.0,0.505,26.8,27.1,24.2,0.034,2000.0,2110.0,2220.0
58.4,25.9,4.86,0.658,1.34,0.459,3.46,1.27,0.75,31000.0,15600.0,3870.0,534.0,921.0,387.0,3280.0,864.0,0.305,11.2,11.4,10.13,0.015,2650.0,2740.0,2800.0
49.0,24.6,10.8,2.21,0.896,0.486,1.95,1.59,3.0,17900.0,10200.0,5870.0,1230.0,422.0,281.0,1270.0,742.0,1.22,7.7,7.81,6.5,0.032,2400.0,2490.0,2600.0
27.4,17.7,43.2,2.49,0.282,0.216,0.865,0.452,2.4,35500.0,26000.0,83800.0,4940.0,472.0,444.0,2000.0,749.0,0.979,27.2,27.7,25.35,0.028,2010.0,2030.0,2170.0
25.9,19.3,7.58,12.2,3.72,0.594,1.74,0.719,16.2,6110.0,5150.0,2680.0,4400.0,1130.0,222.0,732.0,217.0,6.81,4.8,5.05,4.83,0.14,2180.0,2320.0,2420.0
49.1,29.6,4.13,2.13,0.647,0.149,1.67,1.43,1.23,11500.0,7870.0,1450.0,763.0,196.0,55.2,698.0,430.0,0.492,5.0,5.02,5.1,0.028,2800.0,2800.0,2800.0
30.3,24.8,25.6,6.53,0.515,0.527,0.55,0.64,6.67,8560.0,7930.0,10800.0,2820.0,187.0,236.0,276.0,231.0,2.73,5.9,6.04,5.7,0.046,2140.0,2190.0,2350.0
54.6,23.8,15.3,0.406,0.963,0.432,2.82,1.15,0.4,71900.0,35500.0,30200.0,818.0,1640.0,903.0,6630.0,1950.0,0.163,27.7,28.2,26.14,0.013,2240.0,2290.0,2400.0
41.1,25.3,16.2,2.16,1.06,0.5,1.74,1.12,3.68,14700.0,10300.0,8650.0,1180.0,490.0,283.0,1110.0,513.0,1.5,7.5,7.65,7.31,0.016,2220.0,2440.0,2590.0
49.4,27.7,8.87,1.54,0.913,1.13,1.66,1.42,2.28,17100.0,10600.0,4710.0,654.0,406.0,536.0,1350.0,665.0,0.951,7.09,7.38,7.78,0.00864,2647.0,2721.0,2765.0
19.2,11.4,55.4,1.34,0.398,0.0729,0.769,0.502,1.55,8720.0,5860.0,37600.0,932.0,233.0,52.4,621.0,291.0,0.64,9.4,9.71,11.35,0.0078,2070.0,2100.0,2140.0
56.0,32.0,3.6,0.29,0.242,0.0567,3.5,1.5,0.31,66600.0,43100.0,6410.0,527.0,372.0,107.0,7420.0,2280.0,0.128,24.7,25.5,23.1,0.0277,2910.0,2910.0,2910.0
56.5,29.7,2.76,1.05,0.714,0.351,2.13,1.76,1.58,34900.0,20700.0,2550.0,990.0,568.0,343.0,2340.0,1390.0,0.64,13.0,13.2,3.5,0.0089,2800.0,2800.0,2800.0
18.0,9.9,53.0,1.2,0.714,0.189,1.2,0.51,2.2,6830.0,4260.0,30100.0,696.0,349.0,114.0,811.0,248.0,0.917,7.8,8.13,7.5,0.126,2110.0,2140.0,2170.0
45.2,37.8,4.3,0.952,0.232,0.081,2.27,1.4,1.02,21500.0,20300.0,3060.0,692.0,142.0,61.0,1920.0,852.0,0.417,10.0,10.2,9.52,0.0015,2800.0,2800.0,2800.0
43.4,32.2,16.7,1.22,0.183,0.203,1.44,1.04,1.99,20200.0,16900.0,11600.0,866.0,109.0,149.0,1190.0,619.0,0.8,9.9,9.95,9.7,0.012,2580.0,2710.0,2800.0
55.7,26.4,3.8,1.4,0.946,0.716,2.5,1.5,2.1,20400.0,10900.0,2080.0,782.0,446.0,415.0,1630.0,702.0,0.854,7.7,7.83,8.2,0.0066,2715.0,2800.0,2800.0
46.4,26.3,12.3,2.37,0.714,0.621,1.79,1.49,3.45,7930.0,5080.0,3140.0,617.0,157.0,168.0,544.0,325.0,1.4,3.6,3.65,3.35,0.0084,2420.0,2560.0,2710.0
44.0,25.0,16.3,1.9,0.266,0.311,2.4,1.4,3.0,26500.0,17100.0,14700.0,1750.0,206.0,297.0,2570.0,1080.0,1.22,12.7,12.9,11.7,0.013,2255.0,2350.0,2415.0
18.4,12.6,56.3,1.78,0.398,0.27,0.625,0.485,2.68,7120.0,5510.0,32600.0,1050.0,199.0,165.0,430.0,240.0,1.09,8.1,8.27,7.9,0.0049,2080.0,2100.0,2170.0
22.5,15.7,53.9,2.62,0.199,0.257,0.769,0.518,2.9,15000.0,11900.0,53700.0,2670.0,171.0,271.0,912.0,442.0,1.19,13.9,14.3,12.23,0.023,1930.0,1960.0,2020.0
40.0,26.7,14.6,2.8,1.56,0.986,1.8,1.1,1.4,10500.0,7940.0,5740.0,1120.0,529.0,411.0,842.0,370.0,0.583,5.4,5.63,4.3,0.012,2350.0,2410.0,2510.0
39.6,21.0,29.8,0.44,0.448,0.115,2.1,0.92,0.76,35500.0,21300.0,39900.0,602.0,518.0,163.0,3350.0,1050.0,0.307,19.0,19.2,18.2,0.0098,2020.0,2190.0,2410.0
53.1,24.2,10.4,2.03,1.83,0.608,3.7,1.19,1.98,61500.0,31700.0,18000.0,3590.0,2730.0,1120.0,7640.0,1760.0,0.823,23.8,24.8,18.8,0.023,2030.0,2080.0,2130.0
44.9,27.7,18.6,0.672,0.415,0.945,1.95,1.67,1.08,48600.0,33900.0,30100.0,1110.0,580.0,1620.0,3760.0,2320.0,0.433,23.0,23.2,20.66,0.017,2490.0,2570.0,2630.0
31.5,16.9,40.3,1.67,0.714,0.459,1.69,0.786,1.73,22300.0,13500.0,42700.0,1800.0,652.0,515.0,2140.0,712.0,0.702,14.9,15.2,13.8,0.022,2010.0,2040.0,2140.0
34.7,18.9,31.3,4.34,0.664,0.311,1.17,0.669,5.23,4750.0,2930.0,6420.0,908.0,117.0,67.4,284.0,117.0,2.11,2.9,2.93,2.94,0.043,1990.0,2140.0,2250.0
39.0,25.4,16.8,3.91,0.797,0.918,1.23,2.34,3.65,6270.0,4630.0,4050.0,960.0,165.0,234.0,351.0,482.0,1.48,3.4,3.44,3.37,0.0086,2170.0,2240.0,2370.0
41.0,27.2,22.1,1.04,0.813,0.675,1.89,1.34,1.88,9790.0,7350.0,7880.0,378.0,250.0,255.0,801.0,408.0,0.766,5.0,5.1,4.9,0.01,2160.0,2320.0,2430.0
24.0,15.7,23.5,12.8,2.66,1.89,1.63,0.702,9.53,5020.0,3710.0,7350.0,4100.0,717.0,627.0,609.0,188.0,3.97,4.3,4.48,3.7,0.043,2100.0,2140.0,2160.0
63.9,24.2,1.34,1.15,0.631,0.648,0.661,0.719,2.5,104000.0,44700.0,3270.0,2870.0,1330.0,1680.0,1920.0,1500.0,1.01,34.6,34.9,34.43,0.018,2800.0,2800.0,2800.0
38.1,16.9,35.5,1.04,0.747,0.23,1.79,0.936,1.33,37200.0,18700.0,51800.0,1540.0,940.0,355.0,3110.0,1170.0,0.54,20.5,20.9,18.49,0.029,1970.0,2100.0,2140.0
43.0,20.0,21.0,0.37,0.979,0.257,2.6,0.91,0.33,57800.0,30400.0,42200.0,760.0,1700.0,546.0,6220.0,1560.0,0.138,27.6,28.8,26.8,0.0133,2090.0,2180.0,2370.0
40.2,30.6,18.9,1.36,0.681,0.216,1.49,0.803,1.3,7000.0,6030.0,4910.0,361.0,153.0,59.6,462.0,179.0,0.523,3.7,3.72,3.63,0.023,2400.0,2500.0,2560.0
42.8,21.0,28.5,0.602,0.481,0.122,1.84,1.89,0.775,40500.0,22500.0,40300.0,870.0,587.0,182.0,3100.0,2290.0,0.312,20.1,20.2,17.77,0.0082,2080.0,2170.0,2270.0
43.9,26.7,12.3,2.63,1.48,0.419,2.56,0.635,2.63,17900.0,12300.0,7530.0,1640.0,778.0,271.0,1860.0,332.0,1.07,8.6,8.74,8.9,0.027,2480.0,2570.0,2650.0
47.1,21.9,15.3,1.53,1.18,0.203,2.48,1.15,2.5,30300.0,16000.0,14700.0,1500.0,979.0,207.0,2840.0,951.0,1.01,13.6,13.8,13.3,0.015,2210.0,2320.0,2410.0
60.7,28.2,2.72,1.12,0.73,0.23,1.13,1.96,1.83,32500.0,17100.0,2180.0,916.0,504.0,195.0,1080.0,1340.0,0.753,11.1,11.5,10.58,0.011,2800.0,2800.0,2800.0
53.1,24.4,3.58,5.88,0.996,0.446,2.54,1.09,3.1,36600.0,19000.0,3690.0,6200.0,885.0,487.0,3110.0,959.0,1.26,14.5,14.8,14.39,0.027,2400.0,2490.0,2550.0
39.2,24.2,22.3,1.89,1.39,0.594,2.92,0.92,2.53,6710.0,4690.0,5720.0,495.0,308.0,161.0,891.0,202.0,1.03,3.6,3.67,3.22,0.013,2140.0,2210.0,2330.0
59.4,29.1,2.72,0.7,0.448,0.123,1.35,2.24,0.8,41000.0,22700.0,2800.0,738.0,398.0,134.0,1650.0,1980.0,0.328,14.4,14.8,14.0,0.0037,2800.0,2800.0,2800.0
50.5,26.1,7.06,3.22,1.16,0.459,2.64,1.29,1.8,31700.0,18500.0,6630.0,3080.0,939.0,456.0,2950.0,1030.0,0.737,13.1,13.4,12.7,0.024,2320.0,2400.0,2520.0
33.1,17.9,21.3,10.4,1.49,0.189,1.35,0.803,3.65,14500.0,8910.0,14000.0,6970.0,847.0,132.0,1050.0,452.0,1.48,9.3,9.41,7.8,0.043,2010.0,2100.0,2240.0
52.0,22.3,14.7,0.63,1.31,0.311,3.03,0.452,1.35,39600.0,19200.0,16800.0,733.0,1290.0,374.0,4100.0,440.0,0.553,15.9,16.3,15.3,0.24,2200.0,2310.0,2420.0
20.3,15.3,43.5,7.69,0.382,0.23,0.709,0.468,3.48,13500.0,11500.0,43300.0,7810.0,327.0,242.0,839.0,398.0,1.4,14.1,14.2,13.6,0.029,1970.0,2080.0,2170.0
50.9,27.2,6.01,2.39,1.21,0.297,2.96,1.25,4.18,15100.0,9130.0,2660.0,1080.0,463.0,139.0,1560.0,475.0,1.74,6.1,6.34,6.23,0.012,2410.0,2540.0,2650.0
33.2,16.4,28.7,6.44,0.747,0.473,1.77,0.669,7.58,35200.0,19700.0,45700.0,10400.0,1020.0,795.0,3340.0,909.0,3.09,22.3,22.7,20.55,0.045,2000.0,2140.0,2170.0
47.4,26.3,12.4,1.2,0.764,0.216,2.43,1.22,1.08,21800.0,13700.0,8560.0,849.0,454.0,158.0,1990.0,720.0,0.433,9.8,9.87,9.4,0.0076,2440.0,2530.0,2650.0
47.2,18.8,27.5,1.85,0.398,0.351,1.17,1.13,1.76,28900.0,13000.0,25200.0,1730.0,315.0,341.0,1280.0,887.0,0.716,12.9,13.1,12.0,0.0096,2055.0,2155.0,2255.0
45.0,28.3,17.0,1.39,0.599,0.252,1.5,1.21,1.55,28500.0,16400.0,7600.0,546.0,549.0,167.0,2270.0,1080.0,0.627,11.3,11.4,11.83,0.0115,2273.0,2366.0,2467.0
29.6,18.5,45.4,0.812,0.398,0.176,1.62,0.987,1.0,19700.0,13900.0,45200.0,824.0,341.0,185.0,1920.0,839.0,0.403,14.1,14.2,12.2,0.0045,2000.0,2090.0,2210.0
73.9,13.0,4.14,1.37,0.76,0.45,1.8,0.865,1.35,103000.0,20600.0,8660.0,2920.0,1370.0,995.0,4480.0,1550.0,0.557,29.0,29.9,27.75,0.0374,2515.0,2616.0,2734.0
24.2,17.0,48.0,2.03,0.365,0.176,0.44,0.47,3.6,12100.0,9640.0,36100.0,1560.0,236.0,140.0,393.0,302.0,1.47,10.5,10.7,9.1,0.017,2150.0,2250.0,2340.0
45.0,26.0,18.0,0.67,0.83,0.621,2.8,1.3,1.4,29400.0,19200.0,17600.0,668.0,698.0,642.0,3250.0,1090.0,0.583,13.4,14.0,9.5,0.0081,2470.0,2520.0,2570.0
39.3,30.1,20.4,1.7,0.543,0.157,1.15,0.904,2.71,19800.0,16800.0,24000.0,872.0,269.0,110.0,882.0,563.0,1.1,11.6,11.7,12.24,0.0386,2339.0,2458.0,2713.0
32.1,18.4,32.5,6.46,0.614,0.324,1.19,0.786,5.88,11700.0,7550.0,17600.0,3580.0,288.0,187.0,770.0,365.0,2.4,7.6,7.77,7.4,0.08,2050.0,2140.0,2230.0
41.8,31.3,12.9,1.5,1.26,0.743,2.5,0.86,2.7,10800.0,9140.0,4980.0,591.0,420.0,304.0,1150.0,284.0,1.08,5.5,5.52,6.1,0.011,2545.0,2650.0,2755.0
57.0,29.8,4.0,0.56,1.15,0.216,3.45,1.4,0.975,47600.0,28200.0,5000.0,714.0,1230.0,286.0,5120.0,1500.0,0.396,17.6,17.9,15.1,0.012,2800.0,2800.0,2800.0
40.1,31.1,20.3,1.34,0.714,0.54,1.49,1.02,1.45,9150.0,8020.0,6950.0,469.0,210.0,195.0,606.0,298.0,0.59,4.8,4.88,5.0,0.008,2560.0,2640.0,2740.0
45.8,17.6,21.5,2.7,0.813,0.149,2.79,1.0,2.1,38500.0,16700.0,27000.0,3470.0,882.0,198.0,4170.0,1080.0,0.87,17.4,18.0,16.0,0.0465,2005.0,2115.0,2225.0
38.1,25.0,4.18,11.0,4.48,0.169,2.57,0.861,4.84,33100.0,22500.0,3590.0,7880.0,4000.0,214.0,3860.0,844.0,2.13,14.5,15.9,10.26,0.023,2245.0,2335.0,2385.0
40.7,16.6,34.3,0.91,0.299,0.128,0.853,1.51,1.43,19800.0,9120.0,24900.0,676.0,187.0,98.8,738.0,936.0,0.576,10.3,10.4,12.85,0.0057,2080.0,2140.0,2260.0
27.4,18.0,43.6,0.924,0.349,0.513,0.853,0.87,1.55,20700.0,15400.0,49200.0,1060.0,339.0,613.0,1150.0,839.0,0.625,16.0,16.1,14.48,0.027,1980.0,2140.0,2270.0
49.7,26.2,7.5,1.1,0.681,0.837,0.9,1.8,0.7,23000.0,13700.0,5190.0,777.0,406.0,614.0,741.0,1070.0,0.292,9.5,9.9,8.0,0.011,2580.0,2680.0,2890.0
48.6,26.1,16.4,0.686,0.415,0.203,1.61,1.47,0.875,41500.0,25300.0,21000.0,897.0,457.0,274.0,2450.0,1610.0,0.352,18.2,18.3,16.91,0.0055,2460.0,2560.0,2620.0
41.1,25.5,19.7,1.76,1.26,0.473,3.11,1.35,2.65,17700.0,12400.0,12700.0,1160.0,699.0,322.0,2380.0,745.0,1.07,9.1,9.2,8.7,0.015,1970.0,2070.0,2150.0
32.1,17.4,40.3,0.874,0.498,0.311,1.3,0.903,1.33,27800.0,17000.0,52200.0,1160.0,556.0,426.0,2000.0,1000.0,0.555,17.7,18.6,13.37,0.0064,2040.0,2100.0,2310.0
43.6,17.6,31.8,0.882,0.73,0.27,1.69,0.769,1.27,19800.0,9040.0,21600.0,612.0,427.0,194.0,1370.0,447.0,0.521,9.5,9.71,9.96,0.016,2000.0,2080.0,2300.0
51.4,28.6,9.91,1.64,0.83,0.324,1.98,1.01,1.4,22000.0,13900.0,6360.0,1070.0,459.0,220.0,1510.0,555.0,0.564,9.1,9.17,9.75,0.0089,2400.0,2510.0,2630.0
30.8,19.7,30.6,6.13,0.465,0.446,0.913,1.07,6.38,11900.0,8570.0,17600.0,3610.0,231.0,272.0,626.0,527.0,2.59,8.1,8.24,7.53,0.023,2170.0,2250.0,2320.0
61.2,28.0,4.6,0.6,0.664,0.203,1.4,1.5,1.0,34000.0,17600.0,3820.0,509.0,475.0,178.0,1380.0,1070.0,0.417,11.4,11.9,9.5,0.005,2800.0,2890.0,2910.0
36.0,18.1,37.2,2.46,0.498,0.189,1.41,1.02,2.75,12100.0,6860.0,18700.0,1260.0,215.0,101.0,840.0,438.0,1.11,7.1,7.18,7.17,0.0081,1960.0,2050.0,2090.0
39.4,33.5,9.3,3.5,0.88,0.378,1.54,1.14,4.4,6400.0,6150.0,2260.0,869.0,184.0,97.3,445.0,236.0,1.8,3.4,3.48,3.57,0.0067,2470.0,2680.0,2800.0
62.3,21.9,4.29,0.714,0.764,0.324,2.03,1.49,0.8,84900.0,33800.0,8750.0,1490.0,1340.0,700.0,4930.0,2600.0,0.322,29.0,29.2,27.95,0.0062,2660.0,2750.0,2800.0
38.4,16.4,13.7,11.1,1.66,0.486,0.397,0.753,5.4,18000.0,8700.0,9600.0,7960.0,1000.0,361.0,331.0,451.0,2.25,9.6,10.0,8.12,0.18,2240.0,2370.0,2540.0
25.9,18.5,35.8,5.07,1.11,0.783,0.925,0.87,6.85,3850.0,3120.0,7960.0,1150.0,213.0,185.0,245.0,166.0,2.81,3.1,3.18,19.08,0.041,2400.0,2510.0,2570.0
45.4,25.7,17.3,1.29,0.697,0.324,2.4,1.64,1.88,15900.0,10200.0,9100.0,692.0,316.0,180.0,1500.0,737.0,0.762,7.4,7.52,7.6,0.0046,2910.0,2910.0,2910.0
43.7,20.7,23.6,1.89,1.12,0.655,1.64,0.958,2.77,17600.0,9580.0,13900.0,1170.0,566.0,375.0,1110.0,542.0,1.12,8.48,8.58,7.93,0.119,2149.0,2228.0,2440.0
37.9,25.3,17.6,3.15,0.93,0.716,1.6,1.34,2.9,4390.0,3310.0,3050.0,558.0,139.0,131.0,330.0,198.0,1.2,2.4,2.48,2.01,0.017,2330.0,2580.0,2680.0
50.4,27.1,8.82,1.62,1.05,0.203,2.09,1.35,1.25,39300.0,23900.0,10300.0,1940.0,1050.0,251.0,2910.0,1350.0,0.506,16.5,16.7,15.6,0.013,2650.0,2750.0,2800.0
51.0,27.0,14.0,0.8,0.963,0.23,4.1,1.5,1.4,55600.0,33300.0,22800.0,1330.0,1350.0,397.0,7960.0,2090.0,0.583,22.4,23.3,21.4,0.0159,2450.0,2520.0,2580.0
30.6,27.6,14.3,3.74,3.98,0.378,1.61,1.0,6.13,3130.0,3200.0,2190.0,584.0,525.0,61.3,293.0,131.0,2.55,2.1,2.19,1.89,0.085,2280.0,2350.0,2580.0
22.0,11.8,38.6,5.8,0.448,0.135,0.93,0.62,6.8,8730.0,5300.0,22900.0,3520.0,229.0,85.0,657.0,315.0,2.85,8.1,8.47,7.8,0.034,1995.0,2105.0,2215.0
52.0,28.9,10.9,0.8,0.764,1.05,1.4,1.8,1.8,34700.0,21800.0,10900.0,815.0,656.0,1110.0,1660.0,1540.0,0.75,13.7,14.3,13.9,0.012,2550.0,2680.0,2800.0
55.3,25.5,9.11,1.37,0.895,0.547,2.42,1.09,1.91,41700.0,21600.0,9940.0,1610.0,867.0,660.0,3200.0,1060.0,0.794,15.4,16.1,15.64,0.0476,2607.0,2657.0,2762.0
54.1,30.6,1.72,1.74,0.564,0.27,1.73,2.31,0.725,27800.0,17800.0,1320.0,1360.0,374.0,220.0,1580.0,1520.0,0.293,10.9,11.0,10.07,0.0048,2800.0,2800.0,2800.0
22.7,11.8,46.5,5.54,0.469,0.825,0.878,0.576,2.33,6720.0,3920.0,20600.0,2690.0,182.0,386.0,459.0,217.0,0.96,6.21,6.39,5.47,0.0407,1951.0,2024.0,2072.0
38.9,28.9,10.6,4.23,1.2,0.621,2.16,1.27,1.63,13100.0,11000.0,5340.0,2180.0,520.0,332.0,1300.0,549.0,0.68,6.9,7.25,8.62,0.035,2090.0,2170.0,2230.0
50.9,26.3,13.8,0.686,0.747,0.23,2.34,1.34,0.025,48800.0,28500.0,19800.0,1000.0,922.0,348.0,4000.0,1640.0,0.011,20.2,20.5,19.1,0.01,2400.0,2500.0,2620.0
48.8,26.1,13.9,0.7,0.913,0.567,3.19,1.32,1.23,27900.0,16900.0,11900.0,611.0,673.0,514.0,3240.0,966.0,0.495,12.1,12.2,9.76,0.01,2210.0,2460.0,2600.0
65.4,24.8,2.13,0.462,0.714,0.162,2.3,1.32,0.85,7410.0,3190.0,361.0,80.0,104.0,29.1,463.0,192.0,0.343,2.4,2.42,29.0,0.0045,2800.0,2800.0,2800.0
33.0,20.8,30.6,3.04,0.73,0.608,1.35,0.97,4.15,7990.0,5700.0,11100.0,1130.0,228.0,233.0,581.0,301.0,1.69,5.1,5.19,4.96,0.03,1970.0,2080.0,2260.0
46.7,21.6,9.8,0.854,0.681,0.257,2.45,1.25,1.5,42000.0,22000.0,13200.0,1180.0,790.0,366.0,3930.0,1450.0,0.612,18.9,19.3,17.81,0.012,2220.0,2350.0,2400.0
44.7,22.7,24.8,0.966,0.548,0.216,1.43,0.92,0.225,17300.0,9940.0,14300.0,572.0,273.0,133.0,986.0,456.0,0.092,8.1,8.28,7.7,0.012,2340.0,2470.0,2560.0
44.3,31.9,7.12,3.49,0.996,0.594,2.42,1.54,2.05,28200.0,23000.0,6790.0,3400.0,818.0,600.0,2740.0,1250.0,0.828,13.5,13.6,13.9,0.017,2560.0,2650.0,2770.0
46.4,27.4,5.01,3.47,0.813,1.62,1.48,1.57,5.65,3120.0,2080.0,503.0,356.0,70.4,172.0,177.0,135.0,2.32,1.4,1.44,1.74,0.0084,2430.0,2480.0,2570.0
51.1,27.5,11.6,1.05,0.946,0.216,2.56,1.12,1.54,26400.0,16100.0,8980.0,828.0,630.0,177.0,2350.0,740.0,0.624,10.9,11.0,6.8,0.013,2455.0,2555.0,2645.0
50.2,35.9,2.86,0.686,0.93,0.284,3.75,1.19,1.4,40100.0,32500.0,3420.0,837.0,957.0,359.0,5330.0,1210.0,0.566,16.9,17.1,14.4,0.0055,2800.0,2800.0,2800.0
40.7,28.4,18.2,1.22,1.23,0.365,3.25,1.0,2.42,23700.0,18700.0,15900.0,1090.0,924.0,337.0,3370.0,749.0,0.985,12.3,12.5,11.06,0.01,2280.0,2400.0,2450.0
45.4,15.7,21.7,5.01,0.797,0.135,1.96,0.702,1.58,36300.0,14300.0,26100.0,6140.0,823.0,171.0,2790.0,720.0,0.643,16.8,17.1,15.93,0.026,2090.0,2120.0,2170.0
34.2,20.5,8.6,13.5,1.63,1.09,0.27,1.6,5.2,8210.0,5570.0,3090.0,4950.0,503.0,416.0,115.0,491.0,2.09,5.1,5.14,7.3,0.048,2345.0,2460.0,2560.0
50.2,23.6,14.2,0.981,1.61,0.336,3.61,1.46,1.9,56700.0,30200.0,18200.0,1180.0,1950.0,518.0,7030.0,2310.0,0.771,22.7,23.0,20.91,0.232,2409.0,2472.0,2529.0
51.4,25.3,12.5,1.06,0.714,0.216,2.44,1.34,1.48,33100.0,18500.0,12100.0,1040.0,593.0,221.0,2800.0,1100.0,0.598,13.6,13.8,12.48,0.0075,2460.0,2520.0,2630.0
51.6,28.9,5.83,2.34,1.11,1.09,2.15,1.35,3.3,7000.0,4440.0,1190.0,485.0,195.0,235.0,520.0,235.0,1.37,2.8,2.9,2.28,0.023,2480.0,2650.0,2710.0
29.0,13.0,28.0,4.2,0.78,0.378,1.4,0.55,6.2,13300.0,6730.0,19200.0,2940.0,460.0,274.0,1140.0,322.0,2.58,9.4,9.79,9.1,0.0317,1965.0,2085.0,2155.0
41.3,26.3,22.2,1.01,0.539,1.55,1.49,1.59,2.08,15800.0,11400.0,9800.0,509.0,256.0,883.0,1020.0,795.0,0.866,7.46,7.77,7.23,0.0112,2628.0,2655.0,2668.0
50.3,32.1,5.29,1.99,0.797,1.04,1.14,2.34,3.1,10300.0,7430.0,1620.0,621.0,210.0,337.0,415.0,612.0,1.26,4.3,4.37,4.17,0.017,2720.0,2800.0,2800.0
36.4,25.3,12.6,6.36,2.82,0.297,1.83,0.736,7.1,4610.0,3630.0,2390.0,1230.0,461.0,59.6,412.0,119.0,2.96,2.6,2.71,2.58,0.016,2390.0,2480.0,2520.0
32.3,17.3,38.2,0.951,0.481,0.162,1.79,0.993,1.5,10700.0,6480.0,18900.0,480.0,205.0,84.8,1050.0,420.0,0.625,6.8,7.07,6.4,0.031,1925.0,2030.0,2125.0
38.8,29.1,24.6,0.07,0.133,0.324,0.589,3.03,1.35,34400.0,29200.0,32600.0,94.8,152.0,455.0,929.0,3430.0,0.563,18.2,19.0,19.54,0.011,2328.0,2462.0,2619.0
56.6,26.3,8.89,0.75,1.1,0.365,2.46,1.24,1.18,88800.0,46800.0,20900.0,1800.0,2220.0,907.0,6880.0,2490.0,0.481,33.0,33.6,35.1,0.0089,2800.0,2800.0,2800.0
42.0,24.0,23.0,2.0,0.797,0.284,2.1,1.1,1.3,17000.0,11000.0,13900.0,1230.0,415.0,182.0,1510.0,569.0,0.542,8.3,8.65,8.3,0.0179,2120.0,2170.0,2410.0
47.7,38.2,3.62,1.75,0.88,0.284,2.8,0.89,2.14,15400.0,14000.0,1750.0,865.0,367.0,145.0,1610.0,369.0,0.872,6.8,6.93,10.2,0.0089,2910.0,2910.0,2910.0
51.1,27.0,9.97,0.966,1.03,0.135,2.38,1.17,1.0,43200.0,25800.0,12600.0,1250.0,1120.0,181.0,3580.0,1260.0,0.404,17.9,18.1,16.6,0.013,2750.0,2800.0,2800.0
25.2,18.7,47.0,1.78,0.486,0.278,1.1,0.578,1.87,12400.0,10000.0,32300.0,1170.0,322.0,199.0,1090.0,373.0,0.761,9.89,10.1,9.82,0.0133,2020.0,2106.0,2222.0
18.8,11.5,56.6,1.4,0.332,0.54,0.553,0.368,1.9,4290.0,2980.0,19300.0,488.0,97.6,195.0,224.0,107.0,0.772,4.8,4.88,4.55,0.011,1950.0,2140.0,2210.0
59.7,32.6,1.2,0.7,0.581,0.203,1.5,2.4,1.3,34300.0,21200.0,1030.0,614.0,430.0,184.0,1530.0,1760.0,0.542,11.8,12.3,12.2,0.0067,2910.0,2910.0,2910.0
40.2,18.1,23.0,4.3,0.73,0.567,2.12,0.92,4.15,23000.0,11800.0,19700.0,3760.0,539.0,515.0,2160.0,674.0,1.69,12.0,12.3,11.62,0.023,2090.0,2120.0,2520.0
38.7,27.1,17.4,6.2,0.863,0.567,1.65,1.14,3.38,19900.0,15800.0,13400.0,4880.0,573.0,462.0,1510.0,749.0,1.36,10.9,11.0,10.9,0.03,2200.0,2260.0,2330.0
44.0,34.3,2.9,2.78,1.21,0.48,1.65,1.48,4.94,9980.0,8710.0,946.0,877.0,333.0,165.0,686.0,421.0,2.07,4.63,4.77,4.57,0.0224,2910.0,2910.0,2910.0
28.1,17.9,45.1,1.53,0.465,0.419,1.37,1.05,1.27,6340.0,4560.0,15200.0,526.0,135.0,150.0,550.0,304.0,0.513,4.8,4.82,5.01,0.022,2040.0,2160.0,2390.0
45.0,28.0,17.0,0.7,0.664,0.311,3.33,1.17,1.56,39200.0,27600.0,22200.0,932.0,746.0,429.0,5170.0,1300.0,0.65,17.9,18.6,18.79,0.0071,2257.0,2496.0,2626.0
20.5,15.1,31.1,11.4,1.34,0.147,0.503,0.591,7.06,7580.0,6760.0,13000.0,4380.0,518.0,73.7,319.0,292.0,3.04,6.28,6.76,5.14,0.564,2308.0,2375.0,2442.0
20.1,10.1,34.0,14.8,0.581,0.257,1.07,0.401,8.85,9410.0,5350.0,23800.0,10600.0,350.0,190.0,890.0,240.0,3.69,9.6,10.0,8.9,0.038,2300.0,2350.0,2400.0
59.6,27.8,2.29,0.868,0.697,0.23,1.98,1.94,0.775,66800.0,35300.0,3840.0,1490.0,1010.0,408.0,3960.0,2780.0,0.312,23.8,24.0,20.43,0.0074,2800.0,2800.0,2800.0
49.0,33.6,4.63,1.65,0.581,0.216,1.27,1.92,1.95,13500.0,10400.0,1900.0,693.0,206.0,94.0,623.0,675.0,0.79,5.8,5.87,5.23,0.0046,2800.0,2800.0,2800.0
15.0,5.67,58.6,3.78,0.498,0.216,0.325,0.368,4.5,2770.0,1190.0,16200.0,1070.0,119.0,63.4,107.0,87.2,1.83,3.9,3.96,3.82,0.029,1920.0,2010.0,2090.0
37.2,21.4,19.2,1.89,0.863,0.297,1.54,0.97,5.3,5470.0,3550.0,4210.0,424.0,163.0,69.1,402.0,182.0,2.15,3.1,3.14,2.74,0.015,2200.0,2260.0,2500.0
38.7,23.7,8.97,8.95,1.61,0.972,3.59,1.0,8.28,15400.0,10700.0,5330.0,5430.0,825.0,612.0,2540.0,508.0,3.35,8.4,8.5,6.1,0.053,2250.0,2300.0,2350.0
33.2,16.8,44.5,0.77,0.315,0.176,1.08,1.12,1.1,10800.0,6220.0,21700.0,384.0,133.0,90.8,628.0,468.0,0.445,6.9,6.98,7.0,0.0053,2080.0,2100.0,2420.0
54.9,28.8,5.19,0.826,0.913,0.162,3.05,1.19,1.35,25500.0,15200.0,3610.0,587.0,548.0,119.0,2530.0,707.0,0.554,9.7,9.95,9.8,0.0075,2630.0,2800.0,2800.0
32.2,15.0,35.1,6.79,0.407,0.3,1.3,0.668,2.02,20800.0,11000.0,34400.0,5750.0,337.0,307.0,1470.0,554.0,0.831,13.3,13.7,12.07,0.0489,2000.0,2030.0,2189.0
38.3,27.0,23.8,1.33,0.747,0.257,2.01,1.3,1.73,13900.0,11100.0,12900.0,738.0,349.0,148.0,1300.0,606.0,0.705,7.6,7.77,7.5,0.019,2420.0,2530.0,2610.0
37.5,28.2,17.4,2.8,0.83,0.216,1.25,1.05,4.0,13100.0,11200.0,9140.0,1500.0,375.0,120.0,779.0,472.0,1.62,7.4,7.49,7.8,0.022,2050.0,2140.0,2250.0
37.7,16.1,33.7,2.66,1.23,0.257,2.26,0.552,2.93,13400.0,6470.0,18000.0,1450.0,564.0,145.0,1430.0,251.0,1.19,7.5,7.62,8.63,0.019,2020.0,2060.0,2520.0
54.1,29.1,1.99,0.868,0.797,0.189,2.67,1.56,0.5,49200.0,30000.0,2700.0,1210.0,934.0,272.0,4320.0,1810.0,0.204,19.1,19.5,18.9,0.0055,2800.0,2800.0,2800.0
40.3,30.8,9.87,6.58,1.66,0.824,0.613,1.3,4.0,11800.0,10200.0,4310.0,2930.0,624.0,381.0,318.0,487.0,1.61,6.2,6.24,5.67,0.035,2370.0,2470.0,2650.0
40.9,31.0,11.1,2.58,0.863,0.702,1.39,1.17,3.25,10900.0,9380.0,4450.0,1050.0,297.0,297.0,664.0,400.0,1.33,5.6,5.72,5.4,0.012,2665.0,2755.0,2800.0
50.0,26.6,6.64,2.44,1.6,0.338,4.09,1.23,2.38,43800.0,26300.0,8690.0,3260.0,1810.0,469.0,6380.0,1380.0,0.958,18.6,18.8,17.47,0.0295,2355.0,2465.0,2575.0
38.2,22.1,29.3,1.19,0.896,0.297,3.17,0.819,2.28,27800.0,18200.0,31900.0,1320.0,840.0,342.0,4110.0,762.0,0.925,15.3,15.6,15.1,0.015,1960.0,2090.0,2210.0
20.3,20.4,33.5,6.83,1.03,0.554,0.721,0.502,10.3,3980.0,4520.0,9800.0,2040.0,260.0,172.0,251.0,126.0,4.29,4.0,4.21,3.9,0.029,2340.0,2480.0,2650.0
30.2,14.9,34.9,1.5,0.581,0.338,1.6,0.85,2.4,12000.0,6690.0,20700.0,910.0,297.0,212.0,1130.0,432.0,0.971,8.4,8.49,7.4,0.024,2055.0,2155.0,2265.0
55.1,30.6,4.0,0.812,0.963,0.851,2.69,1.74,1.35,21100.0,13300.0,2290.0,475.0,475.0,516.0,1830.0,851.0,0.546,8.1,8.18,7.69,0.0039,2790.0,2800.0,2800.0
53.4,32.1,5.31,1.12,0.664,0.203,2.32,2.12,1.15,33200.0,22600.0,4930.0,1060.0,532.0,199.0,2570.0,1690.0,0.467,13.1,13.3,13.0,0.0096,2800.0,2800.0,2800.0
24.6,14.8,47.0,2.34,0.498,0.392,0.733,0.669,3.78,11000.0,7510.0,31500.0,1600.0,287.0,277.0,583.0,383.0,1.57,9.2,9.57,5.63,0.027,2070.0,2150.0,2200.0
48.0,16.7,26.9,1.13,0.519,0.32,1.08,1.79,1.41,40200.0,14200.0,24800.0,949.0,527.0,324.0,1650.0,1830.0,0.574,15.9,16.1,15.68,0.013,2193.0,2293.0,2393.0
52.2,35.5,1.97,0.756,0.349,0.243,2.15,2.02,1.15,33100.0,25400.0,1870.0,731.0,284.0,244.0,2420.0,1640.0,0.479,13.0,13.5,12.49,0.006,2800.0,2800.0,2800.0
24.6,11.7,54.5,1.5,0.382,0.108,1.38,0.552,4.08,24900.0,13400.0,82600.0,2320.0,498.0,173.0,2490.0,715.0,1.67,21.2,21.7,20.05,0.047,2140.0,2160.0,2330.0
29.5,21.4,35.9,3.65,0.299,0.176,1.11,0.87,5.41,5170.0,4250.0,9410.0,977.0,67.5,48.8,346.0,195.0,2.25,3.6,3.75,3.4,0.034,2115.0,2205.0,2315.0
68.0,25.3,1.07,0.42,0.365,0.081,1.39,1.89,0.725,67000.0,28200.0,1580.0,632.0,464.0,126.0,2450.0,2380.0,0.298,20.5,21.1,21.9,0.0023,2800.0,2800.0,2800.0
48.3,27.4,10.3,1.24,0.747,0.162,2.38,1.49,1.38,17700.0,11400.0,5660.0,697.0,354.0,94.3,1560.0,700.0,0.554,7.8,7.86,6.91,0.01,2580.0,2680.0,2790.0
45.4,29.1,11.4,1.9,1.05,0.378,1.8,1.45,2.15,34800.0,25300.0,13100.0,2230.0,1040.0,460.0,2460.0,1430.0,0.872,16.2,16.4,14.73,0.011,2540.0,2660.0,2800.0
46.7,23.9,16.9,0.79,0.863,0.392,2.54,1.2,0.76,38500.0,22300.0,20800.0,996.0,918.0,512.0,3730.0,1270.0,0.308,17.4,17.6,15.8,0.016,2560.0,2650.0,2755.0
54.9,24.5,10.0,1.34,0.909,0.249,2.68,1.15,1.34,30000.0,15100.0,9130.0,1070.0,634.0,208.0,2590.0,806.0,0.539,11.7,11.8,11.31,0.0292,2449.0,2539.0,2649.0
41.9,21.6,2.9,0.602,0.863,0.297,2.49,1.05,1.23,31300.0,18200.0,3250.0,688.0,832.0,352.0,3310.0,1010.0,0.502,15.6,16.0,14.41,0.012,2080.0,2190.0,2350.0
50.7,22.3,16.6,0.42,0.93,0.108,2.96,1.15,0.475,51800.0,25800.0,25400.0,656.0,1230.0,175.0,5380.0,1510.0,0.192,21.6,21.9,20.23,0.012,2240.0,2310.0,2600.0
50.6,24.4,19.0,0.49,0.465,0.162,2.08,1.62,0.725,41500.0,22700.0,23400.0,615.0,492.0,211.0,3040.0,1700.0,0.293,17.4,17.6,17.1,0.0058,2370.0,2490.0,2580.0
43.6,22.8,20.1,2.87,1.1,0.392,2.9,1.07,1.73,49500.0,29300.0,34100.0,4980.0,1600.0,704.0,5850.0,1550.0,0.701,23.9,24.3,22.8,0.02,1960.0,2070.0,2190.0
57.2,23.4,11.9,0.61,0.531,0.486,2.07,1.5,0.87,28900.0,13400.0,8980.0,470.0,345.0,389.0,1860.0,968.0,0.351,10.7,10.8,10.96,0.0031,2490.0,2630.0,2800.0
48.0,31.0,13.0,0.69,0.73,0.324,2.2,1.2,1.1,16600.0,12100.0,6720.0,364.0,325.0,178.0,1350.0,531.0,0.458,7.1,7.4,6.7,0.021,2850.0,2910.0,2910.0
39.2,25.1,26.2,0.63,1.01,0.527,3.95,0.92,1.4,19100.0,13900.0,19100.0,470.0,637.0,407.0,3430.0,574.0,0.568,10.3,10.4,12.54,0.011,2230.0,2370.0,2600.0
48.6,25.6,17.4,0.896,0.448,0.864,2.07,1.28,1.6,32000.0,19000.0,17100.0,900.0,380.0,900.0,2420.0,1080.0,0.667,13.5,14.1,12.56,0.0086,2374.0,2454.0,2551.0
24.8,15.6,48.3,2.25,0.631,0.392,1.14,0.803,3.25,8630.0,6130.0,25100.0,1200.0,283.0,216.0,706.0,357.0,1.32,7.3,7.44,6.9,0.026,2000.0,2110.0,2200.0
49.2,26.8,8.35,2.61,1.57,0.237,3.02,1.3,4.47,23000.0,14200.0,5870.0,1850.0,950.0,176.0,2520.0,778.0,1.81,9.86,10.0,8.86,0.0228,2539.0,2617.0,2875.0
50.3,28.2,6.46,1.06,1.23,0.284,4.22,1.35,1.23,61500.0,39000.0,11800.0,1990.0,1940.0,550.0,9180.0,2120.0,0.511,25.1,26.2,22.6,0.013,2200.0,2310.0,2400.0
43.4,29.1,14.6,1.79,1.29,0.527,2.85,1.09,2.73,8470.0,6430.0,4260.0,534.0,326.0,163.0,989.0,271.0,1.11,4.1,4.17,3.6,0.015,2350.0,2570.0,2700.0
43.4,28.4,11.4,1.88,1.06,0.594,3.34,0.987,3.0,10600.0,7820.0,4160.0,698.0,333.0,229.0,1450.0,307.0,1.23,5.1,5.21,4.8,0.036,2450.0,2570.0,2660.0
48.7,33.6,9.02,1.3,0.498,0.284,1.98,1.97,1.0,20900.0,16400.0,5800.0,854.0,276.0,193.0,1520.0,1080.0,0.404,9.1,9.19,8.84,0.0097,2750.0,2800.0,2800.0
54.8,24.7,7.74,3.05,0.764,0.284,2.15,1.1,1.25,29500.0,15100.0,6240.0,2520.0,531.0,242.0,2070.0,761.0,0.511,11.3,11.5,10.99,0.033,2450.0,2560.0,2680.0
48.8,22.5,16.2,1.78,1.31,0.419,2.88,1.2,2.28,42400.0,22100.0,21000.0,2360.0,1470.0,577.0,4470.0,1340.0,0.92,18.4,18.6,17.9,0.011,2180.0,2290.0,2380.0
33.0,28.0,18.2,1.43,1.56,0.324,2.06,1.54,3.98,11700.0,11300.0,9660.0,776.0,715.0,183.0,1300.0,700.0,1.66,7.3,7.61,6.26,0.018,2360.0,2480.0,2650.0
46.5,31.6,11.4,1.53,0.266,0.176,1.33,2.01,2.33,24900.0,19200.0,9110.0,1250.0,183.0,149.0,1270.0,1370.0,0.934,11.4,11.5,12.09,0.0083,2800.0,2800.0,2800.0
16.6,10.6,57.7,4.87,0.49,0.881,0.304,0.693,7.37,7750.0,4110.0,35700.0,2180.0,304.0,418.0,443.0,459.0,3.07,8.33,8.67,7.3,0.0148,2025.0,2075.0,2163.0
20.4,13.8,58.2,1.35,0.448,0.126,0.81,0.4,2.05,9120.0,6950.0,38900.0,921.0,258.0,88.8,644.0,229.0,0.833,9.4,9.55,9.0,0.044,2070.0,2120.0,2180.0
55.9,24.4,11.1,0.73,0.93,0.149,3.28,1.32,1.17,107000.0,52800.0,31800.0,2130.0,2290.0,450.0,11200.0,3230.0,0.488,39.3,40.9,39.2,0.01,2333.0,2577.0,2671.0
45.8,32.5,7.29,1.04,0.813,0.432,2.32,1.64,2.1,6740.0,5420.0,1610.0,233.0,154.0,101.0,608.0,309.0,0.854,3.1,3.15,2.94,0.0086,2520.0,2740.0,2800.0
34.6,22.0,36.4,0.8,0.764,0.392,1.6,0.9,2.2,14400.0,10400.0,22600.0,508.0,409.0,258.0,1180.0,479.0,0.91,8.6,8.89,7.4,0.015,1955.0,2055.0,2155.0
43.0,30.7,13.2,3.03,0.996,0.351,1.61,1.0,2.98,11800.0,9500.0,5410.0,1260.0,351.0,152.0,784.0,351.0,1.2,5.8,5.85,5.5,0.044,2620.0,2760.0,2800.0
43.9,24.4,16.3,2.76,0.868,0.306,2.66,1.05,2.51,34400.0,21900.0,17000.0,2960.0,866.0,377.0,3780.0,1070.0,1.01,16.3,16.4,15.38,0.0493,2332.0,2414.0,2523.0
56.9,27.4,5.43,0.644,0.863,0.324,3.19,1.2,1.1,33500.0,18200.0,4780.0,579.0,654.0,302.0,3330.0,906.0,0.45,12.3,12.6,11.99,0.01,2750.0,2800.0,2800.0
52.3,33.6,3.29,0.756,0.747,0.527,3.11,1.47,1.05,35600.0,25900.0,3350.0,787.0,656.0,568.0,3770.0,1280.0,0.425,14.4,14.6,16.19,0.0059,2800.0,2800.0,2800.0
47.9,21.8,9.77,5.84,1.23,0.392,3.31,0.987,3.75,44500.0,22900.0,13600.0,8290.0,1470.0,577.0,5470.0,1170.0,1.54,19.4,19.9,18.4,0.039,2220.0,2330.0,2450.0
45.4,26.1,12.3,2.6,0.631,0.851,1.0,1.8,3.2,7340.0,4780.0,2980.0,642.0,131.0,218.0,288.0,372.0,1.3,3.4,3.46,3.7,0.0064,2055.0,2150.0,2265.0
22.6,15.0,29.1,13.9,0.614,0.189,1.48,0.619,6.25,10600.0,7970.0,20300.0,9970.0,370.0,140.0,1230.0,370.0,2.55,9.8,10.0,14.1,0.066,2150.0,2190.0,2230.0
61.8,25.2,1.7,2.4,0.681,0.459,0.8,3.0,1.2,48400.0,22400.0,1990.0,2870.0,688.0,570.0,1120.0,3010.0,0.5,16.1,16.8,12.8,0.0089,2800.0,2800.0,2800.0
51.4,30.1,3.29,0.476,0.664,0.135,2.66,1.56,0.825,40400.0,26800.0,3870.0,573.0,674.0,168.0,3720.0,1570.0,0.339,16.4,16.8,14.25,0.003,2800.0,2800.0,2800.0
44.5,24.8,11.4,4.06,0.747,0.405,2.06,1.34,3.15,40000.0,25200.0,15400.0,5580.0,865.0,577.0,3290.0,1540.0,1.28,19.0,19.2,18.3,0.03,2280.0,2520.0,2690.0
55.2,30.2,4.3,0.65,1.29,0.216,4.0,1.2,0.76,37300.0,23100.0,4350.0,672.0,1130.0,232.0,4820.0,1040.0,0.31,14.2,14.5,17.0,0.0098,2800.0,2800.0,2800.0
61.7,25.9,2.8,2.14,0.483,1.04,0.294,1.45,1.86,20500.0,8710.0,851.0,677.0,155.0,465.0,143.0,573.0,0.775,6.43,6.7,6.7,0.00877,2750.0,2773.0,2820.0
33.7,29.6,6.8,6.3,1.33,0.162,2.3,1.3,9.8,15300.0,15200.0,4630.0,4380.0,779.0,117.0,1860.0,757.0,4.29,8.9,9.73,8.7,0.044,2455.0,2555.0,2650.0
49.1,36.2,9.36,2.73,1.44,0.412,3.86,1.17,2.31,62900.0,47400.0,17400.0,3870.0,2360.0,812.0,9200.0,1810.0,0.937,26.4,26.8,37.28,0.0159,2453.0,2538.0,2628.0
53.1,32.2,5.15,0.77,1.16,0.108,2.51,1.12,0.975,33700.0,23100.0,4890.0,747.0,951.0,109.0,2840.0,907.0,0.395,13.4,13.6,13.18,0.0073,2800.0,2800.0,2800.0
38.3,16.2,30.9,2.42,1.01,0.149,2.74,0.602,2.85,22600.0,10800.0,27200.0,2180.0,769.0,139.0,2870.0,454.0,1.17,12.3,12.6,14.3,0.027,1890.0,1980.0,2070.0
54.0,25.3,9.98,0.63,1.38,0.23,3.74,1.09,1.05,36100.0,19200.0,9980.0,644.0,1190.0,243.0,4450.0,930.0,0.426,14.1,14.3,13.3,0.015,2560.0,2640.0,2760.0
41.9,24.2,24.7,1.51,0.415,0.5,0.517,2.58,2.17,17000.0,11100.0,15000.0,936.0,217.0,321.0,373.0,1340.0,0.877,8.6,8.67,8.4,0.0073,2100.0,2390.0,2510.0
49.1,21.5,16.0,0.402,0.722,0.348,1.77,1.28,0.639,32500.0,16000.0,13500.0,380.0,622.0,345.0,1970.0,1060.0,0.266,13.1,13.6,12.84,0.0106,2496.0,2526.0,2555.0
37.1,31.2,7.7,6.2,1.06,0.257,0.97,1.2,6.5,4770.0,4540.0,1480.0,1220.0,176.0,52.3,222.0,198.0,2.65,2.7,2.75,2.5,0.011,2455.0,2555.0,2655.0
35.3,19.1,36.9,1.46,0.581,0.27,2.14,0.903,3.0,15000.0,9190.0,23500.0,946.0,319.0,182.0,1620.0,491.0,1.21,9.0,9.1,9.1,0.016,2000.0,2110.0,2200.0
54.4,11.3,19.7,3.84,0.946,0.324,1.25,0.953,1.75,49400.0,11600.0,26900.0,5330.0,1110.0,467.0,2020.0,1110.0,0.71,19.2,19.5,19.63,0.036,2040.0,2090.0,2200.0
43.7,25.3,15.4,2.45,1.51,0.837,3.35,0.987,3.53,11200.0,7360.0,5930.0,961.0,500.0,341.0,1530.0,324.0,1.43,5.4,5.49,4.9,0.013,2350.0,2400.0,2602.0
49.0,28.4,13.2,0.393,0.721,0.394,2.98,1.27,1.07,65200.0,41500.0,27400.0,808.0,1250.0,805.0,6980.0,2150.0,0.433,28.1,28.4,23.13,0.00899,2724.0,2753.0,2791.0
61.2,21.4,5.69,3.54,0.481,0.351,0.349,1.29,3.5,27400.0,10800.0,3820.0,2430.0,278.0,249.0,278.0,739.0,1.43,9.4,9.6,8.38,0.026,2330.0,2530.0,2700.0
39.5,18.3,34.9,1.58,0.432,0.338,0.986,1.14,2.33,13000.0,6840.0,17200.0,798.0,184.0,177.0,579.0,481.0,0.952,6.9,7.07,7.0,0.014,2120.0,2200.0,2340.0
46.8,36.5,4.79,0.84,0.78,0.581,3.49,1.56,1.0,17300.0,15300.0,2650.0,475.0,372.0,340.0,2290.0,736.0,0.406,7.8,7.91,7.3,0.0037,2800.0,2800.0,2800.0
43.0,23.7,8.63,5.38,1.99,0.419,2.67,1.19,6.1,22200.0,13900.0,6690.0,4260.0,1330.0,343.0,2460.0,788.0,2.48,10.9,11.1,9.9,0.026,2225.0,2310.0,2365.0
48.4,22.3,19.0,1.9,0.581,0.297,1.67,0.836,2.17,22200.0,11600.0,13100.0,1340.0,344.0,216.0,1370.0,492.0,0.883,9.7,9.84,9.0,0.015,2060.0,2150.0,2260.0
55.2,18.4,15.2,1.3,0.813,0.284,3.09,1.0,1.1,39600.0,14900.0,16300.0,1430.0,752.0,322.0,3940.0,921.0,0.454,14.9,15.3,13.9,0.0232,2145.0,2265.0,2355.0
53.7,31.4,4.58,0.392,1.13,0.135,3.97,1.59,0.525,102000.0,67600.0,13000.0,1140.0,2770.0,407.0,13400.0,3870.0,0.214,40.0,40.7,38.62,0.0064,2800.0,2800.0,2800.0
29.3,15.0,51.8,1.05,0.332,0.162,0.986,0.953,1.8,18800.0,10900.0,49700.0,1030.0,274.0,165.0,1130.0,782.0,0.727,13.6,13.7,14.5,0.0084,2000.0,2110.0,2230.0
39.2,21.4,29.8,0.63,0.681,0.189,2.2,0.987,1.0,49100.0,30300.0,55800.0,1210.0,1100.0,375.0,4910.0,1580.0,0.417,25.7,26.8,21.9,0.0099,2070.0,2190.0,2640.0
34.4,19.4,30.3,2.08,1.21,0.207,2.27,0.777,4.22,17400.0,11100.0,20700.0,1500.0,768.0,153.0,2030.0,508.0,1.71,10.3,10.4,11.05,0.0238,2288.0,2388.0,2488.0
47.4,28.9,9.44,2.02,0.896,0.945,2.18,1.54,2.63,9440.0,6530.0,2810.0,614.0,230.0,299.0,772.0,392.0,1.07,4.2,4.27,4.5,0.0059,2240.0,2420.0,2500.0
47.1,26.7,15.2,0.854,0.93,0.378,2.63,1.17,1.18,24700.0,15900.0,11900.0,686.0,630.0,315.0,2460.0,787.0,0.476,11.1,11.2,10.78,0.011,2520.0,2590.0,2660.0
51.2,29.0,10.5,0.78,0.631,0.162,2.05,1.1,1.06,26400.0,16900.0,8100.0,613.0,418.0,132.0,1880.0,724.0,0.428,10.9,11.0,10.4,0.0075,2910.0,2910.0,2910.0
35.4,23.1,32.2,1.19,0.714,0.257,2.56,0.95,1.61,32200.0,23800.0,43800.0,1650.0,837.0,370.0,4150.0,1110.0,0.65,19.3,19.5,19.09,0.015,1980.0,2140.0,2480.0
51.4,19.3,18.0,0.901,0.963,0.216,3.2,1.1,1.1,33300.0,14100.0,17500.0,892.0,804.0,222.0,3690.0,914.0,0.453,13.5,13.9,12.9,0.0232,2155.0,2265.0,2360.0
53.5,25.5,10.6,0.882,0.664,0.5,1.98,1.34,1.0,30500.0,16500.0,9060.0,769.0,488.0,452.0,2010.0,977.0,0.404,12.1,12.2,12.4,0.0094,2560.0,2660.0,2750.0
34.5,21.3,36.3,1.01,0.571,0.234,1.87,0.865,1.59,33600.0,21700.0,29000.0,891.0,873.0,286.0,3870.0,1030.0,0.642,16.3,16.5,15.97,0.0133,2249.0,2348.0,2468.0
34.2,17.0,29.6,5.66,0.747,0.297,1.33,0.619,9.25,11200.0,6280.0,14500.0,2830.0,315.0,154.0,777.0,259.0,3.87,6.7,7.03,6.7,0.04,1920.0,2020.0,2120.0
57.4,22.6,6.0,0.809,0.76,0.787,0.663,2.26,1.12,20300.0,8800.0,2930.0,416.0,318.0,427.0,374.0,1030.0,0.45,7.4,7.45,9.46,0.0123,2751.0,2765.0,2778.0
41.2,32.1,19.4,0.756,0.681,0.189,1.78,0.987,0.8,7630.0,6730.0,5360.0,214.0,162.0,55.5,586.0,234.0,0.334,3.8,3.97,3.72,0.0078,2270.0,2530.0,2610.0
33.0,20.0,26.0,4.5,1.31,0.446,2.1,0.71,5.3,7710.0,5290.0,9090.0,1610.0,395.0,165.0,874.0,212.0,2.21,4.8,5.0,3.5,0.0133,2090.0,2140.0,2340.0
50.5,24.3,11.2,1.6,1.03,0.54,1.6,1.2,1.7,22600.0,12300.0,7500.0,1090.0,594.0,383.0,1270.0,687.0,0.686,9.5,9.58,9.4,0.019,2455.0,2565.0,2655.0
32.8,16.8,4.0,24.4,1.16,3.11,0.24,0.803,8.38,18500.0,10700.0,3370.0,21000.0,843.0,2770.0,241.0,578.0,3.7,10.9,12.0,7.32,0.14,2160.0,2350.0,2400.0
34.6,19.1,18.4,8.44,1.11,0.189,1.22,0.74,13.9,16000.0,9980.0,12700.0,5960.0,663.0,139.0,1000.0,438.0,5.8,9.5,9.9,7.3,0.34,2110.0,2160.0,2260.0
45.8,29.9,13.4,1.96,0.946,0.257,1.81,1.52,2.17,25500.0,18800.0,11200.0,1670.0,679.0,226.0,1800.0,1080.0,0.886,11.7,11.9,11.54,0.056,2360.0,2570.0,2660.0
37.0,21.0,29.0,2.2,0.58,0.53,1.4,0.93,2.5,19200.0,12300.0,22500.0,1740.0,387.0,435.0,1290.0,617.0,1.02,10.9,11.1,11.2,0.042,1970.0,2020.0,2070.0
48.6,18.4,7.41,8.08,1.56,0.473,0.409,0.997,5.48,28200.0,12100.0,6430.0,7170.0,1170.0,435.0,422.0,740.0,2.25,12.1,12.4,11.03,0.05,2270.0,2350.0,2530.0
46.0,25.0,8.39,5.2,1.66,0.905,1.54,1.76,3.05,16300.0,10000.0,4450.0,2810.0,758.0,508.0,971.0,796.0,1.23,7.5,7.58,7.1,0.07,2100.0,2210.0,2300.0
42.2,17.0,31.2,1.22,1.01,0.365,2.14,0.92,2.48,37100.0,16900.0,41000.0,1640.0,1150.0,508.0,3350.0,1040.0,1.0,18.6,18.8,20.5,0.015,1800.0,1900.0,2020.0
12.9,6.28,64.2,2.39,0.382,0.311,0.613,0.518,2.88,8070.0,4450.0,60200.0,2290.0,308.0,308.0,684.0,416.0,1.16,13.3,13.4,14.0,0.039,2030.0,2120.0,2220.0
40.9,20.4,29.9,1.11,0.813,0.297,1.97,1.17,2.15,25500.0,14400.0,27900.0,1060.0,655.0,294.0,2190.0,936.0,0.871,13.2,13.4,11.25,0.015,1950.0,2040.0,2080.0
46.3,23.4,18.1,2.7,1.43,0.783,2.4,1.2,3.3,53000.0,30300.0,31000.0,4720.0,2110.0,1420.0,4890.0,1760.0,1.38,23.5,24.5,22.0,0.032,2180.0,2280.0,2500.0
60.5,29.0,2.09,0.462,0.764,0.149,2.72,1.87,0.5,86800.0,47100.0,4480.0,1010.0,1410.0,338.0,6940.0,3440.0,0.203,30.3,30.7,29.6,0.0041,2800.0,2800.0,2800.0
57.0,22.0,14.0,0.37,0.828,0.338,2.8,1.1,0.65,35000.0,15300.0,12800.0,347.0,655.0,328.0,3060.0,863.0,0.271,12.6,13.1,12.8,0.0185,2360.0,2410.0,2590.0
33.8,12.6,36.5,5.7,0.465,0.135,1.39,0.712,2.2,17700.0,7450.0,28500.0,4550.0,313.0,112.0,1300.0,476.0,0.92,10.7,11.2,10.7,0.031,1910.0,2010.0,2110.0
57.8,27.3,25.7,0.476,0.913,0.149,2.66,1.52,0.65,102000.0,54700.0,68100.0,1290.0,2090.0,417.0,8380.0,3450.0,0.267,37.0,37.9,35.2,0.0063,2800.0,2800.0,2800.0
45.8,20.5,15.8,1.95,0.88,0.581,2.09,1.02,2.78,7350.0,3720.0,3800.0,477.0,182.0,148.0,597.0,209.0,1.12,3.4,3.43,4.0,0.056,2260.0,2350.0,2450.0
43.6,19.7,21.8,1.2,0.598,0.419,2.6,1.1,1.7,18000.0,9230.0,13500.0,759.0,319.0,274.0,1920.0,582.0,0.708,8.5,8.85,8.2,0.014,2000.0,2120.0,2240.0
42.2,18.1,28.7,2.48,0.581,0.243,1.88,0.92,1.02,17200.0,8370.0,17600.0,1550.0,306.0,158.0,1370.0,481.0,0.427,8.4,8.75,7.7,0.018,1960.0,1980.0,2160.0
42.4,32.5,11.0,1.19,0.498,0.432,1.61,1.71,1.3,7400.0,6430.0,2880.0,318.0,112.0,120.0,501.0,381.0,0.525,3.7,3.74,3.55,0.01,2700.0,2800.0,2800.0
32.8,17.2,23.6,7.2,0.946,0.802,1.36,0.8,2.78,23400.0,13500.0,23300.0,5620.0,860.0,859.0,1730.0,741.0,1.16,13.5,14.1,13.7,0.0476,1960.0,2050.0,2122.0
49.6,21.0,22.2,0.924,0.863,0.216,2.07,1.0,1.18,24100.0,11500.0,16100.0,686.0,540.0,166.0,1790.0,623.0,0.479,10.2,10.4,10.49,0.011,2160.0,2230.0,2400.0
56.6,30.5,3.0,1.2,0.714,0.486,1.9,2.2,1.2,12300.0,7530.0,979.0,400.0,201.0,168.0,738.0,614.0,0.487,4.6,4.67,4.3,0.0063,2800.0,2800.0,2800.0
49.2,30.4,9.61,0.924,0.183,0.864,3.11,1.47,1.25,14400.0,10100.0,4210.0,414.0,69.0,401.0,1620.0,552.0,0.506,6.2,6.27,5.57,0.006,2600.0,2730.0,2800.0
52.9,30.8,2.0,0.854,0.963,0.149,3.26,2.16,0.875,112000.0,73800.0,6340.0,2760.0,2630.0,498.0,12300.0,5840.0,0.352,45.1,45.3,39.99,0.004,2800.0,2800.0,2800.0
59.3,27.8,2.5,0.896,0.598,0.203,2.3,2.61,1.0,31500.0,16700.0,1990.0,729.0,410.0,171.0,2170.0,1780.0,0.407,11.2,11.4,10.94,0.0042,2800.0,2800.0,2800.0
20.2,14.5,48.6,5.18,0.797,0.365,0.493,0.686,7.0,9660.0,7840.0,34700.0,3780.0,490.0,276.0,419.0,419.0,2.83,10.1,10.2,10.0,0.025,2020.0,2110.0,2220.0
29.3,20.0,35.8,2.89,0.664,0.783,1.53,0.669,1.7,2350.0,1820.0,4280.0,353.0,68.5,99.4,218.0,68.5,0.685,1.7,1.71,1.95,0.0313,2640.0,2760.0,2800.0
43.2,16.6,26.2,2.0,0.531,0.216,1.79,0.963,0.88,17200.0,7500.0,15600.0,1220.0,273.0,137.0,1270.0,491.0,0.366,8.2,8.53,7.5,0.0232,2065.0,2165.0,2255.0
25.4,21.0,44.3,1.11,0.315,0.216,0.757,0.502,2.6,8660.0,8100.0,22600.0,575.0,139.0,117.0,459.0,219.0,1.08,7.0,7.29,6.98,0.018,2024.0,2149.0,2394.0
33.0,20.0,30.0,4.6,0.59,0.42,1.3,0.8,3.3,14700.0,10100.0,20100.0,3140.0,340.0,298.0,1030.0,457.0,1.34,9.4,9.56,10.1,0.049,1990.0,2040.0,2090.0
20.4,18.8,46.9,2.46,0.465,0.324,0.757,0.452,2.98,11300.0,11800.0,39000.0,2100.0,333.0,286.0,750.0,321.0,1.21,11.7,11.9,11.26,0.011,1950.0,2110.0,2190.0
43.0,21.0,28.0,0.47,0.631,0.27,2.1,1.0,1.2,17800.0,9840.0,17300.0,297.0,336.0,177.0,1550.0,529.0,0.5,8.5,8.85,8.7,0.0183,2130.0,2180.0,2250.0
42.4,16.9,29.3,0.681,0.647,0.135,2.0,1.1,1.2,17000.0,7680.0,17600.0,417.0,335.0,85.9,1430.0,566.0,0.498,8.3,8.59,7.3,0.0232,2025.0,2120.0,2215.0
12.8,6.82,38.5,21.6,0.398,0.162,0.553,0.217,14.5,7440.0,4490.0,33500.0,19200.0,298.0,149.0,572.0,162.0,5.91,12.2,12.4,11.2,0.13,2130.0,2230.0,2310.0
42.4,23.6,25.5,1.25,0.714,0.176,2.73,1.17,1.27,20000.0,12600.0,18000.0,896.0,433.0,131.0,2290.0,705.0,0.514,10.0,10.1,10.3,0.011,1980.0,2130.0,2240.0
49.8,29.8,8.71,1.82,0.996,0.243,1.45,2.16,2.23,40100.0,27300.0,10500.0,2240.0,1040.0,311.0,2090.0,2230.0,0.909,16.9,17.3,15.26,0.01,2620.0,2690.0,2720.0
39.2,19.7,28.9,2.23,0.83,0.257,1.38,1.07,3.45,37500.0,21300.0,41400.0,3250.0,1020.0,389.0,2350.0,1310.0,1.41,20.1,20.5,18.09,0.33,2080.0,2180.0,2260.0
56.6,27.4,7.72,0.924,0.465,0.945,1.31,1.69,1.43,22400.0,12300.0,4570.0,559.0,237.0,593.0,923.0,856.0,0.575,8.4,8.47,7.11,0.0083,2570.0,2700.0,2740.0
41.3,19.7,29.6,0.574,0.979,0.446,2.73,1.0,1.08,24200.0,13100.0,25900.0,514.0,740.0,414.0,2850.0,750.0,0.432,12.5,12.5,12.38,0.017,2120.0,2250.0,2430.0
46.7,27.8,15.2,2.1,0.598,0.324,0.721,2.01,2.5,13500.0,9090.0,6560.0,928.0,223.0,148.0,371.0,742.0,1.01,6.1,6.18,5.66,0.023,2640.0,2710.0,2790.0
47.1,20.6,25.5,0.791,0.711,0.238,1.84,1.01,1.55,33000.0,16000.0,25200.0,807.0,705.0,284.0,2440.0,873.0,0.64,14.3,14.8,10.95,0.00932,2004.0,2106.0,2206.0
45.8,28.5,10.1,0.66,1.11,0.554,3.5,1.1,1.2,17700.0,12500.0,5840.0,390.0,554.0,339.0,2410.0,544.0,0.484,8.2,8.27,8.1,0.013,2615.0,2730.0,2800.0
36.1,30.8,13.8,4.91,1.05,1.76,1.4,0.66,7.84,3950.0,3820.0,2260.0,821.0,148.0,304.0,273.0,92.4,3.19,2.3,2.34,1.9,0.014,2260.0,2310.0,2490.0
40.9,19.1,9.01,0.714,1.06,0.81,2.26,0.987,0.9,8900.0,4700.0,2930.0,238.0,298.0,279.0,876.0,275.0,0.365,4.6,4.66,3.98,0.022,2560.0,2620.0,2740.0
52.2,27.4,5.98,1.67,1.16,0.257,3.29,1.16,3.6,63200.0,37700.0,10800.0,3090.0,1820.0,493.0,7110.0,1790.0,1.5,24.9,25.9,22.4,0.01,2558.0,2661.0,2739.0
42.5,24.6,18.5,4.4,0.747,0.473,1.51,0.987,1.8,49100.0,32200.0,32000.0,7760.0,1110.0,865.0,3120.0,1460.0,0.727,24.5,24.7,26.9,0.028,2000.0,2090.0,2180.0
36.0,14.6,24.5,8.59,0.631,0.675,1.74,0.819,4.05,22600.0,10300.0,23000.0,8220.0,509.0,670.0,1940.0,657.0,1.66,13.1,13.4,12.13,0.063,2030.0,2130.0,2330.0
52.6,31.4,3.3,0.98,0.913,0.554,3.44,1.27,2.0,16700.0,11200.0,1560.0,474.0,372.0,278.0,1940.0,514.0,0.808,6.7,6.77,6.04,0.0069,2800.0,2800.0,2800.0
37.3,19.3,37.0,1.49,0.586,0.223,1.43,0.883,1.96,16000.0,9250.0,22300.0,924.0,324.0,148.0,1120.0,480.0,0.8,8.76,8.93,8.54,0.024,1981.0,2080.0,2175.0
53.3,24.0,11.2,0.392,1.83,0.432,3.81,1.09,1.38,98100.0,50000.0,30900.0,1100.0,4330.0,1260.0,12500.0,2560.0,0.556,39.0,39.4,35.7,0.015,2320.0,2430.0,2550.0
38.9,28.5,21.3,1.65,1.08,0.257,2.58,0.97,2.5,10400.0,8650.0,8540.0,676.0,372.0,109.0,1230.0,332.0,1.02,5.6,5.73,5.32,0.066,2160.0,2270.0,2330.0
20.0,16.0,51.0,2.31,0.614,0.27,0.85,0.53,3.2,5740.0,5200.0,21900.0,1010.0,227.0,123.0,435.0,195.0,1.33,5.9,6.15,5.6,0.0132,1975.0,2070.0,2145.0
13.9,10.7,28.1,13.0,2.49,1.76,0.385,0.418,16.9,2550.0,2220.0,7730.0,3640.0,589.0,511.0,126.0,98.2,6.82,3.9,3.93,3.7,0.042,2060.0,2150.0,2230.0
46.1,29.4,8.08,2.31,1.59,0.891,1.84,1.09,2.13,13900.0,10000.0,3650.0,1060.0,619.0,426.0,987.0,419.0,0.857,6.4,6.45,6.3,0.034,2490.0,2580.0,2710.0
55.7,26.7,5.9,1.0,0.681,0.77,4.6,1.9,1.2,26800.0,14600.0,4250.0,736.0,423.0,588.0,3950.0,1170.0,0.5,9.9,10.3,9.0,0.014,2770.0,2800.0,2800.0
45.2,29.7,13.6,1.1,0.78,1.05,2.3,1.4,2.9,19100.0,14200.0,8620.0,712.0,426.0,707.0,1730.0,759.0,1.21,8.7,9.06,8.0,0.0082,2495.0,2620.0,2725.0
47.3,30.1,9.15,1.81,0.764,0.648,1.36,1.54,1.7,28100.0,20200.0,8120.0,1640.0,584.0,609.0,1430.0,1170.0,0.69,12.5,12.7,12.72,0.008,2460.0,2580.0,2760.0
42.6,31.0,9.3,1.58,0.631,1.2,2.66,1.42,2.33,4630.0,3810.0,1510.0,263.0,88.4,207.0,514.0,198.0,0.94,2.3,2.33,2.33,0.012,2460.0,2630.0,2710.0
52.3,21.3,14.9,1.41,0.791,0.982,2.64,2.23,2.26,38100.0,12600.0,8950.0,922.0,516.0,816.0,2510.0,2390.0,0.942,12.6,13.1,10.4,0.00894,2260.0,2343.0,2415.0
47.3,24.7,15.8,0.378,1.13,0.324,3.26,0.853,1.83,69000.0,40900.0,34500.0,844.0,2130.0,750.0,8470.0,1590.0,0.736,31.0,31.3,15.27,0.024,2800.0,2800.0,2800.0
50.9,30.6,7.49,3.48,0.503,0.27,1.47,1.61,0.875,19800.0,13600.0,5130.0,2420.0,261.0,171.0,1050.0,840.0,0.354,8.44,8.54,7.99,0.0094,2646.0,2697.0,2755.0
37.6,24.2,24.7,3.3,1.15,0.986,1.5,1.0,4.0,21200.0,15500.0,20900.0,2850.0,834.0,882.0,1510.0,723.0,1.67,11.6,12.1,11.5,0.031,2060.0,2110.0,2540.0
57.1,28.4,4.29,0.56,0.88,0.378,2.63,1.47,0.6,23000.0,12900.0,2590.0,345.0,457.0,242.0,1890.0,759.0,0.244,8.5,8.63,8.13,0.0045,2680.0,2800.0,2800.0
47.3,31.6,9.94,3.6,0.332,0.675,0.829,1.17,2.3,18500.0,14000.0,5830.0,2160.0,168.0,420.0,579.0,587.0,0.942,8.2,8.39,7.98,0.055,2570.0,2620.0,2650.0
34.4,17.8,29.1,1.8,0.498,0.473,1.0,1.1,2.7,13900.0,8130.0,17600.0,1110.0,259.0,302.0,718.0,568.0,1.1,8.5,8.63,8.5,0.033,2155.0,2255.0,2365.0
48.7,24.0,16.9,0.815,0.593,0.277,2.41,1.23,1.02,34400.0,18700.0,18000.0,805.0,548.0,307.0,3130.0,1100.0,0.413,14.9,15.0,15.74,0.0119,2169.0,2268.0,2378.0
45.0,23.0,21.8,1.75,0.747,0.365,2.31,1.05,1.86,34400.0,19900.0,24900.0,2040.0,736.0,442.0,3140.0,1030.0,0.775,15.7,16.4,14.6,0.02,2110.0,2210.0,2320.0
49.8,25.6,11.3,1.36,0.697,0.23,1.88,1.22,2.42,18600.0,10800.0,6310.0,777.0,336.0,136.0,1250.0,585.0,0.983,7.9,8.01,7.43,0.006,2480.0,2540.0,2620.0
46.6,23.4,13.1,2.73,1.56,0.0878,2.38,0.97,3.95,15500.0,8800.0,6510.0,1380.0,667.0,46.1,1400.0,412.0,1.62,6.9,7.1,6.9,0.035,2120.0,2210.0,2370.0
51.8,24.6,10.2,0.896,1.33,0.419,4.07,1.02,1.5,96400.0,51800.0,28300.0,2550.0,3190.0,1230.0,13500.0,2430.0,0.608,39.3,39.8,38.9,0.013,2380.0,2500.0,2600.0
39.2,30.8,22.0,0.784,0.448,0.149,1.15,1.92,1.1,27500.0,24500.0,23100.0,841.0,405.0,165.0,1440.0,1730.0,0.443,14.9,15.0,12.36,0.0053,2380.0,2520.0,2610.0
43.0,29.0,5.61,3.16,0.852,0.655,2.55,1.1,0.216,33600.0,25400.0,7360.0,3560.0,860.0,780.0,3570.0,1100.0,0.0901,16.1,16.7,15.29,0.0276,2811.0,2819.0,2829.0
51.9,29.3,21.7,1.43,0.432,0.135,1.47,1.79,1.75,24700.0,15800.0,15400.0,1040.0,265.0,102.0,1240.0,1090.0,0.707,10.1,10.2,11.52,0.0023,2740.0,2800.0,2800.0
52.1,35.7,3.15,1.54,0.382,0.162,0.577,2.21,1.75,13600.0,10500.0,1230.0,614.0,128.0,66.9,268.0,736.0,0.71,5.5,5.58,4.8,0.0031,2800.0,2800.0,2800.0
31.7,25.1,31.9,2.14,0.73,0.297,1.44,0.719,4.35,6570.0,5890.0,9900.0,679.0,195.0,97.6,532.0,191.0,1.75,4.4,4.44,4.4,0.021,2020.0,2140.0,2420.0
42.1,28.4,3.6,4.0,0.614,0.648,1.6,1.3,0.32,33400.0,25500.0,4280.0,4850.0,628.0,815.0,2260.0,1320.0,0.129,16.9,17.0,16.0,0.013,2725.0,2800.0,2800.0
42.2,29.5,10.1,3.2,0.847,0.297,2.5,1.2,3.2,31200.0,24700.0,11200.0,3620.0,807.0,348.0,3290.0,1140.0,1.3,15.6,15.8,15.3,0.013,2545.0,2645.0,2755.0
55.4,25.1,7.41,2.07,1.34,0.716,3.22,1.25,1.78,48600.0,24900.0,9710.0,2780.0,1520.0,994.0,5030.0,1410.0,0.74,18.0,18.8,15.8,0.021,2450.0,2500.0,2550.0
35.3,23.8,27.5,1.44,0.581,0.297,1.57,0.97,2.35,15500.0,11800.0,18000.0,967.0,328.0,206.0,1230.0,544.0,0.948,9.3,9.38,9.11,0.012,2090.0,2190.0,2340.0
59.5,25.5,1.89,1.6,0.365,0.297,0.829,2.83,1.8,21900.0,10600.0,1040.0,898.0,173.0,173.0,543.0,1330.0,0.736,7.7,7.88,7.18,0.005,2800.0,2800.0,2800.0
36.2,21.0,33.8,1.22,0.581,0.135,1.37,0.87,1.75,17000.0,11100.0,23800.0,873.0,351.0,100.0,1140.0,522.0,0.724,9.7,10.0,8.9,0.019,2160.0,2250.0,2355.0
31.9,21.9,27.7,3.03,0.415,0.284,1.28,0.92,5.92,14700.0,11400.0,19100.0,2130.0,247.0,207.0,1050.0,543.0,2.47,9.47,9.86,9.3,0.026,2150.0,2210.0,2510.0
30.4,15.3,42.4,1.53,0.498,0.23,0.637,0.619,2.5,11800.0,6700.0,24500.0,903.0,248.0,141.0,439.0,306.0,1.01,8.2,8.28,7.92,0.022,2070.0,2110.0,2160.0
38.3,23.3,27.3,2.11,0.614,0.149,1.65,0.853,2.23,7640.0,5250.0,8150.0,644.0,158.0,46.9,585.0,218.0,0.904,4.2,4.27,4.83,0.02,2080.0,2180.0,2270.0
50.2,27.0,6.62,0.629,1.61,0.599,4.26,1.1,1.06,48900.0,27800.0,6700.0,704.0,2060.0,851.0,7700.0,1370.0,0.428,19.9,20.0,18.78,0.0131,2672.0,2736.0,2752.0
36.4,24.2,26.2,2.38,0.581,0.338,1.66,1.18,1.92,13500.0,10200.0,14500.0,1350.0,278.0,199.0,1100.0,561.0,0.78,7.83,7.95,9.2,0.019,2055.0,2155.0,2255.0
38.3,20.9,31.5,2.06,0.448,0.311,1.3,1.03,2.33,22200.0,13700.0,27300.0,1820.0,335.0,285.0,1340.0,764.0,0.969,11.9,12.4,11.48,0.013,2071.0,2326.0,2430.0
43.7,30.4,4.83,4.94,0.913,0.743,1.57,1.35,2.75,28900.0,22700.0,4780.0,4990.0,777.0,777.0,1850.0,1140.0,1.12,13.9,14.1,13.2,0.016,2660.0,2750.0,2800.0
38.3,18.7,31.5,1.75,1.1,0.54,3.21,0.836,2.98,15000.0,8300.0,18500.0,1050.0,554.0,336.0,2240.0,419.0,1.2,8.3,8.39,7.7,0.027,1980.0,2070.0,2150.0
47.1,31.9,8.47,1.47,0.83,0.257,2.33,1.09,1.6,38700.0,29700.0,10400.0,1840.0,878.0,334.0,3410.0,1140.0,0.657,17.1,17.6,5.17,0.0073,2780.0,2800.0,2800.0
51.6,26.7,4.0,3.1,0.83,0.864,0.45,2.4,4.3,7900.0,4630.0,917.0,725.0,164.0,210.0,123.0,470.0,1.76,3.2,3.28,3.4,0.0059,2655.0,2760.0,2800.0
38.9,22.9,18.2,4.51,0.896,0.27,1.17,0.87,3.65,6500.0,4320.0,4530.0,1150.0,193.0,71.4,346.0,186.0,1.49,3.5,3.57,3.42,0.021,2060.0,2140.0,2240.0
26.0,14.8,41.3,1.2,0.664,0.338,1.4,0.86,2.1,13100.0,8470.0,31200.0,927.0,433.0,270.0,1260.0,556.0,0.849,10.7,10.8,11.2,0.017,2095.0,2205.0,2315.0
51.3,33.6,5.86,0.602,1.43,0.041,3.64,0.886,0.95,49800.0,36900.0,8520.0,893.0,1790.0,63.0,6290.0,1100.0,0.383,20.6,20.8,20.15,0.0141,2800.0,2800.0,2800.0
55.0,24.4,5.72,2.24,1.13,0.297,1.68,1.84,2.75,41800.0,21000.0,6510.0,2600.0,1110.0,358.0,2280.0,1790.0,1.11,16.1,16.3,13.99,0.022,2600.0,2680.0,2750.0
42.8,23.1,20.9,1.3,0.481,0.297,1.5,1.3,1.6,17600.0,10800.0,12900.0,817.0,255.0,194.0,1100.0,685.0,0.648,8.7,8.81,9.4,0.0089,2195.0,2305.0,2425.0
16.5,12.5,62.3,1.54,0.398,0.126,0.889,0.435,1.63,7660.0,6530.0,43200.0,1090.0,238.0,92.2,733.0,258.0,0.664,9.7,9.91,31.9,0.014,2800.0,2800.0,2800.0
47.4,29.8,13.4,1.3,0.581,1.07,1.4,1.6,3.0,15700.0,11200.0,6640.0,657.0,248.0,560.0,825.0,678.0,1.25,6.8,7.08,6.6,0.01,2520.0,2580.0,2680.0
48.4,31.6,6.78,0.518,1.43,0.432,3.21,1.59,0.8,105000.0,77600.0,22000.0,1720.0,4000.0,1490.0,12400.0,4420.0,0.326,45.7,46.5,43.3,0.0095,2910.0,2910.0,2910.0
27.2,15.5,49.8,1.57,0.332,0.135,0.829,0.736,2.53,15200.0,9800.0,41600.0,1340.0,239.0,120.0,825.0,526.0,1.02,11.8,12.0,8.77,0.0094,1980.0,2000.0,2090.0
53.3,25.9,7.29,0.868,1.54,0.473,3.26,1.22,1.65,36000.0,19800.0,7380.0,898.0,1350.0,507.0,3920.0,1060.0,0.678,14.1,14.5,13.29,0.17,2580.0,2690.0,2780.0
36.0,22.3,22.3,3.25,2.49,0.162,3.11,0.903,4.35,5620.0,3950.0,5220.0,776.0,502.0,40.1,866.0,181.0,1.76,3.3,3.34,3.41,0.025,2070.0,2170.0,2310.0
49.4,34.2,2.0,1.8,0.896,1.07,1.8,0.9,3.8,8900.0,6970.0,539.0,495.0,208.0,304.0,577.0,207.0,1.58,3.7,3.85,11.35,0.0098,2800.0,2800.0,2800.0
45.2,24.2,15.7,2.41,0.88,0.392,2.32,1.44,3.5,10200.0,6210.0,5330.0,834.0,257.0,141.0,936.0,417.0,1.41,4.8,4.85,4.7,0.026,2210.0,2320.0,2410.0
45.6,24.8,12.7,5.14,1.64,0.473,4.09,0.702,3.98,85200.0,52400.0,35600.0,14700.0,3960.0,1400.0,13600.0,1680.0,1.66,38.4,40.0,28.0,0.027,2030.0,2080.0,2150.0
28.7,19.4,41.7,2.34,0.447,0.151,0.948,0.635,2.79,13400.0,10700.0,37600.0,1340.0,237.0,110.0,674.0,378.0,1.15,10.9,11.2,10.73,0.011,2199.0,2291.0,2411.0
51.2,25.3,7.71,0.96,2.32,0.999,5.5,1.24,0.97,102000.0,56900.0,22900.0,2910.0,5950.0,3140.0,19400.0,3150.0,0.4,41.2,42.5,20.98,0.079,2300.0,2410.0,2720.0
59.2,27.7,1.9,0.66,0.83,0.23,2.9,1.5,0.5,64000.0,33900.0,3070.0,1090.0,1160.0,393.0,5580.0,2080.0,0.207,22.4,23.1,21.7,0.0083,2800.0,2800.0,2800.0
51.3,20.2,19.7,0.644,1.18,0.405,2.42,0.836,1.48,69900.0,31200.0,40200.0,1340.0,2070.0,875.0,5860.0,1460.0,0.601,28.6,29.2,27.2,0.16,2130.0,2220.0,2490.0
45.9,33.0,12.8,0.742,1.08,0.0675,1.54,1.27,1.08,56000.0,45500.0,23400.0,1380.0,1700.0,130.0,3340.0,1990.0,0.435,25.8,26.1,24.6,0.0115,2660.0,2700.0,2790.0
50.5,29.0,11.4,0.83,0.797,0.135,2.46,1.52,1.34,29000.0,18900.0,9800.0,728.0,590.0,123.0,2520.0,1120.0,0.558,11.8,12.3,11.0,0.0073,2542.0,2725.0,2777.0
51.3,29.6,4.18,2.02,0.896,0.54,2.63,1.64,1.43,51200.0,33500.0,6250.0,3080.0,1150.0,855.0,4680.0,2090.0,0.575,21.2,21.4,20.3,0.011,2800.0,2800.0,2800.0
43.5,24.8,21.8,1.05,0.598,0.176,2.32,1.32,1.18,11200.0,7240.0,8420.0,415.0,199.0,71.8,1070.0,437.0,0.472,5.5,5.52,6.18,0.01,2200.0,2410.0,2560.0
54.8,29.5,3.45,1.51,1.03,0.513,2.42,1.44,0.9,95200.0,58000.0,8960.0,4020.0,2310.0,1410.0,7480.0,3200.0,0.366,36.6,37.2,32.2,0.01,2910.0,2910.0,2910.0
42.3,32.3,19.5,0.52,0.531,0.176,2.35,0.98,0.71,25800.0,22300.0,17800.0,485.0,418.0,170.0,2550.0,765.0,0.294,12.6,13.1,13.0,0.0039,2560.0,2650.0,2750.0
50.5,34.7,3.33,0.77,0.73,0.203,2.33,1.47,0.9,14000.0,10900.0,1380.0,326.0,261.0,88.9,1150.0,520.0,0.362,5.9,5.93,5.41,0.092,2800.0,2800.0,2800.0
48.0,22.0,14.0,2.5,0.747,0.243,1.8,1.3,4.4,24800.0,12900.0,10800.0,1970.0,497.0,199.0,1650.0,858.0,1.83,10.6,11.0,9.9,0.289,2470.0,2520.0,2580.0
29.0,15.0,20.0,5.6,0.797,0.473,1.5,0.6,3.9,11700.0,6860.0,12100.0,3460.0,415.0,303.0,1080.0,310.0,1.63,8.3,8.65,8.1,0.0479,2035.0,2145.0,2260.0
52.6,33.1,4.72,0.518,0.73,0.419,2.87,1.91,1.13,31700.0,22600.0,4260.0,477.0,568.0,400.0,3080.0,1470.0,0.457,12.7,12.9,13.02,0.005,2520.0,2660.0,2710.0
20.8,11.3,26.2,19.2,0.448,0.113,0.998,0.401,7.1,16600.0,10200.0,31300.0,23500.0,462.0,144.0,1420.0,411.0,2.95,16.5,17.1,15.2,0.101,2055.0,2145.0,2265.0
32.7,17.8,41.5,1.58,0.598,0.392,1.36,0.853,2.3,9480.0,5830.0,18000.0,701.0,223.0,180.0,701.0,316.0,0.952,6.0,6.21,6.0,0.016,1850.0,1970.0,2060.0
50.9,29.5,9.87,0.812,0.93,0.648,3.37,1.22,0.775,27000.0,17700.0,7840.0,659.0,636.0,546.0,3180.0,830.0,0.32,11.0,11.4,9.48,0.0074,2560.0,2640.0,2750.0
42.9,25.3,19.8,1.18,1.08,0.23,4.22,1.17,2.08,36900.0,24600.0,25500.0,1550.0,1200.0,314.0,6470.0,1290.0,0.841,18.2,18.4,17.3,0.0084,2150.0,2290.0,2370.0
36.6,29.8,24.5,1.25,0.365,0.116,0.62,1.34,2.01,16000.0,14800.0,16100.0,837.0,206.0,80.7,484.0,752.0,0.829,9.1,9.38,8.9,0.0079,2510.0,2620.0,2710.0
30.4,20.0,31.9,3.08,0.797,0.621,2.4,0.819,4.75,7660.0,5720.0,12000.0,1190.0,259.0,248.0,1080.0,264.0,1.93,5.3,5.4,5.18,0.016,2010.0,2160.0,2240.0
36.4,20.2,27.0,4.3,1.08,0.554,0.673,1.09,2.93,15800.0,9920.0,17500.0,2850.0,603.0,380.0,519.0,603.0,1.18,9.2,9.27,8.65,0.013,1970.0,2150.0,2250.0
38.3,19.5,10.6,11.0,1.56,0.311,1.59,0.669,8.28,11400.0,6570.0,4720.0,4990.0,600.0,147.0,843.0,255.0,3.35,6.3,6.38,5.64,0.069,2260.0,2380.0,2490.0
53.5,31.0,6.39,0.77,0.88,0.23,2.67,1.2,1.23,29700.0,19500.0,5320.0,654.0,631.0,202.0,2640.0,857.0,0.494,11.8,11.9,10.3,0.026,2910.0,2910.0,2910.0
52.4,21.7,14.1,0.91,0.896,0.432,3.52,0.92,1.73,102000.0,47900.0,41100.0,2710.0,2250.0,1330.0,12200.0,2290.0,0.719,40.0,41.7,32.4,0.024,2250.0,2300.0,2340.0
25.9,7.84,26.0,14.6,0.467,0.866,1.12,0.571,16.3,17500.0,5620.0,22600.0,13400.0,401.0,870.0,1390.0,484.0,6.76,12.9,13.4,11.66,0.0381,2040.0,2133.0,2206.0
28.2,13.7,12.5,15.2,4.65,0.473,0.385,0.736,17.7,15600.0,8600.0,10400.0,12800.0,3320.0,414.0,379.0,521.0,8.22,10.2,11.8,9.44,0.13,2060.0,2140.0,2180.0
41.3,24.4,25.3,0.574,0.697,0.351,2.24,1.42,0.925,33400.0,22300.0,30600.0,709.0,726.0,449.0,3210.0,1470.0,0.374,17.1,17.3,15.22,0.006,2160.0,2460.0,2630.0
55.3,22.8,4.9,1.2,0.946,0.446,2.7,1.6,1.6,19700.0,9190.0,2610.0,653.0,434.0,251.0,1710.0,729.0,0.65,7.5,7.62,6.3,0.013,2705.0,2795.0,2800.0
53.0,24.8,6.2,2.8,1.36,0.351,2.7,1.3,3.5,34700.0,18400.0,6070.0,2800.0,1150.0,364.0,3150.0,1090.0,1.41,13.9,14.0,15.4,0.023,2505.0,2625.0,2730.0
52.6,23.8,9.7,0.92,1.11,0.392,3.0,1.1,1.4,23500.0,12000.0,6480.0,628.0,640.0,277.0,2390.0,629.0,0.563,9.5,9.56,11.5,0.15,2515.0,2605.0,2715.0
40.4,16.6,33.7,1.2,0.564,0.189,1.74,1.15,1.63,50000.0,23200.0,62400.0,2270.0,899.0,370.0,3830.0,1820.0,0.661,26.0,26.4,25.21,0.035,1970.0,2120.0,2160.0
55.2,25.0,11.7,0.882,0.349,0.419,1.56,1.51,1.2,22100.0,11300.0,7010.0,539.0,180.0,265.0,1110.0,770.0,0.489,8.4,8.55,8.47,0.0041,2580.0,2720.0,2780.0
53.7,24.4,9.27,1.65,1.66,0.5,4.06,1.07,2.0,89900.0,46200.0,23200.0,4230.0,3580.0,1330.0,12100.0,2290.0,0.81,35.4,35.8,26.6,0.025,2100.0,2150.0,2200.0
54.6,28.0,6.4,0.4,0.996,0.851,2.3,1.4,1.5,43900.0,25500.0,7690.0,491.0,1030.0,1080.0,3290.0,1440.0,0.625,16.5,17.2,15.7,0.012,2800.0,2800.0,2800.0
55.6,31.9,2.57,1.43,0.614,0.378,1.33,2.37,1.73,19700.0,12800.0,1370.0,774.0,281.0,212.0,842.0,1080.0,0.698,7.5,7.59,7.55,0.0061,2800.0,2800.0,2800.0
49.0,27.2,13.9,0.686,1.06,0.419,2.79,1.45,1.13,14400.0,9030.0,6090.0,307.0,401.0,194.0,1460.0,546.0,0.455,6.2,6.27,12.59,0.0073,1920.0,1960.0,2140.0
47.1,28.9,10.3,1.85,0.83,0.203,2.01,1.67,1.65,20400.0,14200.0,6700.0,1220.0,463.0,139.0,1550.0,926.0,0.672,9.1,9.26,8.57,0.0047,2510.0,2620.0,2700.0
53.9,28.8,4.0,1.66,0.662,0.208,1.86,1.49,2.11,20400.0,11300.0,2100.0,716.0,308.0,119.0,1310.0,790.0,0.861,7.68,7.8,7.02,0.00447,2800.0,2800.0,2800.0
48.4,41.2,4.1,0.448,0.448,0.122,1.97,2.53,0.7,54600.0,52600.0,6940.0,773.0,653.0,218.0,3960.0,3650.0,0.292,23.2,24.2,22.59,0.002,2800.0,2800.0,2800.0
40.7,18.3,29.7,1.19,1.41,0.324,3.37,0.686,2.33,29200.0,14800.0,31900.0,1300.0,1300.0,368.0,4290.0,629.0,0.944,15.1,15.3,18.1,0.023,1980.0,2100.0,2220.0
46.4,26.3,9.8,1.3,0.697,1.28,3.3,1.4,1.9,10200.0,6520.0,3210.0,435.0,197.0,445.0,1290.0,392.0,0.792,4.5,4.69,3.0,0.0069,2405.0,2490.0,2575.0
55.0,32.0,6.3,0.46,0.579,0.809,2.1,1.8,0.87,19800.0,13000.0,3400.0,253.0,269.0,462.0,1350.0,830.0,0.363,7.4,7.71,7.3,0.00826,2910.0,2910.0,2910.0
48.4,32.8,8.09,0.896,0.332,0.149,0.589,2.16,1.27,12700.0,9760.0,3190.0,360.0,113.0,61.9,276.0,726.0,0.513,5.6,5.63,5.9,0.0042,2420.0,2510.0,2620.0
53.9,33.9,2.2,0.56,0.93,0.243,3.56,2.12,0.475,40800.0,29000.0,2490.0,647.0,906.0,291.0,4790.0,2050.0,0.193,15.9,16.2,15.05,0.0098,2800.0,2800.0,2800.0
42.1,29.1,14.3,1.97,0.979,0.945,2.39,1.12,1.8,10500.0,8240.0,5340.0,753.0,315.0,374.0,1060.0,358.0,0.726,5.3,5.34,4.4,0.0083,2520.0,2610.0,2710.0
33.0,17.0,21.0,4.0,0.481,0.257,0.82,0.43,2.2,20100.0,11700.0,19100.0,3720.0,378.0,247.0,888.0,335.0,0.917,12.5,13.0,11.4,0.045,1955.0,2060.0,2115.0
39.0,26.9,19.7,2.39,0.996,0.392,2.46,1.07,2.5,28700.0,22400.0,21700.0,2690.0,945.0,457.0,3230.0,1010.0,1.02,15.4,15.8,14.7,0.013,2050.0,2160.0,2260.0
56.4,22.3,9.01,1.67,1.51,0.662,3.22,1.09,1.95,49400.0,22100.0,11800.0,2230.0,1710.0,919.0,5030.0,1220.0,0.791,18.5,18.8,17.6,0.018,2370.0,2460.0,2550.0
62.9,24.2,4.06,0.854,0.465,0.311,1.98,1.64,1.25,25200.0,11000.0,2440.0,523.0,240.0,197.0,1420.0,841.0,0.505,8.5,8.58,8.6,0.0023,2800.0,2800.0,2800.0
40.9,23.6,13.0,6.16,1.66,0.23,0.925,1.59,7.75,7120.0,4660.0,3390.0,1640.0,373.0,63.4,287.0,354.0,3.13,3.7,3.73,3.68,0.028,2170.0,2300.0,2420.0
23.5,10.9,43.0,9.71,0.531,0.0824,1.35,0.518,8.0,21300.0,11200.0,58100.0,13400.0,619.0,118.0,2170.0,599.0,3.26,19.0,19.3,17.3,0.077,1940.0,2020.0,2140.0
40.7,19.1,38.6,0.672,0.498,0.203,1.29,0.769,1.5,20400.0,10800.0,29000.0,515.0,322.0,161.0,1150.0,494.0,0.613,10.5,10.7,9.9,0.013,2010.0,2120.0,2210.0
40.2,26.1,23.7,1.12,0.93,0.446,2.36,1.24,2.1,38100.0,28000.0,33600.0,1620.0,1130.0,669.0,3970.0,1500.0,0.847,20.1,20.3,19.4,0.0071,2040.0,2150.0,2250.0
66.2,15.5,9.01,2.96,0.631,0.162,0.228,1.84,3.73,61300.0,16300.0,12500.0,4180.0,753.0,238.0,377.0,2180.0,1.59,18.6,19.9,18.8,0.029,2420.0,2510.0,2540.0
37.0,24.0,13.0,4.2,1.31,0.432,2.8,1.0,1.1,12600.0,9260.0,6630.0,2190.0,576.0,233.0,1700.0,436.0,0.458,7.0,7.29,4.9,0.0363,2300.0,2400.0,2620.0
48.8,24.0,12.7,2.35,0.83,0.189,2.62,1.0,0.225,42900.0,23900.0,16700.0,3160.0,940.0,263.0,4100.0,1130.0,0.0919,18.4,18.8,18.0,0.016,2380.0,2490.0,2580.0
55.5,27.8,4.96,1.26,0.78,0.243,3.09,2.09,1.45,19400.0,11000.0,2600.0,673.0,352.0,135.0,1920.0,935.0,0.587,7.4,7.48,16.8,0.023,2710.0,2790.0,2800.0
20.9,13.7,52.8,2.1,0.349,0.351,0.541,0.518,2.5,7170.0,5320.0,27100.0,1100.0,154.0,191.0,330.0,228.0,1.02,7.2,7.34,8.26,0.012,1970.0,2080.0,2130.0
54.7,23.5,13.3,0.308,0.93,0.257,3.35,1.13,1.2,67100.0,32600.0,24500.0,578.0,1470.0,499.0,7330.0,1780.0,0.485,26.0,26.3,25.1,0.0085,2200.0,2400.0,2480.0
43.8,20.7,20.3,4.24,0.963,0.257,2.3,1.1,2.5,34700.0,18500.0,24000.0,5140.0,983.0,322.0,3240.0,1120.0,1.01,16.8,17.0,16.6,0.034,1910.0,2000.0,2150.0
27.8,15.0,36.5,5.42,0.332,0.216,1.42,0.987,5.38,20400.0,12500.0,40000.0,6070.0,314.0,251.0,1850.0,925.0,2.18,15.5,15.7,14.9,0.045,2000.0,2090.0,2160.0
26.5,11.9,41.0,1.67,0.448,1.49,1.33,0.452,3.25,3270.0,1660.0,7570.0,314.0,71.2,290.0,293.0,71.2,1.32,2.6,2.64,2.27,0.01,2020.0,2100.0,2190.0
62.2,27.2,3.65,0.21,0.531,0.176,2.16,1.67,0.45,81400.0,40200.0,7140.0,420.0,896.0,364.0,5040.0,2800.0,0.181,27.8,28.0,29.4,0.0021,2800.0,2800.0,2800.0
48.8,32.3,5.01,1.04,0.83,0.392,2.58,1.32,1.58,30400.0,22800.0,4660.0,985.0,666.0,386.0,2860.0,1050.0,0.636,13.2,13.3,11.62,0.0088,2710.0,2800.0,2800.0
50.0,21.0,9.7,0.85,0.631,0.203,1.1,1.3,0.77,14400.0,6830.0,4170.0,373.0,234.0,92.2,562.0,478.0,0.321,5.9,6.15,9.9,0.017,2030.0,2080.0,2130.0
33.4,28.2,10.7,8.56,1.54,0.378,0.781,1.0,6.08,14800.0,14100.0,7120.0,5800.0,883.0,266.0,617.0,570.0,2.45,9.4,9.49,8.85,0.035,2440.0,2510.0,2570.0
56.7,29.2,2.7,0.85,0.465,0.675,1.4,2.0,0.7,30700.0,17900.0,2190.0,704.0,325.0,580.0,1350.0,1390.0,0.288,11.3,11.6,10.3,0.0046,2800.0,2800.0,2800.0
59.3,27.2,4.0,1.04,1.05,0.203,2.25,1.25,1.48,34600.0,18000.0,3500.0,925.0,787.0,187.0,2340.0,937.0,0.594,12.4,12.5,10.09,0.003,2790.0,2800.0,2800.0
57.1,31.0,2.0,2.11,0.465,0.743,0.505,1.24,1.35,69800.0,42900.0,3660.0,3950.0,732.0,1440.0,1100.0,1950.0,0.549,25.7,26.1,22.34,0.0098,2800.0,2800.0,2800.0
32.1,20.2,37.6,1.82,0.415,0.203,1.07,0.719,0.825,16700.0,11900.0,29300.0,1450.0,279.0,167.0,992.0,479.0,0.344,10.7,11.1,10.5,0.015,1960.0,2070.0,2150.0
48.8,32.3,6.21,1.79,0.73,0.203,2.0,1.62,1.23,16000.0,12000.0,3050.0,901.0,310.0,106.0,1170.0,682.0,0.5,6.9,7.04,6.8,0.033,2690.0,2790.0,2800.0
29.7,25.7,23.7,6.3,1.58,1.23,1.21,1.2,3.3,4510.0,4410.0,5380.0,1460.0,308.0,295.0,328.0,234.0,1.34,3.2,3.24,3.0,0.02,2200.0,2280.0,2380.0
17.4,13.4,47.6,6.26,0.481,0.459,0.517,0.552,7.38,5570.0,4860.0,22800.0,3060.0,199.0,233.0,295.0,226.0,3.02,6.7,6.85,6.12,0.02,1870.0,2040.0,2100.0
38.9,15.2,17.8,7.1,0.78,0.149,2.0,0.89,3.8,24700.0,10900.0,16900.0,6880.0,638.0,149.0,2260.0,722.0,1.6,12.9,13.6,12.1,0.033,2045.0,2145.0,2255.0
32.9,23.4,35.8,0.728,0.481,0.122,1.6,1.49,1.68,20000.0,16100.0,32500.0,675.0,377.0,117.0,1730.0,1160.0,0.675,12.9,13.0,12.73,0.13,2030.0,2210.0,2400.0
30.0,15.9,31.4,8.88,1.01,0.189,1.51,0.619,6.13,17500.0,10500.0,27400.0,7910.0,761.0,175.0,1570.0,461.0,2.5,12.2,12.5,11.14,0.058,2050.0,2080.0,2310.0
35.1,17.7,35.5,1.59,0.581,0.0945,1.37,1.11,2.12,22800.0,13000.0,34500.0,1580.0,487.0,97.3,1580.0,923.0,0.893,13.2,13.9,12.6,0.013,2020.0,2130.0,2590.0
30.0,18.0,39.9,2.35,0.581,0.324,1.44,0.619,3.43,11100.0,7550.0,22100.0,1330.0,278.0,190.0,952.0,294.0,1.39,7.8,7.93,6.76,0.021,2030.0,2050.0,2520.0
46.2,20.6,23.0,1.93,0.847,0.162,1.69,1.27,2.5,26400.0,13300.0,19700.0,1690.0,624.0,147.0,1730.0,931.0,1.02,12.0,12.2,9.0,0.026,2080.0,2190.0,2470.0
30.8,24.8,32.9,1.79,0.315,0.128,0.28,0.56,2.84,11100.0,10100.0,17800.0,985.0,146.0,73.2,180.0,258.0,1.18,7.4,7.71,7.4,0.018,2180.0,2460.0,2660.0
46.4,30.1,10.6,1.76,0.93,0.567,2.84,1.77,1.38,26100.0,19100.0,8940.0,1520.0,674.0,505.0,2840.0,1280.0,0.561,11.8,12.0,10.86,0.013,2330.0,2700.0,2800.0
47.1,28.7,7.76,0.644,0.847,0.351,3.15,1.35,1.18,28500.0,19700.0,7040.0,597.0,661.0,337.0,3400.0,1050.0,0.476,12.8,13.0,11.45,0.0083,2610.0,2740.0,2790.0
46.3,19.5,22.3,1.75,1.43,0.554,3.57,0.886,2.65,66500.0,31600.0,47900.0,3840.0,2640.0,1260.0,9120.0,1630.0,1.07,30.5,30.7,29.0,0.027,1990.0,2080.0,2200.0
14.0,11.3,63.4,2.11,0.249,0.115,0.2,0.2,3.48,7230.0,6580.0,49000.0,1670.0,166.0,94.0,184.0,132.0,1.41,10.9,11.1,11.4,0.14,2320.0,2370.0,2470.0
51.4,32.5,4.06,2.85,1.06,1.2,3.34,1.26,2.86,21300.0,15200.0,2510.0,1800.0,567.0,788.0,2460.0,667.0,1.19,8.5,8.85,8.52,3e-06,2700.0,2700.0,2700.0
30.8,19.8,27.1,7.65,0.697,0.675,0.974,0.853,8.75,10500.0,7640.0,13800.0,3970.0,305.0,364.0,589.0,371.0,3.54,7.2,7.27,7.3,0.031,2050.0,2160.0,2250.0
53.7,23.8,10.3,0.591,0.631,0.162,3.39,1.3,0.78,15500.0,7770.0,4440.0,260.0,234.0,74.0,1740.0,480.0,0.326,5.9,6.18,5.7,0.0232,2015.0,2105.0,2195.0
44.2,27.6,19.7,1.5,0.664,1.01,1.4,1.5,2.6,20000.0,14100.0,13300.0,1040.0,388.0,727.0,1130.0,869.0,1.08,9.3,9.69,8.7,0.0075,2180.0,2400.0,2580.0
47.3,31.9,3.29,2.55,0.498,1.08,1.37,1.81,1.75,9120.0,6980.0,949.0,751.0,124.0,330.0,471.0,446.0,0.705,4.1,4.13,3.55,0.0094,2780.0,2800.0,2800.0
43.1,25.4,21.5,2.2,0.813,0.608,2.4,1.3,4.0,23900.0,16000.0,17900.0,1870.0,582.0,534.0,2370.0,923.0,1.67,11.4,11.9,10.6,0.01,2045.0,2180.0,2290.0
31.0,22.0,24.0,4.1,0.481,0.378,1.3,1.3,4.5,10700.0,8610.0,12400.0,2170.0,214.0,207.0,800.0,575.0,1.88,7.1,7.4,6.7,0.0168,2100.0,2150.0,2200.0
52.0,23.4,9.68,1.76,1.38,0.405,3.16,1.27,1.78,84300.0,43000.0,23500.0,4370.0,2880.0,1040.0,9120.0,2640.0,0.722,34.1,34.7,17.3,0.016,2000.0,2130.0,2240.0
17.4,7.56,55.6,7.11,0.166,0.216,0.769,0.435,3.58,12400.0,6100.0,59300.0,7740.0,152.0,244.0,975.0,396.0,1.44,15.1,15.2,14.6,0.024,2180.0,2260.0,2370.0
27.2,16.3,50.7,0.63,0.266,0.0446,0.877,0.569,0.75,19000.0,12900.0,53000.0,673.0,239.0,49.4,1090.0,509.0,0.301,14.9,15.0,14.5,0.0065,2060.0,2150.0,2250.0
44.9,29.9,7.58,2.14,1.03,1.49,2.43,1.27,2.9,7430.0,5590.0,1880.0,542.0,219.0,389.0,715.0,269.0,1.17,3.5,3.54,3.31,0.0084,2410.0,2520.0,2680.0
50.9,29.9,5.28,0.966,1.44,0.392,4.45,1.1,1.5,28800.0,19100.0,4460.0,835.0,1050.0,351.0,4480.0,798.0,0.61,11.9,12.1,9.2,0.017,2740.0,2800.0,2800.0
44.7,29.8,17.1,1.15,0.73,0.0945,2.6,1.19,1.26,36600.0,27600.0,20900.0,1440.0,770.0,123.0,3790.0,1250.0,0.525,16.8,17.5,15.7,0.009,2457.0,2550.0,2623.0
48.4,33.1,4.48,1.39,0.83,0.162,1.88,0.97,2.0,15900.0,12300.0,2210.0,698.0,352.0,84.6,1100.0,409.0,0.817,6.9,7.05,6.41,0.0081,2800.0,2800.0,2800.0
40.1,27.5,21.5,1.51,0.598,0.126,2.39,1.19,1.73,13700.0,10700.0,11000.0,791.0,264.0,68.1,1460.0,520.0,0.702,7.2,7.33,6.6,0.0045,2420.0,2530.0,2650.0
44.0,27.8,19.7,0.952,0.548,0.176,1.92,1.34,1.55,17200.0,12300.0,11500.0,569.0,276.0,109.0,1340.0,670.0,0.641,8.1,8.37,7.5,0.0092,2570.0,2610.0,2660.0
29.3,23.4,29.0,3.17,0.797,1.76,1.42,0.89,5.18,4560.0,4130.0,6760.0,754.0,160.0,433.0,394.0,177.0,2.16,3.2,3.33,3.2,0.017,2015.0,2245.0,2415.0
51.3,38.1,3.27,0.25,0.515,0.189,2.02,1.91,0.24,75600.0,63600.0,7220.0,564.0,979.0,442.0,5310.0,3610.0,0.0978,31.0,31.6,31.5,0.004,2910.0,2910.0,2910.0
48.6,23.3,10.2,4.31,1.56,0.432,4.06,0.803,3.43,78300.0,42400.0,24500.0,10600.0,3240.0,1100.0,11700.0,1660.0,1.43,33.1,34.5,21.0,0.024,2140.0,2190.0,2280.0
46.9,28.2,17.0,0.938,0.481,0.257,1.54,1.07,1.53,14300.0,9750.0,7790.0,439.0,190.0,124.0,838.0,419.0,0.624,6.4,6.55,6.4,0.01,2400.0,2490.0,2580.0
54.4,24.4,10.6,0.51,1.13,0.189,3.26,1.36,1.37,99700.0,50600.0,29100.0,1430.0,2670.0,549.0,10600.0,3190.0,0.553,38.9,39.2,37.98,0.087,2470.0,2560.0,2790.0
35.9,23.5,25.9,2.49,0.664,0.284,1.54,0.9,2.69,15700.0,11600.0,16900.0,1660.0,374.0,196.0,1200.0,503.0,1.09,9.2,9.35,10.8,0.018,2300.0,2570.0,2670.0
52.9,30.8,3.43,1.08,0.847,0.203,2.48,2.16,1.1,22600.0,14900.0,2190.0,703.0,466.0,137.0,1880.0,1180.0,0.446,9.0,9.13,8.32,0.0083,2800.0,2800.0,2800.0
50.2,32.8,6.7,1.1,0.664,0.135,2.0,0.74,1.8,33800.0,25000.0,6750.0,1130.0,576.0,144.0,2400.0,637.0,0.73,14.2,14.4,12.2,0.043,2910.0,2910.0,2910.0
47.5,35.3,6.97,0.464,0.673,0.189,2.81,1.62,0.217,40500.0,34200.0,8170.0,486.0,829.0,274.0,4860.0,1550.0,0.088,18.0,18.2,17.02,0.011,2910.0,2910.0,2910.0
37.6,26.7,25.4,2.86,1.06,0.405,1.67,1.02,3.25,17600.0,14200.0,17800.0,2050.0,643.0,301.0,1400.0,613.0,1.32,9.9,10.0,8.7,0.03,2020.0,2180.0,2420.0
47.0,23.6,10.6,4.54,0.88,0.351,2.18,1.19,2.5,35600.0,20200.0,12000.0,5250.0,858.0,421.0,2930.0,1150.0,1.02,15.9,16.2,14.81,0.025,2270.0,2370.0,2460.0
36.0,17.3,26.7,6.72,1.03,0.297,2.73,0.652,4.9,50300.0,27400.0,56000.0,14400.0,1860.0,658.0,6790.0,1170.0,1.99,29.5,29.9,25.9,0.025,1850.0,1970.0,2070.0
41.3,33.9,11.6,1.11,0.598,0.338,1.75,1.39,1.3,16800.0,15500.0,7020.0,685.0,312.0,217.0,1270.0,720.0,0.524,8.6,8.67,7.6,0.0077,2650.0,2760.0,2800.0
47.4,31.8,7.48,1.78,0.631,0.878,1.74,1.87,2.63,36700.0,27900.0,8670.0,2110.0,630.0,1080.0,2400.0,1860.0,1.06,16.4,16.6,3.4,0.014,2660.0,2770.0,2800.0
43.7,28.5,20.7,1.2,0.548,0.365,1.74,1.29,1.27,26300.0,19500.0,18700.0,1110.0,426.0,348.0,1870.0,994.0,0.518,12.7,12.9,13.26,0.01,2520.0,2650.0,2720.0
54.6,29.6,4.03,1.29,0.847,0.284,2.7,1.52,1.35,28200.0,17300.0,3120.0,1020.0,564.0,232.0,2490.0,1010.0,0.548,10.9,11.1,10.3,0.0079,2800.0,2800.0,2800.0
38.5,19.7,28.7,1.81,0.747,0.149,1.65,0.96,2.5,24200.0,14000.0,27000.0,1740.0,605.0,148.0,1840.0,771.0,1.04,12.9,13.4,14.0,0.016,2080.0,2180.0,2460.0
43.9,20.2,27.7,1.09,0.647,0.149,2.37,1.27,1.78,28400.0,14800.0,26800.0,1080.0,540.0,152.0,2730.0,1050.0,0.728,13.5,13.8,12.56,0.0078,2030.0,2110.0,2160.0
43.6,23.4,19.4,1.22,1.16,0.513,2.86,0.987,2.3,17000.0,10400.0,11300.0,726.0,585.0,317.0,1990.0,493.0,0.937,8.2,8.35,7.89,0.014,2230.0,2310.0,2520.0
53.9,22.9,11.2,0.924,1.66,0.176,4.63,0.753,2.03,63300.0,30400.0,19700.0,1660.0,2510.0,326.0,9670.0,1130.0,0.823,24.7,25.1,39.9,0.042,2320.0,2450.0,2550.0
64.4,23.6,2.92,2.28,0.365,0.189,0.397,2.01,1.3,116000.0,48300.0,7880.0,6290.0,850.0,541.0,1270.0,4630.0,0.528,38.0,38.6,36.96,0.024,2720.0,2800.0,2800.0
38.4,17.5,34.9,1.43,0.83,0.216,1.98,0.803,2.9,32700.0,16900.0,44500.0,1860.0,911.0,292.0,3010.0,875.0,1.19,17.7,18.2,17.0,0.026,1940.0,2050.0,2140.0
41.2,23.6,26.0,1.2,1.23,0.635,1.3,1.5,2.2,16000.0,10400.0,15200.0,714.0,617.0,392.0,901.0,748.0,0.917,8.0,8.33,7.5,0.013,2030.0,2155.0,2260.0
53.2,31.1,2.92,0.504,1.06,0.378,4.24,1.37,1.05,41700.0,27600.0,3420.0,604.0,1070.0,470.0,5920.0,1380.0,0.424,16.6,16.8,16.67,0.0084,2800.0,2800.0,2800.0
56.7,29.5,5.7,0.6,0.465,0.797,2.3,1.4,1.3,40300.0,23700.0,6060.0,652.0,426.0,897.0,2910.0,1270.0,0.542,14.6,15.2,14.3,0.009,2800.0,2800.0,2800.0
27.0,18.3,40.8,2.0,0.498,0.23,1.39,0.783,3.3,10600.0,8180.0,24100.0,1210.0,253.0,143.0,979.0,395.0,1.38,8.1,8.44,7.3,0.031,2065.0,2165.0,2255.0
46.9,19.7,9.32,8.45,1.46,0.621,2.79,0.936,4.3,32200.0,15300.0,9590.0,8870.0,1290.0,677.0,3410.0,824.0,1.74,14.5,14.7,14.4,0.025,2030.0,2140.0,2230.0
47.4,32.2,6.6,1.1,0.714,0.338,2.9,1.3,1.2,17700.0,13600.0,3680.0,627.0,343.0,199.0,1930.0,620.0,0.491,7.8,7.98,8.8,0.0062,2800.0,2800.0,2800.0
40.0,24.7,24.9,1.47,0.664,0.23,1.53,0.97,1.63,11500.0,8070.0,10700.0,648.0,247.0,105.0,784.0,358.0,0.658,6.1,6.17,6.55,0.012,2230.0,2500.0,2580.0
43.1,31.0,10.0,1.68,1.38,0.99,0.683,1.62,2.32,10500.0,8530.0,3640.0,621.0,432.0,379.0,297.0,505.0,0.934,5.18,5.21,5.69,0.0155,2645.0,2744.0,2787.0
39.4,24.2,25.4,1.06,0.598,0.216,1.53,1.07,2.5,16500.0,11500.0,16000.0,679.0,323.0,144.0,1140.0,576.0,1.01,8.9,8.97,8.28,0.018,2080.0,2210.0,2360.0
46.6,22.6,15.8,3.31,0.81,0.596,1.78,1.07,2.63,35900.0,20200.0,17300.0,3700.0,786.0,679.0,2300.0,1120.0,1.1,15.7,16.4,14.77,0.0117,2176.0,2277.0,2426.0
49.0,22.0,16.0,0.28,1.03,0.243,2.7,0.99,0.94,56500.0,28700.0,27600.0,494.0,1530.0,444.0,5550.0,1460.0,0.392,23.7,24.7,24.9,0.0181,2360.0,2410.0,2640.0
41.9,23.7,27.0,0.7,0.946,0.729,1.8,1.3,2.2,38500.0,24700.0,37200.0,984.0,1120.0,1060.0,2950.0,1530.0,0.917,18.9,19.7,20.9,0.004,2080.0,2130.0,2180.0
33.6,13.1,46.1,0.966,0.598,0.149,1.65,0.652,1.98,22800.0,10000.0,46800.0,1000.0,522.0,160.0,1990.0,566.0,0.813,14.1,14.5,12.9,0.02,1910.0,2000.0,2100.0
37.2,20.8,31.6,1.6,0.415,0.27,1.3,0.903,1.7,16100.0,10200.0,20500.0,1060.0,231.0,185.0,1000.0,500.0,0.692,9.1,9.26,10.4,0.02,1990.0,2100.0,2190.0
24.8,14.0,56.0,1.29,0.166,0.162,0.64,0.65,2.2,17000.0,10900.0,57400.0,1350.0,147.0,176.0,781.0,570.0,0.89,14.5,14.7,13.77,0.021,2050.0,2070.0,2170.0
36.9,20.3,34.6,1.18,0.465,0.162,1.79,0.89,1.45,19600.0,12200.0,27500.0,959.0,319.0,137.0,1700.0,606.0,0.584,11.3,11.4,11.2,0.006,1970.0,2070.0,2470.0
30.8,16.6,21.5,12.7,0.564,0.297,1.31,0.585,8.05,16400.0,10000.0,17100.0,10300.0,387.0,250.0,1240.0,398.0,3.27,11.2,11.4,10.11,0.035,2190.0,2310.0,2390.0
44.1,23.8,20.9,1.53,0.706,0.211,2.26,1.09,1.59,24300.0,14900.0,17000.0,1250.0,505.0,185.0,2220.0,768.0,0.641,11.6,11.8,10.34,0.00925,2137.0,2245.0,2336.0
21.7,11.5,47.8,4.47,0.581,0.203,0.805,0.635,3.33,25000.0,15000.0,82600.0,7870.0,864.0,370.0,1650.0,938.0,1.36,24.2,24.7,9.12,0.024,2430.0,2510.0,2540.0
41.6,28.3,11.9,2.21,1.46,0.405,4.46,1.15,3.53,5550.0,4290.0,2380.0,452.0,252.0,85.8,1060.0,197.0,1.44,2.8,2.86,7.17,0.014,2290.0,2550.0,2680.0
57.9,27.5,6.12,0.7,0.332,0.176,1.94,2.01,1.07,44900.0,24100.0,7090.0,829.0,332.0,216.0,2680.0,1990.0,0.43,16.5,16.6,16.76,0.0037,2710.0,2800.0,2800.0
58.0,27.0,3.9,0.26,1.16,0.243,2.6,1.4,0.4,43200.0,22800.0,4350.0,296.0,1120.0,287.0,3450.0,1330.0,0.167,15.3,15.9,14.7,0.0133,2910.0,2910.0,2910.0
56.8,31.2,2.67,1.46,0.548,0.378,1.8,1.92,1.8,24100.0,15000.0,1700.0,945.0,300.0,254.0,1360.0,1050.0,0.735,8.9,9.09,8.7,0.012,2800.0,2800.0,2800.0
32.1,16.3,20.7,13.0,0.681,0.284,1.41,0.786,8.75,17600.0,10100.0,17000.0,10900.0,481.0,247.0,1370.0,552.0,3.54,11.6,11.7,10.8,0.045,2110.0,2200.0,2310.0
51.8,31.6,3.92,1.48,0.996,0.81,2.43,1.3,1.7,11100.0,7670.0,1260.0,487.0,276.0,276.0,928.0,358.0,0.694,4.5,4.59,4.35,0.0083,2800.0,2800.0,2800.0
30.9,18.5,42.3,2.42,0.581,0.162,0.913,0.569,2.75,5970.0,4040.0,12200.0,714.0,145.0,49.5,314.0,140.0,1.14,4.0,4.13,3.8,0.017,1990.0,2080.0,2170.0
46.9,27.8,11.2,2.7,1.11,1.35,1.8,1.3,2.4,14800.0,9960.0,5300.0,1310.0,454.0,677.0,1010.0,526.0,1.0,6.5,6.77,6.2,0.013,2430.0,2480.0,2740.0
47.6,23.1,22.4,0.574,0.93,0.176,3.33,0.769,1.08,40800.0,22400.0,28700.0,753.0,1030.0,239.0,5090.0,845.0,0.434,18.2,18.4,17.89,0.013,2140.0,2200.0,2500.0
35.2,18.1,38.2,1.5,0.515,0.189,1.89,0.87,1.75,21000.0,12200.0,34100.0,1370.0,396.0,179.0,2010.0,665.0,0.716,12.5,12.8,11.09,0.021,2040.0,2080.0,2560.0
31.5,21.2,31.2,2.55,1.08,0.419,1.97,1.09,2.7,6560.0,5000.0,9730.0,812.0,290.0,138.0,732.0,290.0,1.1,4.4,4.46,4.4,0.0099,2090.0,2150.0,2420.0
23.1,11.3,53.7,4.12,0.299,0.162,0.61,0.51,3.99,12700.0,7040.0,44200.0,3460.0,212.0,141.0,597.0,359.0,1.66,11.3,11.8,13.2,0.018,2140.0,2240.0,2420.0
47.8,30.1,13.8,0.5,0.996,1.01,2.3,1.5,2.2,32100.0,22900.0,13900.0,513.0,863.0,1080.0,2750.0,1290.0,0.917,13.8,14.4,19.1,0.0088,2580.0,2630.0,2740.0
51.7,37.8,1.57,0.81,0.481,0.149,2.29,1.73,0.9,28400.0,23500.0,1290.0,680.0,341.0,129.0,2240.0,1220.0,0.365,11.6,11.8,11.9,0.0052,2910.0,2910.0,2910.0
22.7,19.8,30.7,7.9,1.26,0.351,0.938,1.19,6.35,3680.0,3650.0,7470.0,1960.0,264.0,90.3,271.0,247.0,2.59,3.4,3.47,3.3,0.019,1920.0,2010.0,2100.0
48.2,27.6,12.6,1.46,0.714,0.338,1.43,1.04,1.78,14200.0,9180.0,5530.0,654.0,270.0,157.0,748.0,390.0,0.72,6.2,6.29,5.87,0.0024,2510.0,2590.0,2650.0
42.8,23.8,19.2,1.4,1.36,0.324,2.58,0.903,2.55,30700.0,19300.0,20600.0,1540.0,1260.0,368.0,3300.0,829.0,1.03,15.2,15.4,14.21,0.0072,2150.0,2360.0,2620.0
36.2,16.5,33.7,1.93,0.647,0.378,2.02,0.903,2.48,18700.0,9680.0,26100.0,1530.0,431.0,310.0,1860.0,597.0,1.02,10.7,11.1,9.27,0.014,1990.0,2080.0,2130.0
48.3,26.7,15.6,0.696,0.558,0.2,2.18,1.32,1.74,46000.0,27000.0,18100.0,719.0,713.0,255.0,3550.0,1440.0,0.725,18.8,19.3,15.66,0.00868,2236.0,2396.0,2646.0
45.5,29.2,7.01,3.88,1.83,0.446,4.09,1.09,3.65,8390.0,6110.0,1930.0,1090.0,434.0,130.0,1340.0,257.0,1.48,3.9,3.95,3.3,0.073,2350.0,2470.0,2550.0
34.7,17.8,37.2,1.06,0.78,0.108,2.44,0.736,1.98,23800.0,13900.0,38300.0,1120.0,691.0,118.0,2980.0,647.0,0.795,14.6,14.7,13.1,0.018,2050.0,2140.0,2410.0
48.8,24.4,11.4,2.97,1.59,0.486,3.47,1.05,2.13,76900.0,43500.0,26900.0,7150.0,3240.0,1210.0,9750.0,2130.0,0.861,33.3,33.7,30.6,0.031,2140.0,2260.0,2380.0
40.5,32.8,18.0,1.9,0.73,1.76,1.5,1.1,3.5,7290.0,6690.0,4850.0,523.0,170.0,501.0,481.0,254.0,1.46,3.7,3.85,3.8,0.0066,2485.0,2575.0,2695.0
52.9,20.8,15.4,0.77,1.11,0.378,2.87,1.15,1.48,21100.0,9410.0,9240.0,471.0,573.0,240.0,2050.0,590.0,0.608,8.3,8.56,7.79,0.0088,2210.0,2320.0,2530.0
46.2,31.4,12.6,0.448,0.681,0.162,2.21,1.04,1.25,66400.0,51000.0,27100.0,983.0,1260.0,369.0,5650.0,1910.0,0.504,30.5,30.7,28.7,0.01,2690.0,2800.0,2800.0
52.2,29.3,5.63,1.36,0.498,0.419,1.23,1.79,1.5,9240.0,5870.0,1490.0,367.0,114.0,117.0,386.0,405.0,0.614,3.7,3.79,3.6,0.0067,2800.0,2800.0,2800.0
29.1,22.3,37.2,1.36,0.299,0.257,1.03,1.19,1.78,8890.0,7710.0,17000.0,634.0,118.0,124.0,562.0,464.0,0.725,6.4,6.54,6.65,0.0064,2000.0,2100.0,2430.0
25.7,17.3,53.4,1.26,0.282,0.243,0.433,0.368,1.93,12500.0,9520.0,38800.0,935.0,177.0,187.0,374.0,229.0,0.792,10.1,10.4,9.2,0.019,2010.0,2100.0,2190.0
53.0,27.0,9.3,0.28,0.963,0.189,2.6,1.8,0.66,49300.0,28400.0,12900.0,398.0,1150.0,279.0,4300.0,2140.0,0.275,19.1,19.9,19.1,0.0362,2580.0,2680.0,2910.0
46.7,32.9,7.15,1.74,1.1,0.527,2.84,1.04,1.93,33100.0,26400.0,7590.0,1880.0,1000.0,592.0,3580.0,941.0,0.784,14.9,15.2,14.0,0.0094,2800.0,2800.0,2800.0
47.1,28.2,12.1,0.801,1.06,0.134,2.5,1.2,0.8,17600.0,11900.0,6760.0,457.0,511.0,79.1,1660.0,574.0,0.332,7.7,7.99,8.8,0.0155,2610.0,2710.0,2800.0
32.1,16.2,41.9,1.06,0.93,0.324,1.61,0.569,2.73,48100.0,27500.0,93900.0,2440.0,1790.0,769.0,4300.0,1090.0,1.1,31.7,32.1,27.02,0.8,2060.0,2090.0,2280.0
38.0,23.0,28.3,2.2,0.73,0.365,1.69,1.05,2.75,13500.0,9210.0,15000.0,1190.0,333.0,205.0,1070.0,477.0,1.13,7.4,7.58,6.4,0.023,2070.0,2160.0,2310.0
29.9,17.0,45.8,1.3,0.315,0.81,0.7,1.5,2.4,15700.0,10100.0,36000.0,1040.0,214.0,675.0,655.0,1010.0,1.0,10.8,11.3,10.4,0.012,2085.0,2205.0,2240.0
52.2,23.4,14.6,0.504,0.681,0.176,2.5,1.2,0.75,67800.0,34500.0,28400.0,1000.0,1140.0,361.0,5780.0,2000.0,0.302,27.6,27.8,24.4,0.013,2010.0,2120.0,2210.0
49.4,20.2,25.9,0.532,0.681,0.189,2.43,0.836,0.2,61200.0,28400.0,48000.0,1010.0,1090.0,371.0,5350.0,1320.0,0.0812,26.1,26.5,22.8,0.021,2170.0,2270.0,2350.0
38.3,21.7,30.0,1.67,0.946,0.446,3.45,1.0,2.0,22800.0,14700.0,26800.0,1520.0,728.0,421.0,3660.0,766.0,0.811,12.6,12.8,12.3,0.011,1900.0,2010.0,2080.0
36.6,20.1,30.5,1.43,0.448,0.189,0.865,1.14,1.35,16200.0,10100.0,20200.0,965.0,255.0,132.0,681.0,643.0,0.543,9.4,9.46,9.4,0.011,1900.0,2000.0,2140.0
48.8,29.5,6.15,3.14,1.1,0.365,1.09,1.92,2.42,21000.0,14400.0,3970.0,2070.0,609.0,249.0,840.0,1060.0,0.983,9.1,9.23,8.92,0.012,2620.0,2730.0,2800.0
40.5,19.6,7.0,13.5,1.11,0.243,0.69,1.4,9.1,28800.0,15800.0,7460.0,14700.0,1020.0,274.0,875.0,1280.0,3.67,15.1,15.2,15.0,0.031,2205.0,2300.0,2385.0
52.0,24.0,10.9,0.518,1.15,0.297,4.59,0.702,1.18,53100.0,27700.0,16600.0,808.0,1510.0,480.0,8340.0,917.0,0.475,21.6,21.8,17.9,0.0088,2240.0,2410.0,2580.0
30.6,17.7,41.2,1.54,0.465,0.459,0.974,0.87,2.5,10700.0,6990.0,21500.0,822.0,209.0,254.0,605.0,388.0,1.02,7.3,7.47,7.7,0.018,1950.0,2060.0,2150.0
37.9,13.7,30.1,7.34,0.332,0.717,1.02,0.794,4.99,17100.0,6940.0,19800.0,5540.0,191.0,513.0,808.0,460.0,2.08,9.32,9.71,7.48,0.0286,1956.0,2003.0,2081.0
26.0,15.6,31.6,4.6,0.813,0.675,0.77,0.9,7.5,12400.0,8440.0,22600.0,3360.0,501.0,511.0,655.0,550.0,3.04,10.1,10.2,10.7,0.037,1955.0,2055.0,2150.0
27.8,12.2,46.6,1.46,0.697,0.243,2.37,0.518,4.95,12500.0,6210.0,31500.0,1000.0,405.0,174.0,1900.0,299.0,2.01,9.5,9.65,7.61,0.02,2080.0,2100.0,2140.0
31.1,19.5,40.6,2.18,0.448,0.297,1.47,0.99,2.43,18200.0,12900.0,35500.0,1950.0,338.0,275.0,1530.0,740.0,1.01,12.0,12.5,12.3,0.031,2005.0,2105.0,2205.0
31.0,17.0,43.1,1.32,0.349,0.081,0.889,0.819,1.5,11800.0,7300.0,24500.0,765.0,171.0,48.8,602.0,399.0,0.618,7.9,8.14,7.1,0.0038,1920.0,2020.0,2090.0
51.1,28.0,9.22,1.05,0.979,0.135,2.32,1.24,1.0,36700.0,22700.0,9890.0,1150.0,905.0,153.0,2960.0,1140.0,0.404,15.2,15.3,13.9,0.009,2770.0,2800.0,2800.0
53.1,28.5,5.15,0.924,1.08,0.459,2.99,1.67,1.3,20200.0,12300.0,2930.0,537.0,529.0,277.0,2030.0,814.0,0.529,8.0,8.14,7.04,0.009,2740.0,2800.0,2800.0
52.5,26.7,13.4,0.8,0.797,0.203,2.47,1.41,1.01,45700.0,26300.0,17500.0,1070.0,895.0,280.0,3830.0,1570.0,0.421,17.9,18.6,18.62,0.0086,2330.0,2599.0,2673.0
56.2,31.0,4.82,1.3,1.83,0.324,3.05,1.32,1.48,53700.0,33500.0,6890.0,1900.0,2250.0,490.0,5190.0,1610.0,0.6,20.1,20.4,19.34,0.014,2700.0,2800.0,2800.0
54.2,28.7,9.8,0.7,0.614,0.959,2.7,1.5,1.4,29800.0,17900.0,8070.0,588.0,436.0,836.0,2640.0,1060.0,0.583,11.3,11.8,9.7,0.012,2585.0,2700.0,2785.0
46.4,26.7,16.2,0.896,0.797,0.459,2.66,1.32,1.43,47400.0,30800.0,24700.0,1400.0,1050.0,743.0,4830.0,1730.0,0.579,21.5,21.8,21.39,0.0087,2210.0,2340.0,2430.0
42.9,26.4,21.2,1.06,0.813,0.149,2.18,0.97,1.76,17300.0,12100.0,12800.0,654.0,424.0,95.1,1570.0,501.0,0.751,8.1,8.67,6.9,0.0066,2140.0,2250.0,2600.0
37.2,18.7,38.2,1.27,0.332,0.162,1.13,0.987,1.68,21200.0,12000.0,32500.0,1110.0,243.0,146.0,1140.0,717.0,0.679,12.0,12.2,11.9,0.0063,1920.0,2040.0,2090.0
44.5,33.1,8.01,0.686,0.863,0.378,3.33,1.81,1.1,32700.0,27500.0,8810.0,771.0,818.0,441.0,4360.0,1700.0,0.447,15.5,15.7,12.77,0.0047,2680.0,2800.0,2800.0
37.7,22.5,21.8,2.89,0.56,0.294,2.19,1.14,3.19,20300.0,13300.0,13700.0,2400.0,383.0,237.0,2190.0,778.0,1.31,10.5,10.8,9.79,0.0104,2176.0,2237.0,2340.0
46.5,28.2,13.8,1.04,0.614,0.324,2.2,1.69,2.02,13600.0,9340.0,6040.0,465.0,232.0,150.0,1150.0,633.0,0.816,6.2,6.26,6.25,0.037,2520.0,2620.0,2760.0
27.3,17.9,46.9,1.29,0.448,0.338,0.986,0.936,1.9,10900.0,8100.0,28100.0,788.0,231.0,214.0,702.0,480.0,0.775,8.4,8.57,8.2,0.017,2030.0,2110.0,2200.0
45.3,34.5,13.8,0.672,0.398,0.0405,0.841,1.96,1.2,29300.0,25300.0,13400.0,664.0,332.0,41.5,968.0,1620.0,0.488,13.6,13.8,10.4,0.017,2790.0,2800.0,2800.0
49.6,33.3,2.75,2.72,0.664,0.189,1.41,1.37,1.25,19600.0,14900.0,1620.0,1640.0,338.0,118.0,988.0,693.0,0.509,8.3,8.45,6.8,0.0036,2610.0,2720.0,2800.0
40.9,23.6,22.2,0.615,0.822,0.434,1.95,1.05,0.559,33200.0,21700.0,26800.0,761.0,865.0,563.0,2830.0,1090.0,0.233,16.6,17.3,11.77,0.0149,2224.0,2320.0,2403.0
56.8,28.2,6.39,1.3,0.747,0.189,1.97,1.59,0.875,27500.0,15400.0,4620.0,962.0,466.0,145.0,1700.0,983.0,0.355,10.2,10.3,9.5,0.0046,2640.0,2740.0,2800.0
57.0,24.0,1.8,0.2,0.747,0.419,2.4,1.6,0.08,44400.0,21200.0,2100.0,238.0,750.0,517.0,3330.0,1590.0,0.0333,16.0,16.7,15.7,0.0068,2910.0,2910.0,2910.0
39.6,26.2,28.1,1.39,0.515,0.135,1.29,1.62,1.18,15400.0,11600.0,16400.0,824.0,258.0,83.3,891.0,808.0,0.477,8.2,8.33,10.7,0.0069,2580.0,2720.0,2790.0
45.0,22.3,24.5,0.518,0.697,0.081,2.18,1.04,1.02,32700.0,18400.0,26600.0,576.0,653.0,93.3,2820.0,965.0,0.417,15.3,15.6,14.7,0.0077,2150.0,2280.0,2420.0
53.5,24.8,6.44,1.29,1.83,0.918,3.69,1.22,2.03,32100.0,16800.0,5780.0,1180.0,1410.0,873.0,3940.0,938.0,0.819,12.7,12.8,12.3,0.014,2450.0,2550.0,2640.0
35.7,20.2,30.6,1.88,0.714,0.405,1.91,0.769,3.15,15400.0,9870.0,19700.0,1240.0,397.0,277.0,1470.0,424.0,1.28,9.1,9.22,7.45,0.016,1970.0,2060.0,2230.0
32.1,23.0,31.3,2.57,0.415,0.351,0.68,1.04,3.17,4150.0,3380.0,6060.0,509.0,69.3,72.1,157.0,172.0,1.3,2.7,2.77,2.4,0.0054,1940.0,2090.0,2190.0
27.8,15.3,38.5,3.54,0.963,0.648,1.68,0.803,3.65,7040.0,4390.0,14600.0,1370.0,314.0,260.0,758.0,260.0,1.52,5.2,5.42,6.2,0.025,2040.0,2090.0,2140.0
39.2,22.6,30.0,1.57,0.498,0.243,1.1,1.12,2.39,20000.0,13100.0,22900.0,1230.0,328.0,197.0,1000.0,733.0,0.996,10.5,10.9,10.1,0.028,2140.0,2260.0,2440.0
45.9,33.7,7.9,1.6,0.78,1.09,3.2,1.2,4.0,14100.0,11700.0,3630.0,750.0,308.0,532.0,1750.0,471.0,1.67,6.3,6.56,5.8,0.01,2765.0,2800.0,2800.0
38.9,17.4,30.5,2.8,0.78,0.351,2.01,0.803,1.63,31800.0,16200.0,37300.0,3500.0,822.0,455.0,2920.0,840.0,0.665,17.1,17.5,14.78,0.023,2020.0,2040.0,2100.0
25.5,12.6,31.6,10.8,0.647,0.635,1.44,0.585,7.65,17500.0,9820.0,32500.0,11300.0,573.0,691.0,1760.0,514.0,3.12,14.4,14.7,12.15,0.084,1970.0,2000.0,2100.0
52.4,28.2,7.72,0.448,0.913,0.162,2.5,1.82,0.725,31600.0,19200.0,6960.0,413.0,709.0,155.0,2680.0,1410.0,0.292,12.8,12.9,11.64,0.007,2760.0,2800.0,2800.0
28.8,21.4,29.6,6.1,0.747,0.203,0.9,0.7,10.6,8900.0,7490.0,13700.0,2880.0,298.0,99.2,495.0,277.0,4.31,6.5,6.61,5.99,0.024,2080.0,2220.0,2440.0
14.6,11.3,58.5,3.75,0.93,0.432,0.913,0.318,6.25,3830.0,3350.0,22900.0,1500.0,314.0,179.0,425.0,106.0,2.54,5.5,5.6,5.49,0.027,2080.0,2170.0,2570.0
60.8,24.4,4.18,1.88,0.747,0.176,1.77,2.39,1.98,25700.0,11700.0,2640.0,1210.0,407.0,118.0,1330.0,1290.0,0.803,8.9,9.05,9.1,0.035,2700.0,2790.0,2800.0
50.1,19.5,25.7,5.42,0.664,0.419,0.998,0.87,4.25,17500.0,7720.0,13500.0,2900.0,300.0,232.0,622.0,390.0,1.72,7.4,7.49,7.2,0.019,2060.0,2150.0,2260.0
45.6,33.1,7.29,2.54,0.73,0.392,1.54,0.987,2.88,9900.0,8140.0,2370.0,840.0,204.0,135.0,594.0,274.0,1.16,4.6,4.64,4.3,0.011,2760.0,2800.0,2800.0
37.7,20.8,27.3,2.62,0.747,0.122,1.61,0.87,4.0,8530.0,5330.0,9260.0,907.0,218.0,43.6,650.0,252.0,1.62,4.8,4.85,4.7,0.049,2010.0,2120.0,2210.0
42.6,18.5,28.2,0.784,0.515,0.189,1.42,1.39,1.35,37800.0,18600.0,37400.0,1060.0,589.0,266.0,2240.0,1580.0,0.543,18.9,19.0,15.22,0.027,1990.0,2050.0,2150.0
41.5,33.3,13.8,1.09,0.432,0.149,1.21,1.92,0.75,34200.0,31000.0,17000.0,1370.0,458.0,194.0,1780.0,2030.0,0.307,17.2,17.6,17.2,0.0046,2740.0,2800.0,2800.0
25.1,20.4,47.6,0.61,0.163,0.0864,0.28,0.14,1.9,25000.0,23000.0,70900.0,928.0,209.0,136.0,497.0,178.0,0.775,20.9,21.3,22.9,0.025,2010.0,2120.0,2210.0
52.9,25.3,13.5,0.74,0.498,0.189,1.69,1.18,1.04,27200.0,14700.0,10400.0,581.0,330.0,154.0,1550.0,776.0,0.42,10.9,11.0,11.2,0.0049,2745.0,2855.0,2910.0
36.4,16.8,34.6,1.69,0.863,0.392,2.0,0.886,2.15,18400.0,9640.0,26200.0,1310.0,563.0,314.0,1800.0,574.0,0.87,10.7,10.8,11.4,0.022,1980.0,2060.0,2260.0
35.5,15.1,39.9,3.11,0.415,0.621,1.5,0.736,3.65,19500.0,9360.0,32800.0,2610.0,294.0,540.0,1470.0,517.0,1.48,11.6,11.7,12.0,0.021,1920.0,2000.0,2150.0
49.9,34.3,4.15,2.3,0.564,0.473,1.24,1.24,1.53,13500.0,10500.0,1680.0,949.0,197.0,203.0,596.0,428.0,0.619,5.7,5.79,5.1,0.0064,2800.0,2800.0,2800.0
55.9,30.2,4.1,0.336,1.16,0.432,4.21,1.19,0.825,46600.0,28600.0,5130.0,429.0,1250.0,572.0,6250.0,1270.0,0.335,17.6,17.9,13.9,0.0097,2750.0,2800.0,2800.0
38.7,21.5,25.3,0.572,1.41,1.23,3.03,0.801,2.32,19100.0,11400.0,13500.0,265.0,930.0,826.0,2840.0,507.0,0.967,9.35,9.74,8.24,0.0168,2107.0,2160.0,2408.0
36.9,21.5,14.2,3.14,2.49,1.13,1.62,1.34,8.85,7010.0,4630.0,4030.0,912.0,611.0,342.0,550.0,326.0,3.7,3.9,4.08,3.53,0.26,2190.0,2290.0,2580.0
25.9,17.3,48.0,1.68,0.83,0.54,1.97,0.686,2.93,6920.0,5220.0,19100.0,685.0,285.0,228.0,936.0,234.0,1.19,5.6,5.71,6.54,0.026,2050.0,2100.0,2180.0
47.1,19.8,18.3,3.0,0.93,0.189,2.6,1.1,2.2,28300.0,13500.0,16500.0,2750.0,721.0,180.0,2780.0,848.0,0.915,12.4,12.9,11.2,0.031,2045.0,2145.0,2265.0
38.0,15.7,26.0,7.9,0.78,0.189,1.5,0.853,7.73,21900.0,10200.0,22300.0,6940.0,578.0,172.0,1540.0,627.0,3.17,12.0,12.3,11.4,0.077,2010.0,2090.0,2210.0
45.0,28.0,13.0,0.61,0.581,0.554,2.1,1.1,0.1,17500.0,12300.0,7580.0,363.0,292.0,342.0,1460.0,548.0,0.042,8.0,8.33,7.8,0.00802,2460.0,2520.0,2620.0
47.9,28.9,16.0,0.882,0.498,0.378,1.29,1.15,0.925,11200.0,7640.0,5600.0,315.0,150.0,140.0,535.0,345.0,0.377,4.9,5.0,4.23,0.0099,2600.0,2720.0,2800.0
47.1,20.4,13.3,1.46,1.49,0.54,2.66,0.953,1.6,87000.0,42700.0,36800.0,4110.0,3560.0,1580.0,8740.0,2250.0,0.646,39.2,39.5,37.0,0.13,2400.0,2480.0,2550.0
28.3,22.3,6.1,0.258,0.106,0.0409,2.14,2.2,0.179,25100.0,22500.0,8300.0,368.0,145.0,64.5,3360.0,2460.0,0.0737,18.1,18.7,10.0,0.0683,2910.0,2910.0,2910.0
41.3,33.3,18.4,0.868,0.332,0.176,1.12,1.35,1.15,30200.0,27600.0,20200.0,971.0,313.0,204.0,1460.0,1270.0,0.465,15.5,15.7,14.18,0.007,2540.0,2720.0,2790.0
47.0,28.0,9.0,1.9,1.08,0.351,1.5,1.3,2.9,22900.0,15400.0,6560.0,1410.0,677.0,271.0,1300.0,810.0,1.21,10.0,10.4,9.4,0.0206,2680.0,2730.0,2790.0
54.1,27.4,3.09,1.47,0.963,0.257,2.7,1.4,1.0,31700.0,18100.0,2700.0,1310.0,726.0,238.0,2820.0,1050.0,0.41,12.2,12.5,13.1,0.011,2800.0,2800.0,2800.0
54.8,36.7,1.14,0.532,0.349,0.189,1.03,1.99,0.425,67000.0,50800.0,2090.0,994.0,550.0,366.0,2250.0,3110.0,0.174,25.5,26.2,24.5,0.0032,2800.0,2800.0,2800.0
36.0,26.0,14.0,0.69,0.911,0.404,2.4,1.2,2.6,15400.0,12600.0,8970.0,452.0,503.0,274.0,1830.0,658.0,1.08,8.8,9.17,9.6,0.0176,2250.0,2350.0,2470.0
34.9,19.5,34.9,1.02,0.498,0.324,1.55,0.886,2.0,23700.0,15000.0,35500.0,1060.0,437.0,349.0,1880.0,771.0,0.814,14.3,14.6,11.19,0.0088,1930.0,2050.0,2100.0
31.9,18.7,39.8,0.546,0.996,0.243,2.33,0.836,0.9,14900.0,9920.0,27800.0,390.0,601.0,180.0,1940.0,500.0,0.364,9.9,10.0,10.52,0.013,2010.0,2090.0,2240.0
32.1,19.8,36.8,0.721,0.581,0.103,2.0,0.843,1.5,19400.0,13600.0,33200.0,666.0,452.0,98.2,2150.0,651.0,0.632,12.3,12.9,11.5,0.0155,2055.0,2145.0,2255.0
47.8,32.5,13.5,0.881,0.669,0.172,1.77,1.11,0.969,39100.0,26400.0,11800.0,715.0,919.0,201.0,3400.0,1150.0,0.395,15.9,16.2,15.07,0.0108,2715.0,2793.0,2800.0
50.4,23.7,10.7,2.83,1.56,0.378,3.23,1.1,1.45,74000.0,39500.0,23400.0,6350.0,2950.0,880.0,8450.0,2070.0,0.586,31.1,31.4,29.9,0.032,2190.0,2310.0,2390.0
50.3,30.1,8.58,1.25,0.481,0.432,1.38,1.79,1.3,42100.0,28500.0,10700.0,1590.0,519.0,573.0,2060.0,1910.0,0.529,17.6,17.9,17.89,0.0111,2710.0,2800.0,2800.0
39.1,19.5,30.6,0.826,0.946,0.149,2.31,0.853,1.63,41700.0,23500.0,48800.0,1350.0,1300.0,251.0,4380.0,1160.0,0.659,22.5,22.8,21.3,0.026,1910.0,2000.0,2100.0
33.4,17.0,43.5,1.53,0.515,0.243,0.541,0.535,2.05,10400.0,6000.0,20300.0,729.0,207.0,120.0,301.0,214.0,0.843,6.5,6.69,6.0,0.023,2090.0,2210.0,2320.0
49.5,23.7,11.7,4.33,0.448,0.176,2.86,1.03,2.49,34100.0,18500.0,12000.0,4560.0,398.0,192.0,3510.0,911.0,1.02,14.4,14.7,13.67,0.033,2180.0,2270.0,2390.0
40.1,27.8,22.1,0.742,0.896,0.311,3.79,1.06,1.5,34900.0,27500.0,28800.0,988.0,1010.0,429.0,5870.0,1180.0,0.625,17.9,18.6,17.44,0.015,2110.0,2271.0,2335.0
44.1,18.4,20.9,3.11,0.747,0.203,2.3,1.2,1.7,12800.0,6040.0,9060.0,1380.0,279.0,93.1,1190.0,446.0,0.704,6.0,6.2,5.3,0.031,2015.0,2135.0,2235.0
29.3,23.4,37.5,2.91,0.465,0.23,0.589,0.602,4.53,7350.0,6650.0,14100.0,1120.0,150.0,91.2,263.0,193.0,1.87,5.2,5.37,5.0,0.017,1920.0,2030.0,2120.0
32.8,21.2,14.7,9.49,1.99,1.2,2.28,0.85,13.1,6680.0,4890.0,4480.0,2950.0,522.0,387.0,826.0,221.0,5.28,4.3,4.35,4.4,0.086,2140.0,2190.0,2350.0
59.7,18.9,8.65,1.82,1.46,0.108,1.62,0.936,1.68,80600.0,28900.0,17500.0,3760.0,2540.0,231.0,3900.0,1620.0,0.689,28.1,28.9,26.29,0.11,2360.0,2480.0,2640.0
41.1,32.9,11.2,3.5,0.73,0.135,0.805,1.12,4.0,5100.0,4620.0,2070.0,663.0,117.0,26.5,178.0,178.0,1.63,2.6,2.65,2.76,0.0084,2690.0,2770.0,2800.0
52.2,29.3,7.2,3.3,1.43,1.49,1.7,1.4,4.9,8130.0,5170.0,1680.0,785.0,287.0,367.0,471.0,279.0,2.04,3.2,3.33,2.0,0.029,2440.0,2530.0,2630.0
36.6,21.2,34.8,1.34,0.581,0.162,1.78,0.79,1.65,15500.0,10200.0,22100.0,867.0,317.0,109.0,1340.0,428.0,0.665,9.0,9.06,9.68,0.0023,1880.0,2010.0,2260.0
45.2,23.8,14.2,4.06,0.365,0.446,1.24,0.92,1.58,24500.0,14600.0,11500.0,3360.0,255.0,383.0,1190.0,638.0,0.646,11.3,11.6,10.85,0.0061,2270.0,2370.0,2690.0
40.0,22.1,26.5,1.01,0.714,0.216,1.59,0.92,1.53,17700.0,11100.0,17500.0,682.0,407.0,152.0,1250.0,521.0,0.621,9.3,9.47,9.51,0.01,2130.0,2220.0,2250.0
33.0,20.4,38.6,0.784,0.398,0.122,1.17,1.0,1.73,19900.0,13900.0,34900.0,723.0,310.0,116.0,1260.0,775.0,0.719,12.4,12.9,9.15,0.035,1988.0,2061.0,2263.0
61.8,21.9,10.2,0.882,0.332,0.27,0.781,3.49,0.025,25700.0,10300.0,6340.0,561.0,178.0,178.0,579.0,1860.0,0.011,8.8,8.91,6.3,0.0039,2540.0,2620.0,2710.0
45.0,30.0,5.5,0.79,0.564,0.581,2.0,1.0,0.1,19900.0,15000.0,3650.0,535.0,322.0,408.0,1580.0,567.0,0.042,9.1,9.48,8.8,0.0113,2910.0,2910.0,2910.0
21.7,12.3,56.8,2.46,0.581,0.176,1.69,0.569,3.75,14600.0,9400.0,57100.0,2530.0,504.0,187.0,2030.0,489.0,1.53,14.1,14.4,13.5,0.029,2040.0,2140.0,2250.0
51.4,32.6,5.02,1.22,0.88,0.378,2.74,1.47,1.85,15400.0,11000.0,2240.0,556.0,339.0,179.0,1460.0,562.0,0.75,6.3,6.39,7.1,0.014,2800.0,2800.0,2800.0
17.0,9.36,65.2,1.13,0.365,0.365,0.613,0.385,1.75,5100.0,3180.0,29300.0,520.0,141.0,173.0,328.0,148.0,0.714,6.3,6.42,6.3,0.018,2070.0,2160.0,2290.0
39.4,21.4,31.6,1.09,0.581,0.203,2.39,1.16,1.58,30000.0,18400.0,35900.0,1270.0,570.0,244.0,3240.0,1130.0,0.637,16.1,16.3,18.36,0.0043,2090.0,2130.0,2240.0
47.4,27.5,7.11,4.15,0.946,0.141,1.18,1.35,5.38,21400.0,14100.0,4800.0,2860.0,551.0,101.0,948.0,781.0,2.24,9.32,9.66,8.77,0.0182,2637.0,2785.0,2910.0
31.0,21.3,30.5,3.5,0.764,0.203,0.829,1.77,2.78,10500.0,8150.0,15400.0,1810.0,333.0,109.0,499.0,767.0,1.15,7.0,7.23,2.97,0.012,2180.0,2240.0,2300.0
49.0,29.9,5.88,2.27,0.83,0.864,1.07,1.91,3.2,9250.0,6380.0,1660.0,654.0,202.0,258.0,359.0,460.0,1.29,4.0,4.04,3.71,0.0061,2640.0,2780.0,2800.0
31.0,17.6,42.0,1.05,0.448,0.405,1.27,0.92,1.35,15900.0,10200.0,32200.0,820.0,295.0,328.0,1160.0,602.0,0.552,10.7,10.9,11.34,0.012,2000.0,2150.0,2220.0
54.6,32.3,2.83,0.953,0.802,0.243,2.69,1.04,0.943,35400.0,21400.0,2570.0,683.0,728.0,266.0,3740.0,958.0,0.388,12.8,13.3,9.57,0.00717,2910.0,2910.0,2910.0
36.8,20.3,31.2,1.29,0.714,1.12,2.6,0.669,2.48,6240.0,3900.0,7920.0,335.0,156.0,301.0,784.0,145.0,0.998,3.6,3.63,3.25,0.076,2020.0,2080.0,2430.0
58.2,25.3,2.0,2.09,0.896,0.108,1.72,1.69,2.23,80600.0,39700.0,4150.0,4420.0,1600.0,237.0,4240.0,2990.0,0.894,29.5,29.6,26.89,0.005,2480.0,2750.0,2800.0
50.2,38.0,1.42,1.54,0.481,0.132,0.974,2.31,1.33,10300.0,8850.0,436.0,485.0,128.0,43.2,357.0,608.0,0.543,4.3,4.41,4.22,0.0042,2800.0,2800.0,2800.0
36.5,14.1,6.66,14.5,0.722,0.682,0.433,0.953,11.9,25500.0,11200.0,6860.0,15400.0,648.0,753.0,540.0,859.0,5.47,12.9,14.9,8.94,0.0385,2030.0,2060.0,2090.0
49.9,30.2,6.54,1.71,0.73,1.49,1.68,1.42,2.5,9650.0,6630.0,1890.0,505.0,182.0,456.0,580.0,352.0,1.01,4.1,4.14,4.3,0.0082,2720.0,2800.0,2800.0
40.5,16.7,6.12,12.6,1.31,0.945,0.457,0.936,3.43,18900.0,8830.0,4270.0,8950.0,789.0,699.0,379.0,559.0,1.41,9.7,9.98,7.46,0.18,2250.0,2320.0,2450.0
47.7,21.5,17.9,1.44,1.44,0.216,2.69,1.23,1.48,57700.0,29400.0,32300.0,2660.0,2250.0,414.0,5790.0,1900.0,0.596,25.6,25.9,25.13,0.017,2130.0,2250.0,2440.0
30.8,23.1,37.3,1.08,0.398,0.149,0.913,0.619,0.9,9540.0,8080.0,17300.0,510.0,159.0,72.9,504.0,245.0,0.373,6.4,6.63,6.14,0.0052,2060.0,2130.0,2500.0
40.7,19.1,33.2,1.13,0.448,0.162,1.62,1.05,1.7,27000.0,14300.0,32900.0,1150.0,383.0,170.0,1920.0,894.0,0.694,13.9,14.2,13.34,0.0073,1900.0,2040.0,2120.0
33.8,23.1,32.9,1.53,0.432,0.297,1.09,1.1,1.6,17300.0,13400.0,25200.0,1200.0,285.0,241.0,998.0,724.0,0.644,10.9,11.0,10.71,0.0085,2060.0,2170.0,2460.0
35.3,22.5,33.6,1.82,0.332,0.243,0.913,1.1,2.55,10000.0,7230.0,14300.0,790.0,122.0,109.0,462.0,401.0,1.03,6.0,6.08,5.81,0.0075,1970.0,2040.0,2180.0
40.6,24.3,9.41,9.69,1.54,0.243,2.84,0.987,2.65,17800.0,12000.0,6170.0,6480.0,871.0,169.0,2210.0,553.0,1.08,9.2,9.37,8.5,0.065,2310.0,2420.0,2530.0
53.4,29.6,7.38,1.19,0.515,0.122,1.31,1.99,1.73,17700.0,11100.0,3650.0,602.0,220.0,63.7,772.0,843.0,0.708,6.9,7.08,8.73,0.005,2800.0,2800.0,2800.0
37.3,22.2,16.3,3.7,1.66,2.03,0.53,1.9,6.0,5630.0,3790.0,3680.0,853.0,323.0,484.0,142.0,367.0,2.5,3.1,3.23,2.9,0.029,2065.0,2245.0,2395.0
57.4,23.8,11.6,0.36,1.24,0.162,3.5,1.26,1.5,132000.0,61800.0,39800.0,1260.0,3680.0,589.0,14300.0,3700.0,0.625,47.1,49.1,46.11,1.3e-05,2390.0,2450.0,2500.0
42.3,25.6,24.4,0.75,0.83,0.419,2.04,1.26,1.41,45000.0,30800.0,38800.0,1220.0,1140.0,706.0,3860.0,1720.0,0.573,22.4,22.8,22.2,0.022,2040.0,2090.0,2410.0
31.8,22.1,33.7,2.62,0.93,0.378,1.71,0.803,2.7,13700.0,10800.0,21800.0,1730.0,517.0,259.0,1310.0,444.0,1.1,9.1,9.24,8.5,0.024,2050.0,2160.0,2240.0
39.3,23.4,30.2,0.758,0.448,0.152,1.59,0.875,1.53,26200.0,17100.0,26800.0,685.0,393.0,155.0,1980.0,763.0,0.617,13.5,13.7,13.57,0.00975,2170.0,2317.0,2535.0
50.3,20.8,19.0,0.581,0.847,0.162,2.9,0.973,1.1,40600.0,19000.0,23000.0,718.0,882.0,208.0,4170.0,1010.0,0.459,16.6,17.3,15.4,0.0387,2010.0,2115.0,2225.0
52.9,26.2,9.64,0.924,1.38,0.122,2.69,1.37,0.85,31700.0,17800.0,8630.0,845.0,1060.0,115.0,2870.0,1050.0,0.346,12.6,12.8,12.04,0.0171,2560.0,2600.0,2760.0
54.0,30.0,5.3,0.88,0.863,0.149,2.4,1.4,0.74,37600.0,23600.0,5520.0,936.0,775.0,164.0,2970.0,1250.0,0.308,14.3,14.9,13.5,0.00708,2800.0,2910.0,2910.0
36.8,23.5,38.3,0.65,0.183,0.115,0.45,0.9,1.09,26700.0,19300.0,41600.0,721.0,171.0,132.0,582.0,836.0,0.446,15.2,15.5,13.8,0.0051,2100.0,2210.0,2320.0
46.0,22.9,17.9,0.751,0.747,0.135,2.39,1.2,1.5,23200.0,13000.0,13500.0,577.0,485.0,108.0,2140.0,775.0,0.623,10.4,10.8,9.7,0.0232,2465.0,2555.0,2675.0
54.6,27.6,5.72,1.3,0.847,0.446,2.33,1.62,1.02,46900.0,26900.0,7360.0,1710.0,939.0,607.0,3570.0,1790.0,0.417,18.1,18.4,16.71,0.0089,2760.0,2800.0,2800.0
60.6,27.8,4.16,0.798,0.681,0.122,2.14,1.86,0.7,55800.0,29000.0,5740.0,1120.0,808.0,177.0,3510.0,2190.0,0.286,19.3,19.7,18.3,0.013,2800.0,2800.0,2800.0
33.6,20.8,36.2,1.13,0.813,0.284,2.91,0.769,1.85,22500.0,15800.0,36300.0,1160.0,704.0,302.0,3470.0,660.0,0.748,14.2,14.4,13.9,0.0078,1960.0,2040.0,2160.0
35.3,33.7,16.6,3.46,0.548,0.23,0.913,0.686,2.33,18900.0,20500.0,13300.0,2830.0,379.0,195.0,872.0,470.0,0.944,11.3,11.5,4.04,0.016,2270.0,2410.0,2630.0
48.0,30.0,15.0,0.55,0.598,0.112,1.5,1.7,1.1,41800.0,29600.0,19600.0,732.0,671.0,155.0,2330.0,1900.0,0.458,17.9,18.6,18.7,0.0292,2620.0,2670.0,2730.0
53.3,24.4,2.9,4.83,0.996,0.311,2.6,1.17,1.0,37700.0,19500.0,3070.0,5220.0,908.0,348.0,3270.0,1060.0,0.409,14.8,15.1,6.9,0.03,2580.0,2690.0,2800.0
44.9,41.6,3.4,2.1,1.05,1.01,1.8,1.7,2.5,56400.0,59100.0,6390.0,4030.0,1690.0,2020.0,4020.0,2730.0,1.04,25.8,26.9,5.2,0.0073,2910.0,2910.0,2910.0
51.2,36.7,4.2,1.5,0.797,0.878,2.1,1.8,1.7,17700.0,14400.0,2170.0,792.0,355.0,481.0,1290.0,796.0,0.708,7.1,7.4,7.79,0.01,2910.0,2910.0,2910.0
55.5,29.0,5.98,0.29,0.797,0.189,2.75,1.21,0.52,69800.0,41400.0,11300.0,558.0,1290.0,377.0,6160.0,1950.0,0.215,26.1,26.9,23.1,0.005,2910.0,2910.0,2910.0
47.2,21.4,18.6,2.44,1.06,0.54,2.93,1.17,1.78,38400.0,19700.0,22600.0,3030.0,1120.0,697.0,4250.0,1220.0,0.715,17.3,17.4,16.9,0.02,2090.0,2190.0,2290.0
50.3,33.6,8.2,0.9,0.664,1.35,2.4,1.6,1.9,12000.0,9070.0,2930.0,328.0,204.0,510.0,1020.0,488.0,0.792,4.9,5.1,5.0,0.0035,2680.0,2785.0,2800.0
40.9,26.2,22.6,1.86,0.813,0.243,1.88,1.06,3.26,15900.0,11500.0,13100.0,1100.0,406.0,149.0,1300.0,525.0,1.37,7.9,8.26,6.9,0.03,2140.0,2250.0,2850.0
50.1,32.9,8.58,1.04,0.432,0.675,1.11,1.79,1.35,9450.0,7020.0,2420.0,299.0,105.0,202.0,371.0,432.0,0.545,4.0,4.04,3.48,0.0035,2690.0,2770.0,2800.0
48.2,28.8,6.0,1.6,1.03,0.567,4.1,1.5,2.3,23100.0,15600.0,4300.0,1170.0,635.0,430.0,3490.0,919.0,0.933,10.1,10.2,10.3,0.0093,2465.0,2580.0,2665.0
56.8,24.4,7.0,0.919,1.2,1.41,1.83,1.38,0.91,23800.0,9510.0,3130.0,439.0,566.0,943.0,1260.0,782.0,0.375,8.0,8.23,8.5,0.0196,2774.0,2794.0,2800.0
44.3,28.9,14.3,1.51,0.863,0.527,2.49,1.3,1.78,6490.0,4800.0,3140.0,339.0,163.0,122.0,649.0,245.0,0.719,3.1,3.14,4.21,0.008,2390.0,2630.0,2760.0
32.1,6.94,34.9,3.8,0.697,0.392,1.6,0.819,3.93,28900.0,7080.0,47100.0,5230.0,811.0,560.0,2570.0,946.0,1.59,19.0,19.3,15.4,0.019,2000.0,2050.0,2100.0
35.7,17.6,42.3,0.588,0.581,0.108,1.9,0.936,1.05,21800.0,12100.0,38600.0,547.0,456.0,104.0,2060.0,730.0,0.424,12.9,13.0,12.7,0.0095,2030.0,2150.0,2320.0
22.4,13.6,22.2,21.7,0.896,0.473,1.02,0.535,7.7,11900.0,8210.0,17700.0,17700.0,616.0,399.0,970.0,365.0,3.14,11.2,11.4,10.1,0.032,2080.0,2190.0,2280.0
30.4,24.2,23.5,6.5,0.996,0.189,1.51,1.19,5.9,3160.0,2850.0,3650.0,1030.0,134.0,31.2,281.0,158.0,2.39,2.2,2.23,2.23,0.0086,2220.0,2300.0,2590.0
14.3,7.3,70.1,2.22,0.531,0.0729,0.56,0.3,3.46,4450.0,2570.0,32600.0,1050.0,213.0,35.9,310.0,119.0,1.4,6.6,6.65,5.8,0.016,2100.0,2210.0,2310.0
41.6,18.5,35.6,0.896,0.315,0.257,0.877,2.12,1.33,31500.0,15900.0,40400.0,1040.0,308.0,308.0,1180.0,2060.0,0.537,16.0,16.2,11.68,0.0045,1900.0,2020.0,2110.0
37.5,23.1,32.4,1.75,0.359,0.18,0.716,0.899,2.29,20600.0,14000.0,20800.0,1230.0,218.0,126.0,659.0,693.0,0.942,10.5,10.8,9.96,0.00939,2277.0,2351.0,2431.0
36.4,25.9,26.0,1.96,1.13,0.756,0.793,1.66,2.28,6330.0,5100.0,6780.0,522.0,253.0,209.0,246.0,369.0,0.916,3.7,3.73,3.65,0.021,2200.0,2340.0,2480.0
41.5,20.6,13.2,8.32,1.33,0.378,2.03,0.92,3.85,31200.0,17500.0,14800.0,9560.0,1290.0,451.0,2720.0,885.0,1.56,15.9,16.1,17.1,0.019,2210.0,2300.0,2420.0
31.7,17.3,41.7,1.02,0.598,0.176,1.34,0.68,1.59,20600.0,12700.0,40700.0,1010.0,501.0,181.0,1550.0,566.0,0.656,13.5,13.9,10.9,0.018,2005.0,2115.0,2205.0
47.3,26.7,11.5,2.32,1.08,0.27,2.78,1.35,2.75,20300.0,12900.0,7350.0,1520.0,597.0,184.0,2120.0,743.0,1.12,9.0,9.18,8.64,0.012,2490.0,2590.0,2640.0
53.5,33.8,3.03,0.742,0.681,0.419,1.61,1.39,0.8,25000.0,17900.0,2120.0,530.0,410.0,310.0,1340.0,831.0,0.327,9.8,10.0,9.5,0.0051,2800.0,2800.0,2800.0
43.5,23.7,15.9,1.63,0.956,0.368,2.91,1.14,1.8,27600.0,17000.0,13800.0,1460.0,772.0,353.0,3340.0,942.0,0.727,13.2,13.3,12.95,0.0197,2407.0,2498.0,2681.0
44.6,31.9,9.87,3.91,0.681,0.378,1.06,1.37,3.83,16100.0,13000.0,5340.0,2160.0,317.0,217.0,681.0,635.0,1.56,7.6,7.74,7.7,0.015,2550.0,2620.0,2700.0
52.6,26.1,4.18,3.2,1.8,1.14,1.42,1.73,1.99,29200.0,16000.0,2940.0,1650.0,1180.0,759.0,2130.0,1080.0,0.828,10.7,11.1,7.48,0.022,2575.0,2616.0,2700.0
36.8,29.7,19.3,2.87,0.299,0.5,0.685,0.736,3.55,17400.0,15900.0,13700.0,2080.0,182.0,375.0,577.0,445.0,1.45,9.9,10.1,8.7,0.02,2400.0,2550.0,2580.0
40.2,22.9,28.0,1.78,0.432,0.405,1.09,0.686,2.63,25800.0,16600.0,26900.0,1740.0,356.0,411.0,1250.0,562.0,1.07,13.5,13.7,13.3,0.018,1880.0,2030.0,2120.0
35.5,22.3,13.6,10.9,0.863,0.729,0.925,0.92,6.25,11600.0,8260.0,6650.0,5470.0,364.0,378.0,539.0,385.0,2.54,6.9,7.0,6.7,0.023,2300.0,2410.0,2500.0
41.2,21.4,31.1,0.5,1.21,0.257,2.1,1.1,1.9,15400.0,9080.0,17400.0,286.0,585.0,152.0,1400.0,527.0,0.791,7.7,8.02,6.9,0.014,2105.0,2215.0,2315.0
48.4,25.5,5.72,1.11,2.16,0.27,3.39,1.19,4.45,40100.0,23900.0,7090.0,1400.0,2310.0,355.0,5000.0,1260.0,1.9,16.6,17.8,14.32,0.0066,2350.0,2650.0,2750.0
48.2,32.8,11.0,0.5,0.664,0.864,2.0,2.0,1.1,35400.0,27300.0,12100.0,562.0,629.0,1010.0,2620.0,1880.0,0.458,15.1,15.7,13.4,0.009,2740.0,2800.0,2910.0
44.5,25.7,9.2,2.8,0.88,0.23,1.4,1.4,4.5,5000.0,3270.0,1550.0,481.0,127.0,40.9,280.0,201.0,1.88,2.3,2.41,2.5,0.021,2455.0,2555.0,2655.0
32.0,22.1,27.7,5.85,0.93,0.405,1.51,1.04,5.68,9810.0,7680.0,12700.0,2740.0,368.0,197.0,827.0,407.0,2.29,6.5,6.57,6.2,0.024,2140.0,2270.0,2380.0
47.7,19.1,16.6,4.11,0.797,0.986,1.72,0.983,3.08,17800.0,8120.0,9410.0,2340.0,384.0,585.0,1150.0,471.0,1.26,7.85,8.02,8.15,0.0318,2027.0,2123.0,2220.0
42.0,40.0,3.1,1.5,0.174,0.266,1.9,2.0,0.72,41700.0,44900.0,4600.0,2270.0,223.0,418.0,3360.0,2540.0,0.297,20.6,21.2,11.1,0.00991,2910.0,2910.0,2910.0
9.93,4.12,61.9,9.73,0.133,0.135,0.252,0.134,3.68,6990.0,3290.0,65300.0,10500.0,121.0,151.0,317.0,121.0,1.51,14.7,15.1,13.3,0.05,2120.0,2150.0,2370.0
27.8,18.2,38.7,2.93,0.747,0.257,0.962,0.602,4.25,17400.0,12800.0,36100.0,2790.0,601.0,254.0,1070.0,481.0,1.72,13.2,13.3,11.4,0.019,2110.0,2200.0,2290.0
20.3,14.9,37.5,7.97,1.83,0.635,0.877,0.619,7.75,5550.0,4630.0,15400.0,3330.0,644.0,275.0,428.0,217.0,3.13,5.8,5.86,7.8,0.031,1840.0,1970.0,2090.0
49.0,31.0,6.86,1.46,0.581,0.662,1.67,1.54,1.58,15400.0,11000.0,3220.0,698.0,235.0,329.0,933.0,617.0,0.64,6.6,6.71,5.65,0.022,2620.0,2710.0,2800.0
38.5,20.7,34.4,0.7,0.946,0.176,2.12,0.987,1.08,30500.0,18600.0,40900.0,848.0,967.0,221.0,2990.0,1000.0,0.434,16.8,17.0,16.63,0.0128,2020.0,2070.0,2360.0
46.2,19.2,14.0,3.1,1.4,0.718,3.14,0.738,4.74,31800.0,16600.0,8530.0,949.0,1360.0,400.0,4850.0,738.0,1.92,12.8,12.9,16.94,0.0769,2213.0,2313.0,2428.0
48.8,24.0,16.9,0.434,0.581,0.284,2.24,1.07,0.775,41800.0,23300.0,21600.0,568.0,641.0,385.0,3410.0,1170.0,0.319,17.8,18.3,15.87,0.0066,2220.0,2280.0,2310.0
41.5,28.9,10.2,4.34,0.896,0.162,2.37,0.936,5.23,49000.0,38700.0,18000.0,7830.0,1360.0,303.0,4980.0,1420.0,2.13,24.8,25.3,23.9,0.0086,2790.0,2800.0,2800.0
55.0,23.3,6.94,2.0,1.28,0.257,3.19,1.25,2.11,81800.0,39200.0,15400.0,4540.0,2450.0,604.0,8440.0,2380.0,0.847,31.7,31.8,31.2,0.048,2360.0,2520.0,2710.0
24.0,16.0,49.0,0.55,0.249,0.132,0.56,0.96,1.3,20400.0,15400.0,62500.0,716.0,273.0,179.0,849.0,1050.0,0.542,17.5,18.2,16.3,0.00865,2030.0,2080.0,2290.0
20.3,8.13,19.0,13.3,0.797,1.26,0.962,0.903,23.3,8910.0,4030.0,12500.0,8910.0,450.0,872.0,750.0,506.0,10.0,8.7,9.38,5.2,0.29,2160.0,2190.0,2210.0
50.8,28.3,12.9,0.99,0.448,0.107,1.1,1.38,0.89,39900.0,25200.0,15200.0,1190.0,454.0,133.0,1540.0,1390.0,0.379,15.8,16.8,13.9,0.0064,2910.0,2910.0,2910.0
47.1,19.5,17.7,4.03,1.31,0.405,2.72,0.936,3.2,49500.0,23200.0,27900.0,6480.0,1780.0,675.0,5090.0,1260.0,1.33,21.6,22.5,19.2,0.02,2080.0,2120.0,2160.0
44.1,25.3,19.4,3.0,1.38,1.26,2.2,1.2,3.5,39700.0,25800.0,26100.0,4130.0,1600.0,1790.0,3530.0,1380.0,1.46,18.5,19.3,16.0,0.027,2170.0,2220.0,2540.0
51.1,21.4,15.5,2.2,1.05,0.405,2.72,1.12,0.55,48300.0,22900.0,21900.0,3180.0,1270.0,607.0,4570.0,1360.0,0.224,19.9,20.2,20.0,0.023,2100.0,2200.0,2310.0
51.6,34.4,0.858,0.322,0.432,0.405,2.96,2.81,0.35,35400.0,26800.0,882.0,338.0,382.0,441.0,3620.0,2470.0,0.141,14.6,14.7,14.6,0.006,2800.0,2800.0,2800.0
30.0,28.2,23.5,3.81,0.664,0.405,0.745,1.04,4.47,10200.0,10900.0,12000.0,1990.0,293.0,220.0,454.0,454.0,1.82,7.2,7.32,7.07,0.011,2250.0,2390.0,2530.0
48.0,25.1,15.8,0.994,1.13,0.126,2.73,1.0,1.75,34200.0,20200.0,16800.0,1080.0,1040.0,142.0,3460.0,914.0,0.716,14.9,15.2,26.0,0.15,2800.0,2800.0,2800.0
51.7,29.8,8.25,0.798,0.73,0.365,2.25,1.57,1.3,15100.0,9810.0,3600.0,355.0,274.0,168.0,1170.0,586.0,0.523,6.2,6.23,7.0,0.023,2800.0,2800.0,2800.0
35.0,22.0,27.0,3.0,0.57,0.61,1.4,0.89,2.8,16800.0,12000.0,19400.0,2200.0,353.0,464.0,1200.0,547.0,1.14,10.1,10.3,10.5,0.047,1980.0,2030.0,2080.0
48.8,28.9,6.44,3.38,1.11,0.895,2.72,1.2,2.29,33600.0,22500.0,6630.0,3550.0,987.0,977.0,3330.0,1060.0,0.938,14.4,14.7,11.94,0.0111,2478.0,2528.0,2594.0
55.9,33.8,1.72,0.7,0.697,0.311,2.27,2.64,1.05,40000.0,27400.0,1840.0,766.0,643.0,352.0,2890.0,2420.0,0.426,15.1,15.3,14.37,0.006,2800.0,2800.0,2800.0
32.2,13.6,30.9,4.7,0.614,0.162,2.0,0.79,1.9,20600.0,9860.0,29600.0,4600.0,507.0,164.0,2280.0,648.0,0.795,13.1,13.8,12.7,0.024,2115.0,2215.0,2320.0
53.6,29.4,6.19,0.766,1.07,0.909,4.59,1.08,1.66,22700.0,14100.0,3910.0,494.0,582.0,609.0,3450.0,583.0,0.668,8.97,9.04,8.26,0.0127,2468.0,2728.0,2800.0
46.0,32.1,13.9,0.532,0.598,0.486,2.44,1.14,0.625,53900.0,42600.0,24300.0,953.0,902.0,902.0,5090.0,1700.0,0.255,24.6,25.1,22.09,0.0029,2750.0,2800.0,2800.0
43.2,30.6,14.3,2.51,0.863,0.392,1.23,1.41,3.38,7530.0,6030.0,3730.0,667.0,194.0,108.0,380.0,313.0,1.36,3.7,3.73,3.46,0.14,2700.0,2780.0,2800.0
53.2,26.4,10.0,0.7,0.88,0.77,4.6,1.0,1.9,23800.0,13400.0,6700.0,479.0,508.0,546.0,3670.0,573.0,0.792,9.2,9.58,12.6,0.007,2910.0,2910.0,2910.0
45.6,22.9,21.3,1.16,1.03,0.338,2.74,1.1,1.75,80100.0,45500.0,56000.0,3120.0,2330.0,940.0,8570.0,2480.0,0.729,36.1,37.6,31.2,0.012,1950.0,2000.0,2070.0
51.5,27.8,12.3,1.36,0.664,0.176,1.03,2.11,2.58,45800.0,28100.0,16300.0,1850.0,762.0,248.0,1630.0,2400.0,1.04,18.8,19.0,17.6,0.0085,2590.0,2690.0,2800.0
49.4,28.4,7.46,1.89,1.63,0.365,3.31,1.2,2.05,11000.0,7150.0,2490.0,644.0,467.0,129.0,1310.0,343.0,0.832,4.7,4.77,4.83,0.016,2400.0,2640.0,2760.0
28.5,12.1,45.2,3.64,0.647,0.149,1.71,0.585,3.0,24300.0,11700.0,57700.0,4740.0,711.0,201.0,2590.0,638.0,1.22,18.0,18.2,16.3,0.043,1940.0,2010.0,2090.0
38.3,28.6,14.4,2.06,1.31,0.284,2.55,1.42,3.63,15800.0,13300.0,8890.0,1300.0,697.0,185.0,1870.0,749.0,1.52,8.4,8.81,7.12,0.0083,2450.0,2490.0,2550.0
26.7,13.2,45.2,1.45,0.93,0.54,1.82,0.59,3.54,8840.0,4950.0,22400.0,733.0,397.0,283.0,1070.0,250.0,1.43,7.0,7.08,6.95,0.014,2010.0,2040.0,2250.0
36.0,21.8,26.0,1.81,0.837,0.383,1.95,1.08,1.54,32000.0,20700.0,27000.0,1580.0,893.0,509.0,2980.0,1220.0,0.641,16.5,17.2,15.38,0.0226,2158.0,2231.0,2318.0
29.3,15.9,18.9,0.392,1.06,0.324,2.27,0.686,0.925,14800.0,9110.0,14300.0,303.0,692.0,260.0,2040.0,444.0,0.374,10.7,10.8,10.46,0.016,2140.0,2180.0,2420.0
45.2,25.0,16.8,1.51,0.682,0.219,2.4,1.29,1.49,25800.0,15800.0,12700.0,1130.0,494.0,193.0,2450.0,953.0,0.601,11.7,11.8,11.32,0.00819,2341.0,2444.0,2532.0
34.5,14.2,39.5,3.1,0.581,0.338,1.67,0.619,0.9,37800.0,17700.0,64800.0,5190.0,822.0,587.0,3260.0,869.0,0.368,23.0,23.5,21.25,0.03,1970.0,2040.0,2140.0
45.0,27.0,11.0,1.1,0.996,0.432,3.1,1.4,2.2,18000.0,12200.0,6570.0,671.0,513.0,273.0,2200.0,715.0,0.917,8.2,8.54,9.5,0.0114,2140.0,2190.0,2420.0
51.1,20.8,17.2,1.2,0.515,0.23,0.98,2.33,1.34,50700.0,23300.0,25500.0,1820.0,658.0,361.0,1730.0,2960.0,0.539,21.1,21.2,20.73,0.0036,2230.0,2380.0,2590.0
37.0,22.5,31.2,0.924,0.349,0.176,1.14,1.05,2.05,16000.0,11000.0,20200.0,612.0,195.0,121.0,881.0,580.0,0.854,8.9,9.27,8.92,0.015,1999.0,2069.0,2331.0
53.1,26.3,11.5,0.63,0.813,0.216,2.73,1.19,0.925,39500.0,22100.0,12700.0,716.0,780.0,255.0,3610.0,1130.0,0.375,15.7,15.9,16.2,0.0092,2555.0,2655.0,2745.0
41.5,22.3,10.2,7.91,1.49,0.621,2.55,1.16,9.85,12300.0,7490.0,4540.0,3590.0,573.0,293.0,1350.0,441.0,3.98,6.3,6.36,6.0,0.046,2180.0,2230.0,2330.0
54.4,20.4,12.9,3.35,0.531,0.432,0.288,1.61,4.65,44500.0,18900.0,15700.0,4180.0,560.0,560.0,420.0,1680.0,1.98,16.4,17.5,15.53,0.036,2370.0,2440.0,2540.0
36.6,21.0,29.6,0.941,0.979,0.162,2.39,1.2,1.4,24500.0,15900.0,29700.0,963.0,845.0,172.0,2850.0,1030.0,0.587,13.7,14.4,6.0,0.0387,2015.0,2110.0,2215.0
49.9,20.6,21.0,0.784,0.813,0.243,2.37,1.25,0.7,27200.0,12700.0,17100.0,653.0,571.0,210.0,2300.0,874.0,0.286,11.4,11.7,10.8,0.012,2220.0,2320.0,2460.0
46.6,26.7,16.9,1.82,1.03,1.12,1.83,1.1,1.96,32400.0,20600.0,13700.0,1900.0,879.0,1000.0,2390.0,970.0,0.816,13.6,14.2,16.22,0.0102,2361.0,2446.0,2647.0
43.3,21.4,25.3,0.64,0.647,0.149,1.87,1.27,1.52,54000.0,30200.0,47200.0,1220.0,1040.0,293.0,4150.0,2030.0,0.633,25.6,26.7,24.34,0.034,2186.0,2270.0,2445.0
59.1,28.5,3.0,0.91,0.73,0.284,3.19,1.71,1.27,36000.0,19700.0,2740.0,847.0,573.0,274.0,3450.0,1330.0,0.519,12.8,13.0,9.48,0.0032,2670.0,2800.0,2800.0
51.7,32.6,2.29,2.65,0.564,1.05,0.493,1.43,1.48,57400.0,41000.0,3810.0,4500.0,809.0,1860.0,975.0,2040.0,0.613,22.9,23.8,22.06,0.024,2800.0,2800.0,2800.0
46.1,20.8,22.4,1.83,0.681,0.5,1.39,1.54,3.0,21300.0,10900.0,15500.0,1300.0,406.0,366.0,1150.0,911.0,1.22,9.7,9.9,9.0,0.01,2120.0,2260.0,2350.0
44.1,20.8,20.2,1.13,1.33,0.446,3.2,1.09,1.95,56000.0,29900.0,38300.0,2200.0,2180.0,897.0,7230.0,1770.0,0.794,26.7,27.2,21.86,0.024,2250.0,2360.0,2400.0
27.5,17.4,43.6,2.2,0.78,0.27,1.3,0.76,2.94,12800.0,9160.0,30400.0,1570.0,469.0,199.0,1080.0,453.0,1.18,9.9,9.97,6.9,0.016,2080.0,2200.0,2280.0
49.4,25.1,13.0,2.93,0.614,0.203,1.44,1.02,2.2,16400.0,9450.0,6480.0,1490.0,264.0,107.0,855.0,435.0,0.896,7.0,7.13,6.82,0.019,2520.0,2640.0,2730.0
60.0,29.2,0.9,0.3,0.349,1.01,0.9,2.5,0.9,27200.0,15000.0,610.0,208.0,203.0,727.0,725.0,1450.0,0.375,9.3,9.69,9.2,0.0063,2800.0,2800.0,2800.0
57.5,27.6,4.53,0.882,1.11,0.297,2.76,1.32,0.9,36000.0,19600.0,4240.0,844.0,897.0,295.0,3080.0,1060.0,0.365,13.2,13.4,12.7,0.017,2760.0,2800.0,2800.0
41.3,25.5,22.4,0.882,0.515,0.189,1.51,0.953,1.5,51400.0,35900.0,41700.0,1680.0,825.0,373.0,3350.0,1520.0,0.607,26.3,26.6,21.7,0.04,2260.0,2350.0,2460.0
31.8,19.3,33.9,2.83,0.485,0.173,1.01,1.02,2.5,13600.0,9480.0,21600.0,1890.0,268.0,117.0,768.0,559.0,1.04,8.81,9.18,9.49,0.0254,2069.0,2119.0,2268.0
72.7,19.2,1.5,0.672,0.249,0.284,0.505,3.43,1.23,9630.0,2870.0,298.0,136.0,42.5,59.5,119.0,581.0,0.496,2.8,2.83,8.5,0.0026,2800.0,2800.0,2800.0
45.2,32.7,9.01,2.72,0.531,0.729,0.793,1.09,2.68,10000.0,8240.0,3000.0,924.0,152.0,257.0,314.0,309.0,1.08,4.7,4.76,4.46,0.022,2600.0,2730.0,2800.0
58.6,16.9,5.01,5.04,0.681,0.311,1.63,1.42,2.93,62500.0,20400.0,7990.0,8220.0,936.0,525.0,3100.0,1940.0,1.18,22.7,22.8,20.83,0.048,2310.0,2400.0,2680.0
56.1,27.6,5.58,1.26,0.266,1.24,1.23,2.69,1.55,14000.0,7800.0,2080.0,481.0,85.5,492.0,545.0,860.0,0.625,5.3,5.34,4.93,0.0086,2500.0,2780.0,2800.0
53.9,32.3,4.35,0.672,0.747,0.486,2.7,1.47,1.1,14700.0,9980.0,1780.0,280.0,263.0,210.0,1310.0,514.0,0.443,5.8,5.84,6.1,0.0067,2800.0,2800.0,2800.0
30.1,30.0,20.7,0.966,2.16,0.419,2.68,0.886,4.78,12100.0,13700.0,12500.0,596.0,1120.0,268.0,1930.0,458.0,2.06,8.0,8.64,6.39,0.012,2180.0,2460.0,2630.0
28.0,17.0,23.0,5.1,0.747,0.648,1.6,0.77,5.7,11200.0,7680.0,13700.0,3110.0,384.0,410.0,1140.0,393.0,2.38,8.2,8.54,7.5,0.0238,2080.0,2130.0,2190.0
18.0,12.8,52.0,4.22,0.664,0.23,0.709,0.518,7.0,3560.0,2880.0,15400.0,1280.0,170.0,72.1,250.0,132.0,2.83,4.2,4.24,15.2,0.045,2800.0,2800.0,2800.0
41.7,22.5,25.7,1.02,0.133,0.284,0.553,3.06,1.4,21700.0,13300.0,20100.0,814.0,89.2,234.0,513.0,2040.0,0.568,11.0,11.1,9.28,0.0024,2130.0,2380.0,2420.0
54.4,25.1,13.7,0.728,0.598,0.216,1.88,1.14,1.05,50000.0,26200.0,18900.0,1020.0,709.0,315.0,3070.0,1340.0,0.426,19.4,19.7,9.75,0.0061,2580.0,2690.0,2770.0
32.0,18.0,37.0,3.4,0.52,0.35,1.2,0.81,2.9,16800.0,10700.0,29000.0,2720.0,351.0,291.0,1120.0,543.0,1.18,11.0,11.2,10.6,0.039,1980.0,2030.0,2080.0
38.0,31.0,8.1,1.1,4.98,4.32,2.0,0.86,0.52,7770.0,7170.0,2480.0,344.0,1310.0,1400.0,728.0,225.0,0.217,4.2,4.38,4.0,0.0472,2090.0,2140.0,2190.0
48.0,17.0,1.2,0.11,0.0432,0.0203,0.43,1.3,0.1,30100.0,12100.0,1120.0,105.0,34.8,20.1,479.0,1040.0,0.042,13.0,13.4,9.9,0.000698,2910.0,2910.0,2910.0
37.6,28.8,18.9,3.75,0.282,0.162,0.565,1.54,1.83,12500.0,10900.0,9470.0,1920.0,122.0,85.8,336.0,658.0,0.735,7.1,7.15,7.3,0.0042,2240.0,2420.0,2510.0
36.8,20.6,27.0,3.71,0.847,0.405,2.43,1.27,4.5,23300.0,14800.0,25600.0,3600.0,692.0,407.0,2740.0,1030.0,1.84,13.3,13.6,12.1,0.029,1960.0,2050.0,2160.0
33.2,27.0,20.4,1.82,0.697,0.378,1.63,1.49,2.83,3910.0,3610.0,3610.0,328.0,106.0,70.6,343.0,224.0,1.14,2.5,2.52,2.34,0.013,2290.0,2440.0,2600.0
56.9,26.5,1.77,1.79,0.863,0.203,1.9,1.92,1.35,40900.0,21500.0,1910.0,1970.0,799.0,231.0,2430.0,1770.0,0.553,15.0,15.4,13.69,0.0045,2770.0,2800.0,2800.0
26.9,12.5,31.1,8.4,0.515,0.405,1.4,0.73,6.0,14800.0,7760.0,25500.0,7040.0,364.0,352.0,1370.0,512.0,2.56,11.0,11.8,10.7,0.031,2005.0,2100.0,2195.0
24.0,13.0,51.9,0.952,0.448,0.351,1.02,0.786,1.68,8960.0,5500.0,29000.0,544.0,216.0,208.0,680.0,376.0,0.687,7.8,8.0,7.35,0.013,2060.0,2090.0,2130.0
49.2,25.1,13.7,1.36,0.564,0.149,1.47,1.81,2.0,25300.0,14600.0,10600.0,1070.0,374.0,121.0,1340.0,1190.0,0.816,10.8,11.0,10.6,0.0077,2460.0,2550.0,2650.0
26.5,19.7,42.4,2.54,0.847,0.23,1.6,1.04,3.78,2980.0,2510.0,7150.0,436.0,123.0,41.0,321.0,150.0,1.52,2.4,2.41,2.44,0.19,2000.0,2120.0,2400.0
56.9,30.2,6.78,0.294,0.847,0.122,2.5,1.39,0.325,47600.0,28600.0,8480.0,376.0,913.0,161.0,3720.0,1490.0,0.131,17.7,17.9,14.32,0.011,2800.0,2800.0,2800.0
51.1,18.3,19.7,1.76,0.813,0.243,2.55,0.936,1.75,38600.0,15600.0,22200.0,2030.0,790.0,290.0,3420.0,903.0,0.706,16.0,16.1,16.1,0.035,2155.0,2255.0,2360.0
50.3,20.8,6.84,5.66,1.59,0.243,0.313,1.23,4.28,19100.0,8940.0,3880.0,3280.0,780.0,146.0,211.0,599.0,1.78,7.8,8.12,6.83,0.085,2230.0,2330.0,2540.0
45.8,32.5,11.7,0.994,0.78,0.594,3.09,1.45,1.55,17400.0,14000.0,6660.0,578.0,382.0,358.0,2090.0,708.0,0.631,8.0,8.14,7.81,0.05,2700.0,2780.0,2800.0
37.1,23.4,16.5,9.02,0.714,0.662,1.49,1.27,5.95,13000.0,9290.0,8640.0,4820.0,322.0,367.0,929.0,569.0,2.41,7.4,7.49,6.9,0.061,2270.0,2360.0,2450.0
41.5,22.2,27.3,1.2,0.485,0.18,1.33,0.942,0.872,28100.0,16800.0,26000.0,1160.0,439.0,191.0,1670.0,814.0,0.356,13.9,14.2,13.3,0.0112,2053.0,2155.0,2254.0
36.4,32.1,12.0,4.2,1.11,1.72,1.08,1.48,7.12,8400.0,5250.0,2380.0,357.0,182.0,184.0,915.0,256.0,2.86,3.5,3.52,3.13,0.016,2270.0,2349.0,2452.0
49.9,24.0,15.2,0.868,0.647,0.338,2.87,1.37,1.33,38200.0,20800.0,17400.0,1020.0,639.0,409.0,3910.0,1340.0,0.536,16.2,16.4,15.55,0.0034,2450.0,2560.0,2610.0
38.5,23.0,8.15,1.3,0.88,0.324,1.79,1.42,1.27,10800.0,7270.0,3410.0,556.0,317.0,144.0,891.0,508.0,0.517,5.9,5.98,5.71,0.01,2540.0,2710.0,2800.0
39.2,23.3,29.0,1.34,0.631,0.378,2.04,1.14,1.6,13900.0,9370.0,15500.0,731.0,290.0,213.0,1300.0,518.0,0.65,7.5,7.62,6.94,0.017,1960.0,2080.0,2230.0
52.0,23.0,16.0,0.37,0.83,0.27,2.0,1.2,0.74,26300.0,13200.0,12100.0,286.0,542.0,217.0,1800.0,777.0,0.308,10.4,10.8,10.1,0.0122,2480.0,2530.0,2640.0
53.1,21.9,13.4,0.868,0.946,0.284,2.36,1.17,1.4,14500.0,6760.0,5480.0,362.0,332.0,122.0,1140.0,408.0,0.573,5.7,5.83,11.24,0.0058,2340.0,2460.0,2510.0
43.4,25.1,20.4,1.33,0.581,0.243,1.56,1.37,1.75,22200.0,14600.0,15700.0,1040.0,383.0,197.0,1420.0,898.0,0.71,10.8,11.0,11.7,0.018,2210.0,2320.0,2410.0
45.3,24.8,22.7,0.826,0.664,0.135,1.68,1.76,1.0,30800.0,19100.0,23100.0,859.0,582.0,146.0,2040.0,1530.0,0.413,14.1,14.6,12.4,0.0055,2460.0,2580.0,2690.0
50.9,36.3,3.26,0.602,0.863,0.27,3.94,1.97,0.4,45600.0,36700.0,4370.0,824.0,996.0,383.0,6280.0,2260.0,0.164,18.7,19.2,16.23,0.0098,2800.0,2800.0,2800.0
43.6,16.9,27.3,0.88,0.647,0.297,2.2,0.64,2.2,24900.0,10900.0,23300.0,767.0,476.0,269.0,2240.0,467.0,0.888,12.1,12.2,12.3,0.015,2060.0,2140.0,2250.0
30.6,27.0,40.5,1.16,0.481,0.0959,1.2,0.903,0.825,11400.0,11400.0,22600.0,662.0,231.0,56.6,797.0,431.0,0.342,7.7,7.97,7.4,0.011,2120.0,2240.0,2330.0
30.9,21.4,39.7,1.4,0.232,0.243,0.35,0.61,1.82,12000.0,9420.0,23100.0,830.0,116.0,150.0,242.0,303.0,0.747,8.1,8.31,8.9,0.015,2060.0,2170.0,2260.0
59.3,26.8,2.85,1.09,0.51,0.245,2.21,1.5,1.41,39700.0,19500.0,2770.0,1040.0,423.0,258.0,2600.0,1320.0,0.579,13.8,14.1,12.1,0.00692,2766.0,2786.0,2800.0
53.0,25.0,8.6,0.56,1.46,0.446,3.7,1.1,1.3,31000.0,16500.0,7520.0,500.0,1100.0,413.0,3850.0,822.0,0.542,12.0,12.5,12.2,0.0198,2525.0,2625.0,2715.0
37.9,15.9,33.4,3.3,0.863,0.419,1.5,0.8,3.6,22000.0,10400.0,29000.0,2920.0,645.0,384.0,1550.0,593.0,1.5,11.9,12.4,10.5,0.04,1915.0,1985.0,2045.0
22.0,12.7,59.4,0.8,0.232,0.851,0.7,0.6,2.7,10400.0,6790.0,42000.0,577.0,141.0,637.0,588.0,363.0,1.13,9.7,10.1,10.2,0.014,2030.0,2080.0,2140.0
50.1,23.5,16.7,1.4,1.26,0.891,2.0,1.1,2.9,18300.0,9710.0,9120.0,781.0,594.0,516.0,1300.0,514.0,1.21,7.5,7.81,6.6,0.01,2250.0,2350.0,2480.0
47.9,23.2,20.2,0.982,0.703,0.19,2.57,1.08,1.51,23900.0,13100.0,12800.0,708.0,450.0,148.0,2290.0,688.0,0.623,9.95,10.3,8.25,0.0115,2246.0,2371.0,2733.0
36.6,19.1,32.2,1.47,0.365,0.216,1.19,1.27,2.05,18600.0,11000.0,24500.0,1140.0,240.0,174.0,1080.0,828.0,0.835,10.7,10.9,10.17,0.0109,1910.0,2020.0,2340.0
44.8,32.5,6.32,2.96,0.598,0.851,1.03,1.17,2.65,9130.0,7500.0,1930.0,920.0,157.0,275.0,375.0,305.0,1.07,4.3,4.36,4.25,0.0069,2800.0,2800.0,2800.0
38.9,21.2,22.8,6.32,0.913,0.702,1.26,1.01,6.48,15000.0,9230.0,13100.0,3720.0,453.0,429.0,864.0,498.0,2.61,8.2,8.24,8.9,0.023,2080.0,2200.0,2410.0
22.3,11.1,55.1,2.0,0.581,0.189,1.43,0.518,4.25,12900.0,7230.0,47600.0,1770.0,433.0,173.0,1470.0,383.0,1.74,12.1,12.4,10.3,0.042,2060.0,2150.0,2260.0
45.0,29.6,7.0,1.8,1.13,0.729,4.1,0.96,2.7,15000.0,11200.0,3500.0,919.0,486.0,386.0,2440.0,410.0,1.12,6.9,7.15,6.7,0.013,2675.0,2785.0,2800.0
42.6,25.4,25.7,1.09,0.315,0.162,1.93,1.39,1.72,28800.0,19500.0,26000.0,1130.0,275.0,174.0,2330.0,1200.0,0.717,13.9,14.5,13.25,0.01,2011.0,2097.0,2175.0
56.7,25.5,8.3,0.7,0.564,0.297,2.1,2.5,0.58,31000.0,15800.0,6780.0,584.0,397.0,257.0,2040.0,1750.0,0.234,11.6,11.7,17.0,0.0092,2800.0,2800.0,2800.0
35.7,15.0,44.8,0.714,0.531,0.216,1.48,0.736,1.58,18600.0,8830.0,34800.0,567.0,356.0,178.0,1370.0,489.0,0.642,10.9,11.1,10.4,0.012,2050.0,2150.0,2260.0
45.6,24.8,19.2,0.77,1.39,0.446,2.94,0.819,0.425,46600.0,28700.0,29300.0,1200.0,1840.0,722.0,5360.0,1070.0,0.173,21.5,21.9,21.2,0.015,2130.0,2220.0,2300.0
28.0,17.0,43.0,0.73,0.382,0.081,0.94,0.77,1.4,23200.0,15900.0,53200.0,923.0,407.0,106.0,1380.0,815.0,0.583,17.0,17.7,16.4,0.0136,2020.0,2070.0,2290.0
45.8,27.4,15.9,1.26,0.498,0.554,1.61,1.2,1.45,16500.0,11200.0,8540.0,693.0,231.0,316.0,1030.0,554.0,0.587,7.6,7.7,7.17,0.011,2220.0,2460.0,2520.0
39.6,29.1,3.13,1.51,1.13,0.122,1.53,0.9,1.65,16700.0,13900.0,1980.0,973.0,614.0,81.3,1150.0,486.0,0.718,8.3,9.03,9.1,0.036,2910.0,2910.0,2910.0
36.2,21.7,27.0,3.81,0.564,0.459,1.74,0.953,5.35,13600.0,9240.0,15200.0,2190.0,273.0,273.0,1170.0,458.0,2.23,7.7,8.05,7.84,0.21,2080.0,2160.0,2260.0
52.5,37.5,2.89,0.644,0.581,0.0851,1.97,1.19,0.725,43700.0,35300.0,3600.0,819.0,623.0,112.0,2920.0,1260.0,0.292,17.7,17.8,15.9,0.0037,2800.0,2800.0,2800.0
48.2,24.2,22.6,0.98,0.498,0.0864,1.32,0.83,1.49,15700.0,8900.0,11000.0,486.0,209.0,44.5,763.0,345.0,0.618,6.7,6.95,6.9,0.019,2110.0,2200.0,2320.0
51.6,26.4,14.5,0.784,0.78,0.149,2.72,1.31,1.15,80300.0,46500.0,33900.0,1870.0,1570.0,367.0,7530.0,2610.0,0.465,33.0,33.3,33.6,0.0035,2330.0,2450.0,2500.0
46.0,28.2,11.0,1.86,1.43,0.527,3.43,1.05,3.3,16700.0,11600.0,6000.0,1040.0,670.0,304.0,2220.0,491.0,1.35,7.6,7.8,7.05,0.013,2460.0,2605.0,2685.0
31.7,24.4,35.5,2.73,0.631,0.297,1.19,0.502,2.38,20800.0,18200.0,34900.0,2740.0,534.0,309.0,1390.0,422.0,0.961,13.9,14.1,13.2,0.061,2540.0,2630.0,2720.0
29.7,24.8,29.3,5.28,0.73,0.257,0.733,0.585,6.25,6210.0,5860.0,9170.0,1690.0,197.0,85.0,273.0,157.0,2.54,4.4,4.47,4.27,0.017,1900.0,2010.0,2080.0
51.6,28.9,7.99,2.38,0.764,0.5,1.69,1.59,1.68,85200.0,54100.0,19800.0,6010.0,1630.0,1310.0,4990.0,3360.0,0.679,34.9,35.4,33.2,0.011,2510.0,2590.0,2680.0
47.7,28.0,5.15,1.57,1.11,0.918,2.72,1.22,1.53,19000.0,12600.0,3060.0,953.0,570.0,579.0,1920.0,621.0,0.618,8.4,8.51,7.33,0.015,2540.0,2640.0,2800.0
44.0,24.0,23.0,0.55,0.398,0.116,0.86,1.4,0.71,16500.0,10200.0,12900.0,315.0,193.0,69.0,574.0,672.0,0.296,7.7,8.02,6.8,0.0122,2330.0,2380.0,2430.0
65.1,27.3,0.7,0.3,0.432,0.635,1.2,2.4,0.9,52000.0,24700.0,836.0,366.0,444.0,803.0,1710.0,2450.0,0.375,16.4,17.1,17.4,0.0035,2800.0,2800.0,2800.0
31.5,12.3,41.0,3.25,1.26,0.257,2.31,0.502,3.58,10900.0,4840.0,21300.0,1720.0,564.0,141.0,1420.0,223.0,1.45,7.3,7.42,7.93,0.024,2000.0,2010.0,2320.0
54.0,27.0,4.3,0.41,1.18,0.662,4.1,1.2,0.72,34700.0,19600.0,4130.0,403.0,976.0,674.0,4690.0,987.0,0.3,13.2,13.8,5.8,0.0253,2213.0,2285.0,2665.0
42.8,29.0,21.4,1.2,0.664,0.702,1.6,2.2,2.6,26900.0,20600.0,20100.0,1150.0,538.0,699.0,1790.0,1770.0,1.08,12.9,13.4,13.1,0.0086,2350.0,2450.0,2590.0
50.3,31.0,8.87,1.96,1.01,0.297,2.02,1.3,1.8,15500.0,10800.0,4100.0,926.0,404.0,146.0,1110.0,516.0,0.733,6.5,6.62,6.2,0.012,2820.0,2910.0,2910.0
61.0,27.5,2.99,0.28,1.08,0.041,3.19,1.18,0.35,122000.0,62400.0,8970.0,859.0,2790.0,130.0,11400.0,3020.0,0.141,42.6,42.9,39.36,0.0042,2720.0,2800.0,2800.0
53.9,20.4,11.6,0.93,1.34,0.189,2.7,1.2,2.0,59000.0,25300.0,19000.0,1560.0,1900.0,328.0,5270.0,1680.0,0.833,22.5,23.4,25.5,0.021,2455.0,2565.0,2655.0
45.2,29.8,7.45,2.49,1.05,1.35,1.92,1.1,3.65,7270.0,5430.0,1790.0,613.0,217.0,344.0,551.0,227.0,1.48,3.4,3.44,3.7,0.019,2560.0,2640.0,2760.0
44.8,24.2,21.9,0.8,0.996,0.392,1.6,1.1,2.0,10000.0,6130.0,7340.0,274.0,287.0,139.0,638.0,315.0,0.833,4.6,4.79,4.4,0.012,2065.0,2230.0,2400.0
44.3,24.2,12.4,6.39,1.11,0.972,2.49,1.09,2.8,20800.0,12900.0,8750.0,4580.0,674.0,724.0,2080.0,653.0,1.14,9.9,10.1,9.0,0.026,2200.0,2290.0,2390.0
20.3,14.0,56.6,1.7,0.515,0.134,0.71,0.56,2.71,6180.0,4810.0,25800.0,790.0,202.0,64.5,385.0,218.0,1.1,6.4,6.51,5.4,0.022,2070.0,2120.0,2400.0
54.2,31.7,2.6,1.13,0.697,0.851,0.661,1.16,0.875,67100.0,44400.0,4820.0,2150.0,1110.0,1670.0,1460.0,1840.0,0.362,25.6,26.5,26.82,0.0079,2800.0,2800.0,2800.0
53.1,32.8,4.02,0.21,0.88,0.149,4.34,1.09,0.7,83300.0,58200.0,9430.0,504.0,1780.0,369.0,12100.0,2180.0,0.282,33.3,33.6,31.3,0.0046,2800.0,2800.0,2800.0
43.5,20.7,17.7,4.54,1.29,0.284,2.91,0.903,3.78,41700.0,22500.0,25300.0,6650.0,1600.0,431.0,4970.0,1110.0,1.53,20.3,20.5,18.86,0.14,2130.0,2210.0,2340.0
53.9,32.1,6.76,0.812,0.498,0.405,1.83,1.86,0.775,29300.0,19800.0,5500.0,675.0,349.0,349.0,1770.0,1290.0,0.316,11.4,11.6,10.47,0.0042,2740.0,2800.0,2800.0
49.0,20.8,17.3,0.602,1.33,0.284,3.89,0.719,3.65,66100.0,31700.0,34900.0,1240.0,2310.0,606.0,9350.0,1240.0,1.48,28.4,28.9,25.56,0.014,2160.0,2220.0,2520.0
19.8,11.8,47.9,5.46,0.465,0.351,0.793,0.619,5.68,8280.0,5570.0,30000.0,3490.0,251.0,233.0,591.0,331.0,2.33,8.7,8.95,9.03,0.038,1880.0,1990.0,2030.0
52.4,26.9,12.5,0.686,0.498,0.203,2.28,1.52,1.13,43800.0,25400.0,15600.0,876.0,537.0,268.0,3400.0,1620.0,0.455,17.7,17.9,18.49,0.0041,2580.0,2710.0,2790.0
30.3,18.7,28.2,4.1,1.39,1.62,1.9,1.0,6.9,7520.0,5260.0,10500.0,1560.0,446.0,637.0,840.0,318.0,2.88,5.1,5.31,5.0,0.045,2005.0,2115.0,2155.0
37.7,21.4,17.0,9.15,1.06,1.89,1.71,1.14,5.05,40300.0,25800.0,27200.0,14900.0,1460.0,3200.0,3250.0,1550.0,2.04,22.6,22.9,21.9,0.019,2040.0,2150.0,2230.0
43.1,28.4,2.65,9.72,0.714,0.756,1.94,1.57,7.48,20300.0,15100.0,1860.0,7000.0,433.0,564.0,1620.0,947.0,3.04,9.9,10.1,10.29,0.025,2460.0,2560.0,2680.0
51.1,22.0,9.62,4.52,1.2,0.392,2.7,1.07,1.85,38000.0,18500.0,10700.0,5140.0,1150.0,461.0,3580.0,1020.0,0.75,15.7,15.9,14.7,0.039,2260.0,2350.0,2450.0
41.7,32.1,14.4,1.85,0.415,0.176,0.938,0.669,2.5,14300.0,12400.0,7380.0,966.0,183.0,95.2,571.0,293.0,1.02,7.2,7.32,7.1,0.0095,2615.0,2715.0,2800.0
26.4,20.0,48.1,1.08,0.215,0.0763,0.285,0.515,1.75,12000.0,10300.0,31100.0,674.0,115.0,52.1,202.0,276.0,0.71,9.3,9.45,9.1,0.00585,2105.0,2190.0,2355.0
19.5,13.8,62.9,0.923,0.141,0.0867,0.322,0.355,1.29,23200.0,19300.0,79500.0,1550.0,203.0,163.0,693.0,577.0,0.538,20.1,20.9,14.16,0.0196,2221.0,2320.0,2385.0
40.9,25.6,17.0,0.763,0.876,0.332,2.51,1.36,1.51,24500.0,16900.0,9130.0,362.0,665.0,251.0,2820.0,1010.0,0.628,10.8,11.3,10.73,0.0123,2606.0,2654.0,2752.0
34.0,24.0,27.0,2.8,0.52,0.48,1.4,0.8,3.1,21300.0,17100.0,25400.0,2690.0,421.0,478.0,1560.0,643.0,1.26,13.2,13.4,8.8,0.015,2040.0,2090.0,2190.0
60.4,29.0,3.52,0.602,0.598,0.135,1.75,2.27,0.775,39000.0,21200.0,3400.0,595.0,498.0,138.0,2020.0,1880.0,0.315,13.6,13.8,12.6,0.0047,2800.0,2800.0,2800.0
47.9,29.1,10.6,1.55,1.24,0.5,4.15,1.17,1.65,45800.0,31500.0,15100.0,2270.0,1530.0,757.0,7050.0,1430.0,0.671,20.1,20.4,15.7,0.0095,2320.0,2360.0,2570.0
46.4,30.1,9.04,1.01,0.896,0.27,3.09,1.22,1.25,41800.0,30600.0,12200.0,1390.0,1040.0,385.0,4950.0,1410.0,0.509,18.9,19.3,18.7,0.024,2710.0,2800.0,2800.0
45.7,22.9,20.5,1.05,0.465,0.135,1.32,1.08,1.01,21300.0,12100.0,14300.0,749.0,280.0,99.9,1100.0,645.0,0.429,9.4,9.99,11.5,0.015,2190.0,2360.0,2630.0
39.4,24.8,29.0,0.85,0.166,0.162,1.54,1.31,1.51,26800.0,19100.0,29600.0,885.0,146.0,175.0,1870.0,1140.0,0.629,14.0,14.6,13.3,0.031,2164.0,2254.0,2365.0
53.9,30.9,4.9,1.1,0.697,0.527,1.7,1.8,1.3,16100.0,10400.0,2190.0,502.0,268.0,249.0,904.0,688.0,0.527,6.3,6.39,5.1,0.0045,2800.0,2800.0,2800.0
48.5,24.3,14.7,1.08,0.714,0.176,2.54,1.17,1.57,24100.0,13700.0,10900.0,819.0,457.0,138.0,2250.0,743.0,0.654,10.2,10.6,11.0,0.013,2180.0,2270.0,2310.0
35.0,16.0,29.0,3.9,1.03,0.324,1.5,1.3,6.7,4940.0,2560.0,6130.0,841.0,187.0,72.5,377.0,235.0,2.79,2.9,3.02,2.8,0.0171,1895.0,1960.0,2005.0
47.4,16.4,6.95,11.5,0.979,0.243,1.73,0.91,7.35,20700.0,8080.0,4540.0,7660.0,551.0,168.0,1350.0,509.0,2.95,9.3,9.35,13.0,0.039,2220.0,2300.0,2385.0
34.9,15.7,37.0,5.8,0.83,0.459,1.6,0.8,3.3,21200.0,10800.0,33700.0,5390.0,651.0,443.0,1730.0,623.0,1.38,12.5,13.0,11.6,0.04,1965.0,2045.0,2075.0
37.2,21.4,24.2,3.05,0.83,0.486,0.781,1.77,2.73,9180.0,5960.0,8910.0,1150.0,264.0,190.0,343.0,559.0,1.11,5.2,5.27,5.04,0.014,2350.0,2500.0,2540.0
34.4,20.8,28.6,2.4,1.03,1.89,2.5,0.7,7.7,5020.0,3440.0,6250.0,535.0,194.0,438.0,650.0,131.0,3.21,3.0,3.13,2.5,0.012,2010.0,2125.0,2200.0
57.0,31.7,2.97,0.612,0.537,0.15,2.1,2.06,0.65,39500.0,25200.0,2970.0,644.0,526.0,176.0,2910.0,1770.0,0.266,14.6,14.9,13.9,0.0044,2800.0,2800.0,2800.0
44.1,30.3,7.43,2.38,1.02,0.79,2.53,0.995,2.93,10700.0,8520.0,2540.0,853.0,307.0,297.0,1060.0,308.0,1.19,5.09,5.17,5.57,0.00908,2535.0,2594.0,2647.0
51.6,27.0,8.42,1.85,1.44,0.324,3.69,1.25,1.8,84600.0,50200.0,20700.0,4640.0,3060.0,843.0,10800.0,2630.0,0.729,34.7,35.1,30.0,0.018,2420.0,2530.0,2640.0
69.0,25.0,1.2,0.77,0.282,0.23,1.1,2.2,0.88,44000.0,18000.0,1150.0,750.0,232.0,232.0,1250.0,1800.0,0.367,13.1,13.6,14.51,0.00406,2910.0,2910.0,2910.0
42.8,18.4,17.3,6.83,0.764,0.405,2.13,0.87,6.65,21500.0,10500.0,13000.0,5250.0,495.0,323.0,1900.0,560.0,2.7,10.6,10.8,10.23,0.05,2150.0,2250.0,2350.0
50.0,24.3,3.9,6.5,0.963,0.216,0.64,2.3,3.4,36700.0,20200.0,4280.0,7290.0,911.0,251.0,837.0,2160.0,1.37,15.6,15.7,12.6,0.044,2305.0,2405.0,2495.0
45.1,33.3,5.68,1.36,1.01,0.486,3.22,1.25,1.27,11100.0,9230.0,2080.0,509.0,320.0,189.0,1410.0,394.0,0.515,5.2,5.25,5.5,0.0054,2800.0,2800.0,2800.0
53.0,36.2,1.2,0.77,0.332,0.13,1.42,1.82,1.01,28700.0,22100.0,971.0,636.0,231.0,111.0,1370.0,1260.0,0.41,11.4,11.6,10.7,0.0042,2910.0,2910.0,2910.0
43.2,25.9,16.3,1.46,1.28,0.27,3.59,1.12,1.43,16800.0,11400.0,9470.0,864.0,640.0,166.0,2480.0,556.0,0.577,8.2,8.31,8.75,0.01,2290.0,2400.0,2600.0
52.9,29.6,4.4,1.3,0.315,0.162,1.8,1.8,1.6,15500.0,9830.0,1930.0,583.0,119.0,75.3,940.0,676.0,0.648,6.2,6.28,6.2,0.018,2800.0,2800.0,2800.0
54.1,28.7,6.86,0.882,0.93,0.473,2.91,1.47,1.02,21200.0,12700.0,4020.0,527.0,469.0,293.0,2020.0,736.0,0.418,8.2,8.37,7.87,0.01,2740.0,2800.0,2800.0
45.1,29.5,7.6,1.1,0.697,1.15,2.0,1.8,1.6,8520.0,6310.0,2150.0,317.0,170.0,343.0,672.0,435.0,0.647,4.0,4.04,5.6,0.0058,2800.0,2800.0,2800.0
33.0,16.7,32.2,5.07,0.481,0.162,1.3,0.819,3.5,11600.0,6640.0,16900.0,2720.0,218.0,90.1,811.0,368.0,1.44,7.3,7.51,6.8,0.036,1840.0,1950.0,2070.0
33.8,26.2,30.4,1.72,0.614,0.635,2.36,0.903,2.38,10100.0,8880.0,13600.0,788.0,237.0,301.0,1260.0,346.0,0.966,6.3,6.4,6.2,0.0076,1990.0,2080.0,2170.0
51.4,31.4,2.8,1.24,0.581,1.22,2.22,1.42,2.38,17900.0,12400.0,1460.0,657.0,261.0,670.0,1380.0,632.0,0.969,7.3,7.45,6.59,0.0095,2800.0,2800.0,2800.0
44.7,30.5,13.7,1.62,0.93,0.284,1.56,1.97,1.83,34500.0,26700.0,15800.0,1920.0,925.0,347.0,2150.0,1950.0,0.74,16.3,16.5,14.5,0.009,2530.0,2640.0,2720.0
19.9,10.6,53.6,3.47,0.847,0.405,1.32,1.27,2.03,6790.0,4090.0,27400.0,1810.0,372.0,219.0,803.0,555.0,0.821,7.2,7.3,6.9,0.025,1920.0,2030.0,2130.0
37.0,15.9,29.5,4.06,0.913,0.432,2.02,0.819,3.43,32400.0,15800.0,38500.0,5430.0,1030.0,599.0,3140.0,917.0,1.39,18.4,18.7,16.8,0.054,2030.0,2110.0,2140.0
18.8,9.79,57.2,3.12,0.747,0.419,1.01,0.518,2.6,8910.0,5250.0,40500.0,2260.0,456.0,314.0,851.0,314.0,1.06,9.9,10.1,9.19,0.011,2040.0,2070.0,2250.0
56.7,24.6,3.96,2.46,1.2,0.675,2.91,1.19,1.7,34600.0,17000.0,3610.0,2290.0,939.0,652.0,3160.0,926.0,0.698,12.7,13.0,14.5,0.02,2530.0,2660.0,2760.0
42.1,36.3,0.472,1.86,0.548,0.5,2.06,1.26,1.01,43400.0,46700.0,565.0,3750.0,718.0,835.0,3690.0,1710.0,0.431,22.5,23.9,20.33,0.0033,2800.0,2800.0,2800.0
28.5,22.5,28.7,3.47,1.15,0.243,2.18,0.635,5.25,8380.0,7500.0,12700.0,1560.0,435.0,113.0,1140.0,239.0,2.13,6.2,6.3,3.4,0.036,2160.0,2250.0,2360.0
30.4,20.0,39.5,1.58,0.531,0.216,1.26,0.702,1.08,12300.0,9170.0,23900.0,977.0,277.0,138.0,908.0,363.0,0.448,8.3,8.65,8.3,0.023,1950.0,2050.0,2170.0
41.3,19.7,21.0,3.98,0.996,0.459,3.17,0.936,3.13,52300.0,28200.0,39800.0,7690.0,1620.0,921.0,7150.0,1520.0,1.26,26.8,27.1,25.56,0.028,1950.0,2120.0,2260.0
42.5,25.2,25.3,1.17,0.382,0.122,1.14,1.45,1.81,20700.0,13900.0,18400.0,870.0,240.0,93.8,988.0,903.0,0.754,10.0,10.4,9.92,0.0082,2168.0,2223.0,2432.0
41.5,24.6,19.9,2.32,1.66,0.284,3.32,1.05,3.5,11700.0,7810.0,8350.0,997.0,601.0,126.0,1660.0,379.0,1.43,5.9,6.01,5.2,0.024,2220.0,2300.0,2440.0
25.2,17.7,50.9,1.17,0.382,0.23,0.85,0.58,1.78,12100.0,9620.0,36600.0,860.0,237.0,175.0,728.0,357.0,0.733,10.0,10.3,8.8,0.024,2040.0,2090.0,2490.0
52.6,25.4,13.4,1.33,1.29,0.594,2.91,1.3,1.5,107000.0,58400.0,40800.0,4130.0,3390.0,1910.0,10500.0,3390.0,0.606,43.0,43.4,14.5,0.017,2340.0,2440.0,2520.0
33.7,9.98,16.5,12.9,5.55,3.81,1.31,0.445,17.1,42400.0,12100.0,27300.0,13700.0,6540.0,3380.0,3080.0,651.0,7.35,20.0,21.3,13.95,0.0824,2132.0,2243.0,2303.0
26.3,17.4,43.6,2.41,0.365,0.284,1.07,0.853,2.33,21500.0,16100.0,53400.0,3010.0,385.0,368.0,1560.0,893.0,0.947,17.2,17.5,17.27,0.0095,2020.0,2150.0,2210.0
44.9,28.2,16.8,1.89,0.747,0.297,1.67,1.19,2.33,20900.0,14900.0,11700.0,1350.0,449.0,219.0,1390.0,708.0,0.946,9.8,9.97,10.6,0.017,2410.0,2500.0,2580.0
51.7,30.3,5.94,0.8,0.913,0.189,2.75,1.6,1.37,25600.0,17000.0,4400.0,605.0,582.0,148.0,2420.0,1010.0,0.553,10.5,10.6,10.51,0.011,2730.0,2800.0,2800.0
49.9,24.6,14.7,2.55,0.498,0.365,1.71,1.37,2.98,23800.0,13300.0,10500.0,1850.0,306.0,275.0,1450.0,838.0,1.2,10.1,10.2,9.85,0.011,2330.0,2460.0,2500.0
41.3,23.4,25.2,0.896,0.614,0.203,1.66,1.05,1.08,24500.0,15700.0,22300.0,812.0,470.0,190.0,1750.0,800.0,0.433,12.6,12.7,12.24,0.0097,2070.0,2140.0,2480.0
49.0,30.0,2.8,1.7,0.88,0.338,2.0,1.5,1.8,19600.0,13600.0,1670.0,1040.0,453.0,214.0,1420.0,766.0,0.75,8.2,8.54,9.0,0.0166,2910.0,2910.0,2910.0
49.4,21.9,14.9,0.812,1.83,0.135,4.76,0.719,1.88,52800.0,26500.0,23800.0,1320.0,2510.0,228.0,9040.0,982.0,0.761,22.5,22.8,18.73,0.019,2160.0,2270.0,2390.0
48.6,20.0,19.3,2.06,1.34,0.581,2.93,1.05,0.85,51200.0,23900.0,30400.0,3310.0,1830.0,969.0,5500.0,1420.0,0.345,22.2,22.5,22.2,0.034,2060.0,2150.0,2240.0
33.6,28.6,22.5,4.04,1.13,0.27,1.85,0.97,5.92,5690.0,5490.0,5720.0,1050.0,247.0,72.6,559.0,211.0,2.39,3.6,3.63,3.6,0.018,2320.0,2410.0,2500.0
50.0,28.0,8.1,0.23,0.978,0.351,3.9,1.1,0.4,96100.0,60900.0,23300.0,676.0,2420.0,1070.0,13400.0,2710.0,0.167,39.5,41.1,39.3,0.0934,2910.0,2910.0,2910.0
33.0,26.9,8.32,11.1,1.51,0.446,0.95,0.97,9.55,8080.0,7440.0,3050.0,4150.0,476.0,173.0,414.0,304.0,3.85,5.2,5.24,5.09,0.074,2480.0,2510.0,2560.0
41.1,23.2,16.4,3.84,0.73,0.446,1.36,0.96,2.98,27100.0,17300.0,16200.0,3870.0,621.0,466.0,1600.0,810.0,1.22,13.8,14.1,17.0,0.031,2250.0,2310.0,2710.0
54.4,30.9,4.73,0.378,0.93,0.27,4.16,1.17,0.925,55300.0,35600.0,7210.0,588.0,1220.0,436.0,7540.0,1520.0,0.373,21.6,21.8,19.61,0.0068,2720.0,2800.0,2800.0
48.0,20.0,11.0,5.8,1.03,0.648,2.1,0.89,3.1,40700.0,19200.0,13900.0,7510.0,1120.0,870.0,3170.0,965.0,1.29,17.4,18.1,17.1,0.0177,2110.0,2230.0,2310.0
56.1,29.0,8.0,0.8,1.05,0.662,2.7,1.7,1.6,27000.0,15800.0,5770.0,589.0,650.0,505.0,2320.0,1050.0,0.667,9.9,10.3,8.3,0.085,2030.0,2080.0,2190.0
46.8,33.6,12.3,0.9,0.913,1.03,2.1,1.4,1.7,14100.0,11500.0,5560.0,415.0,355.0,491.0,1130.0,541.0,0.708,6.2,6.46,5.4,0.0044,2800.0,2800.0,2800.0
49.2,37.4,3.78,0.616,0.963,0.176,2.52,1.3,0.025,52500.0,45200.0,6030.0,1000.0,1320.0,297.0,4790.0,1780.0,0.0105,21.7,22.8,20.9,0.018,2800.0,2800.0,2800.0
27.6,13.2,31.3,11.0,0.88,0.324,1.9,0.418,7.13,18700.0,10100.0,31700.0,11400.0,768.0,348.0,2290.0,362.0,2.91,14.2,14.5,13.8,0.088,2000.0,2100.0,2220.0
29.3,13.8,45.6,2.06,0.332,0.297,0.733,1.1,2.3,17000.0,9070.0,39600.0,1830.0,248.0,273.0,758.0,820.0,0.937,12.2,12.4,9.81,0.0229,1940.0,1980.0,2000.0
42.8,21.1,18.7,4.3,1.26,0.23,2.04,1.17,3.85,8480.0,4730.0,5550.0,1300.0,323.0,72.1,721.0,297.0,1.56,4.2,4.24,3.4,0.15,2140.0,2230.0,2360.0
48.4,28.2,17.3,3.21,0.93,0.284,1.78,1.22,3.3,10200.0,6700.0,5440.0,1030.0,252.0,94.4,665.0,328.0,1.35,4.4,4.49,4.25,0.026,2550.0,2680.0,2720.0
37.3,15.5,40.2,0.854,0.913,0.405,2.2,0.753,1.5,31400.0,14800.0,50600.0,1100.0,991.0,541.0,3300.0,811.0,0.607,17.8,18.0,17.5,0.029,1820.0,1940.0,2030.0
34.4,31.6,10.8,6.18,1.38,0.432,2.26,1.18,9.97,3400.0,3530.0,1590.0,932.0,175.0,67.6,397.0,149.0,4.01,2.1,2.11,2.0,0.03,2450.0,2540.0,2620.0
46.7,20.8,21.2,0.994,1.11,0.608,3.0,1.17,1.8,41100.0,20700.0,27900.0,1340.0,1260.0,848.0,4710.0,1320.0,0.725,18.7,18.8,20.47,0.0078,2110.0,2250.0,2350.0
49.0,25.4,17.8,1.39,0.415,0.189,0.98,1.41,1.77,16500.0,9640.0,8930.0,713.0,180.0,101.0,586.0,606.0,0.738,6.9,7.19,6.9,0.038,2410.0,2530.0,2830.0
41.0,11.0,5.51,15.0,3.49,0.783,0.156,1.77,19.6,33500.0,10200.0,6750.0,18700.0,3680.0,1020.0,228.0,1860.0,9.75,14.1,17.5,12.27,0.042,2070.0,2140.0,2220.0
43.1,23.6,21.9,1.33,1.53,0.473,2.39,1.17,1.08,30300.0,18800.0,23000.0,1420.0,1380.0,525.0,2990.0,1050.0,0.436,14.8,15.0,13.83,0.011,2110.0,2180.0,2320.0
42.8,28.2,14.6,1.69,0.515,0.257,1.44,1.57,2.03,23700.0,17700.0,12100.0,1440.0,368.0,225.0,1420.0,1120.0,0.821,11.7,11.9,10.91,0.01,2410.0,2500.0,2640.0
47.3,28.5,11.6,1.76,1.33,0.432,4.11,1.19,2.17,41900.0,28600.0,15400.0,2390.0,1520.0,606.0,6480.0,1350.0,0.882,18.7,18.9,19.8,0.016,2420.0,2540.0,2630.0
44.4,12.9,5.18,15.9,2.16,0.0675,0.3,2.59,14.9,45000.0,14800.0,7850.0,24600.0,2820.0,108.0,542.0,3360.0,6.85,18.8,21.7,16.83,0.061,2060.0,2150.0,2240.0
40.7,22.3,4.58,0.812,1.54,0.783,2.84,0.87,1.38,15300.0,9510.0,2580.0,468.0,750.0,468.0,1900.0,419.0,0.554,8.0,8.06,8.42,0.015,2540.0,2650.0,2800.0
44.9,27.8,17.6,1.05,0.498,0.0945,2.27,1.74,1.85,29000.0,20300.0,17000.0,1040.0,414.0,96.7,2610.0,1440.0,0.746,13.7,13.8,13.44,0.0084,2470.0,2540.0,2670.0
52.4,38.5,1.13,1.51,0.299,0.0945,0.228,1.97,1.53,11600.0,9660.0,374.0,512.0,85.4,33.2,90.1,560.0,0.629,4.6,4.74,4.6,0.0027,2910.0,2910.0,2910.0
44.2,25.0,11.1,6.48,0.913,0.331,1.79,1.28,3.15,29800.0,19400.0,11600.0,7170.0,809.0,359.0,2150.0,1120.0,1.27,14.5,14.7,14.13,0.0293,2353.0,2433.0,2523.0
53.5,35.0,1.0,0.672,0.515,0.527,1.26,1.51,0.875,20600.0,15300.0,577.0,396.0,256.0,322.0,866.0,742.0,0.361,8.0,8.24,8.27,0.0049,2800.0,2800.0,2800.0
56.2,28.1,2.66,1.2,0.697,0.216,2.02,1.79,1.73,14900.0,8410.0,1050.0,487.0,238.0,90.7,952.0,606.0,0.698,5.6,5.67,5.38,0.0057,2800.0,2800.0,2800.0
52.9,25.9,10.3,0.686,1.59,0.459,3.79,0.92,1.35,109000.0,60600.0,31700.0,2170.0,4250.0,1500.0,13900.0,2430.0,0.547,43.7,44.2,45.8,0.013,2440.0,2540.0,2630.0
55.0,27.8,5.08,0.518,0.979,0.122,2.63,1.2,0.75,59700.0,34100.0,8240.0,859.0,1370.0,209.0,5080.0,1670.0,0.303,23.0,23.2,19.6,0.01,2800.0,2800.0,2800.0
52.5,26.4,7.6,0.63,1.56,0.594,4.3,1.0,1.3,34600.0,19700.0,7490.0,634.0,1330.0,620.0,5040.0,843.0,0.524,14.0,14.1,17.9,0.016,2545.0,2650.0,2755.0
52.3,31.8,3.43,1.28,0.863,0.324,3.65,1.03,1.5,24200.0,16700.0,2380.0,904.0,516.0,238.0,3010.0,609.0,0.607,9.8,9.92,8.88,0.0081,2800.0,2800.0,2800.0
53.8,22.1,15.9,0.63,0.963,0.365,2.99,1.17,1.58,45500.0,21200.0,20100.0,814.0,1050.0,488.0,4500.0,1270.0,0.644,17.7,18.1,16.5,0.013,2260.0,2360.0,2490.0
58.1,26.7,10.6,0.61,0.681,2.16,2.0,2.0,0.8,76400.0,39800.0,20900.0,1230.0,1150.0,4510.0,4690.0,3370.0,0.323,27.9,28.2,20.9,0.0052,2595.0,2705.0,2800.0
37.5,18.4,30.2,3.4,0.432,0.203,1.09,0.786,2.5,23100.0,12800.0,27800.0,3200.0,343.0,198.0,1200.0,619.0,1.01,13.0,13.2,13.0,0.032,2000.0,2080.0,2160.0
39.4,20.4,33.7,0.518,0.481,0.176,1.73,0.886,0.025,28400.0,16700.0,36400.0,572.0,448.0,201.0,2230.0,819.0,0.011,15.1,15.5,14.9,0.011,1940.0,2060.0,2150.0
57.1,30.5,2.8,0.3,1.01,0.648,2.5,1.5,1.1,36100.0,21800.0,2650.0,290.0,826.0,650.0,2820.0,1210.0,0.458,13.0,13.5,12.6,0.0077,2800.0,2800.0,2800.0
51.4,34.4,3.29,0.826,0.681,0.338,2.79,1.66,1.33,26300.0,20000.0,2520.0,648.0,450.0,274.0,2550.0,1090.0,0.539,10.8,11.0,9.49,0.0062,2800.0,2800.0,2800.0
48.3,26.7,3.9,4.3,0.664,0.797,1.2,1.7,3.1,11700.0,7300.0,1410.0,1590.0,207.0,305.0,516.0,525.0,1.26,5.1,5.17,4.9,0.0059,2545.0,2655.0,2755.0
53.4,25.7,7.13,0.534,0.796,0.156,3.17,1.23,0.76,28300.0,15200.0,7360.0,413.0,529.0,127.0,2940.0,806.0,0.32,11.3,11.7,10.51,0.00973,2709.0,2736.0,2759.0
32.2,18.2,30.5,0.94,0.598,0.0581,1.9,0.76,1.6,10900.0,7000.0,15500.0,488.0,262.0,31.3,1150.0,331.0,0.675,6.9,7.27,6.4,0.019,2075.0,2170.0,2265.0
44.2,25.2,24.0,0.924,0.432,0.311,1.63,1.42,1.68,25000.0,16100.0,20300.0,798.0,314.0,278.0,1640.0,1030.0,0.698,11.6,12.1,11.57,0.0039,2131.0,2358.0,2477.0
17.8,12.9,55.6,2.41,0.161,0.513,0.601,0.585,4.75,3910.0,3220.0,18300.0,809.0,45.6,179.0,235.0,165.0,1.94,4.6,4.7,4.5,0.024,2050.0,2160.0,2250.0
56.1,27.2,2.7,3.6,0.498,0.216,0.69,2.8,3.0,26300.0,14400.0,1890.0,2570.0,300.0,160.0,575.0,1680.0,1.23,9.8,10.0,10.2,0.029,2800.0,2800.0,2800.0
53.8,26.0,5.9,1.6,0.697,0.176,4.0,1.2,1.1,44500.0,24300.0,7300.0,2020.0,743.0,230.0,5890.0,1270.0,0.445,17.5,17.7,19.2,0.011,2615.0,2730.0,2800.0
49.5,22.1,7.55,5.27,0.315,0.028,0.276,1.48,6.73,22800.0,11500.0,5210.0,3710.0,187.0,20.0,227.0,875.0,2.98,8.9,9.84,8.46,0.18,2360.0,2440.0,2600.0
26.7,13.6,20.2,18.5,0.515,0.081,1.1,0.569,8.95,18200.0,10500.0,20600.0,19300.0,453.0,87.7,1340.0,497.0,3.71,14.1,14.6,10.12,0.15,2050.0,2100.0,2150.0
55.0,30.6,6.15,1.33,0.315,0.284,0.565,2.17,1.58,12700.0,8000.0,2120.0,469.0,93.8,104.0,232.0,642.0,0.635,4.9,4.94,5.28,0.0085,2800.0,2800.0,2800.0
40.9,26.5,27.6,1.36,0.813,0.108,2.22,1.19,2.05,25400.0,18600.0,25700.0,1290.0,652.0,106.0,2460.0,945.0,0.833,13.1,13.3,13.07,0.0053,2290.0,2490.0,2540.0
28.0,17.2,34.7,2.83,1.33,0.432,1.6,0.619,3.33,8820.0,6120.0,16400.0,1360.0,539.0,216.0,896.0,249.0,1.36,6.6,6.74,6.37,0.0091,2040.0,2100.0,2210.0
50.1,28.4,5.72,0.35,1.29,0.338,3.45,1.27,0.575,18200.0,11700.0,3110.0,194.0,606.0,194.0,2230.0,591.0,0.232,7.7,7.77,7.67,0.014,2700.0,2780.0,2800.0
31.5,20.4,21.9,6.12,0.315,1.13,2.21,1.09,5.03,7140.0,5250.0,7430.0,2120.0,92.3,408.0,894.0,316.0,2.03,4.8,4.86,4.8,0.054,2070.0,2160.0,2250.0
49.2,22.0,22.1,0.56,0.614,0.338,1.71,1.02,0.875,31400.0,15900.0,21100.0,547.0,506.0,342.0,1940.0,834.0,0.357,13.4,13.7,13.03,0.013,2120.0,2250.0,2530.0
49.2,22.9,18.3,0.672,0.847,0.108,2.12,1.15,0.925,29700.0,15600.0,16500.0,619.0,658.0,103.0,2270.0,890.0,0.373,12.8,12.9,12.28,0.0088,2290.0,2430.0,2610.0
58.2,25.1,6.3,1.4,1.28,0.905,2.6,1.1,2.9,16100.0,7880.0,2620.0,594.0,457.0,398.0,1280.0,391.0,1.21,5.7,5.94,7.6,0.013,2560.0,2650.0,2910.0
56.8,23.8,4.7,2.39,1.38,0.662,3.49,1.19,1.48,45900.0,21800.0,5690.0,2960.0,1430.0,847.0,5010.0,1230.0,0.607,16.8,17.3,16.6,0.027,2460.0,2540.0,2630.0
51.0,29.0,8.5,0.56,0.647,0.162,1.9,1.5,0.99,34300.0,22100.0,8540.0,575.0,561.0,173.0,2270.0,1290.0,0.413,13.8,14.4,12.6,0.0252,2910.0,2910.0,2910.0
52.1,25.9,14.1,0.5,0.996,1.07,2.7,1.3,1.2,38300.0,21600.0,15500.0,562.0,944.0,1240.0,3530.0,1220.0,0.5,15.1,15.7,14.4,0.018,2530.0,2610.0,2680.0
39.8,29.6,15.2,1.98,0.896,0.331,2.15,1.38,4.63,14500.0,12200.0,8430.0,1100.0,419.0,189.0,1390.0,641.0,1.88,7.7,7.81,8.45,0.02,2610.0,2655.0,2700.0
47.7,27.1,12.4,1.8,0.664,0.918,2.2,1.3,3.2,18000.0,11600.0,6990.0,1040.0,323.0,548.0,1480.0,627.0,1.29,8.0,8.06,7.6,0.0025,2690.0,2800.0,2800.0
38.8,27.0,24.2,1.53,0.382,0.284,2.39,1.49,1.7,22500.0,17700.0,20900.0,1350.0,285.0,260.0,2470.0,1100.0,0.708,11.9,12.4,12.08,0.011,2387.0,2468.0,2597.0
32.2,16.9,43.8,0.854,0.515,0.162,1.33,0.886,1.15,16400.0,9760.0,33500.0,666.0,339.0,131.0,1210.0,579.0,0.465,10.8,10.9,10.9,0.0054,1920.0,2010.0,2100.0
45.4,31.2,6.86,1.06,1.13,0.351,3.09,1.2,1.68,26800.0,20800.0,6060.0,960.0,859.0,328.0,3250.0,909.0,0.677,12.5,12.6,11.86,0.0062,2650.0,2760.0,2800.0
41.0,18.0,25.0,4.9,0.714,0.284,1.6,0.83,1.8,23300.0,11600.0,21300.0,4260.0,524.0,256.0,1620.0,605.0,0.75,11.7,12.2,10.9,0.0157,1875.0,2010.0,2090.0
25.9,17.4,45.7,2.86,0.631,0.716,0.974,0.819,5.63,4610.0,3490.0,12100.0,775.0,144.0,201.0,308.0,186.0,2.31,3.7,3.8,3.5,0.04,2180.0,2290.0,2370.0
42.8,30.8,10.3,1.36,1.37,1.14,2.14,0.92,2.05,6540.0,5340.0,2370.0,320.0,270.0,277.0,583.0,181.0,0.827,3.25,3.27,2.88,0.0135,2466.0,2566.0,2642.0
43.4,20.9,19.4,1.1,0.515,0.23,1.5,1.1,1.2,20400.0,11100.0,13600.0,790.0,312.0,171.0,1260.0,662.0,0.503,9.6,10.0,9.0,0.0077,2315.0,2410.0,2525.0
29.0,14.0,48.0,0.19,0.415,0.149,1.3,0.8,1.1,27500.0,15000.0,68200.0,276.0,508.0,223.0,2200.0,972.0,0.458,19.5,20.3,18.2,0.0123,2020.0,2050.0,2080.0
36.4,32.9,10.5,6.47,1.28,2.03,0.817,1.61,7.25,2730.0,2800.0,1180.0,742.0,124.0,241.0,109.0,154.0,2.91,1.6,1.61,5.2,0.012,2450.0,2560.0,2650.0
56.3,27.6,5.05,1.01,1.1,0.176,3.22,1.35,1.18,42100.0,23400.0,5640.0,1150.0,1060.0,208.0,4280.0,1290.0,0.485,15.5,16.0,14.1,0.014,2800.0,2800.0,2800.0
41.7,18.7,28.6,1.82,1.1,0.27,2.01,0.953,2.63,32900.0,16700.0,33700.0,2190.0,1110.0,337.0,2810.0,961.0,1.07,16.6,16.9,15.4,0.022,1860.0,1910.0,1990.0
52.2,23.8,9.34,0.63,1.99,0.486,4.76,0.853,1.45,116000.0,60000.0,31100.0,2140.0,5710.0,1710.0,18900.0,2430.0,0.589,46.9,47.6,37.7,0.021,2120.0,2220.0,2330.0
49.2,27.6,17.0,0.938,0.398,0.297,0.986,1.29,1.23,43900.0,27900.0,22700.0,1280.0,458.0,420.0,1570.0,1470.0,0.495,18.9,19.1,15.4,0.007,2600.0,2680.0,2720.0
57.1,28.9,4.78,0.448,1.33,0.189,3.87,1.35,0.9,43400.0,24900.0,5430.0,521.0,1300.0,228.0,5240.0,1320.0,0.366,16.0,16.3,11.0,0.012,2910.0,2910.0,2910.0
48.0,24.7,10.2,4.86,1.1,0.508,2.39,1.26,2.19,49700.0,29100.0,13700.0,8070.0,1510.0,853.0,4430.0,1640.0,0.895,21.6,22.0,22.32,0.0254,2058.0,2108.0,2176.0
67.1,20.6,1.28,1.15,0.125,0.738,0.805,0.77,2.57,55900.0,15900.0,1260.0,1270.0,102.0,821.0,1180.0,713.0,1.07,16.3,17.0,16.29,0.00373,2789.0,2800.0,2800.0
40.2,35.0,8.58,3.11,0.78,0.405,1.2,0.803,3.63,5530.0,5440.0,1760.0,653.0,138.0,88.2,294.0,141.0,1.47,2.9,2.94,2.89,0.038,2800.0,2800.0,2800.0
50.1,24.4,17.7,0.69,0.747,0.203,2.49,1.48,1.01,60000.0,33100.0,31700.0,1260.0,1150.0,384.0,5310.0,2270.0,0.421,24.6,25.6,24.36,0.004,2270.0,2486.0,2595.0
44.4,25.5,12.7,4.2,0.813,0.257,2.82,1.3,2.28,25500.0,16600.0,10900.0,3690.0,603.0,234.0,2890.0,960.0,0.918,12.2,12.3,12.06,0.021,2290.0,2500.0,2600.0
45.6,30.9,6.58,2.16,1.11,0.864,2.42,1.37,2.48,6440.0,4950.0,1390.0,465.0,202.0,193.0,607.0,248.0,0.997,3.0,3.02,3.2,0.017,2740.0,2800.0,2800.0
41.0,17.0,15.0,1.0,0.299,0.176,0.77,1.2,0.51,12000.0,5620.0,6560.0,446.0,113.0,81.3,400.0,449.0,0.213,6.0,6.25,5.9,0.0184,2350.0,2400.0,2500.0
38.1,21.7,36.8,0.7,0.365,0.149,0.913,1.07,1.18,13200.0,8540.0,19100.0,371.0,163.0,81.7,565.0,476.0,0.472,7.4,7.43,8.9,0.0071,2320.0,2410.0,2520.0
30.4,20.2,33.6,2.54,1.08,0.23,1.78,0.87,3.53,13900.0,10500.0,23100.0,1780.0,638.0,167.0,1450.0,511.0,1.43,9.7,9.82,9.02,0.036,1920.0,2060.0,2270.0
49.7,26.2,10.1,0.67,0.349,0.0608,0.76,1.3,0.82,7600.0,4540.0,2310.0,157.0,68.7,14.7,207.0,254.0,0.346,3.1,3.27,3.8,0.0046,2665.0,2765.0,2800.0
39.1,30.1,10.7,2.86,1.49,1.32,1.79,1.79,4.85,10600.0,9210.0,4300.0,1180.0,520.0,566.0,861.0,618.0,2.0,5.6,5.78,5.04,0.058,2260.0,2380.0,2610.0
51.8,34.8,3.36,0.882,0.498,0.135,1.88,1.61,1.25,19100.0,14500.0,1860.0,498.0,237.0,79.0,1230.0,759.0,0.513,7.7,7.9,7.5,0.004,2800.0,2800.0,2800.0
26.3,10.9,43.5,3.78,0.747,0.716,1.38,0.468,3.5,4830.0,2260.0,11900.0,1060.0,177.0,208.0,451.0,110.0,1.41,3.9,3.93,3.87,0.13,2025.0,2055.0,2270.0
43.2,24.1,11.0,6.27,0.963,0.351,2.28,1.17,3.38,23700.0,15000.0,9040.0,5260.0,682.0,306.0,2230.0,823.0,1.38,11.5,11.8,11.02,0.027,2270.0,2420.0,2530.0
47.3,33.1,9.85,0.616,0.647,0.176,2.26,1.62,0.75,54300.0,43000.0,16900.0,1080.0,959.0,320.0,4620.0,2390.0,0.304,24.3,24.6,20.8,0.025,2740.0,2800.0,2800.0
23.3,15.5,44.0,2.41,0.681,0.513,1.06,0.886,3.95,9050.0,6790.0,25600.0,1430.0,340.0,315.0,730.0,440.0,1.6,8.2,8.3,8.77,0.015,1960.0,2070.0,2280.0
57.5,31.5,3.66,0.714,0.481,0.149,1.27,1.45,1.23,28900.0,17900.0,2750.0,548.0,312.0,118.0,1140.0,935.0,0.506,10.4,10.7,9.74,0.0042,2800.0,2800.0,2800.0
47.1,16.4,16.0,5.7,0.979,0.621,2.3,0.803,5.0,52900.0,20900.0,27000.0,9800.0,1420.0,1110.0,4600.0,1160.0,2.03,23.7,24.1,23.1,0.065,2000.0,2120.0,2200.0
56.9,26.5,5.08,0.518,1.15,0.149,2.94,1.32,1.2,23200.0,12200.0,3100.0,323.0,603.0,96.1,2140.0,690.0,0.488,8.6,8.73,8.58,0.0074,2660.0,2750.0,2790.0
41.6,18.8,34.0,0.87,0.282,0.107,0.64,1.03,1.5,18400.0,9430.0,22500.0,589.0,161.0,74.9,505.0,584.0,0.625,9.1,9.48,9.11,2e-06,1940.0,1980.0,2020.0
33.9,21.2,36.7,1.17,0.303,0.309,0.938,1.04,1.65,11100.0,6690.0,14000.0,465.0,114.0,122.0,655.0,496.0,0.68,6.02,6.17,6.22,0.012,2087.0,2316.0,2486.0
47.6,23.3,19.7,1.44,0.863,0.243,2.55,1.07,1.66,25300.0,14000.0,15700.0,1170.0,592.0,205.0,2410.0,728.0,0.669,11.3,11.4,10.57,0.0053,2140.0,2360.0,2450.0
50.9,24.0,7.35,4.96,0.88,0.824,0.829,1.39,4.15,21100.0,11300.0,4560.0,3140.0,471.0,542.0,613.0,737.0,1.68,8.8,8.88,3.64,0.016,2200.0,2340.0,2420.0
43.6,34.3,12.7,0.896,0.88,0.365,3.15,1.15,1.3,22400.0,20000.0,9780.0,705.0,584.0,297.0,2880.0,760.0,0.525,10.9,11.0,10.2,0.014,2800.0,2800.0,2800.0
42.8,21.4,23.3,2.7,0.896,0.405,2.01,1.04,1.9,36700.0,20700.0,29900.0,3540.0,990.0,550.0,3060.0,1140.0,0.77,18.1,18.3,16.3,0.026,2160.0,2240.0,2580.0
50.4,33.0,5.11,0.686,0.913,0.176,3.03,1.02,1.18,31500.0,23300.0,4780.0,656.0,736.0,174.0,3370.0,816.0,0.476,13.2,13.4,13.16,0.008,2750.0,2800.0,2800.0
44.5,26.8,20.0,1.01,0.498,0.189,1.14,1.72,0.275,14300.0,9800.0,9630.0,497.0,207.0,96.6,655.0,711.0,0.112,6.8,6.9,6.4,0.0064,2430.0,2540.0,2620.0
23.5,28.2,15.8,0.602,0.697,0.338,2.08,1.34,0.025,18500.0,25100.0,18600.0,723.0,706.0,420.0,2910.0,1350.0,0.011,16.6,16.8,16.7,0.0097,2550.0,2660.0,2750.0
43.5,23.1,24.1,0.756,1.03,0.149,2.57,1.2,1.38,34200.0,20500.0,28300.0,909.0,1040.0,185.0,3600.0,1210.0,0.554,16.7,16.8,16.5,0.0095,2040.0,2140.0,2420.0
54.1,31.9,3.99,0.588,0.764,0.324,1.85,1.84,0.5,38600.0,25800.0,4260.0,641.0,702.0,366.0,2350.0,1680.0,0.202,15.1,15.3,13.9,0.014,2800.0,2800.0,2800.0
41.0,28.0,3.7,2.3,1.18,0.324,2.9,1.1,0.43,47100.0,36400.0,6360.0,4040.0,1750.0,590.0,5930.0,1620.0,0.179,23.6,24.6,19.6,0.00582,2910.0,2910.0,2910.0
42.9,25.1,4.15,11.8,0.963,0.459,0.445,2.42,7.33,39900.0,26500.0,5780.0,16800.0,1160.0,677.0,737.0,2890.0,3.28,17.8,19.9,18.67,0.027,2400.0,2480.0,2500.0
41.7,21.2,31.7,0.95,0.697,0.162,1.7,0.98,1.8,27800.0,16000.0,31600.0,968.0,600.0,171.0,2020.0,837.0,0.745,13.8,14.3,14.5,0.02,2120.0,2210.0,2300.0
31.8,23.8,32.4,1.34,1.26,0.081,2.82,0.92,2.55,6140.0,5200.0,9370.0,396.0,314.0,24.8,971.0,227.0,1.03,4.1,4.13,3.85,0.23,2060.0,2240.0,2560.0
41.9,23.1,20.7,2.09,0.73,0.23,2.14,1.02,2.88,18600.0,11600.0,13800.0,1410.0,418.0,161.0,1690.0,579.0,1.16,9.4,9.49,9.83,0.014,2050.0,2180.0,2390.0
31.7,22.0,35.1,0.686,0.498,0.108,1.86,0.585,1.0,33200.0,26100.0,55000.0,1100.0,672.0,179.0,3470.0,784.0,0.407,22.0,22.4,20.9,0.013,1940.0,2100.0,2190.0
54.9,28.1,2.8,2.0,0.398,0.257,1.5,1.5,1.0,25500.0,14800.0,1950.0,1420.0,239.0,189.0,1240.0,893.0,0.41,9.7,9.95,9.1,0.018,2800.0,2800.0,2800.0
55.4,28.7,5.35,0.532,0.681,0.284,1.69,1.69,0.5,40400.0,23700.0,5840.0,593.0,640.0,328.0,2200.0,1580.0,0.201,15.5,15.6,11.7,0.012,2800.0,2800.0,2800.0
42.4,12.5,5.43,8.87,3.32,3.51,1.63,0.518,16.0,23200.0,7760.0,4450.0,7420.0,2340.0,3050.0,1590.0,363.0,7.09,10.6,11.7,8.22,0.019,2150.0,2220.0,2440.0
46.1,28.4,16.1,0.896,0.93,0.216,2.44,0.97,1.9,35900.0,25000.0,18800.0,1070.0,933.0,267.0,3380.0,967.0,0.792,16.0,16.7,15.27,0.014,2432.0,2522.0,2611.0
46.5,34.6,6.3,0.84,1.13,0.23,4.34,1.09,1.01,42800.0,36000.0,8670.0,1180.0,1340.0,335.0,7110.0,1280.0,0.421,18.9,19.7,17.76,0.0089,2676.0,2701.0,2759.0
55.1,27.3,8.0,0.9,1.66,0.648,4.6,0.8,2.5,48300.0,27100.0,10500.0,1200.0,1880.0,900.0,7180.0,897.0,1.04,18.0,18.8,19.2,0.012,2510.0,2625.0,2735.0
48.4,30.1,3.86,6.33,1.61,0.824,0.673,1.32,5.03,82300.0,57900.0,9830.0,16500.0,3530.0,2220.0,2040.0,2880.0,2.15,34.1,36.5,28.43,0.025,2650.0,2780.0,2800.0
15.8,12.7,46.4,7.17,0.963,0.378,0.817,0.552,12.3,2490.0,2250.0,10900.0,1720.0,195.0,94.1,229.0,111.0,4.99,3.3,3.36,2.7,0.087,2020.0,2100.0,2200.0
51.8,25.1,12.5,1.2,0.996,0.162,2.79,1.2,1.0,30600.0,16800.0,11100.0,1090.0,759.0,152.0,2940.0,910.0,0.415,12.2,12.7,11.1,0.0232,2410.0,2510.0,2615.0
36.6,19.1,34.2,0.801,0.598,0.103,1.79,1.0,1.2,12000.0,7100.0,16800.0,402.0,253.0,53.4,1050.0,422.0,0.497,6.8,7.03,6.2,0.031,1965.0,2060.0,2175.0
55.5,29.5,4.32,0.737,1.15,0.609,3.26,1.66,1.27,31100.0,18700.0,3630.0,632.0,832.0,544.0,3260.0,1190.0,0.531,11.5,12.0,10.47,0.0423,2593.0,2625.0,2707.0
33.2,23.3,37.9,1.64,0.465,0.162,1.07,0.803,2.2,12300.0,9730.0,21000.0,925.0,221.0,94.9,704.0,380.0,0.892,7.8,7.91,7.66,0.007,1930.0,2070.0,2120.0
49.3,33.5,4.93,0.77,0.83,0.122,1.88,1.0,1.05,25900.0,19900.0,3870.0,617.0,561.0,101.0,1750.0,673.0,0.432,10.9,11.2,10.4,0.0082,2800.0,2800.0,2800.0
45.4,36.0,5.38,1.95,0.896,0.338,2.98,0.953,2.2,16100.0,14500.0,2850.0,1050.0,410.0,190.0,1880.0,432.0,0.89,7.5,7.58,5.0,0.0073,2800.0,2800.0,2800.0
32.7,21.4,13.7,12.1,1.01,0.405,2.14,0.803,4.53,8800.0,6500.0,5520.0,4960.0,351.0,173.0,1020.0,276.0,1.83,5.7,5.75,4.71,0.034,2100.0,2230.0,2350.0
44.1,25.0,22.1,0.406,0.598,0.216,1.91,1.1,0.025,35400.0,22700.0,26500.0,498.0,618.0,275.0,2730.0,1130.0,0.011,16.9,17.2,17.8,0.01,2360.0,2450.0,2540.0
31.9,10.5,23.9,13.6,0.382,0.311,1.1,0.672,7.0,18800.0,7010.0,21100.0,12300.0,290.0,290.0,1150.0,507.0,2.92,12.1,12.6,10.8,0.062,2000.0,2105.0,2205.0
30.4,17.6,40.5,2.87,0.664,0.351,1.41,0.886,2.42,16100.0,10500.0,32100.0,2320.0,453.0,294.0,1330.0,600.0,0.981,11.2,11.3,10.9,0.012,2000.0,2090.0,2180.0
54.3,31.1,3.65,1.04,0.979,0.594,2.9,1.68,1.02,32800.0,21300.0,3300.0,959.0,762.0,568.0,3120.0,1300.0,0.425,12.4,12.9,12.23,0.0046,2799.0,2800.0,2800.0
28.7,20.4,39.7,1.37,0.382,0.135,1.17,1.05,1.63,10400.0,8320.0,21400.0,756.0,177.0,77.2,749.0,486.0,0.66,7.6,7.72,7.8,0.0092,2000.0,2120.0,2230.0
35.8,24.4,32.3,0.812,0.598,0.338,2.09,1.27,1.05,26600.0,20600.0,36000.0,924.0,573.0,398.0,2770.0,1210.0,0.423,15.8,15.9,13.3,0.0053,2100.0,2170.0,2320.0
38.3,28.3,23.0,3.36,0.382,0.405,0.58,0.68,3.39,21900.0,18300.0,19700.0,2940.0,282.0,367.0,591.0,498.0,1.42,11.7,12.3,15.9,0.016,2130.0,2250.0,2540.0
51.4,28.0,8.44,1.96,0.813,0.473,2.38,1.49,1.98,43200.0,26700.0,10600.0,2520.0,882.0,630.0,3570.0,1600.0,0.804,17.7,18.0,17.73,0.0131,2520.0,2630.0,2660.0
42.8,22.5,13.0,5.88,1.03,0.54,2.24,0.819,4.35,41100.0,24500.0,18700.0,8640.0,1280.0,823.0,3830.0,1010.0,1.75,20.4,20.6,20.04,0.037,2170.0,2300.0,2370.0
50.7,33.1,3.96,0.938,0.647,0.189,2.68,1.57,0.925,20700.0,15300.0,2430.0,587.0,342.0,123.0,1950.0,821.0,0.372,8.7,8.76,8.18,0.0071,2800.0,2800.0,2800.0
43.4,28.5,18.3,0.5,0.813,0.113,2.3,1.1,0.86,24500.0,18200.0,15400.0,430.0,591.0,101.0,2300.0,795.0,0.364,11.4,12.1,10.1,0.0232,2400.0,2510.0,2615.0
37.3,23.5,28.0,3.17,1.01,0.446,1.18,1.08,4.45,7220.0,5160.0,8110.0,937.0,253.0,137.0,407.0,268.0,1.8,4.1,4.15,4.54,0.0254,2080.0,2140.0,2440.0
25.0,22.0,38.0,2.6,0.3,0.23,0.84,0.9,2.8,9770.0,9740.0,22200.0,1550.0,151.0,143.0,585.0,450.0,1.14,8.2,8.37,8.4,0.024,2090.0,2140.0,2190.0
38.0,27.1,23.7,1.67,0.764,0.945,1.54,1.2,2.5,6370.0,5140.0,5930.0,426.0,165.0,251.0,458.0,258.0,1.02,3.5,3.58,3.4,0.039,2250.0,2360.0,2460.0
41.0,35.0,9.3,1.8,0.515,0.999,1.5,1.9,2.0,28700.0,27800.0,9760.0,1930.0,465.0,1110.0,1870.0,1700.0,0.833,14.4,15.0,13.4,0.0077,2745.0,2800.0,2910.0
47.5,34.4,4.29,2.61,0.963,0.567,2.19,1.77,1.55,42700.0,35000.0,5770.0,3580.0,1120.0,808.0,3500.0,2040.0,0.628,19.0,19.2,18.4,0.0091,2910.0,2910.0,2910.0
43.7,20.8,21.3,1.9,0.896,0.297,2.69,1.0,2.1,42700.0,23000.0,31200.0,2850.0,1130.0,460.0,4690.0,1260.0,0.875,20.1,20.9,17.9,0.031,2075.0,2165.0,2255.0
50.8,30.0,10.3,0.574,0.73,0.128,2.1,1.35,1.08,28600.0,19100.0,8680.0,493.0,529.0,114.0,2100.0,974.0,0.434,11.9,12.0,10.93,0.0095,2650.0,2770.0,2800.0
41.5,25.5,13.6,6.78,0.946,0.27,2.19,0.987,3.48,23400.0,16200.0,11500.0,5820.0,686.0,241.0,2190.0,710.0,1.41,11.9,12.0,11.3,0.041,2020.0,2110.0,2210.0
45.4,28.0,12.7,1.34,1.34,0.459,4.29,1.2,2.2,53400.0,37300.0,22300.0,2420.0,2040.0,857.0,9000.0,1810.0,0.894,24.8,25.2,25.6,0.029,2380.0,2470.0,2560.0
51.3,25.3,9.67,1.34,0.564,0.311,1.92,1.66,1.25,31800.0,17800.0,8980.0,1270.0,451.0,305.0,2120.0,1320.0,0.507,13.1,13.3,14.8,0.013,2455.0,2555.0,2650.0
39.4,22.1,25.5,2.69,0.598,0.378,1.35,1.0,3.6,7460.0,4740.0,7220.0,779.0,146.0,114.0,454.0,243.0,1.46,4.0,4.06,4.03,0.0091,2080.0,2190.0,2320.0
30.1,20.3,36.0,1.0,0.78,1.26,2.0,0.8,2.6,6740.0,5150.0,12100.0,342.0,225.0,446.0,797.0,229.0,1.08,4.6,4.79,6.4,0.0063,2190.0,2390.0,2500.0
48.4,35.3,4.18,0.616,0.813,0.378,1.97,1.59,0.75,27800.0,23000.0,3590.0,541.0,602.0,344.0,2020.0,1170.0,0.307,12.0,12.3,12.5,0.01,2800.0,2800.0,2800.0
47.5,33.6,5.29,1.43,0.913,0.567,2.4,1.34,1.78,14200.0,11400.0,2370.0,654.0,353.0,269.0,1280.0,513.0,0.723,6.3,6.42,6.34,0.0075,2770.0,2800.0,2800.0
31.4,17.1,45.3,0.546,0.581,0.162,1.73,0.786,1.18,22200.0,13700.0,48000.0,591.0,530.0,182.0,2180.0,712.0,0.481,14.8,15.2,12.7,0.014,1970.0,2040.0,2100.0
52.7,31.8,7.02,1.03,0.498,0.311,1.41,2.22,1.13,26600.0,18100.0,5300.0,794.0,324.0,248.0,1260.0,1440.0,0.454,10.7,10.8,10.94,0.0048,2700.0,2770.0,2800.0
50.3,31.0,9.15,0.938,1.18,0.689,2.16,1.64,1.35,58100.0,40500.0,15800.0,1660.0,1750.0,1260.0,4450.0,2420.0,0.549,24.3,24.7,23.0,0.014,2860.0,2910.0,2910.0
46.0,24.0,19.0,1.2,0.946,0.216,2.7,1.2,2.3,39600.0,23400.0,24500.0,1580.0,1050.0,295.0,4140.0,1320.0,0.958,17.7,18.4,15.9,0.0138,2130.0,2180.0,2410.0
60.1,25.7,3.29,0.616,0.996,0.243,2.87,1.3,0.675,37500.0,18100.0,3070.0,587.0,800.0,240.0,3190.0,1040.0,0.277,13.0,13.3,12.55,0.0084,2570.0,2800.0,2800.0
35.8,18.1,35.0,1.65,1.11,0.702,2.55,0.819,2.8,11800.0,6750.0,17200.0,829.0,471.0,365.0,1490.0,344.0,1.14,6.9,7.03,6.8,0.0089,1900.0,1990.0,2090.0
50.7,22.5,14.6,2.66,1.05,0.446,2.84,1.12,0.925,41200.0,20700.0,17700.0,3310.0,1100.0,575.0,4110.0,1170.0,0.375,17.2,17.4,16.9,0.022,1940.0,2050.0,2160.0
44.3,25.1,17.3,1.34,2.49,0.257,2.81,1.29,2.9,21200.0,13600.0,12400.0,982.0,1530.0,194.0,2390.0,788.0,1.17,10.1,10.2,9.0,0.074,2290.0,2580.0,2690.0
50.1,25.2,10.7,0.714,0.681,0.338,3.53,0.903,1.55,51500.0,29300.0,16500.0,1120.0,902.0,550.0,6470.0,1190.0,0.629,21.7,22.0,20.64,0.0085,2440.0,2500.0,2710.0
32.8,24.2,29.9,1.7,0.332,0.131,0.67,1.0,2.1,12900.0,10800.0,17600.0,1020.0,168.0,81.6,469.0,503.0,0.851,8.3,8.41,9.1,0.0079,2080.0,2180.0,2510.0
20.5,9.4,50.2,3.14,0.88,0.837,2.19,0.552,4.33,4340.0,2250.0,15900.0,1010.0,239.0,280.0,822.0,149.0,1.78,4.4,4.52,4.37,0.072,1960.0,2040.0,2080.0
28.5,16.4,32.6,5.94,1.18,0.351,2.27,0.652,4.0,15300.0,9960.0,26300.0,4880.0,817.0,299.0,2180.0,449.0,1.63,11.3,11.5,12.2,0.051,1910.0,1990.0,2090.0
40.0,25.0,20.0,0.66,0.631,0.378,1.9,1.1,0.39,36200.0,25600.0,27100.0,913.0,736.0,543.0,3060.0,1270.0,0.163,18.6,19.4,17.9,0.0116,2350.0,2410.0,2450.0
46.7,39.9,5.33,1.5,0.408,0.14,0.675,1.39,2.19,14000.0,13600.0,2180.0,673.0,153.0,65.4,356.0,549.0,0.883,6.33,6.39,6.19,0.00614,2910.0,2910.0,2910.0
49.5,36.5,7.58,0.49,0.382,0.257,1.47,2.24,0.925,36300.0,30300.0,8320.0,549.0,361.0,298.0,1910.0,2100.0,0.372,15.6,15.7,15.42,0.0039,2800.0,2800.0,2800.0
53.0,18.6,19.3,0.49,1.18,0.297,3.06,0.635,1.08,31300.0,12400.0,17100.0,443.0,898.0,278.0,3230.0,481.0,0.435,12.5,12.7,12.01,0.017,2170.0,2340.0,2500.0
49.9,28.8,12.8,1.02,0.515,0.176,1.26,1.86,1.13,30400.0,19800.0,11700.0,949.0,403.0,169.0,1370.0,1440.0,0.457,12.8,13.0,12.65,0.0087,2710.0,2780.0,2800.0
27.6,16.8,50.3,1.27,0.382,0.23,0.805,0.702,1.88,13100.0,9030.0,35800.0,926.0,234.0,173.0,682.0,427.0,0.771,9.9,10.2,8.9,0.012,1980.0,2080.0,2170.0
32.3,17.2,34.6,2.61,0.979,0.216,1.92,0.686,3.33,14200.0,8540.0,22700.0,1740.0,553.0,150.0,1500.0,384.0,1.39,9.0,9.38,8.6,0.027,1880.0,1970.0,2070.0
32.5,18.9,18.8,11.0,1.36,0.149,2.98,0.686,6.5,33900.0,22300.0,29300.0,17600.0,1830.0,246.0,5540.0,915.0,2.65,21.9,22.3,20.8,0.066,2070.0,2180.0,2270.0
52.0,25.0,6.6,5.6,1.08,0.338,2.6,1.4,4.0,26800.0,14600.0,5100.0,4410.0,718.0,276.0,2390.0,924.0,1.67,10.6,11.0,10.7,0.0401,2250.0,2350.0,2450.0
36.7,16.6,37.2,1.55,0.664,0.405,1.75,0.853,2.08,19800.0,10200.0,30000.0,1280.0,462.0,346.0,1690.0,589.0,0.841,11.4,11.5,11.69,0.015,1970.0,2060.0,2350.0
44.3,25.1,16.9,1.62,0.714,0.27,2.2,1.05,1.88,8210.0,5280.0,4680.0,460.0,171.0,79.3,726.0,250.0,0.763,3.9,3.97,3.29,0.0078,2200.0,2430.0,2570.0
43.9,18.3,17.9,5.04,1.56,0.513,2.52,0.936,5.5,6060.0,2870.0,3700.0,1060.0,278.0,112.0,621.0,166.0,2.24,2.9,2.96,2.84,0.042,2050.0,2140.0,2190.0
44.0,27.2,23.0,0.826,0.531,0.189,1.61,1.47,1.2,35400.0,24800.0,27800.0,1020.0,552.0,241.0,2310.0,1520.0,0.487,17.0,17.2,14.02,0.006,2440.0,2540.0,2570.0
48.6,15.1,22.8,2.32,1.08,0.365,2.31,0.619,4.18,19000.0,6690.0,13400.0,1390.0,545.0,226.0,1610.0,310.0,1.71,8.2,8.38,7.1,0.037,1960.0,2100.0,2190.0
36.4,26.9,8.38,6.91,1.28,0.473,2.72,1.08,0.99,14900.0,12500.0,5130.0,4320.0,674.0,306.0,1980.0,565.0,0.413,8.4,8.75,6.7,0.043,2305.0,2400.0,2475.0
53.5,32.7,2.62,1.32,0.564,0.108,1.29,2.81,1.85,13900.0,9600.0,1020.0,522.0,189.0,44.4,594.0,932.0,0.76,5.4,5.55,5.26,0.0089,2800.0,2800.0,2800.0
53.8,28.4,2.9,3.43,1.41,0.338,2.7,1.16,1.93,80200.0,47900.0,6480.0,7820.0,2710.0,798.0,7180.0,2210.0,0.828,29.7,31.9,25.06,0.014,2450.0,2640.0,2790.0
45.1,25.7,16.7,1.86,0.481,0.182,2.19,0.988,1.97,20100.0,12500.0,8870.0,1010.0,277.0,120.0,1810.0,557.0,0.793,8.97,9.05,9.98,0.00754,2622.0,2711.0,2751.0
48.5,23.7,20.1,0.2,1.41,0.297,3.8,0.9,2.3,60200.0,33300.0,37300.0,379.0,2260.0,584.0,8400.0,1430.0,0.958,25.5,26.6,27.5,0.018,2090.0,2160.0,2360.0
47.7,18.2,2.43,0.812,0.764,0.284,2.39,0.903,1.4,33100.0,14300.0,2520.0,861.0,682.0,312.0,2950.0,801.0,0.573,14.5,14.8,13.5,0.021,2060.0,2170.0,2260.0
45.5,22.7,23.0,0.65,0.548,0.162,1.7,2.19,0.74,55400.0,31300.0,41900.0,1210.0,859.0,313.0,3680.0,3410.0,0.308,25.0,26.0,23.06,0.028,2450.0,2514.0,2657.0
55.4,27.2,9.44,0.994,0.813,0.527,1.56,1.76,1.05,12500.0,6980.0,3200.0,344.0,237.0,189.0,630.0,509.0,0.424,4.8,4.84,4.19,0.047,2510.0,2630.0,2680.0
27.8,15.1,40.2,3.0,0.548,0.351,0.84,0.52,3.8,12500.0,7680.0,27000.0,2060.0,317.0,250.0,672.0,299.0,1.54,9.5,9.62,9.7,0.043,2050.0,2150.0,2255.0
48.2,33.8,22.3,1.83,0.797,0.27,2.1,1.1,3.78,12600.0,10100.0,8770.0,736.0,270.0,112.0,984.0,371.0,1.54,5.5,5.62,5.58,0.0062,2800.0,2800.0,2800.0
45.7,21.0,16.4,5.25,0.979,0.486,2.51,1.04,3.35,37500.0,19500.0,20200.0,6580.0,1040.0,632.0,3670.0,1090.0,1.35,17.4,17.6,16.6,0.022,2080.0,2170.0,2250.0
50.5,29.0,6.6,0.42,1.06,0.297,3.5,1.3,0.8,101000.0,65700.0,19800.0,1280.0,2740.0,943.0,12500.0,3330.0,0.327,41.9,42.8,44.9,0.027,2800.0,2800.0,2800.0
37.0,24.7,29.4,1.3,0.996,0.324,2.75,0.886,1.25,23800.0,18000.0,28200.0,1280.0,823.0,329.0,3140.0,727.0,0.508,13.5,13.7,13.0,0.018,1980.0,2100.0,2210.0
34.0,26.7,18.0,6.02,0.93,0.459,1.06,1.22,4.25,2260.0,2000.0,1790.0,611.0,79.6,48.3,125.0,104.0,1.73,1.4,1.42,1.66,0.027,2250.0,2340.0,2390.0
48.2,22.7,14.2,1.54,1.53,0.432,3.7,1.09,1.65,54500.0,29100.0,24100.0,2660.0,2230.0,775.0,7460.0,1570.0,0.669,23.9,24.2,24.3,0.022,1970.0,2140.0,2250.0
17.8,10.9,57.0,3.63,0.714,0.23,1.02,0.435,3.3,4740.0,3290.0,22600.0,1470.0,244.0,96.7,483.0,148.0,1.34,5.6,5.69,5.6,0.014,1920.0,1990.0,2100.0
50.5,26.3,15.0,0.49,0.747,0.257,1.36,1.17,1.27,54100.0,31900.0,24100.0,803.0,1030.0,436.0,2590.0,1610.0,0.515,22.7,22.9,20.3,0.0075,2550.0,2620.0,2670.0
61.8,27.6,1.34,0.388,0.671,0.378,2.62,1.62,0.32,51900.0,26200.0,1670.0,489.0,720.0,498.0,3910.0,1740.0,0.14,17.2,17.9,19.36,0.0114,2910.0,2910.0,2910.0
53.8,32.4,3.3,0.5,0.762,0.831,3.09,1.55,1.27,24300.0,16500.0,2230.0,345.0,440.0,585.0,2450.0,888.0,0.53,9.27,9.66,8.43,0.00611,2800.0,2800.0,2800.0
55.0,26.0,4.5,0.63,0.531,0.714,2.2,1.4,0.79,25200.0,13500.0,3080.0,440.0,313.0,518.0,1790.0,820.0,0.329,9.4,9.79,10.3,0.0133,2910.0,2910.0,2910.0
48.8,23.3,18.1,1.5,0.664,1.01,2.3,1.1,1.8,22800.0,12300.0,12700.0,1070.0,400.0,750.0,1910.0,658.0,0.75,9.6,10.0,14.2,0.009,2090.0,2140.0,2240.0
16.1,6.62,57.9,3.95,0.315,0.446,0.18,0.284,4.8,2900.0,1350.0,15600.0,1090.0,73.2,127.0,57.8,65.5,1.95,3.8,3.85,4.25,0.019,1980.0,2040.0,2080.0
42.2,28.4,15.9,2.63,1.34,0.243,3.11,1.14,3.2,9960.0,7580.0,5610.0,951.0,410.0,91.0,1310.0,344.0,1.29,5.0,5.06,4.68,0.013,2210.0,2320.0,2400.0
40.3,28.1,8.6,4.1,0.963,0.716,1.9,1.1,6.4,4260.0,3360.0,1360.0,662.0,131.0,120.0,357.0,149.0,2.63,2.2,2.26,2.4,0.015,2415.0,2540.0,2615.0
45.8,29.7,10.1,0.672,0.996,0.311,4.64,1.07,1.5,61200.0,44900.0,20100.0,1370.0,1720.0,658.0,11000.0,1830.0,0.619,27.7,28.6,24.1,0.015,2720.0,2800.0,2800.0
50.0,30.9,6.36,0.882,0.847,0.284,2.12,1.2,0.975,9950.0,6960.0,1900.0,269.0,217.0,89.5,750.0,306.0,0.396,4.2,4.26,3.71,0.012,2725.0,2760.0,2800.0
45.4,25.6,19.5,1.2,0.299,0.23,1.78,1.49,2.17,23900.0,15300.0,15400.0,966.0,203.0,192.0,1670.0,1000.0,0.873,11.2,11.3,11.53,0.019,2440.0,2540.0,2680.0
31.2,25.1,28.3,3.35,0.697,0.257,1.2,1.12,3.2,16600.0,15100.0,22500.0,2720.0,477.0,216.0,1140.0,761.0,1.3,11.2,11.4,11.56,0.0096,2070.0,2130.0,2380.0
35.4,28.2,20.9,3.54,0.88,1.49,1.12,1.47,6.57,5890.0,5310.0,5190.0,898.0,188.0,391.0,331.0,312.0,2.67,3.5,3.55,2.8,0.016,2160.0,2240.0,2440.0
53.9,30.4,6.85,0.896,0.847,0.216,3.67,1.61,1.35,37600.0,24000.0,7150.0,956.0,762.0,239.0,4550.0,1430.0,0.552,14.6,14.9,13.45,0.0046,2800.0,2800.0,2800.0
36.0,20.0,21.0,2.6,0.73,0.257,1.9,0.73,1.3,18600.0,11700.0,16200.0,2050.0,486.0,210.0,1750.0,482.0,0.542,10.6,11.0,6.1,0.0221,2370.0,2420.0,2640.0
40.3,24.4,25.2,1.36,0.913,0.743,1.97,1.15,1.75,14200.0,9710.0,13300.0,730.0,414.0,414.0,1230.0,520.0,0.712,7.4,7.53,7.3,0.028,2100.0,2190.0,2310.0
21.7,14.0,51.1,1.46,0.398,0.081,1.02,0.886,2.42,6890.0,5010.0,24200.0,705.0,163.0,40.7,576.0,359.0,0.981,6.7,6.78,13.2,0.017,2140.0,2260.0,2430.0
48.0,18.0,20.0,0.51,1.03,0.351,2.5,0.97,1.8,44400.0,18800.0,27700.0,721.0,1230.0,515.0,4120.0,1150.0,0.75,19.0,19.8,18.7,0.0153,2090.0,2140.0,2190.0
29.9,22.9,34.8,2.01,0.631,0.216,1.4,0.99,2.89,7790.0,6760.0,13600.0,800.0,212.0,89.2,649.0,330.0,1.2,5.35,5.58,4.6,0.01,2110.0,2210.0,2310.0
27.0,15.7,39.8,4.89,1.39,0.527,1.8,0.602,4.88,14100.0,9310.0,31200.0,3910.0,942.0,437.0,1680.0,404.0,1.97,11.1,11.2,10.8,0.022,1920.0,2010.0,2120.0
52.0,20.0,15.4,2.39,0.266,0.54,2.67,1.0,1.88,55800.0,24300.0,24800.0,3930.0,367.0,919.0,5100.0,1380.0,0.765,22.5,23.0,20.5,0.022,2010.0,2100.0,2190.0
31.8,14.4,47.3,1.55,0.415,0.116,0.87,0.95,2.39,13000.0,6660.0,28900.0,967.0,218.0,75.1,632.0,496.0,1.01,8.3,8.73,7.6,0.025,1940.0,1990.0,2200.0
53.9,27.8,6.72,1.47,1.46,0.5,2.82,1.51,1.1,77200.0,45000.0,14400.0,3220.0,2700.0,1130.0,7200.0,2760.0,0.458,29.4,30.6,23.5,0.014,2540.0,2590.0,2680.0
45.8,30.9,13.7,0.91,0.913,0.675,2.57,0.95,1.71,19000.0,14500.0,8480.0,575.0,487.0,443.0,1890.0,503.0,0.713,8.5,8.85,9.1,0.021,2910.0,2910.0,2910.0
34.0,18.0,41.0,0.55,0.664,0.23,1.9,0.8,1.2,11100.0,6650.0,20000.0,274.0,279.0,119.0,1100.0,334.0,0.5,6.7,6.98,6.3,0.0166,1960.0,2010.0,2060.0
22.3,13.6,37.0,10.9,0.797,0.216,1.19,0.602,11.8,8040.0,5560.0,20000.0,6020.0,371.0,124.0,766.0,278.0,4.78,7.6,7.73,9.3,0.091,1910.0,2020.0,2110.0
48.8,20.4,21.3,0.504,0.764,0.162,2.79,0.953,0.75,55600.0,26300.0,36300.0,877.0,1120.0,292.0,5650.0,1390.0,0.302,24.2,24.4,27.5,0.01,2450.0,2560.0,2650.0
30.0,13.8,37.6,6.4,0.963,0.351,1.6,0.7,7.5,20500.0,10700.0,38400.0,6670.0,847.0,380.0,1940.0,611.0,3.15,13.9,14.6,12.5,0.04,1900.0,1995.0,2090.0
65.1,31.0,0.8,0.3,0.349,0.257,1.1,2.6,0.7,43700.0,23600.0,804.0,308.0,302.0,273.0,1320.0,2240.0,0.292,13.8,14.4,13.6,0.0066,2910.0,2910.0,2910.0
38.3,19.7,22.6,1.6,0.697,0.176,2.3,1.0,2.1,16500.0,9580.0,14500.0,1050.0,386.0,120.0,1760.0,550.0,0.868,8.9,9.2,9.0,0.02,2005.0,2105.0,2210.0
37.8,30.2,21.0,1.02,0.647,0.365,3.03,0.91,1.46,9750.0,8810.0,8110.0,402.0,215.0,149.0,1390.0,300.0,0.608,5.3,5.52,5.3,0.011,2195.0,2395.0,2490.0
47.1,30.1,10.2,1.39,1.03,0.594,2.09,1.32,1.63,30000.0,21700.0,9690.0,1350.0,846.0,600.0,2370.0,1080.0,0.662,13.4,13.6,11.18,0.19,2480.0,2590.0,2710.0
40.4,23.3,27.7,0.714,0.498,0.324,1.32,1.1,1.0,22900.0,14900.0,23500.0,618.0,363.0,291.0,1330.0,800.0,0.404,12.0,12.1,10.65,0.0052,2050.0,2130.0,2570.0
44.9,32.9,5.43,2.87,0.764,1.08,2.14,1.1,3.1,12500.0,10400.0,2260.0,1220.0,274.0,476.0,1060.0,393.0,1.27,5.8,5.95,5.28,0.036,2590.0,2640.0,2710.0
49.3,24.1,13.1,1.34,0.78,0.149,2.36,1.28,1.0,33500.0,18500.0,13300.0,1390.0,684.0,160.0,2850.0,1120.0,0.407,14.3,14.6,13.79,0.0089,2400.0,2450.0,2580.0
31.5,24.6,23.7,5.87,1.03,0.338,1.62,0.936,4.5,13400.0,11900.0,15100.0,3830.0,567.0,228.0,1230.0,512.0,1.83,9.0,9.14,13.1,0.026,2030.0,2120.0,2210.0
43.7,33.8,13.4,1.4,0.498,0.117,1.24,1.02,1.43,12200.0,10700.0,5600.0,598.0,179.0,52.0,616.0,365.0,0.588,5.8,5.98,5.9,0.0063,2800.0,2800.0,2800.0
48.0,38.4,5.3,1.2,0.382,1.32,1.5,1.8,2.5,11700.0,10600.0,1930.0,446.0,120.0,510.0,650.0,561.0,1.04,5.0,5.21,4.9,0.0038,2800.0,2800.0,2800.0
16.5,9.07,59.5,2.86,0.382,0.662,0.276,0.452,2.58,3020.0,1880.0,16300.0,801.0,90.3,192.0,90.3,106.0,1.06,3.8,3.93,3.9,0.015,1990.0,2040.0,2090.0
43.8,28.4,15.0,3.82,0.78,0.257,1.31,1.44,2.42,35500.0,26100.0,18200.0,4740.0,815.0,330.0,1890.0,1490.0,0.984,17.1,17.3,15.5,0.014,2350.0,2440.0,2530.0
42.2,27.6,14.2,3.46,1.1,0.392,2.85,0.97,2.58,26000.0,19200.0,13100.0,3250.0,869.0,382.0,3120.0,764.0,1.05,12.9,13.2,13.52,0.017,2300.0,2580.0,2640.0
33.7,18.2,13.4,16.4,0.415,0.189,1.48,0.652,18.0,25000.0,15300.0,14800.0,18600.0,396.0,222.0,1950.0,618.0,7.3,15.6,15.8,14.24,0.1,2080.0,2170.0,2270.0
42.1,21.1,27.8,1.34,0.714,0.351,2.3,1.1,1.76,20000.0,11400.0,19800.0,973.0,437.0,265.0,1950.0,669.0,0.709,10.1,10.2,9.61,0.022,2010.0,2110.0,2390.0
46.2,30.0,10.1,1.96,0.747,0.257,1.54,1.64,2.7,27200.0,20000.0,8880.0,1760.0,566.0,239.0,1610.0,1230.0,1.1,12.4,12.6,11.5,0.0095,2600.0,2660.0,2750.0
41.8,26.8,21.6,1.01,0.647,0.176,1.77,1.54,0.975,24700.0,17900.0,19100.0,911.0,493.0,164.0,1860.0,1160.0,0.395,12.5,12.7,12.7,0.022,1940.0,2050.0,2130.0
35.3,18.6,34.3,1.57,0.332,0.513,0.745,1.51,1.88,13600.0,8130.0,19800.0,926.0,165.0,314.0,512.0,744.0,0.756,8.2,8.26,7.48,0.011,1940.0,2120.0,2240.0
30.4,19.3,45.2,0.69,0.332,0.243,1.09,0.55,1.23,28800.0,20700.0,64000.0,998.0,405.0,365.0,1840.0,666.0,0.514,19.4,20.3,19.2,0.011,1960.0,2140.0,2530.0
58.2,28.0,4.6,0.5,1.31,0.986,3.9,1.8,1.2,55500.0,30200.0,6570.0,729.0,1610.0,1490.0,6620.0,2200.0,0.5,19.6,20.4,19.5,0.0078,2800.0,2800.0,2800.0
36.0,18.5,39.2,1.4,0.415,0.149,0.938,0.87,1.95,15500.0,9030.0,25200.0,921.0,230.0,101.0,718.0,479.0,0.789,9.1,9.21,10.23,0.013,1920.0,2010.0,2080.0
48.6,28.0,3.8,6.6,0.647,0.432,1.6,1.4,5.2,10100.0,6620.0,1190.0,2110.0,174.0,143.0,595.0,374.0,2.11,4.4,4.47,5.5,0.021,2425.0,2540.0,2615.0
45.4,31.9,7.72,3.29,1.21,0.5,2.04,1.02,4.15,12500.0,9970.0,3190.0,1390.0,431.0,218.0,1000.0,360.0,1.69,5.8,5.9,5.31,0.011,2480.0,2670.0,2760.0
44.3,28.9,12.3,2.11,0.647,0.23,1.67,1.12,3.0,7950.0,5870.0,3300.0,580.0,150.0,65.3,534.0,257.0,1.21,3.8,3.84,3.3,0.018,2410.0,2520.0,2610.0
38.5,26.7,7.35,4.96,2.46,0.284,3.04,0.836,9.75,16900.0,13300.0,4840.0,3330.0,1390.0,198.0,2380.0,471.0,4.12,8.9,9.41,7.3,0.013,2255.0,2360.0,2455.0
37.2,25.2,18.9,3.12,0.753,0.476,2.51,1.03,1.86,27300.0,20400.0,18400.0,3050.0,709.0,541.0,3320.0,965.0,0.775,14.5,15.1,11.28,0.016,2135.0,2224.0,2344.0
55.4,26.5,7.58,0.56,1.03,0.284,2.42,1.34,0.75,36900.0,19900.0,7540.0,569.0,882.0,299.0,2860.0,1140.0,0.303,14.1,14.2,13.88,0.01,2710.0,2730.0,2800.0
35.3,18.7,17.1,8.01,0.68,0.224,1.69,0.932,6.46,23200.0,14000.0,16800.0,7630.0,570.0,233.0,1970.0,789.0,2.62,13.8,14.0,12.18,0.0802,2149.0,2252.0,2355.0
51.1,32.3,5.92,1.78,0.83,0.459,1.05,1.94,1.58,15900.0,11400.0,2760.0,847.0,334.0,227.0,580.0,774.0,0.646,6.5,6.67,5.8,0.0078,2660.0,2800.0,2800.0
43.2,25.0,12.3,2.4,1.38,0.527,2.4,1.1,4.0,10400.0,6810.0,4430.0,882.0,427.0,201.0,1030.0,339.0,1.62,5.1,5.15,4.4,0.032,2155.0,2255.0,2355.0
51.2,29.5,5.46,1.44,1.11,0.419,3.05,1.27,1.43,11100.0,7240.0,1770.0,478.0,311.0,144.0,1180.0,352.0,0.575,4.6,4.64,4.7,0.023,2760.0,2800.0,2800.0
64.4,28.3,0.6,0.3,0.681,0.567,2.6,1.4,1.0,44500.0,22100.0,621.0,317.0,606.0,621.0,3200.0,1240.0,0.417,14.2,14.8,11.8,0.0038,2780.0,2800.0,2800.0
57.1,26.8,3.27,1.43,1.16,0.689,3.11,1.27,1.25,46000.0,24500.0,3950.0,1760.0,1210.0,879.0,4460.0,1310.0,0.51,16.9,17.2,16.9,0.013,2610.0,2700.0,2800.0
29.7,21.6,25.6,9.34,0.797,0.324,1.78,0.886,3.75,20100.0,16500.0,25900.0,9640.0,693.0,347.0,2140.0,766.0,1.52,14.3,14.4,13.7,0.043,2130.0,2220.0,2300.0
42.0,22.8,23.5,1.45,0.946,0.27,1.93,1.08,2.31,23700.0,14600.0,19800.0,1250.0,689.0,242.0,1940.0,781.0,0.954,11.7,12.1,10.2,0.032,2005.0,2115.0,2205.0
34.5,22.8,34.2,1.62,0.249,0.216,1.62,0.89,2.79,16000.0,11900.0,23700.0,1140.0,148.0,158.0,1330.0,527.0,1.16,9.5,9.9,9.11,0.059,1985.0,2113.0,2350.0
41.2,22.4,26.9,0.84,0.614,0.23,2.55,1.1,1.33,25800.0,15900.0,25300.0,805.0,496.0,228.0,2850.0,883.0,0.541,13.2,13.4,12.6,0.012,2040.0,2140.0,2250.0
52.4,32.1,6.48,0.714,0.88,0.756,2.33,1.61,1.25,36500.0,25300.0,6750.0,760.0,790.0,835.0,2890.0,1430.0,0.504,14.8,14.9,15.4,0.012,2800.0,2800.0,2800.0
32.8,24.8,29.9,2.06,0.498,0.115,0.661,1.05,2.17,6580.0,5620.0,8960.0,631.0,129.0,36.5,236.0,270.0,0.91,4.1,4.31,4.0,0.0076,2000.0,2120.0,2210.0
58.4,27.4,3.72,0.672,0.913,0.297,3.29,1.39,0.675,30900.0,16400.0,2940.0,543.0,622.0,249.0,3100.0,938.0,0.275,11.1,11.3,10.65,0.01,2780.0,2800.0,2800.0
52.9,24.5,4.38,4.62,1.2,0.5,0.469,1.12,3.35,31300.0,16400.0,3880.0,4190.0,914.0,470.0,495.0,849.0,1.37,12.4,12.7,11.62,0.031,2440.0,2560.0,2790.0
46.9,28.4,10.2,1.93,0.498,0.216,0.901,2.69,1.35,17000.0,11700.0,5520.0,1070.0,233.0,124.0,583.0,1250.0,0.545,7.7,7.78,7.42,0.0087,2500.0,2610.0,2780.0
9.52,6.9,67.1,3.38,0.133,0.189,0.313,0.268,3.18,6800.0,5580.0,71700.0,3680.0,122.0,214.0,398.0,245.0,1.29,15.0,15.3,12.48,0.018,2150.0,2300.0,2340.0
54.1,19.9,14.8,2.08,0.623,0.467,1.62,1.1,0.333,52500.0,21000.0,14000.0,1990.0,976.0,755.0,3650.0,1280.0,0.135,19.1,19.3,18.6,0.0139,2184.0,2301.0,2398.0
47.8,28.1,14.1,1.15,0.631,0.176,1.94,1.09,1.33,5560.0,3700.0,2460.0,205.0,94.6,32.4,401.0,162.0,0.55,2.4,2.49,2.38,0.023,2520.0,2570.0,2680.0
43.1,31.3,15.7,1.37,0.531,0.203,1.57,1.04,1.6,10200.0,8390.0,5560.0,497.0,162.0,76.0,664.0,314.0,0.662,4.9,5.07,4.92,0.0055,2590.0,2680.0,2780.0
39.0,20.0,26.0,0.84,0.548,0.257,1.4,1.4,2.0,20300.0,11800.0,20300.0,668.0,368.0,212.0,1300.0,933.0,0.833,10.7,11.1,10.5,0.0168,2100.0,2170.0,2470.0
43.0,21.0,24.0,0.7,0.697,0.23,2.1,1.2,1.3,37700.0,20800.0,31500.0,937.0,788.0,319.0,3280.0,1350.0,0.542,18.0,18.8,22.7,0.00679,2130.0,2160.0,2190.0
35.1,27.2,26.2,2.24,0.631,0.432,1.44,1.4,2.75,7980.0,7010.0,8910.0,779.0,185.0,156.0,584.0,409.0,1.12,4.8,4.87,4.45,0.018,2210.0,2300.0,2390.0
34.7,19.3,32.9,1.55,1.36,0.459,2.44,0.786,2.28,15100.0,9490.0,21400.0,1030.0,763.0,316.0,1890.0,437.0,0.93,9.1,9.3,9.87,0.023,2260.0,2320.0,2450.0
32.6,14.7,22.3,8.15,2.16,0.028,0.118,0.87,14.4,19600.0,10000.0,20000.0,7470.0,1670.0,26.0,126.0,667.0,6.9,10.7,12.8,9.56,0.085,2100.0,2200.0,2300.0
45.6,23.8,22.4,1.12,0.747,0.116,2.31,1.14,2.33,26300.0,15600.0,19400.0,989.0,556.0,106.0,2370.0,841.0,0.966,11.9,12.4,10.8,0.009,2090.0,2170.0,2280.0
39.3,22.1,33.0,0.79,0.531,0.13,1.91,1.07,1.11,38200.0,24300.0,48100.0,1180.0,667.0,200.0,3310.0,1330.0,0.467,19.8,20.8,11.6,0.014,2130.0,2180.0,2520.0
48.4,13.8,27.6,2.79,0.398,0.338,1.08,1.44,1.43,33400.0,10800.0,28500.0,2940.0,354.0,369.0,1330.0,1270.0,0.576,14.6,14.8,14.27,0.013,2560.0,2670.0,2730.0
16.1,9.75,63.8,1.95,0.631,0.041,0.625,0.385,2.68,6070.0,4170.0,36100.0,1120.0,307.0,25.0,420.0,186.0,1.08,8.0,8.08,7.91,0.036,2160.0,2220.0,2370.0
40.4,21.6,29.0,0.728,0.88,0.338,2.27,0.953,1.05,22700.0,13700.0,24400.0,625.0,637.0,300.0,2270.0,685.0,0.424,11.9,12.0,10.13,0.02,2050.0,2140.0,2320.0
41.3,27.0,17.6,2.72,0.979,0.392,2.1,0.886,5.0,16300.0,12100.0,10400.0,1640.0,499.0,245.0,1480.0,448.0,2.06,8.2,8.45,7.6,0.038,2320.0,2410.0,2500.0
34.5,22.7,34.5,1.55,0.614,0.405,2.07,1.29,1.27,6690.0,4990.0,10000.0,461.0,154.0,125.0,715.0,320.0,0.517,4.1,4.16,4.14,0.014,2020.0,2080.0,2520.0
52.0,27.8,6.36,1.15,1.28,0.77,3.38,1.2,1.6,17100.0,10400.0,3140.0,578.0,543.0,402.0,1980.0,508.0,0.654,6.9,7.05,5.31,0.013,2660.0,2780.0,2800.0
57.4,23.8,7.46,0.504,0.913,0.135,3.03,1.14,0.75,52700.0,24800.0,10300.0,708.0,1080.0,197.0,4950.0,1340.0,0.302,19.5,19.7,19.3,0.0088,2460.0,2560.0,2650.0
41.3,18.0,29.9,1.3,1.24,0.459,2.62,0.602,2.3,29000.0,14300.0,31400.0,1400.0,1130.0,510.0,3270.0,540.0,0.958,14.4,15.0,14.7,0.013,2040.0,2090.0,2250.0
50.3,12.4,25.9,2.42,0.515,0.5,1.12,1.56,3.5,17300.0,4820.0,13300.0,1270.0,228.0,272.0,683.0,683.0,1.43,7.2,7.34,6.3,0.013,2160.0,2270.0,2360.0
28.4,22.4,37.8,1.74,0.548,0.419,1.11,0.87,2.1,7570.0,6760.0,15100.0,707.0,188.0,177.0,525.0,297.0,0.856,5.6,5.7,5.8,0.015,2060.0,2140.0,2230.0
37.9,23.8,23.7,1.09,1.33,0.311,3.8,0.786,1.93,16000.0,11400.0,15000.0,706.0,724.0,208.0,2860.0,425.0,0.774,9.0,9.05,9.1,0.029,2520.0,2620.0,2720.0
47.3,25.9,17.0,1.51,0.73,0.23,1.98,1.25,2.5,29500.0,18300.0,15900.0,1440.0,588.0,227.0,2200.0,1000.0,1.02,13.1,13.4,14.5,0.029,2360.0,2440.0,2500.0
34.2,19.6,32.8,3.22,0.621,0.274,2.01,0.901,2.61,28600.0,18600.0,34300.0,3550.0,685.0,345.0,3100.0,976.0,1.05,16.7,16.8,15.65,0.035,2124.0,2172.0,2314.0
25.0,18.6,41.7,2.9,0.681,1.09,1.2,1.0,6.0,6810.0,5740.0,17000.0,1210.0,239.0,473.0,582.0,349.0,2.5,5.6,5.83,6.1,0.027,2105.0,2210.0,2275.0
36.9,30.9,11.5,3.91,1.29,0.203,2.53,1.42,7.56,8500.0,8070.0,3970.0,1380.0,385.0,74.0,1040.0,419.0,3.17,4.7,4.92,3.9,0.051,2315.0,2415.0,2505.0
50.0,34.9,6.18,0.588,1.01,0.243,3.8,1.04,0.8,31700.0,25000.0,5860.0,570.0,828.0,244.0,4290.0,841.0,0.326,13.3,13.6,13.2,0.021,2800.0,2800.0,2800.0
52.5,23.8,14.7,0.672,0.797,0.257,2.45,1.14,1.5,53600.0,27500.0,22500.0,1050.0,1050.0,415.0,4460.0,1490.0,0.61,21.5,21.9,12.3,0.0084,2280.0,2430.0,2470.0
15.5,7.88,61.3,4.06,0.299,0.878,0.505,0.468,4.28,6860.0,3950.0,40700.0,2750.0,171.0,616.0,398.0,265.0,1.78,9.1,9.48,9.5,0.029,1970.0,2020.0,2070.0
49.0,32.2,5.12,2.04,0.631,0.608,1.32,1.8,3.17,11300.0,8410.0,1770.0,719.0,188.0,222.0,542.0,531.0,1.28,4.9,4.94,4.76,0.0084,2750.0,2800.0,2800.0
48.2,17.4,25.6,1.2,0.93,0.338,2.0,0.719,2.2,20500.0,8390.0,16300.0,785.0,511.0,228.0,1510.0,392.0,0.902,8.9,9.13,11.83,0.023,2010.0,2070.0,2410.0
54.0,33.8,4.0,1.3,0.896,0.716,1.5,3.4,1.1,20000.0,14200.0,2210.0,735.0,428.0,420.0,988.0,1610.0,0.458,7.6,7.92,10.9,0.005,2910.0,2910.0,2910.0
42.4,25.7,20.6,1.9,0.797,0.378,2.32,1.17,0.9,21400.0,14800.0,15600.0,1470.0,520.0,303.0,2090.0,760.0,0.364,10.7,10.8,12.94,0.021,2000.0,2035.0,2100.0
41.6,17.8,6.5,10.0,1.08,1.07,2.3,0.94,8.0,22400.0,10800.0,5230.0,8210.0,748.0,909.0,2200.0,647.0,3.23,11.4,11.5,12.2,0.032,2305.0,2385.0,2415.0
56.1,28.1,6.71,0.938,1.18,0.189,3.5,1.34,0.975,34900.0,19800.0,6240.0,891.0,944.0,186.0,3870.0,1060.0,0.396,13.1,13.3,12.8,0.014,2670.0,2790.0,2800.0
44.5,21.9,20.1,2.2,0.78,0.284,3.09,0.753,3.25,23100.0,12900.0,15600.0,1740.0,521.0,233.0,2850.0,499.0,1.31,11.0,11.1,10.1,0.011,2310.0,2420.0,2510.0
42.9,16.0,32.8,0.994,0.747,0.176,2.16,0.702,2.25,24500.0,10400.0,28000.0,868.0,550.0,159.0,2200.0,513.0,0.917,12.0,12.2,11.5,0.011,1880.0,1990.0,2140.0
23.2,10.3,56.0,3.88,0.614,0.324,1.19,0.468,5.5,12100.0,6030.0,43500.0,3080.0,411.0,267.0,1100.0,311.0,2.26,10.8,11.1,11.2,0.043,1910.0,2040.0,2130.0
45.3,33.2,6.59,2.34,1.05,0.905,1.81,1.2,2.03,7260.0,6030.0,1580.0,573.0,216.0,230.0,518.0,247.0,0.818,3.4,3.43,3.1,0.0067,2800.0,2800.0,2800.0
52.2,32.6,5.79,1.11,0.564,0.224,1.28,1.63,1.32,44900.0,31600.0,7140.0,1260.0,621.0,310.0,2000.0,1790.0,0.531,18.1,18.3,16.97,0.00285,2708.0,2772.0,2800.0
45.8,28.9,13.4,0.616,0.83,0.203,3.49,1.09,1.68,55900.0,39900.0,24500.0,1150.0,1310.0,392.0,7570.0,1700.0,0.686,25.5,26.1,25.11,0.0066,2510.0,2640.0,2740.0
50.7,27.1,8.6,1.3,0.415,0.117,2.3,1.4,1.5,21700.0,13100.0,5500.0,849.0,229.0,79.6,1750.0,766.0,0.61,9.0,9.15,8.7,0.0062,2800.0,2800.0,2800.0
45.9,19.6,23.2,1.14,1.19,0.23,2.4,0.92,2.09,43200.0,20600.0,33500.0,1630.0,1430.0,331.0,3960.0,1110.0,0.856,19.7,20.2,16.83,0.0247,1920.0,2050.0,2160.0
53.7,21.6,5.58,5.32,0.631,0.284,1.85,1.24,4.22,62300.0,28300.0,9690.0,9440.0,944.0,522.0,3820.0,1840.0,1.7,24.7,24.8,23.67,0.027,2320.0,2420.0,2640.0
20.9,13.8,55.7,1.62,0.548,0.189,1.15,0.435,2.23,4980.0,3710.0,19800.0,591.0,168.0,71.3,489.0,132.0,0.907,5.0,5.09,10.5,0.284,1900.0,2010.0,2080.0
38.9,21.4,28.9,2.16,0.797,0.23,1.63,0.753,2.75,30000.0,18600.0,33300.0,2540.0,791.0,280.0,2240.0,742.0,1.13,16.1,16.5,14.5,0.027,2020.0,2110.0,2200.0
36.4,19.3,30.2,2.37,0.714,0.513,1.91,0.987,3.1,28500.0,17100.0,35400.0,2830.0,721.0,637.0,2670.0,989.0,1.27,16.4,16.8,14.37,0.02,1970.0,2020.0,2100.0
47.2,20.0,25.5,0.75,0.12,0.077,0.06,3.02,1.15,37800.0,18100.0,30600.0,919.0,124.0,97.8,85.6,3100.0,0.464,17.0,17.2,14.3,0.0055,2380.0,2430.0,2630.0
35.5,23.6,26.9,1.82,0.581,0.162,1.8,0.953,1.78,19600.0,14800.0,22200.0,1530.0,413.0,142.0,1770.0,673.0,0.722,11.6,11.8,11.51,0.0053,2090.0,2180.0,2330.0
38.3,22.6,29.6,0.406,0.83,0.135,3.45,0.886,1.27,40100.0,26800.0,46400.0,650.0,1120.0,224.0,6430.0,1190.0,0.512,22.3,22.4,17.9,0.012,2160.0,2310.0,2560.0
52.3,30.3,7.52,0.126,1.23,0.23,4.3,0.936,0.625,97200.0,63600.0,20900.0,357.0,2940.0,675.0,14200.0,2220.0,0.252,39.4,39.7,37.2,0.012,2740.0,2800.0,2800.0
37.2,22.6,21.6,3.17,0.683,0.338,2.43,1.11,3.46,28100.0,18900.0,18100.0,2850.0,699.0,365.0,3410.0,1060.0,1.41,14.5,14.8,13.18,0.0201,2180.0,2250.0,2434.0
39.8,22.6,25.9,4.19,0.515,0.284,1.38,1.27,2.4,18400.0,11800.0,17900.0,2960.0,307.0,208.0,1140.0,752.0,0.979,9.7,9.89,11.1,0.042,2320.0,2430.0,2520.0
54.4,26.3,5.36,2.1,0.681,0.176,2.58,1.27,3.75,21300.0,11700.0,3150.0,1260.0,345.0,109.0,1810.0,639.0,1.6,7.9,8.41,7.8,0.0049,2320.0,2410.0,2500.0
44.7,31.6,13.9,0.98,0.863,0.189,2.93,1.71,1.35,23300.0,18600.0,10900.0,779.0,579.0,156.0,2720.0,1140.0,0.552,10.9,11.1,10.15,0.0077,2530.0,2620.0,2660.0
52.9,17.2,13.3,4.68,0.83,0.959,2.26,0.836,1.5,46900.0,17300.0,17700.0,6350.0,950.0,1350.0,3570.0,950.0,0.613,18.6,19.0,17.09,0.032,2140.0,2260.0,2370.0
49.9,25.7,7.58,2.8,0.78,0.324,1.37,1.12,3.85,5190.0,3030.0,1180.0,445.0,105.0,53.4,254.0,149.0,1.56,2.2,2.23,2.68,0.0047,2440.0,2590.0,2700.0
38.8,23.6,25.7,3.09,0.73,0.392,0.89,1.16,3.58,18800.0,12900.0,18600.0,2280.0,456.0,300.0,767.0,718.0,1.44,10.3,10.4,10.11,0.015,1960.0,2040.0,2300.0
48.2,21.7,19.7,1.74,0.498,0.378,0.589,1.56,1.95,18800.0,9610.0,11500.0,1040.0,251.0,234.0,409.0,777.0,0.785,8.3,8.35,7.48,0.014,2150.0,2370.0,2480.0
49.6,28.1,12.7,0.3,0.979,0.405,2.2,1.2,1.1,17400.0,11100.0,6660.0,161.0,443.0,225.0,1370.0,538.0,0.458,7.2,7.5,6.1,0.0071,2480.0,2575.0,2635.0
25.7,15.8,45.9,2.96,0.83,0.162,1.55,0.669,5.0,12600.0,8780.0,33800.0,2220.0,526.0,126.0,1360.0,421.0,2.02,10.4,10.5,11.1,0.052,1920.0,2010.0,2120.0
55.0,27.8,8.07,0.826,0.73,0.176,2.44,1.35,0.75,68600.0,39200.0,15100.0,1570.0,1170.0,347.0,5420.0,2160.0,0.307,26.1,26.7,19.83,0.006,2590.0,2800.0,2800.0
58.9,30.6,1.86,0.728,0.664,0.311,1.83,2.26,1.23,31700.0,18700.0,1500.0,599.0,461.0,265.0,1750.0,1560.0,0.495,11.4,11.5,10.62,0.006,2800.0,2800.0,2800.0
34.1,23.5,19.4,8.53,0.78,0.446,1.25,0.97,4.83,16300.0,12700.0,13800.0,6220.0,480.0,337.0,1060.0,592.0,1.95,10.1,10.2,9.1,0.04,2230.0,2310.0,2400.0
49.0,26.4,7.0,0.94,1.26,0.662,3.0,1.1,1.1,18200.0,11100.0,3900.0,535.0,605.0,390.0,1990.0,524.0,0.444,7.9,7.96,6.4,0.019,2615.0,2715.0,2800.0
26.8,24.0,30.2,4.99,0.681,0.473,0.841,1.27,7.25,4970.0,5040.0,8390.0,1420.0,163.0,139.0,278.0,302.0,2.96,3.9,3.98,3.7,0.016,2020.0,2110.0,2220.0
63.3,19.5,4.0,2.97,0.83,0.756,1.74,1.56,2.28,90800.0,31600.0,8590.0,6500.0,1530.0,1720.0,4450.0,2850.0,0.915,30.5,30.7,28.23,0.016,2450.0,2570.0,2640.0
47.6,27.1,15.0,0.53,0.631,0.216,2.6,1.24,0.84,25500.0,16400.0,12000.0,434.0,435.0,183.0,2480.0,850.0,0.35,11.0,11.5,11.6,0.008,2290.0,2495.0,2570.0
56.0,28.4,4.15,0.728,1.06,0.621,4.35,1.34,1.3,23300.0,13300.0,2580.0,462.0,569.0,409.0,3220.0,711.0,0.525,8.8,8.88,6.63,0.012,2580.0,2800.0,2800.0
37.5,19.5,29.1,2.89,0.797,0.459,1.81,0.87,2.42,17100.0,10100.0,19900.0,2010.0,469.0,332.0,1480.0,508.0,0.987,9.6,9.77,9.8,0.02,2060.0,2150.0,2260.0
55.6,28.7,55.5,0.63,0.564,0.405,1.42,2.36,0.7,34700.0,20300.0,51800.0,601.0,454.0,401.0,1580.0,1880.0,0.283,13.2,13.4,11.61,0.0031,2800.0,2800.0,2800.0
49.7,25.7,11.5,2.33,0.963,0.176,2.55,1.41,2.0,30000.0,17600.0,10400.0,2150.0,749.0,168.0,2740.0,1090.0,0.833,12.4,12.9,11.36,0.019,2310.0,2446.0,2577.0
40.2,25.2,25.0,1.42,0.515,0.149,1.17,0.98,1.68,12200.0,8650.0,11300.0,657.0,201.0,71.3,631.0,380.0,0.7,6.22,6.48,6.3,0.015,2405.0,2505.0,2605.0
32.7,19.3,37.3,1.53,3.93,0.648,0.853,1.39,1.95,14200.0,9480.0,24300.0,1010.0,2200.0,446.0,660.0,771.0,0.788,9.2,9.29,8.54,0.11,1870.0,2010.0,2160.0
61.5,29.3,3.8,0.6,0.448,0.54,0.8,1.9,1.2,29600.0,16000.0,2740.0,442.0,278.0,413.0,686.0,1170.0,0.5,9.9,10.3,12.2,0.0059,2910.0,2910.0,2910.0
54.8,31.8,3.58,1.09,0.598,0.284,1.13,1.87,1.65,24000.0,15800.0,2350.0,733.0,338.0,197.0,883.0,1050.0,0.674,9.2,9.39,8.78,0.0023,2800.0,2800.0,2800.0
53.8,30.9,5.26,0.798,0.946,0.351,3.73,1.2,1.1,30900.0,20100.0,4530.0,702.0,702.0,320.0,3820.0,886.0,0.444,12.2,12.3,11.69,0.021,2540.0,2710.0,2800.0
46.7,22.9,15.0,2.25,1.11,0.689,2.63,1.39,3.0,43500.0,24100.0,20900.0,3210.0,1340.0,1020.0,4370.0,1660.0,1.22,19.6,19.9,16.99,0.0031,2280.0,2510.0,2560.0
44.0,24.0,15.0,6.7,0.714,0.27,2.0,1.1,0.45,14300.0,8860.0,7320.0,3340.0,300.0,140.0,1160.0,459.0,0.188,6.7,6.98,6.4,0.0228,2110.0,2140.0,2170.0
55.4,29.1,3.58,1.13,1.31,0.351,2.24,1.35,0.575,37100.0,22000.0,3580.0,1160.0,1130.0,372.0,2660.0,1160.0,0.234,14.1,14.3,13.48,0.0056,2800.0,2800.0,2800.0
46.5,25.7,8.69,5.75,0.903,0.229,2.39,1.09,3.64,28000.0,17200.0,6330.0,3660.0,682.0,196.0,2560.0,846.0,1.46,12.1,12.2,11.13,0.0172,2441.0,2536.0,2619.0
45.8,15.6,27.3,2.18,0.714,0.338,2.14,0.836,2.3,24100.0,9280.0,21500.0,1760.0,484.0,281.0,2000.0,563.0,0.933,11.1,11.3,10.9,0.029,2050.0,2150.0,2250.0
56.4,32.8,3.94,0.64,0.515,0.149,2.25,2.67,0.63,35300.0,23300.0,3700.0,613.0,416.0,148.0,2510.0,2140.0,0.256,13.2,13.4,12.9,0.0059,2910.0,2910.0,2910.0
45.6,16.1,30.1,1.09,0.913,0.107,2.52,0.903,2.58,35700.0,14300.0,35400.0,1310.0,923.0,133.0,3520.0,906.0,1.06,16.3,16.8,14.8,0.016,2100.0,2200.0,2320.0
50.1,30.4,4.4,1.44,1.32,0.683,2.98,1.02,1.84,41000.0,27500.0,5200.0,1770.0,1390.0,817.0,4870.0,1090.0,0.744,17.1,17.3,18.19,0.0113,2508.0,2633.0,2675.0
46.0,27.7,20.4,1.12,0.216,0.176,1.56,1.29,1.46,21100.0,14400.0,14000.0,785.0,128.0,128.0,1270.0,757.0,0.603,9.5,9.81,9.8,0.011,2420.0,2510.0,2600.0
48.0,22.0,12.0,4.5,1.01,0.392,2.6,1.0,1.7,21700.0,11300.0,8130.0,3110.0,591.0,281.0,2100.0,579.0,0.708,9.3,9.69,9.0,0.0461,2180.0,2230.0,2280.0
22.5,10.0,28.0,17.4,0.166,0.27,1.59,0.368,5.6,14300.0,7200.0,26600.0,16900.0,136.0,272.0,1790.0,299.0,2.27,13.4,13.6,11.6,0.1,1840.0,1910.0,2000.0
20.4,13.9,40.8,5.81,1.26,0.5,1.08,0.702,2.05,5420.0,4190.0,16200.0,2360.0,433.0,211.0,512.0,239.0,0.834,5.6,5.69,5.4,0.019,1920.0,2000.0,2110.0
61.1,27.5,3.29,1.15,0.581,0.216,1.57,1.77,1.33,27900.0,14200.0,2240.0,800.0,342.0,156.0,1280.0,1030.0,0.533,9.7,9.76,10.8,0.0073,2800.0,2800.0,2800.0
65.8,21.5,3.39,1.04,0.564,0.176,1.36,3.31,1.4,24900.0,9190.0,1920.0,598.0,275.0,105.0,914.0,1600.0,0.573,7.9,8.09,7.15,0.0039,2730.0,2800.0,2800.0
41.3,29.9,11.0,2.62,0.647,0.27,1.67,1.32,4.5,11400.0,9370.0,4550.0,1110.0,231.0,119.0,824.0,468.0,1.87,5.7,5.93,5.4,0.024,2650.0,2750.0,2800.0
44.4,28.7,3.61,5.57,2.42,0.375,1.98,0.992,6.96,32200.0,23500.0,3890.0,6100.0,2250.0,434.0,2580.0,916.0,3.1,13.9,15.5,11.99,0.025,2256.0,2352.0,2484.0
27.6,12.2,5.53,16.7,4.09,4.76,0.275,1.01,19.1,12300.0,6030.0,3040.0,8770.0,1890.0,2640.0,256.0,560.0,8.0,7.93,8.3,6.52,0.025,2288.0,2384.0,2438.0
51.9,37.1,3.19,0.322,0.764,0.297,1.91,1.4,0.575,47000.0,38000.0,4320.0,445.0,891.0,426.0,3080.0,1630.0,0.234,19.0,19.4,14.5,0.0036,2800.0,2800.0,2800.0
44.3,36.4,12.3,1.19,0.531,0.284,1.49,1.17,1.5,21100.0,19600.0,8780.0,865.0,326.0,214.0,1260.0,712.0,0.611,10.0,10.2,10.0,0.0058,2800.0,2800.0,2800.0
37.4,19.4,5.38,13.8,4.98,1.01,0.325,1.27,12.3,23700.0,14000.0,5110.0,13400.0,4080.0,1020.0,367.0,1030.0,5.82,11.5,13.6,10.77,0.052,2180.0,2250.0,2320.0
34.8,27.5,19.2,4.26,1.24,0.162,2.84,1.12,5.03,5490.0,4910.0,4520.0,1030.0,253.0,40.5,796.0,226.0,2.05,3.3,3.37,2.8,0.046,2100.0,2210.0,2360.0
44.7,19.7,20.7,2.24,1.2,0.405,3.82,0.786,2.17,50000.0,24900.0,34700.0,3830.0,1720.0,718.0,7620.0,1130.0,0.879,23.7,23.9,25.78,0.016,2090.0,2250.0,2440.0
44.2,23.8,10.6,4.5,0.647,0.162,1.7,1.5,7.2,7590.0,4630.0,2720.0,1180.0,143.0,44.1,520.0,330.0,2.94,3.6,3.68,3.4,0.012,2165.0,2265.0,2385.0
60.9,31.3,0.887,0.5,0.38,1.04,1.31,2.29,1.49,23500.0,13800.0,550.0,297.0,195.0,645.0,976.0,1120.0,0.621,7.99,8.32,5.94,0.00282,2800.0,2800.0,2800.0
26.5,15.9,46.7,1.76,0.349,0.203,0.829,0.669,2.75,5140.0,3480.0,13500.0,522.0,87.0,62.1,286.0,166.0,1.11,4.1,4.14,4.7,0.01,1920.0,2000.0,2100.0
36.0,20.4,33.1,1.13,0.747,0.162,2.1,0.87,4.0,29700.0,19100.0,40900.0,1430.0,796.0,212.0,3090.0,920.0,1.63,17.4,17.7,19.2,0.015,2060.0,2170.0,2250.0
49.0,25.7,7.15,1.97,1.34,0.378,3.09,1.19,3.33,30200.0,17900.0,6590.0,1860.0,1070.0,369.0,3390.0,936.0,1.37,12.8,13.2,11.84,0.041,2510.0,2600.0,2770.0
42.0,23.6,28.3,1.13,0.714,0.365,1.48,1.66,1.27,22100.0,14100.0,22300.0,911.0,484.0,304.0,1380.0,1110.0,0.516,11.1,11.2,6.83,0.0082,2030.0,2090.0,2280.0
21.4,15.7,49.1,2.9,0.199,0.459,0.37,0.36,3.0,13500.0,11200.0,46200.0,2790.0,162.0,458.0,414.0,290.0,1.21,13.3,13.5,11.5,0.0023,2300.0,2400.0,2515.0
23.1,13.2,50.9,2.59,0.531,0.176,1.32,0.635,4.25,8750.0,5670.0,28900.0,1500.0,259.0,105.0,891.0,308.0,1.74,7.9,8.1,8.1,0.033,1860.0,1970.0,2065.0
27.0,18.7,33.2,6.47,1.01,0.972,0.841,0.853,7.0,9070.0,7100.0,16700.0,3320.0,439.0,518.0,504.0,367.0,2.84,7.1,7.19,7.0,0.02,1960.0,2050.0,2160.0
46.9,28.9,10.2,3.25,1.24,0.554,2.02,0.87,4.85,22700.0,15800.0,7350.0,2400.0,776.0,424.0,1740.0,538.0,1.99,10.1,10.4,9.5,0.027,2580.0,2660.0,2720.0
41.7,21.9,26.3,1.04,0.432,0.446,2.51,1.17,1.43,31700.0,18800.0,29900.0,1200.0,422.0,536.0,3390.0,1140.0,0.575,16.1,16.2,16.98,0.0095,2430.0,2490.0,2520.0
32.8,15.6,44.0,1.3,0.332,0.135,0.97,1.02,2.51,20700.0,11200.0,41600.0,1260.0,271.0,135.0,1090.0,825.0,1.01,13.4,13.5,12.98,0.028,1950.0,1960.0,2000.0
46.2,26.7,9.4,0.95,1.2,0.932,3.8,1.5,1.1,20900.0,13700.0,6370.0,658.0,698.0,669.0,3070.0,870.0,0.444,9.6,9.7,10.0,0.0092,2460.0,2555.0,2665.0
47.8,25.5,18.6,0.72,0.797,0.122,2.5,1.5,0.88,56100.0,33900.0,32700.0,1290.0,1210.0,226.0,5220.0,2250.0,0.367,24.1,25.1,22.76,0.0022,2228.0,2277.0,2451.0
51.5,25.9,13.4,0.364,0.813,0.432,3.5,1.19,1.05,55700.0,31700.0,21700.0,602.0,1130.0,740.0,6730.0,1640.0,0.423,23.0,23.1,22.8,0.009,2520.0,2610.0,2740.0
46.1,34.7,6.66,0.49,0.847,0.27,2.79,0.92,0.95,21300.0,18200.0,4620.0,347.0,505.0,198.0,2300.0,545.0,0.384,9.8,9.91,8.75,0.0085,2800.0,2800.0,2800.0
54.3,28.6,6.11,0.37,1.21,0.635,3.95,1.04,0.78,121000.0,72300.0,20400.0,1260.0,3480.0,2240.0,15700.0,2970.0,0.325,45.8,47.7,47.2,0.021,2800.0,2800.0,2800.0
43.4,24.0,21.9,0.812,1.56,0.189,4.04,0.786,1.25,29600.0,18500.0,22300.0,844.0,1370.0,204.0,4890.0,684.0,0.506,14.4,14.6,22.93,0.022,2260.0,2390.0,2550.0
56.2,30.1,3.4,0.5,0.963,0.729,3.3,1.5,1.4,70600.0,42800.0,6390.0,959.0,1560.0,1450.0,7380.0,2410.0,0.583,25.8,26.9,24.8,0.009,2800.0,2800.0,2800.0
48.4,29.9,15.2,0.994,0.73,0.176,1.13,1.91,1.65,51000.0,35700.0,23900.0,1600.0,993.0,293.0,2120.0,2570.0,0.671,22.2,22.6,19.1,0.0065,2510.0,2620.0,2710.0
47.1,28.9,14.7,1.69,0.448,0.567,1.01,1.37,1.6,25500.0,17800.0,12000.0,1400.0,313.0,488.0,975.0,952.0,0.652,11.4,11.6,10.61,0.075,2530.0,2750.0,2800.0
54.7,34.6,2.8,0.8,0.614,0.743,1.4,2.5,1.6,19200.0,13700.0,1470.0,428.0,278.0,413.0,874.0,1120.0,0.667,7.2,7.5,10.0,0.0073,2910.0,2910.0,2910.0
29.3,12.4,31.6,10.9,0.598,0.27,1.09,0.552,6.5,19400.0,9300.0,31300.0,11000.0,510.0,283.0,1290.0,468.0,2.63,14.0,14.2,11.83,0.053,1990.0,2130.0,2280.0
55.0,17.7,4.72,3.42,2.49,3.65,2.96,0.702,18.6,52000.0,19000.0,6680.0,4940.0,3040.0,5470.0,4980.0,850.0,8.2,18.4,20.3,16.88,0.0082,2140.0,2200.0,2280.0
43.2,21.6,25.0,1.92,0.614,0.594,1.07,2.36,2.05,6380.0,3600.0,5530.0,433.0,117.0,139.0,281.0,445.0,0.835,3.1,3.16,7.63,0.03,2070.0,2180.0,2450.0
48.7,21.4,20.2,2.9,1.24,0.675,2.6,0.9,2.7,23900.0,11900.0,14900.0,2180.0,789.0,526.0,2280.0,566.0,1.13,10.1,10.5,9.0,0.02,2015.0,2115.0,2160.0
33.6,17.1,38.9,1.44,0.598,0.149,1.44,0.769,1.38,17300.0,9950.0,30000.0,1140.0,397.0,121.0,1320.0,507.0,0.567,10.7,11.0,10.7,0.027,1950.0,2030.0,2140.0
43.9,16.7,23.3,3.53,1.06,0.864,2.0,0.769,3.83,33100.0,14200.0,26300.0,4070.0,1030.0,1030.0,2680.0,742.0,1.56,15.8,16.1,14.67,0.043,2000.0,2060.0,2220.0
33.4,16.7,38.9,1.64,0.515,0.459,1.18,1.3,0.8,18900.0,10700.0,32900.0,1420.0,375.0,411.0,1190.0,944.0,0.325,11.9,12.1,13.28,0.016,1970.0,2060.0,2100.0
41.2,29.5,15.9,3.56,0.598,0.203,0.697,2.04,4.68,13300.0,10800.0,7690.0,1760.0,249.0,104.0,401.0,844.0,1.9,6.8,6.92,6.51,0.01,2500.0,2590.0,2650.0
46.7,26.8,19.4,0.602,0.166,0.0675,0.457,2.01,0.725,50000.0,32600.0,31200.0,986.0,229.0,115.0,871.0,2750.0,0.292,22.8,22.9,20.6,0.0024,2420.0,2460.0,2580.0
47.2,20.0,24.0,0.62,0.697,0.162,2.66,1.18,1.09,74400.0,35700.0,56600.0,1490.0,1420.0,405.0,7460.0,2380.0,0.439,33.5,33.7,32.76,0.018,2030.0,2100.0,2140.0
36.6,33.6,4.8,4.4,1.51,0.23,2.94,1.62,7.75,14600.0,15200.0,2870.0,2680.0,777.0,145.0,2090.0,828.0,3.27,8.1,8.54,7.3,0.017,2460.0,2560.0,2650.0
45.4,27.0,9.44,2.27,1.13,0.972,2.92,1.56,3.5,17000.0,11400.0,5280.0,1300.0,544.0,576.0,1940.0,744.0,1.42,7.9,8.0,4.7,0.023,2200.0,2290.0,2400.0
44.1,18.7,21.5,2.1,0.78,0.27,2.39,1.1,2.0,36200.0,17400.0,26300.0,2630.0,825.0,351.0,3490.0,1160.0,0.823,17.1,17.6,16.5,0.0238,2055.0,2150.0,2270.0
42.6,12.9,25.8,1.8,0.714,0.216,2.0,0.52,2.8,14700.0,5050.0,13400.0,951.0,318.0,118.0,1230.0,230.0,1.15,7.2,7.4,8.6,0.19,2105.0,2205.0,2315.0
40.2,17.3,27.9,1.57,1.38,0.338,3.15,0.786,4.5,20000.0,9730.0,20700.0,1190.0,881.0,265.0,2780.0,499.0,1.84,10.4,10.6,8.6,0.033,2050.0,2160.0,2250.0
26.7,19.4,42.9,1.6,0.697,0.918,1.7,0.8,3.6,8840.0,7270.0,21300.0,809.0,298.0,482.0,1000.0,339.0,1.5,6.8,7.08,6.3,0.029,2045.0,2145.0,2225.0
46.7,27.0,12.4,1.04,0.93,0.324,2.68,1.29,1.1,10600.0,6930.0,4210.0,358.0,271.0,116.0,1080.0,373.0,0.444,4.8,4.84,5.48,0.0082,2300.0,2410.0,2460.0
52.6,33.5,2.93,0.912,0.526,0.319,1.85,1.42,1.49,15400.0,10900.0,1270.0,396.0,206.0,148.0,1030.0,526.0,0.6,6.16,6.22,5.97,0.00714,2800.0,2800.0,2800.0
24.3,12.0,49.2,0.595,0.349,0.163,0.888,0.927,1.85,18600.0,10200.0,56000.0,690.0,343.0,194.0,1210.0,916.0,0.769,15.7,16.3,15.32,0.0302,2059.0,2093.0,2127.0
24.5,9.95,9.89,15.3,4.0,4.56,0.373,0.4,23.3,8250.0,3740.0,5070.0,7820.0,1730.0,2400.0,223.0,174.0,9.77,6.88,7.2,6.0,0.0148,2194.0,2325.0,2355.0
40.5,22.7,9.4,6.5,2.16,0.351,1.3,1.2,12.2,5960.0,3780.0,2070.0,1460.0,410.0,81.9,341.0,226.0,4.96,3.1,3.15,3.2,0.079,2255.0,2345.0,2405.0
31.4,23.6,27.5,3.7,1.58,1.04,0.8,1.1,6.5,6730.0,5720.0,8810.0,1210.0,435.0,353.0,305.0,301.0,2.71,4.4,4.58,3.8,0.26,1990.0,2100.0,2160.0
47.8,28.8,8.8,1.19,0.93,0.891,1.12,1.47,2.28,9890.0,6740.0,2720.0,376.0,248.0,292.0,412.0,389.0,0.918,4.4,4.43,4.27,0.011,2700.0,2800.0,2800.0
26.2,17.0,7.62,20.9,2.32,0.104,1.36,0.619,18.8,15500.0,11400.0,6740.0,18900.0,1770.0,97.4,1430.0,468.0,8.25,11.5,12.7,10.91,0.015,2240.0,2330.0,2370.0
49.9,30.4,4.72,1.34,0.88,0.27,3.08,1.04,1.23,21200.0,14700.0,3010.0,875.0,483.0,182.0,2330.0,565.0,0.502,8.9,9.11,7.85,0.0072,2780.0,2800.0,2800.0
50.5,36.3,2.99,1.15,0.398,0.446,0.781,1.39,1.5,12100.0,9850.0,1070.0,421.0,123.0,169.0,334.0,426.0,0.604,5.1,5.13,4.8,0.0048,2800.0,2800.0,2800.0
50.5,31.3,3.2,0.92,0.78,0.392,4.0,1.4,1.9,13300.0,9360.0,1260.0,371.0,266.0,164.0,1880.0,473.0,0.767,5.6,5.65,5.4,0.0077,2800.0,2800.0,2800.0
51.7,28.3,5.36,1.65,1.06,0.583,2.5,0.998,1.62,12700.0,7830.0,1940.0,619.0,328.0,228.0,1060.0,310.0,0.653,5.2,5.24,4.45,0.0115,2800.0,2800.0,2800.0
40.7,29.3,7.05,3.14,1.66,0.311,2.32,1.14,6.25,16100.0,13100.0,4180.0,1900.0,848.0,195.0,1640.0,577.0,2.56,8.3,8.48,8.4,0.02,2610.0,2700.0,2800.0
46.7,31.8,6.29,2.27,0.93,0.5,2.44,0.786,1.05,44300.0,34200.0,8950.0,3300.0,1140.0,753.0,4130.0,956.0,0.425,20.1,20.3,19.09,0.0086,2800.0,2800.0,2800.0
40.7,19.6,14.0,10.3,0.747,0.365,1.95,0.92,7.0,36100.0,19700.0,18600.0,14000.0,855.0,513.0,3080.0,1050.0,2.85,18.7,19.0,17.2,0.032,2120.0,2210.0,2300.0
50.3,29.1,11.2,1.11,0.78,0.608,2.03,1.47,1.2,15400.0,10100.0,5120.0,519.0,309.0,296.0,1110.0,578.0,0.485,6.5,6.57,6.31,0.0082,2580.0,2620.0,2690.0
59.7,28.6,2.46,0.882,0.631,0.23,1.51,2.16,1.3,27700.0,15000.0,1710.0,625.0,377.0,169.0,1250.0,1280.0,0.532,9.7,9.93,9.08,0.006,2800.0,2800.0,2800.0
29.5,20.6,37.0,1.5,0.531,0.986,1.3,0.903,1.43,7780.0,6140.0,14600.0,603.0,180.0,411.0,609.0,304.0,0.574,5.6,5.63,5.95,0.033,1920.0,2070.0,2270.0
53.5,25.3,4.86,2.66,1.38,0.216,2.9,1.1,2.58,46100.0,24700.0,6270.0,3500.0,1530.0,295.0,4440.0,1220.0,1.04,18.2,18.4,13.02,0.044,2480.0,2610.0,2740.0
52.2,17.1,8.74,5.66,1.66,0.338,0.24,0.853,4.97,21300.0,7910.0,5340.0,3530.0,873.0,218.0,175.0,445.0,2.04,8.5,8.73,7.68,0.028,2220.0,2330.0,2560.0
20.0,11.4,63.8,0.8,1.18,0.891,1.0,0.5,1.7,7690.0,4960.0,36700.0,470.0,584.0,543.0,685.0,246.0,0.708,7.9,8.23,7.2,0.038,2300.0,2360.0,2410.0
49.8,29.8,8.78,0.812,1.21,0.446,4.12,1.2,1.4,20600.0,14000.0,5450.0,515.0,648.0,293.0,3050.0,639.0,0.565,8.8,8.88,9.1,0.023,2790.0,2800.0,2800.0
52.5,31.7,6.8,1.6,1.31,1.34,2.4,1.3,2.9,19900.0,13600.0,3860.0,928.0,642.0,804.0,1620.0,632.0,1.21,7.8,8.13,8.94,0.013,2659.0,2684.0,2910.0
40.7,29.5,18.3,2.35,0.93,0.189,1.37,1.67,4.0,27200.0,22400.0,18300.0,2410.0,803.0,201.0,1630.0,1430.0,1.63,14.1,14.3,11.9,0.016,2400.0,2510.0,2620.0
39.3,14.2,34.4,1.83,0.797,0.162,1.52,0.79,2.0,18500.0,7570.0,24300.0,1320.0,485.0,121.0,1280.0,477.0,0.842,9.6,10.1,11.1,0.02,1940.0,2020.0,2250.0
52.9,28.1,5.18,1.6,1.83,0.446,4.13,1.15,1.73,68700.0,41300.0,10100.0,3170.0,3060.0,917.0,9560.0,1920.0,0.697,27.5,27.8,24.59,0.013,2510.0,2670.0,2800.0
51.5,21.6,19.8,0.924,0.432,0.324,0.889,1.94,1.55,12600.0,6000.0,7250.0,346.0,136.0,126.0,388.0,608.0,0.625,5.2,5.24,4.86,0.016,2130.0,2220.0,2430.0
26.0,20.8,38.1,2.02,0.714,0.203,1.48,0.97,3.28,2800.0,2540.0,6150.0,332.0,99.1,34.6,284.0,134.0,1.31,2.3,2.31,2.31,0.035,2080.0,2280.0,2630.0
45.8,28.7,10.5,1.37,0.813,1.13,2.48,1.12,2.25,9940.0,7060.0,3420.0,455.0,228.0,390.0,957.0,311.0,0.908,4.6,4.64,4.8,0.028,2690.0,2800.0,2800.0
56.0,24.4,7.02,0.798,1.64,0.284,4.09,1.1,1.33,69100.0,34100.0,13000.0,1500.0,2610.0,554.0,8970.0,1740.0,0.536,26.1,26.4,21.7,0.032,2570.0,2700.0,2790.0
24.3,13.7,34.0,6.79,1.83,0.54,1.24,0.602,8.4,3130.0,2000.0,6560.0,1340.0,303.0,110.0,284.0,99.1,3.43,2.7,2.75,2.5,0.169,1960.0,2050.0,2140.0
62.2,25.1,3.28,0.59,0.797,0.203,2.9,2.41,0.59,81000.0,37000.0,6390.0,1170.0,1340.0,418.0,6730.0,4020.0,0.237,27.7,27.9,6.9,0.006,2780.0,2910.0,2910.0
42.2,26.3,17.2,3.22,1.2,0.135,1.92,1.1,3.75,5560.0,3920.0,3390.0,649.0,203.0,28.2,452.0,186.0,1.51,2.8,2.82,2.75,0.072,2330.0,2520.0,2580.0
47.4,27.3,7.72,2.06,1.99,0.635,3.92,1.34,2.08,20600.0,13400.0,5020.0,1370.0,1120.0,437.0,3030.0,744.0,0.839,9.2,9.3,9.0,0.02,2210.0,2350.0,2460.0
37.0,23.8,28.7,0.924,0.481,0.54,1.2,1.0,1.35,18400.0,13400.0,21300.0,701.0,308.0,425.0,1060.0,637.0,0.546,10.5,10.6,9.39,0.006,2090.0,2180.0,2320.0
28.3,18.8,46.6,0.6,0.581,0.635,0.5,0.4,2.1,10100.0,7560.0,24800.0,326.0,266.0,357.0,316.0,182.0,0.875,7.3,7.6,6.7,0.032,1900.0,1995.0,2130.0
34.7,16.1,39.4,2.52,0.531,0.23,1.43,0.719,2.5,15900.0,8370.0,27100.0,1770.0,315.0,167.0,1170.0,423.0,1.03,9.6,9.84,9.4,0.019,2120.0,2210.0,2320.0
32.1,25.0,31.4,2.2,0.581,0.405,0.793,0.803,2.35,8020.0,7050.0,11700.0,839.0,187.0,160.0,353.0,257.0,0.966,5.2,5.34,5.1,0.025,2130.0,2220.0,2350.0
49.2,31.2,4.43,1.82,0.813,0.459,2.44,1.52,2.05,25300.0,18100.0,3410.0,1430.0,538.0,373.0,2230.0,1000.0,0.826,10.9,11.0,9.4,0.013,2680.0,2790.0,2800.0
55.6,28.0,3.36,0.714,0.946,0.149,3.82,2.17,0.75,41200.0,23400.0,3720.0,807.0,902.0,174.0,5030.0,2060.0,0.302,15.7,15.8,12.1,0.0086,2800.0,2800.0,2800.0
51.4,28.4,8.44,0.602,0.946,0.554,2.63,1.47,0.925,49400.0,30900.0,12100.0,885.0,1170.0,844.0,4510.0,1810.0,0.375,20.3,20.6,17.74,0.0065,2470.0,2600.0,2650.0
41.1,25.4,16.5,1.4,0.83,1.76,3.8,1.0,1.4,15000.0,10500.0,9010.0,781.0,391.0,1020.0,2470.0,467.0,0.583,7.5,7.81,7.4,0.011,2245.0,2410.0,2515.0
9.99,7.13,63.5,2.86,0.73,0.216,0.529,0.268,1.8,2890.0,2330.0,27500.0,1260.0,272.0,99.0,272.0,99.0,0.73,6.1,6.19,5.57,0.1,2070.0,2190.0,2330.0
26.8,17.2,47.0,1.36,0.365,0.23,0.901,0.719,1.73,12600.0,9190.0,33200.0,979.0,222.0,172.0,757.0,434.0,0.704,9.9,10.1,8.46,0.01,1970.0,2100.0,2150.0
41.3,21.4,28.4,0.868,0.515,0.111,1.56,1.17,0.325,20800.0,12200.0,21400.0,668.0,334.0,88.3,1400.0,754.0,0.135,10.4,10.8,10.6,0.0086,1980.0,2080.0,2170.0
48.8,30.8,6.15,2.27,0.564,0.446,0.998,2.58,2.48,10400.0,7450.0,1970.0,741.0,155.0,151.0,380.0,704.0,1.01,4.5,4.57,5.17,0.016,2800.0,2800.0,2800.0
36.4,19.3,35.0,0.742,0.847,0.27,1.79,0.92,0.5,12200.0,7340.0,17600.0,382.0,367.0,144.0,1070.0,396.0,0.206,7.0,7.2,6.24,0.028,2010.0,2040.0,2290.0
53.3,22.8,15.3,1.24,0.88,0.513,2.49,1.12,1.93,27000.0,13100.0,11600.0,959.0,574.0,411.0,2240.0,725.0,0.779,10.7,10.8,11.13,0.02,2150.0,2300.0,2470.0
56.5,23.6,7.15,0.336,1.59,0.864,4.03,1.04,1.25,87500.0,41400.0,16600.0,795.0,3180.0,2120.0,11100.0,2050.0,0.505,32.8,33.1,30.7,0.024,2340.0,2490.0,2580.0
56.7,29.5,3.06,0.56,0.946,0.338,3.0,1.4,0.525,35700.0,21000.0,2880.0,539.0,768.0,337.0,3370.0,1130.0,0.211,13.4,13.5,10.97,0.0075,2800.0,2800.0,2800.0
24.9,16.2,38.9,1.6,0.598,0.567,1.5,1.0,2.6,5450.0,4020.0,12800.0,536.0,169.0,197.0,585.0,280.0,1.08,4.5,4.69,4.7,0.02,2000.0,2110.0,2170.0
55.4,23.4,7.05,2.49,1.28,0.446,2.61,1.25,3.0,21600.0,10300.0,4120.0,1490.0,643.0,276.0,1810.0,626.0,1.22,8.2,8.35,8.29,0.024,2560.0,2640.0,2700.0
26.0,17.0,41.0,3.3,0.332,0.459,1.1,0.87,2.4,37700.0,27900.0,89000.0,7310.0,621.0,1060.0,2840.0,1610.0,1.0,29.8,31.0,8.4,0.0383,1980.0,2030.0,2130.0
17.6,12.2,44.2,8.92,0.332,0.203,0.637,0.268,5.08,8260.0,6460.0,31000.0,6390.0,201.0,151.0,532.0,161.0,2.08,9.8,10.0,8.63,0.05,1970.0,2000.0,2030.0
55.8,24.9,8.73,1.15,1.33,0.257,3.33,1.1,2.11,36500.0,18500.0,8590.0,1140.0,1130.0,262.0,3840.0,921.0,0.857,13.8,14.0,14.46,0.0158,2445.0,2550.0,2650.0
47.9,28.9,6.15,3.19,0.747,0.365,1.63,1.34,1.1,26000.0,17800.0,4990.0,2650.0,522.0,313.0,1580.0,928.0,0.444,11.5,11.6,11.88,0.0043,2450.0,2690.0,2800.0
46.7,24.9,14.3,0.53,0.73,0.176,2.5,1.8,0.57,51200.0,30900.0,23500.0,888.0,1030.0,305.0,4880.0,2530.0,0.23,23.3,23.5,22.7,0.0068,2505.0,2605.0,2695.0
40.7,19.3,25.9,1.97,1.21,0.419,2.98,0.635,2.35,38300.0,20500.0,36500.0,2840.0,1470.0,624.0,5000.0,765.0,0.952,19.9,20.1,18.6,0.026,2030.0,2110.0,2200.0
43.3,17.4,15.8,3.98,0.698,0.687,1.86,0.794,2.45,25600.0,11600.0,14600.0,2940.0,491.0,596.0,1960.0,595.0,1.02,12.0,12.5,11.28,0.0166,2074.0,2129.0,2255.0
31.0,19.0,37.0,1.9,0.432,0.459,1.2,1.1,2.6,13900.0,9630.0,24800.0,1300.0,249.0,326.0,957.0,630.0,1.08,9.2,9.58,9.0,0.0203,2020.0,2070.0,2120.0
45.6,28.9,14.3,1.37,0.714,0.675,1.68,1.09,1.85,15800.0,11400.0,7430.0,729.0,320.0,372.0,1040.0,483.0,0.754,7.3,7.43,7.04,0.015,2450.0,2550.0,2590.0
49.4,27.3,12.7,1.14,0.631,0.203,1.65,1.59,1.38,24900.0,15600.0,9570.0,877.0,409.0,162.0,1480.0,1020.0,0.561,10.6,10.8,10.52,0.37,2510.0,2680.0,2780.0
51.0,28.5,5.3,2.2,0.697,0.132,2.8,1.4,1.1,18100.0,11400.0,2810.0,1190.0,319.0,74.3,1770.0,635.0,0.445,7.5,7.58,7.2,0.0076,2725.0,2800.0,2800.0
33.0,15.0,43.0,0.38,0.432,0.189,1.4,0.65,0.96,17000.0,8760.0,33200.0,300.0,287.0,155.0,1290.0,429.0,0.4,10.6,11.0,10.3,0.0184,2030.0,2080.0,2130.0
30.8,11.8,48.9,0.57,0.299,0.0864,0.868,0.732,1.3,15500.0,6730.0,36800.0,438.0,194.0,68.9,777.0,471.0,0.544,10.3,10.8,8.9,0.0232,2055.0,2155.0,2245.0
48.3,26.8,17.9,0.53,1.23,0.216,3.27,0.98,1.56,69100.0,43400.0,38300.0,1160.0,2270.0,490.0,8330.0,1790.0,0.65,29.4,30.6,26.99,0.017,2139.0,2264.0,2519.0
36.8,23.3,21.1,2.5,0.892,0.52,2.54,1.08,4.1,22000.0,15100.0,10400.0,1410.0,583.0,388.0,2910.0,751.0,1.66,10.6,10.7,14.16,0.0356,2689.0,2714.0,2740.0
53.1,35.6,2.9,0.6,1.08,0.932,3.1,1.3,1.2,49900.0,37900.0,4080.0,861.0,1310.0,1390.0,5190.0,1560.0,0.5,19.3,20.1,16.3,0.015,2800.0,2800.0,2800.0
32.3,20.8,36.2,2.28,0.764,0.284,1.15,0.97,3.25,15900.0,11600.0,26700.0,1720.0,486.0,222.0,1010.0,613.0,1.32,10.4,10.6,9.68,0.016,2000.0,2030.0,2120.0
54.1,24.6,12.6,1.23,0.697,0.27,3.06,1.35,1.48,24500.0,12600.0,8550.0,852.0,407.0,194.0,2470.0,785.0,0.608,9.4,9.69,9.4,0.032,2360.0,2450.0,2560.0
43.2,20.2,20.0,3.11,2.16,0.243,1.74,1.02,6.0,23400.0,12400.0,16200.0,2570.0,1500.0,208.0,1680.0,705.0,2.43,11.4,11.6,11.2,0.016,2060.0,2140.0,2250.0
28.9,15.5,36.5,3.15,0.448,0.284,1.9,0.719,3.3,11400.0,6910.0,21500.0,1900.0,228.0,177.0,1330.0,363.0,1.34,8.3,8.44,7.71,0.01,2040.0,2100.0,2200.0
51.9,34.6,4.8,1.33,0.797,0.23,2.5,1.42,1.35,21100.0,15900.0,2920.0,826.0,417.0,148.0,1810.0,739.0,0.546,8.6,8.7,8.6,0.012,2800.0,2800.0,2800.0
40.1,19.0,11.6,7.4,2.16,1.26,1.8,0.9,9.5,15800.0,8480.0,6840.0,4460.0,1100.0,785.0,1260.0,454.0,3.96,8.1,8.44,6.5,0.32,2025.0,2135.0,2255.0
47.4,22.9,18.7,1.79,0.754,0.345,1.61,0.999,2.04,19100.0,9390.0,9490.0,681.0,436.0,181.0,1360.0,491.0,0.851,7.81,8.14,7.63,0.0212,2260.0,2310.0,2425.0
48.7,25.5,18.7,0.91,0.564,0.243,1.68,1.61,1.73,42100.0,24900.0,24200.0,1200.0,629.0,333.0,2590.0,1780.0,0.694,18.4,18.5,18.81,0.0085,2240.0,2450.0,2660.0
28.0,24.0,33.0,3.2,0.3,0.28,0.9,1.2,2.6,9750.0,9460.0,17200.0,1700.0,135.0,154.0,558.0,535.0,1.06,7.3,7.45,7.1,0.016,2130.0,2180.0,2240.0
35.9,16.1,39.4,1.27,0.664,0.176,1.65,0.719,2.13,18300.0,9280.0,30000.0,990.0,435.0,141.0,1490.0,468.0,0.864,10.7,10.9,10.3,0.012,1830.0,1900.0,1980.0
11.7,9.51,49.0,8.43,1.06,0.27,0.325,0.635,10.4,2430.0,2230.0,15200.0,2670.0,284.0,88.8,120.0,169.0,4.2,4.4,4.44,3.9,0.328,2210.0,2300.0,2410.0
26.2,13.5,53.6,1.09,0.498,0.081,1.45,0.68,2.1,16700.0,9760.0,51100.0,1060.0,409.0,81.8,1640.0,554.0,0.887,12.9,13.6,11.4,0.026,1920.0,1960.0,2000.0
22.8,15.3,51.9,2.29,0.299,0.216,0.31,0.37,2.21,10300.0,7830.0,35100.0,1580.0,174.0,155.0,250.0,214.0,0.897,9.54,9.68,9.2,0.019,2155.0,2255.0,2355.0
47.1,25.3,17.2,1.27,0.199,1.01,0.685,2.42,2.15,15100.0,9200.0,8240.0,625.0,82.4,515.0,391.0,995.0,0.868,6.8,6.86,5.99,0.013,2360.0,2500.0,2640.0
32.8,21.0,24.2,8.07,0.714,0.419,2.04,0.819,5.58,19400.0,14000.0,21300.0,7270.0,542.0,391.0,2140.0,618.0,2.25,12.5,12.6,11.8,0.024,2030.0,2150.0,2240.0
61.0,28.0,3.1,0.24,0.714,0.0918,3.1,1.4,0.2,38600.0,20100.0,2940.0,232.0,582.0,92.1,3490.0,1130.0,0.084,13.0,13.5,12.6,0.00805,2910.0,2910.0,2910.0
55.4,33.3,4.2,0.35,0.93,0.297,2.49,1.32,0.6,42700.0,29100.0,4860.0,413.0,925.0,363.0,3420.0,1310.0,0.243,16.3,16.5,28.93,0.0087,2380.0,2490.0,2620.0
61.3,22.5,3.73,2.14,0.963,1.19,0.769,1.32,1.83,47700.0,19800.0,4350.0,2550.0,966.0,1470.0,1070.0,1310.0,0.751,16.2,16.7,14.81,0.012,2650.0,2770.0,2800.0
45.5,29.6,16.8,1.06,0.498,0.216,1.71,2.01,1.25,23400.0,17200.0,12900.0,835.0,330.0,176.0,1560.0,1320.0,0.504,10.9,11.0,10.4,0.0078,2350.0,2470.0,2580.0
48.4,26.1,7.01,3.01,1.15,0.378,2.46,1.39,3.98,6280.0,3830.0,1360.0,597.0,192.0,77.8,569.0,231.0,1.64,2.7,2.78,2.0,0.025,2420.0,2450.0,2540.0
45.1,31.8,9.4,2.06,1.16,1.04,1.86,0.994,4.25,10000.0,8040.0,3130.0,702.0,331.0,366.0,739.0,281.0,1.77,4.57,4.76,4.44,0.0122,2508.0,2703.0,2748.0
37.1,23.9,23.7,4.39,0.517,0.499,1.59,1.1,3.41,17100.0,12200.0,17500.0,3550.0,327.0,360.0,1400.0,626.0,1.38,10.0,10.1,9.73,0.0157,2290.0,2417.0,2518.0
14.5,10.9,31.7,10.4,2.16,0.567,0.938,0.418,15.6,2990.0,2550.0,9790.0,3280.0,574.0,185.0,344.0,110.0,6.4,4.3,4.41,3.24,0.48,2090.0,2130.0,2270.0
58.4,28.1,3.19,0.784,0.93,0.176,2.51,1.32,0.825,33300.0,18100.0,2720.0,683.0,683.0,159.0,2550.0,965.0,0.336,12.0,12.2,11.63,0.0104,2800.0,2800.0,2800.0
46.3,9.7,9.5,5.5,2.32,1.62,1.8,0.8,9.7,6080.0,1440.0,1870.0,1100.0,394.0,338.0,421.0,135.0,4.04,2.7,2.81,2.2,0.07,2210.0,2310.0,2390.0
42.6,24.6,22.7,1.13,0.697,0.486,1.51,1.17,0.825,14600.0,9520.0,11600.0,593.0,308.0,264.0,923.0,513.0,0.336,7.2,7.32,7.05,0.02,2150.0,2245.0,2500.0
50.1,23.4,14.6,1.15,1.63,0.405,3.86,0.92,2.28,90700.0,48000.0,39500.0,3180.0,3800.0,1160.0,12400.0,2130.0,0.923,38.2,38.7,32.7,0.038,2220.0,2310.0,2400.0
29.1,19.2,29.6,7.18,0.797,0.297,1.44,0.769,3.65,17200.0,12900.0,26200.0,6500.0,608.0,279.0,1520.0,583.0,1.48,12.5,12.7,11.7,0.035,2020.0,2100.0,2210.0
50.1,24.6,18.3,1.09,0.498,0.311,1.13,2.26,1.3,19100.0,10600.0,10500.0,638.0,245.0,188.0,769.0,1100.0,0.538,7.9,8.18,7.43,0.0058,2460.0,2540.0,2570.0
53.0,33.0,1.6,0.23,0.78,0.203,3.4,2.0,1.4,55500.0,39100.0,2510.0,368.0,1050.0,336.0,6340.0,2680.0,0.583,21.5,22.4,22.1,0.00676,2910.0,2910.0,2910.0
30.6,17.8,39.8,1.53,1.01,0.243,1.71,1.04,2.6,15400.0,10200.0,30000.0,1180.0,659.0,194.0,1530.0,670.0,1.06,10.6,10.8,9.91,0.013,2000.0,2130.0,2190.0
44.3,21.0,24.2,1.26,0.631,0.257,2.3,1.19,1.63,33300.0,17900.0,27200.0,1450.0,612.0,306.0,3080.0,1140.0,0.659,15.9,16.1,15.65,0.0058,2040.0,2080.0,2180.0
18.9,16.8,53.6,2.0,0.614,1.2,0.9,0.8,4.3,5240.0,5280.0,22300.0,848.0,220.0,528.0,445.0,284.0,1.79,5.7,5.94,5.5,0.018,2010.0,2105.0,2215.0
36.9,22.1,20.3,5.83,1.38,0.756,1.78,1.34,6.0,7730.0,5240.0,6360.0,1860.0,372.0,251.0,663.0,359.0,2.44,4.4,4.48,4.1,0.035,2040.0,2170.0,2250.0
56.0,31.0,1.2,0.44,0.598,0.257,1.4,1.8,1.1,31900.0,20000.0,1020.0,383.0,439.0,232.0,1420.0,1310.0,0.458,11.7,12.2,10.7,0.00517,2910.0,2910.0,2910.0
51.1,31.3,6.06,0.69,1.29,0.351,3.38,1.18,1.36,40800.0,28300.0,7240.0,842.0,1330.0,444.0,4800.0,1210.0,0.567,16.4,17.1,15.77,0.016,2790.0,2800.0,2800.0
42.0,26.6,12.9,2.3,0.332,0.662,1.1,1.1,3.1,8790.0,6300.0,4040.0,736.0,89.6,219.0,410.0,295.0,1.29,4.3,4.48,4.9,0.029,2480.0,2605.0,2695.0
49.6,31.9,6.72,1.6,0.548,0.365,1.96,1.72,1.8,41900.0,30500.0,8490.0,2060.0,596.0,488.0,2950.0,1860.0,0.735,17.7,18.1,18.17,0.047,2800.0,2800.0,2800.0
19.0,9.45,59.5,2.2,0.415,0.284,1.12,0.535,2.5,7930.0,4460.0,37100.0,1400.0,223.0,187.0,830.0,286.0,1.01,8.8,8.93,9.4,0.028,2800.0,2800.0,2800.0
55.4,35.9,2.75,0.588,0.432,0.419,0.925,1.72,0.8,30900.0,22700.0,2300.0,502.0,311.0,371.0,921.0,1230.0,0.324,11.8,12.0,9.5,0.011,2800.0,2800.0,2800.0
51.4,25.1,17.0,0.672,0.432,0.297,1.65,1.29,0.775,40300.0,22300.0,20000.0,806.0,436.0,369.0,2300.0,1290.0,0.323,16.1,16.8,14.62,0.0056,2440.0,2570.0,2620.0
26.3,12.6,51.2,1.03,0.564,0.216,1.48,0.535,1.93,12000.0,6520.0,35000.0,721.0,332.0,156.0,1200.0,313.0,0.775,9.7,9.77,9.05,0.023,2000.0,2050.0,2080.0
39.1,23.2,19.5,5.49,0.764,0.608,0.8,1.01,9.35,4280.0,2880.0,3190.0,918.0,108.0,105.0,156.0,141.0,3.81,2.3,2.34,2.2,0.028,1980.0,2030.0,2150.0
45.2,20.8,25.2,1.54,0.614,0.257,1.75,0.936,1.8,20100.0,10500.0,16800.0,1050.0,353.0,181.0,1390.0,534.0,0.73,9.4,9.53,9.2,0.017,2010.0,2120.0,2210.0
41.3,27.4,14.0,4.27,1.03,0.365,2.09,1.32,4.78,9170.0,6910.0,4660.0,1450.0,295.0,128.0,828.0,376.0,1.93,4.7,4.76,5.0,0.13,2400.0,2450.0,2560.0
26.5,19.5,4.93,14.7,2.16,1.62,1.49,0.836,16.9,5560.0,4620.0,1550.0,4710.0,583.0,538.0,556.0,224.0,7.02,4.3,4.48,4.14,0.044,2200.0,2250.0,2290.0
53.1,26.1,9.44,0.266,1.16,0.23,3.65,1.07,0.9,91500.0,50900.0,24300.0,701.0,2580.0,627.0,11200.0,2360.0,0.364,36.5,36.9,32.53,0.0078,2540.0,2660.0,2780.0
52.2,23.1,15.3,1.01,0.764,0.162,2.76,1.67,1.15,34200.0,17100.0,15000.0,1010.0,646.0,168.0,3230.0,1400.0,0.468,13.8,14.0,11.98,0.113,2460.0,2580.0,2630.0
34.1,21.3,40.2,0.83,0.398,0.176,1.07,0.64,1.42,26100.0,18500.0,46000.0,969.0,393.0,213.0,1460.0,626.0,0.592,15.7,16.4,14.7,0.014,2140.0,2240.0,2540.0
43.7,25.9,23.3,0.518,0.349,0.081,1.27,0.803,1.15,50200.0,33800.0,40000.0,910.0,517.0,148.0,2610.0,1180.0,0.472,24.0,24.6,23.7,0.006,2380.0,2470.0,2560.0
46.9,21.9,21.6,1.3,0.531,0.23,1.63,1.24,2.0,21100.0,11200.0,14500.0,895.0,308.0,164.0,1310.0,712.0,0.811,9.5,9.63,9.0,0.044,2050.0,2240.0,2370.0
43.1,28.3,16.9,0.532,0.979,0.257,2.86,1.09,1.7,41000.0,30400.0,24000.0,772.0,1200.0,386.0,4830.0,1320.0,0.708,19.5,20.3,18.66,0.015,2299.0,2424.0,2546.0
34.3,22.8,27.3,1.14,0.647,0.122,1.56,0.819,1.88,17900.0,13400.0,21300.0,909.0,435.0,100.0,1450.0,546.0,0.782,10.7,11.2,9.26,0.013,2075.0,2120.0,2440.0
44.9,26.3,17.2,1.4,1.21,0.621,1.3,1.6,3.6,16000.0,10600.0,9150.0,760.0,555.0,350.0,822.0,728.0,1.5,7.3,7.6,6.6,0.014,2145.0,2260.0,2380.0
54.4,18.1,17.1,0.616,0.664,0.324,2.25,1.0,1.0,63000.0,23700.0,29600.0,1090.0,992.0,595.0,4640.0,1490.0,0.407,24.4,24.8,23.4,0.014,2120.0,2210.0,2300.0
30.4,14.7,41.2,1.27,0.813,0.311,2.34,1.39,1.73,33500.0,18300.0,68000.0,2150.0,1160.0,543.0,4600.0,1960.0,0.699,23.3,23.6,22.9,0.017,1810.0,1900.0,2000.0
20.7,16.7,49.2,2.25,0.448,0.432,0.493,0.468,2.93,5300.0,4840.0,18900.0,885.0,148.0,176.0,225.0,154.0,1.19,5.4,5.5,5.87,0.025,2060.0,2180.0,2270.0
37.5,22.3,25.6,1.27,0.453,0.441,1.48,0.947,0.36,40800.0,27200.0,36300.0,1130.0,701.0,636.0,3400.0,1210.0,0.15,21.3,22.2,20.36,0.0116,2250.0,2308.0,2392.0
58.4,22.8,8.19,0.634,0.572,0.694,2.68,1.92,0.919,23200.0,8500.0,3600.0,338.0,240.0,412.0,1580.0,1030.0,0.371,7.8,7.87,11.13,0.0136,2531.0,2645.0,2748.0
43.7,26.6,15.7,2.08,0.87,0.357,2.67,1.14,2.26,28100.0,19500.0,13000.0,1960.0,749.0,354.0,3180.0,946.0,0.908,13.4,13.5,11.98,0.00975,2396.0,2476.0,2633.0
38.3,15.6,33.5,3.11,0.382,0.378,1.19,1.07,2.58,27800.0,12800.0,36300.0,3440.0,357.0,434.0,1530.0,992.0,1.05,15.2,15.5,10.82,0.02,2010.0,2100.0,2240.0
55.9,28.9,3.54,1.34,0.617,0.858,1.16,1.98,1.45,18900.0,11000.0,1740.0,672.0,264.0,451.0,720.0,847.0,0.587,7.11,7.2,6.36,0.00377,2800.0,2800.0,2800.0
34.0,23.0,25.0,1.9,0.481,0.189,1.1,1.1,2.3,12100.0,9250.0,13300.0,1030.0,221.0,106.0,696.0,500.0,0.958,7.3,7.6,6.8,0.0115,2140.0,2190.0,2460.0
62.7,25.7,3.0,0.56,0.747,0.189,2.8,2.6,0.49,90300.0,41900.0,6460.0,1230.0,1390.0,431.0,7180.0,4790.0,0.198,30.5,30.8,30.9,0.0056,2800.0,2800.0,2800.0
48.2,30.6,12.6,1.53,0.73,0.216,1.65,1.67,1.65,16900.0,12200.0,6640.0,818.0,330.0,120.0,1030.0,751.0,0.679,7.3,7.51,7.62,0.009,2620.0,2750.0,2800.0
55.0,25.8,12.4,0.686,0.664,0.203,2.6,1.02,1.23,50600.0,26900.0,17000.0,964.0,787.0,295.0,4250.0,1200.0,0.507,19.0,19.7,15.7,0.0045,2650.0,2770.0,2800.0
49.0,24.0,18.0,0.75,0.697,0.351,1.9,1.3,1.8,26200.0,14500.0,14400.0,614.0,481.0,298.0,1810.0,891.0,0.75,11.0,11.5,9.6,0.0135,2190.0,2280.0,2480.0
27.2,10.7,29.6,14.4,0.581,0.392,1.2,0.502,3.75,22400.0,10000.0,36500.0,18200.0,617.0,511.0,1760.0,529.0,1.53,17.3,17.6,14.69,0.1,1940.0,1970.0,2060.0
37.2,24.1,27.7,0.648,0.558,0.27,1.55,0.762,1.28,18700.0,14000.0,22200.0,519.0,348.0,209.0,1320.0,471.0,0.535,10.6,11.1,13.28,0.0331,2327.0,2493.0,2608.0
40.9,28.2,23.0,0.91,0.73,0.0675,2.72,1.42,1.73,30700.0,23900.0,25900.0,1040.0,707.0,80.3,3630.0,1360.0,0.701,15.8,16.1,14.37,0.0049,2450.0,2560.0,2600.0
34.8,15.7,8.08,17.5,3.09,3.5,0.809,0.587,7.3,38600.0,16100.0,7670.0,10600.0,2380.0,2510.0,1890.0,698.0,3.12,15.8,16.7,11.35,0.0591,2222.0,2349.0,2378.0
47.9,22.4,12.7,4.26,0.896,0.419,2.51,1.15,3.0,40300.0,21400.0,16000.0,5480.0,973.0,558.0,3760.0,1240.0,1.22,17.7,18.0,17.1,0.023,2100.0,2190.0,2310.0
88.0,3.25,9.01,0.7,0.0498,0.0945,0.24,0.234,0.675,134000.0,5590.0,20500.0,1630.0,97.6,228.0,650.0,455.0,0.274,32.1,32.5,27.66,0.0029,2800.0,2800.0,2800.0
33.8,26.1,29.9,1.92,1.99,0.446,1.61,0.953,1.93,15600.0,13600.0,20600.0,1350.0,1180.0,325.0,1320.0,561.0,0.782,9.7,9.85,8.3,0.0096,2150.0,2240.0,2440.0
36.8,14.0,22.2,9.99,0.813,0.608,1.66,0.635,6.78,21900.0,9420.0,19800.0,9090.0,624.0,573.0,1760.0,484.0,2.76,12.5,12.7,10.51,0.089,1960.0,2090.0,2150.0
47.6,24.5,10.2,4.23,1.03,0.729,1.88,0.903,3.58,11700.0,6800.0,3730.0,1590.0,326.0,284.0,820.0,284.0,1.45,5.2,5.26,5.5,0.017,2410.0,2500.0,2630.0
48.2,29.3,5.65,1.95,1.18,1.49,3.03,1.3,3.25,9800.0,6750.0,1720.0,606.0,309.0,479.0,1100.0,340.0,1.32,4.3,4.36,4.15,0.018,2470.0,2640.0,2740.0
26.8,12.3,25.7,17.2,0.598,0.365,1.42,0.569,2.2,14500.0,7580.0,20900.0,14300.0,418.0,313.0,1370.0,395.0,0.896,11.4,11.6,9.94,0.079,2060.0,2080.0,2110.0
19.7,14.4,58.7,1.44,0.349,0.189,0.433,0.518,2.2,5840.0,4840.0,26100.0,655.0,133.0,89.0,229.0,197.0,0.902,6.2,6.36,5.8,0.033,2010.0,2100.0,2220.0
36.3,18.3,33.0,1.28,0.374,0.201,1.03,0.858,1.23,22600.0,12800.0,30900.0,1200.0,305.0,195.0,1150.0,681.0,0.51,12.8,13.4,13.0,0.00546,1978.0,2013.0,2055.0
23.5,12.6,57.2,0.952,0.282,0.176,0.697,0.92,1.5,13700.0,8340.0,49900.0,848.0,212.0,162.0,723.0,686.0,0.613,12.2,12.5,12.7,0.0089,2010.0,2100.0,2190.0
19.5,13.6,53.2,3.74,0.73,0.257,1.03,0.569,5.7,8150.0,6420.0,33200.0,2380.0,393.0,170.0,768.0,304.0,2.31,8.8,8.93,8.65,0.0066,2010.0,2060.0,2160.0
48.7,33.9,4.29,1.74,0.896,0.203,2.78,1.71,2.23,13300.0,10500.0,1760.0,726.0,316.0,87.8,1350.0,597.0,0.898,5.8,5.85,6.7,0.0041,2800.0,2800.0,2800.0
40.6,20.8,26.2,2.03,0.764,0.5,2.56,1.07,1.23,34000.0,19700.0,32900.0,2600.0,826.0,665.0,3830.0,1150.0,0.494,17.8,18.0,17.1,0.019,1970.0,2060.0,2150.0
41.2,26.5,19.1,2.55,0.83,1.49,1.78,1.38,3.65,4900.0,3570.0,3410.0,464.0,127.0,280.0,377.0,210.0,1.49,2.5,2.55,2.3,0.017,2180.0,2340.0,2570.0
47.8,24.2,13.9,4.6,1.33,1.35,2.2,1.2,3.8,30200.0,17300.0,13200.0,4450.0,1080.0,1350.0,2480.0,972.0,1.58,13.0,13.5,13.5,0.039,2230.0,2280.0,2490.0
40.0,20.0,25.0,1.7,1.16,0.62,1.8,0.87,3.2,20200.0,11500.0,18900.0,1310.0,757.0,497.0,1620.0,564.0,1.33,10.4,10.8,10.7,0.0316,2130.0,2180.0,2410.0
44.5,28.9,11.0,2.82,0.548,0.405,2.08,1.05,2.55,15300.0,11200.0,5640.0,1470.0,242.0,220.0,1270.0,462.0,1.04,7.2,7.33,7.2,0.0076,2570.0,2630.0,2710.0
24.4,18.6,44.8,3.17,0.249,0.081,0.853,0.535,3.78,37200.0,32100.0,102000.0,7360.0,488.0,195.0,2310.0,1040.0,1.53,32.2,32.6,32.4,0.13,2060.0,2140.0,2220.0
45.4,31.0,8.87,1.11,1.66,0.756,2.21,1.44,1.53,8560.0,6630.0,2500.0,319.0,404.0,226.0,743.0,347.0,0.616,4.0,4.04,3.97,0.013,2700.0,2800.0,2800.0
57.4,28.5,4.29,1.26,0.78,0.675,0.901,1.76,1.88,11600.0,6530.0,1300.0,389.0,203.0,216.0,325.0,454.0,0.755,4.3,4.33,4.12,0.016,2600.0,2720.0,2760.0
55.9,29.0,3.4,0.51,1.29,0.378,3.9,1.4,0.75,48700.0,28600.0,4430.0,679.0,1450.0,522.0,6050.0,1560.0,0.309,18.1,18.6,6.0,0.011,2800.0,2800.0,2800.0
44.9,22.9,19.6,1.79,0.415,0.473,0.805,1.37,3.0,14800.0,8520.0,9670.0,902.0,176.0,247.0,472.0,578.0,1.23,6.9,7.05,6.8,0.014,2010.0,2120.0,2210.0
38.1,26.1,24.5,1.6,0.83,0.365,1.56,0.953,1.93,13300.0,10300.0,12800.0,852.0,374.0,202.0,972.0,426.0,0.789,7.3,7.48,6.83,0.0085,2170.0,2230.0,2410.0
28.0,14.2,48.2,1.13,0.564,0.162,1.56,0.669,1.33,10900.0,6270.0,28200.0,677.0,284.0,100.0,1090.0,334.0,0.547,8.1,8.36,7.45,0.011,2000.0,2080.0,2130.0
29.3,23.8,19.4,6.54,1.15,0.905,1.55,0.736,8.5,3300.0,3030.0,3270.0,1120.0,166.0,161.0,310.0,106.0,3.56,2.3,2.42,2.35,0.027,2250.0,2300.0,2450.0
12.5,5.16,64.1,2.79,0.415,0.23,0.541,0.385,2.25,4440.0,2070.0,33900.0,1510.0,189.0,129.0,341.0,174.0,0.909,7.5,7.58,8.0,0.032,1900.0,2020.0,2110.0
28.1,19.8,23.6,8.89,0.963,0.608,1.44,1.02,5.1,10400.0,8330.0,13100.0,5040.0,460.0,357.0,952.0,484.0,2.08,7.8,7.94,7.4,0.041,2050.0,2140.0,2250.0
50.7,29.7,4.0,1.92,0.515,1.62,1.09,2.07,2.1,8120.0,5380.0,959.0,469.0,106.0,411.0,312.0,425.0,0.846,3.4,3.43,3.07,0.0032,2580.0,2660.0,2710.0
47.4,25.9,19.1,1.17,0.481,0.176,1.65,1.48,1.6,31500.0,19500.0,19000.0,1190.0,412.0,185.0,1950.0,1260.0,0.645,14.1,14.2,13.71,0.009,2500.0,2570.0,2770.0
51.0,30.1,7.18,1.16,0.896,1.15,2.36,1.1,1.55,12300.0,8200.0,2580.0,427.0,278.0,438.0,1010.0,340.0,0.626,5.1,5.15,4.4,0.016,2700.0,2800.0,2800.0
47.5,23.4,16.0,1.75,0.88,0.446,2.02,1.1,1.83,36100.0,20100.0,18200.0,2030.0,861.0,536.0,2730.0,1070.0,0.741,16.0,16.2,15.41,0.016,2190.0,2450.0,2600.0
41.5,24.5,18.3,0.894,0.704,0.408,2.0,1.08,0.698,33500.0,21700.0,21200.0,1170.0,749.0,512.0,2930.0,1090.0,0.291,16.3,17.0,15.76,0.0298,2321.0,2371.0,2431.0
43.3,19.5,29.9,0.742,0.531,0.284,1.43,0.953,0.975,23000.0,11700.0,23700.0,601.0,363.0,238.0,1350.0,646.0,0.398,11.1,11.3,10.36,0.015,2140.0,2190.0,2400.0
40.3,16.6,32.0,0.627,0.552,0.223,1.39,0.869,1.31,21900.0,9850.0,21800.0,435.0,381.0,182.0,1350.0,606.0,0.545,10.5,10.9,9.94,0.0115,2081.0,2128.0,2183.0
49.2,25.1,12.8,0.826,0.83,0.162,2.7,1.2,1.0,34500.0,19900.0,13400.0,884.0,750.0,180.0,3370.0,1080.0,0.402,14.9,15.0,14.6,0.008,2560.0,2670.0,2760.0
57.2,28.7,6.56,0.728,0.896,0.189,2.69,1.3,0.875,35300.0,20000.0,6060.0,687.0,713.0,185.0,2960.0,1030.0,0.355,13.0,13.2,13.0,0.012,2740.0,2800.0,2800.0
38.6,24.4,28.1,1.05,0.596,0.24,1.69,1.2,2.23,37000.0,23900.0,26100.0,985.0,815.0,295.0,3320.0,1380.0,0.905,17.7,18.0,16.02,0.0142,2244.0,2377.0,2586.0
46.0,27.0,11.0,0.61,0.631,0.149,2.3,1.9,1.1,28200.0,18700.0,10100.0,572.0,499.0,144.0,2510.0,1490.0,0.458,12.6,13.1,15.2,0.155,2910.0,2910.0,2910.0
36.0,27.0,24.0,1.8,0.764,0.446,2.0,1.1,2.4,12800.0,10900.0,12800.0,977.0,350.0,251.0,1270.0,500.0,1.0,7.3,7.6,7.9,0.0154,2140.0,2190.0,2310.0
53.9,24.4,10.3,0.686,0.78,0.513,2.38,1.82,0.85,36700.0,18800.0,10500.0,714.0,685.0,554.0,2880.0,1590.0,0.346,14.3,14.6,12.81,0.0067,2430.0,2530.0,2580.0
17.8,8.17,58.6,3.17,1.24,0.203,1.07,0.452,7.75,6060.0,3150.0,29900.0,1650.0,547.0,109.0,649.0,197.0,3.14,7.2,7.29,9.9,0.36,2160.0,2250.0,2340.0
46.0,17.9,19.9,2.86,1.38,0.419,2.97,0.836,3.2,50200.0,22100.0,32400.0,4760.0,1940.0,723.0,5760.0,1170.0,1.29,23.1,23.3,23.61,0.12,2080.0,2130.0,2300.0
43.0,28.5,19.4,1.18,0.996,0.878,2.31,1.09,1.5,19400.0,14600.0,13200.0,813.0,580.0,629.0,1860.0,629.0,0.611,9.5,9.67,10.33,0.0045,2540.0,2690.0,2760.0
58.4,28.2,3.35,0.56,0.93,0.216,3.37,2.26,0.925,79000.0,43300.0,6780.0,1160.0,1620.0,463.0,8110.0,3910.0,0.373,28.7,29.0,25.08,0.0054,2760.0,2800.0,2800.0
37.9,24.6,9.18,6.61,1.43,0.486,2.18,1.62,9.13,3080.0,2260.0,1120.0,821.0,150.0,62.7,315.0,169.0,3.74,1.7,1.74,1.63,0.026,2300.0,2420.0,2510.0
53.9,27.9,8.24,0.63,0.697,0.27,2.73,1.27,0.88,36300.0,21300.0,8320.0,649.0,606.0,289.0,3280.0,1100.0,0.355,14.3,14.4,13.1,0.0046,2730.0,2840.0,2910.0
39.6,28.7,26.0,0.86,0.415,0.162,1.29,1.13,1.02,30100.0,24700.0,29600.0,1000.0,407.0,195.0,1750.0,1100.0,0.41,16.2,16.3,16.81,0.028,2300.0,2620.0,2650.0
31.0,19.6,40.8,1.16,0.681,0.176,1.64,0.69,1.68,21000.0,15000.0,41300.0,1200.0,594.0,188.0,1980.0,598.0,0.696,14.0,14.5,10.0,0.024,1905.0,2005.0,2115.0
45.5,32.1,9.47,1.99,0.78,0.392,1.59,1.42,2.35,3230.0,2580.0,1010.0,216.0,71.4,44.0,200.0,129.0,0.951,1.5,1.52,1.92,0.019,2650.0,2750.0,2800.0
22.0,12.1,54.6,2.13,0.315,0.486,0.781,0.853,2.58,9150.0,5690.0,33900.0,1350.0,169.0,320.0,578.0,453.0,1.04,8.8,8.89,8.55,0.018,1920.0,2040.0,2100.0
55.5,19.4,6.72,2.32,1.24,0.77,2.79,0.736,6.7,63700.0,25200.0,11500.0,4080.0,1840.0,1400.0,5700.0,1080.0,2.87,22.9,24.5,19.81,0.02,2250.0,2340.0,2430.0
39.4,28.0,13.2,3.89,1.18,0.432,1.61,1.92,4.8,11100.0,8920.0,5550.0,1680.0,428.0,193.0,808.0,693.0,1.96,5.9,6.03,5.69,0.26,2370.0,2480.0,2690.0
57.0,28.0,6.2,0.13,0.963,0.216,3.1,1.1,0.36,62400.0,34700.0,10200.0,218.0,1360.0,375.0,6050.0,1540.0,0.15,22.5,23.4,20.9,0.0129,2860.0,2910.0,2910.0
56.1,33.2,2.09,0.728,0.614,0.149,1.84,2.36,0.475,32000.0,21500.0,1790.0,636.0,452.0,135.0,1870.0,1720.0,0.195,11.9,12.2,11.27,0.0058,2800.0,2800.0,2800.0
26.8,21.4,20.2,11.8,1.13,0.878,1.61,0.786,7.75,6700.0,6060.0,7560.0,4530.0,364.0,348.0,718.0,252.0,3.13,5.3,5.36,4.8,0.04,2200.0,2270.0,2350.0
41.1,18.9,36.5,0.77,0.598,0.23,1.79,0.886,1.63,22400.0,11700.0,29700.0,641.0,420.0,198.0,1740.0,618.0,0.664,11.4,11.7,11.0,0.013,2000.0,2120.0,2210.0
36.5,18.7,33.5,1.43,0.448,0.203,1.18,1.14,1.88,15900.0,9200.0,21800.0,950.0,252.0,140.0,913.0,633.0,0.768,9.1,9.32,8.65,0.012,2010.0,2080.0,2250.0
44.7,33.9,8.09,1.01,1.03,0.257,3.17,0.97,1.43,19100.0,16500.0,5190.0,661.0,569.0,174.0,2420.0,532.0,0.575,9.1,9.18,12.0,0.0059,2320.0,2410.0,2520.0
49.9,35.7,6.54,0.42,0.382,0.122,1.78,1.45,0.9,32200.0,26000.0,6300.0,414.0,317.0,124.0,2040.0,1200.0,0.365,13.6,13.8,13.42,0.003,2800.0,2800.0,2800.0
35.7,29.2,13.6,5.21,1.33,0.216,2.58,1.14,6.05,5110.0,4740.0,2920.0,1140.0,245.0,49.0,658.0,208.0,2.47,3.0,3.06,3.1,0.036,2160.0,2290.0,2410.0
52.4,34.8,2.2,0.4,0.73,0.945,2.9,1.6,1.3,25300.0,19000.0,1590.0,295.0,454.0,722.0,2490.0,987.0,0.542,9.9,10.3,9.4,0.0029,2910.0,2910.0,2910.0
49.4,32.9,6.22,0.756,1.01,0.284,4.51,1.71,1.1,17600.0,13200.0,3310.0,410.0,464.0,160.0,2850.0,775.0,0.446,7.5,7.6,7.94,0.0046,2580.0,2800.0,2800.0
45.0,26.7,14.6,2.0,1.49,1.76,2.8,1.0,4.5,5700.0,3830.0,2770.0,387.0,244.0,352.0,631.0,162.0,1.88,2.6,2.71,2.7,0.019,2160.0,2360.0,2480.0
41.0,29.0,11.0,2.1,1.21,0.378,3.0,1.0,1.4,23900.0,19200.0,9620.0,1870.0,913.0,350.0,3120.0,748.0,0.583,12.0,12.5,11.2,0.0147,2350.0,2550.0,2910.0
30.3,26.9,17.1,0.238,2.49,0.378,2.93,0.686,6.48,15900.0,15900.0,13400.0,190.0,1680.0,314.0,2730.0,459.0,2.87,10.1,11.2,7.96,0.013,2290.0,2460.0,2580.0
51.1,30.8,6.58,1.2,0.73,0.432,1.85,1.54,1.65,13400.0,9130.0,2580.0,481.0,246.0,179.0,862.0,515.0,0.672,5.5,5.6,6.07,0.0071,2760.0,2800.0,2800.0
25.3,12.3,45.0,3.7,0.913,0.243,1.43,0.485,4.03,9140.0,5030.0,24400.0,2040.0,426.0,139.0,922.0,225.0,1.64,7.6,7.74,6.66,0.039,2010.0,2070.0,2170.0
40.9,29.5,15.3,2.02,0.946,0.5,2.61,1.02,2.63,10800.0,8850.0,6070.0,817.0,323.0,210.0,1230.0,346.0,1.06,5.6,5.67,5.46,0.019,2300.0,2500.0,2600.0
47.0,21.0,7.6,1.2,1.33,0.311,2.8,0.99,1.8,22900.0,11600.0,5540.0,892.0,833.0,240.0,2430.0,617.0,0.75,10.0,10.4,9.4,0.0893,2450.0,2590.0,2740.0
56.5,24.4,7.41,1.95,0.282,0.324,2.68,1.24,1.6,49700.0,24300.0,9750.0,2620.0,320.0,452.0,4200.0,1390.0,0.654,18.4,18.8,23.5,0.015,2460.0,2580.0,2690.0
45.2,25.0,15.2,2.24,0.73,1.22,1.68,1.37,3.25,3010.0,1880.0,1510.0,228.0,62.8,128.0,200.0,117.0,1.32,1.4,1.43,1.99,0.024,2290.0,2400.0,2500.0
44.1,18.8,19.2,4.6,1.15,0.662,2.3,0.9,3.0,18500.0,8910.0,12000.0,2940.0,618.0,439.0,1710.0,482.0,1.25,8.6,8.96,7.8,0.03,1935.0,2025.0,2080.0
44.9,30.1,8.84,2.2,0.83,0.324,1.71,1.74,5.0,31300.0,23700.0,9200.0,2340.0,744.0,357.0,2110.0,1550.0,2.04,14.6,14.9,16.6,0.011,2730.0,2800.0,2800.0
47.0,36.3,2.87,2.13,0.581,0.0905,1.25,2.09,2.53,28200.0,24600.0,2580.0,1950.0,450.0,86.1,1340.0,1610.0,1.06,12.2,12.8,10.7,0.012,2800.0,2800.0,2800.0
24.4,16.0,47.2,1.44,0.349,0.27,0.829,1.0,2.2,7530.0,5570.0,21800.0,680.0,139.0,132.0,456.0,396.0,0.894,6.5,6.6,8.21,0.0097,1940.0,2020.0,2350.0
50.7,25.1,12.0,1.39,0.979,0.338,3.04,1.24,1.7,40300.0,22600.0,14300.0,1680.0,1000.0,425.0,4310.0,1260.0,0.697,16.6,17.0,14.99,0.01,2250.0,2500.0,2620.0
44.5,28.9,7.99,2.84,0.432,0.203,1.45,3.09,1.55,21100.0,15500.0,5680.0,2060.0,264.0,152.0,1230.0,1880.0,0.63,10.0,10.2,9.66,0.0074,2250.0,2510.0,2760.0
13.0,10.9,53.4,3.13,1.99,0.0729,0.6,0.33,7.52,5800.0,5480.0,35600.0,2130.0,1140.0,51.4,476.0,188.0,3.11,9.2,9.53,7.9,0.56,2110.0,2200.0,2310.0
36.3,24.0,26.6,3.45,0.73,0.554,1.11,0.953,5.0,8750.0,6560.0,9610.0,1270.0,227.0,212.0,475.0,294.0,2.06,5.0,5.16,5.2,0.06,1970.0,2090.0,2200.0
49.6,21.9,13.6,0.74,0.647,0.149,2.1,1.1,0.93,21200.0,10600.0,8690.0,483.0,357.0,101.0,1600.0,601.0,0.386,8.8,9.14,8.6,0.018,2445.0,2555.0,2655.0
44.7,26.3,13.9,1.86,1.08,0.176,2.79,1.52,2.38,9550.0,6350.0,4450.0,608.0,297.0,59.4,1060.0,416.0,0.965,4.5,4.57,10.4,0.12,2150.0,2260.0,2370.0
33.0,13.9,41.7,1.39,0.78,0.297,1.66,0.702,2.25,17800.0,8500.0,33600.0,1140.0,542.0,254.0,1590.0,484.0,0.918,11.3,11.5,10.9,0.02,2000.0,2120.0,2210.0
22.7,17.6,44.0,3.14,0.697,0.567,0.757,0.819,5.5,4010.0,3530.0,11700.0,848.0,159.0,159.0,239.0,186.0,2.25,3.7,3.79,3.5,0.024,2010.0,2120.0,2210.0
43.6,34.8,4.87,3.6,0.6,1.75,0.46,1.37,4.5,6270.0,5610.0,1030.0,789.0,111.0,390.0,115.0,257.0,1.82,3.03,3.06,2.8,0.0052,2910.0,2910.0,2910.0
51.6,28.9,5.28,1.13,1.06,0.27,2.75,1.1,1.0,19500.0,12400.0,2980.0,655.0,517.0,162.0,1850.0,533.0,0.414,7.8,8.08,6.9,0.0249,2800.0,2800.0,2800.0
41.3,34.4,8.8,1.9,0.631,1.89,1.3,1.4,3.4,4020.0,3790.0,1280.0,283.0,79.2,292.0,225.0,174.0,1.42,2.0,2.08,2.3,0.02,2465.0,2575.0,2700.0
56.1,31.6,2.43,0.91,0.481,0.648,1.15,2.31,1.55,19700.0,12500.0,1280.0,488.0,218.0,360.0,720.0,1040.0,0.628,7.4,7.5,7.1,0.004,2770.0,2800.0,2800.0
55.4,28.4,5.29,1.32,0.564,0.891,1.49,1.92,2.35,15500.0,8970.0,2210.0,562.0,203.0,395.0,742.0,688.0,0.953,5.9,5.98,6.18,0.0095,2730.0,2800.0,2800.0
49.8,25.6,6.6,1.9,0.564,0.513,1.8,1.5,1.9,14900.0,8690.0,2960.0,870.0,218.0,244.0,961.0,576.0,0.774,6.3,6.42,6.1,0.0079,2795.0,2800.0,2800.0
30.0,13.2,27.5,9.92,0.764,0.878,1.67,0.619,7.85,12900.0,6430.0,17700.0,6520.0,423.0,598.0,1280.0,341.0,3.21,9.0,9.21,7.93,0.086,1970.0,2040.0,2100.0
40.4,26.9,22.1,1.06,0.751,0.167,2.27,1.14,0.439,20600.0,15300.0,13900.0,710.0,588.0,138.0,2250.0,756.0,0.179,10.4,10.7,10.09,0.00645,2239.0,2351.0,2468.0
45.4,31.6,11.0,1.76,0.664,0.189,1.59,1.34,1.1,14000.0,11000.0,5080.0,831.0,264.0,92.3,870.0,527.0,0.446,6.5,6.59,6.3,0.012,2640.0,2750.0,2800.0
45.0,20.0,22.0,1.8,0.797,0.432,1.8,0.94,1.7,31500.0,15900.0,23100.0,1930.0,720.0,480.0,2250.0,843.0,0.708,14.4,15.0,13.4,0.0179,1980.0,2080.0,2180.0
42.3,23.4,25.0,0.98,0.963,0.189,2.37,0.953,1.63,24700.0,15400.0,21900.0,874.0,724.0,175.0,2460.0,712.0,0.66,12.3,12.5,12.0,0.01,2070.0,2190.0,2320.0
39.6,23.3,18.9,4.08,1.38,0.783,2.5,1.22,5.88,12500.0,8340.0,8950.0,1970.0,563.0,393.0,1410.0,495.0,2.38,6.7,6.78,6.32,0.035,2140.0,2380.0,2530.0
40.0,26.7,21.2,0.546,0.764,0.338,2.5,0.97,1.08,17100.0,12900.0,13500.0,356.0,420.0,228.0,1900.0,530.0,0.437,9.0,9.14,8.52,0.0065,2280.0,2530.0,2630.0
22.7,12.9,45.0,4.06,0.631,0.351,1.32,0.669,6.08,3640.0,2330.0,10800.0,995.0,130.0,89.2,378.0,137.0,2.45,3.4,3.43,3.74,0.49,2020.0,2100.0,2170.0
35.1,14.3,26.0,9.22,0.598,0.338,1.5,0.712,7.2,19500.0,9000.0,21600.0,7820.0,428.0,297.0,1490.0,506.0,2.98,11.5,11.9,11.1,0.062,1955.0,2055.0,2155.0
46.0,28.4,14.6,1.04,0.913,0.486,1.94,1.42,1.45,21700.0,15100.0,10300.0,746.0,555.0,363.0,1620.0,857.0,0.585,10.0,10.1,9.36,0.011,2550.0,2620.0,2770.0
53.9,22.1,13.7,0.406,1.06,0.324,3.37,0.987,1.48,83500.0,38800.0,31700.0,961.0,2120.0,796.0,9280.0,1960.0,0.6,32.6,33.1,34.8,0.014,2320.0,2410.0,2520.0
30.0,26.0,30.0,1.5,0.515,0.243,1.4,1.1,1.2,10200.0,10000.0,15300.0,781.0,226.0,131.0,849.0,480.0,0.5,7.0,7.29,6.8,0.00591,2140.0,2250.0,2340.0
34.0,19.0,33.0,2.7,0.67,0.37,1.7,0.77,2.8,19000.0,12000.0,27600.0,2300.0,482.0,327.0,1690.0,550.0,1.13,11.8,11.9,11.8,0.0055,2040.0,2090.0,2140.0
29.7,11.4,34.7,8.73,0.598,0.513,1.27,0.569,7.1,19300.0,8360.0,33800.0,8660.0,501.0,528.0,1470.0,473.0,2.93,13.5,13.9,7.87,0.07,2010.0,2050.0,2190.0
39.3,19.1,27.5,4.58,0.548,0.27,1.9,0.819,3.75,18100.0,10000.0,19000.0,3230.0,326.0,197.0,1560.0,483.0,1.56,9.5,9.87,8.58,0.027,2040.0,2080.0,2540.0
43.0,23.3,24.1,1.57,0.564,0.0945,0.99,1.03,2.83,9680.0,5940.0,8120.0,540.0,164.0,33.7,397.0,297.0,1.21,4.5,4.79,3.2,0.012,2140.0,2190.0,2490.0
40.7,12.3,6.72,17.9,2.82,0.338,0.841,0.836,11.2,23400.0,8010.0,5790.0,15700.0,2090.0,308.0,862.0,616.0,5.07,10.9,12.3,10.11,0.025,2060.0,2150.0,2170.0
38.4,20.2,23.1,3.79,1.05,0.239,1.91,1.03,6.37,24000.0,13000.0,14000.0,3170.0,820.0,194.0,2160.0,802.0,2.64,11.4,11.8,10.94,0.0222,2054.0,2171.0,2259.0
35.7,25.7,13.8,6.57,1.29,0.027,0.745,2.02,7.85,5280.0,4300.0,3040.0,1480.0,247.0,6.32,196.0,382.0,3.2,3.1,3.16,2.6,0.0096,2130.0,2220.0,2340.0
53.0,24.0,15.2,0.294,0.88,0.392,3.58,1.16,0.85,57000.0,29300.0,24500.0,484.0,1220.0,668.0,6860.0,1600.0,0.351,22.3,23.0,22.09,0.011,2260.0,2470.0,2550.0
50.0,33.0,1.9,0.54,0.0564,0.0446,2.1,2.0,0.15,27000.0,20200.0,1530.0,445.0,39.3,38.1,2020.0,1380.0,0.0619,11.2,11.5,11.1,0.00453,2910.0,2910.0,2910.0
47.1,27.9,18.6,0.7,0.481,0.23,1.8,1.99,0.975,30800.0,20600.0,18200.0,699.0,406.0,238.0,2100.0,1660.0,0.392,13.9,14.0,12.9,0.006,2470.0,2570.0,2660.0
46.0,31.8,11.0,0.602,0.979,0.23,3.77,1.15,1.23,17400.0,13700.0,6250.0,349.0,478.0,138.0,2550.0,559.0,0.497,8.0,8.11,8.04,0.007,2710.0,2800.0,2800.0
56.7,23.6,8.1,1.4,0.847,0.824,0.49,2.1,2.4,16500.0,7780.0,3530.0,623.0,318.0,380.0,254.0,783.0,0.965,6.2,6.23,4.8,0.043,2535.0,2650.0,2765.0
53.7,28.1,3.09,1.29,0.714,0.405,2.36,1.44,2.25,13000.0,7720.0,1120.0,477.0,223.0,156.0,1020.0,446.0,0.915,5.1,5.19,5.11,0.0064,2740.0,2800.0,2800.0
29.1,18.7,38.8,3.57,0.249,0.419,0.685,0.87,5.15,5200.0,3780.0,10400.0,975.0,57.3,119.0,218.0,199.0,2.13,3.7,3.82,3.2,0.045,2050.0,2140.0,2220.0
30.8,14.5,37.1,2.9,2.99,1.23,1.9,0.5,7.7,5700.0,3040.0,10300.0,820.0,713.0,360.0,626.0,118.0,3.21,3.8,3.96,3.6,0.073,2060.0,2150.0,2240.0
37.3,24.8,27.6,1.73,0.518,0.254,1.58,0.928,1.99,21700.0,15200.0,18900.0,1190.0,432.0,207.0,1910.0,738.0,0.802,11.1,11.2,9.7,0.0133,2088.0,2190.0,2304.0
53.5,28.9,4.43,2.0,0.764,0.405,2.62,1.52,1.53,25900.0,15900.0,3210.0,1480.0,477.0,311.0,2260.0,943.0,0.62,10.2,10.4,10.02,0.0048,2630.0,2720.0,2760.0
56.9,28.0,2.57,0.476,0.564,0.716,2.09,1.72,0.55,29700.0,16500.0,2010.0,380.0,380.0,592.0,1940.0,1150.0,0.221,11.1,11.2,11.72,0.0063,2800.0,2800.0,2800.0
27.1,15.2,51.5,1.43,0.498,0.23,0.925,0.669,2.08,10900.0,6890.0,30900.0,874.0,257.0,146.0,660.0,343.0,0.846,8.4,8.57,7.7,0.013,2040.0,2130.0,2210.0
43.9,35.0,3.45,3.56,0.681,0.257,2.02,1.59,5.77,9310.0,8410.0,1100.0,1150.0,186.0,86.3,763.0,432.0,2.33,4.5,4.54,4.54,0.017,2800.0,2800.0,2800.0
25.6,19.1,41.1,3.91,0.83,0.405,1.09,0.886,3.25,12700.0,10700.0,30500.0,2960.0,531.0,319.0,966.0,563.0,1.31,10.5,10.6,10.2,0.034,1970.0,2060.0,2140.0
47.9,20.6,21.4,0.588,0.764,0.189,2.52,0.987,1.0,46900.0,22800.0,31400.0,880.0,964.0,293.0,4400.0,1240.0,0.405,20.7,21.0,20.7,0.012,2155.0,2255.0,2355.0
24.1,14.8,31.2,7.6,0.764,0.189,1.3,0.74,8.5,7220.0,5020.0,14000.0,3480.0,295.0,89.7,693.0,284.0,3.46,6.3,6.41,6.8,0.059,2005.0,2115.0,2225.0
35.3,23.3,16.4,7.61,1.2,0.392,2.08,0.652,5.7,8360.0,6230.0,5830.0,2750.0,365.0,147.0,877.0,198.0,2.31,5.0,5.07,4.35,0.022,2300.0,2400.0,2500.0
50.5,28.8,9.81,0.616,0.631,0.311,1.88,1.25,0.75,28500.0,18400.0,8290.0,532.0,459.0,278.0,1890.0,904.0,0.307,11.8,12.1,11.09,0.0084,2730.0,2800.0,2800.0
47.5,32.1,9.01,1.54,1.13,0.486,1.88,1.32,1.73,7840.0,6000.0,2220.0,388.0,240.0,127.0,551.0,279.0,0.696,3.5,3.53,3.06,0.015,2550.0,2690.0,2800.0
33.2,13.6,42.9,3.73,0.664,0.324,1.62,0.702,4.25,20800.0,9650.0,40100.0,3560.0,536.0,321.0,1810.0,562.0,1.74,13.1,13.4,11.5,0.027,1920.0,2010.0,2120.0
55.6,33.1,5.58,0.49,0.266,0.243,1.2,2.34,0.675,33700.0,22700.0,5060.0,454.0,208.0,234.0,1300.0,1820.0,0.276,12.7,13.0,12.28,0.006,2800.0,2800.0,2800.0
26.4,15.5,46.5,4.06,0.415,0.297,1.3,0.72,2.98,12900.0,8540.0,33900.0,3020.0,260.0,229.0,1130.0,449.0,1.24,10.0,10.4,11.7,0.044,2130.0,2230.0,2410.0
32.9,16.4,43.5,0.504,0.681,0.162,1.89,0.936,1.45,28200.0,15900.0,55800.0,661.0,753.0,220.0,2880.0,1030.0,0.592,18.0,18.4,16.8,0.026,1880.0,2000.0,2080.0
38.0,29.3,19.3,3.15,0.498,0.554,0.697,0.886,4.83,7890.0,6890.0,6000.0,1000.0,133.0,182.0,258.0,235.0,1.99,4.3,4.44,4.2,0.02,2300.0,2390.0,2520.0
29.7,14.3,42.9,2.14,0.581,0.621,1.23,0.97,2.78,5740.0,3130.0,12400.0,632.0,145.0,190.0,421.0,240.0,1.15,4.0,4.13,4.07,0.011,1970.0,2040.0,2120.0
34.8,26.7,13.5,10.3,0.783,0.814,1.36,0.81,4.35,11500.0,9080.0,3900.0,2940.0,308.0,296.0,1190.0,347.0,1.76,5.87,5.92,5.89,0.0104,2434.0,2532.0,2865.0
50.5,18.6,15.6,1.58,1.06,0.351,2.37,1.22,2.45,15800.0,6580.0,7280.0,755.0,427.0,174.0,1320.0,488.0,0.992,6.6,6.68,5.85,0.022,2180.0,2280.0,2550.0
25.8,15.6,44.4,2.86,0.963,0.054,2.5,0.535,4.03,12800.0,8760.0,33000.0,2170.0,616.0,42.5,2210.0,340.0,1.63,10.5,10.6,10.3,0.076,2100.0,2180.0,2270.0
44.3,22.1,22.7,1.11,0.88,0.284,2.61,1.12,0.95,47400.0,26800.0,36400.0,1810.0,1210.0,481.0,4970.0,1530.0,0.383,22.7,22.9,20.34,0.027,2080.0,2130.0,2480.0
20.7,10.1,48.3,0.91,0.448,0.117,1.1,0.8,2.0,10100.0,5570.0,35200.0,677.0,281.0,90.6,953.0,498.0,0.833,10.0,10.4,9.7,0.015,1950.0,2050.0,2125.0
61.1,22.6,4.76,1.26,1.28,0.662,3.22,1.2,1.53,45900.0,19200.0,5350.0,1450.0,1240.0,788.0,4310.0,1160.0,0.621,15.8,16.1,15.52,0.017,2520.0,2640.0,2710.0
37.7,27.1,18.8,3.53,1.03,0.284,1.29,1.51,5.1,10100.0,8190.0,7520.0,1440.0,354.0,120.0,613.0,516.0,2.08,5.6,5.72,6.0,0.022,2110.0,2210.0,2300.0
34.7,19.5,36.3,0.798,1.83,0.365,3.69,0.652,1.75,17600.0,11200.0,27700.0,621.0,1200.0,294.0,3340.0,425.0,0.712,10.7,10.9,9.13,0.03,2060.0,2110.0,2460.0
47.2,25.8,15.3,0.798,1.49,0.351,3.62,0.936,1.48,42500.0,26300.0,20700.0,1100.0,1740.0,502.0,5810.0,1080.0,0.596,19.1,19.3,18.3,0.03,2420.0,2510.0,2600.0
52.2,25.0,10.3,0.336,1.83,0.216,5.2,1.04,1.33,79300.0,43000.0,23500.0,781.0,3580.0,521.0,14100.0,2020.0,0.536,32.2,32.5,29.55,0.013,2380.0,2580.0,2800.0
28.5,18.7,36.8,2.54,0.88,0.23,2.07,0.652,4.75,11700.0,8720.0,22700.0,1600.0,467.0,150.0,1520.0,344.0,1.93,8.7,8.82,5.0,0.036,2210.0,2300.0,2410.0
56.3,35.0,3.0,1.1,0.681,0.77,1.2,2.2,1.9,23300.0,16400.0,1860.0,695.0,363.0,505.0,884.0,1160.0,0.792,8.5,8.85,6.1,0.016,2910.0,2910.0,2910.0
59.9,14.7,1.87,8.32,2.32,0.378,0.757,1.0,6.75,74700.0,20700.0,3490.0,15800.0,3730.0,747.0,1680.0,1600.0,3.27,22.0,26.7,19.6,0.076,2260.0,2390.0,2660.0
59.7,24.7,4.38,1.78,0.913,0.122,2.06,2.04,1.9,25700.0,12000.0,2820.0,1170.0,507.0,83.0,1580.0,1130.0,0.77,9.1,9.22,11.2,0.013,2760.0,2800.0,2800.0
47.9,31.2,9.1,2.2,0.797,1.49,1.1,1.1,3.1,10000.0,7390.0,2850.0,704.0,215.0,493.0,410.0,295.0,1.29,4.3,4.48,4.19,0.0056,2670.0,2690.0,2701.0
43.4,26.5,21.2,0.63,0.614,0.135,2.14,0.953,1.0,45400.0,31300.0,33100.0,1010.0,828.0,224.0,3980.0,1280.0,0.403,22.2,22.4,20.39,0.0097,2220.0,2460.0,2520.0
41.7,22.7,27.7,1.57,0.747,0.432,2.08,1.1,1.8,30100.0,18500.0,29900.0,1730.0,694.0,493.0,2670.0,1020.0,0.75,14.8,15.4,12.4,0.016,2000.0,2050.0,2100.0
11.4,7.15,62.5,5.81,0.398,0.81,0.421,0.184,7.7,3020.0,2150.0,24800.0,2360.0,136.0,341.0,199.0,62.5,3.13,5.6,5.69,5.4,0.031,2230.0,2320.0,2400.0
34.8,21.6,16.5,5.56,1.99,0.392,1.99,0.93,9.58,16600.0,11700.0,11800.0,4060.0,1230.0,297.0,1690.0,569.0,4.17,9.4,10.2,8.4,0.057,2180.0,2280.0,2530.0
45.1,30.1,9.76,2.69,0.958,0.505,2.55,1.19,2.23,27100.0,18800.0,7320.0,1640.0,815.0,512.0,2890.0,866.0,0.928,11.6,12.1,10.97,0.0159,2509.0,2571.0,2776.0
16.3,9.19,21.3,13.7,1.53,0.203,0.493,0.401,10.8,1380.0,884.0,2710.0,1780.0,167.0,27.3,74.6,43.7,4.36,1.8,1.82,1.67,0.073,2200.0,2230.0,2320.0
34.9,17.6,31.1,5.88,0.764,0.311,1.63,0.769,4.45,24700.0,14100.0,32900.0,6360.0,697.0,348.0,2060.0,697.0,1.83,14.7,15.2,11.56,0.02,1970.0,2040.0,2230.0
36.0,14.0,25.0,3.4,0.664,1.11,1.6,0.61,2.5,15400.0,6790.0,16000.0,2230.0,367.0,752.0,1220.0,334.0,1.04,8.8,9.17,8.6,0.0272,1910.0,1970.0,2015.0
61.5,25.1,2.39,0.515,0.809,1.17,2.22,1.22,0.51,34400.0,14000.0,1770.0,331.0,580.0,946.0,2480.0,810.0,0.22,11.1,11.5,10.48,0.00553,2910.0,2910.0,2910.0
59.4,28.2,4.63,0.63,0.465,0.119,1.45,2.32,0.75,45400.0,24400.0,5300.0,736.0,458.0,144.0,1980.0,2270.0,0.307,16.0,16.4,15.2,0.0035,2800.0,2800.0,2800.0
41.0,21.1,29.9,1.2,0.448,0.365,1.38,1.15,2.14,15700.0,9130.0,17100.0,701.0,221.0,221.0,939.0,562.0,0.864,8.1,8.18,7.72,0.013,2020.0,2060.0,2320.0
29.1,19.6,39.5,2.66,0.481,0.27,0.938,0.669,2.88,8800.0,6730.0,17900.0,1230.0,188.0,130.0,505.0,259.0,1.18,6.3,6.48,6.1,0.036,2540.0,2620.0,2690.0
42.5,36.2,7.35,1.31,1.43,0.797,0.685,2.42,2.2,17000.0,16400.0,4390.0,800.0,735.0,504.0,487.0,1240.0,0.917,8.2,8.54,7.65,0.03,2800.0,2800.0,2800.0
49.2,31.6,7.29,1.36,1.06,0.203,2.57,1.15,1.58,30000.0,21800.0,6650.0,1260.0,834.0,196.0,2790.0,900.0,0.642,12.8,13.0,11.87,0.0055,2670.0,2790.0,2800.0
13.4,14.1,31.4,11.3,2.45,0.037,0.278,0.432,12.2,3540.0,4610.0,16800.0,4110.0,836.0,16.0,122.0,152.0,5.45,5.73,6.35,4.93,0.437,2126.0,2233.0,2321.0
39.2,17.4,33.9,0.588,0.598,0.123,2.09,0.819,1.25,42700.0,21500.0,55300.0,980.0,840.0,212.0,4060.0,1140.0,0.505,23.1,23.3,22.7,0.031,2120.0,2215.0,2305.0
37.1,25.4,29.8,1.07,0.432,0.116,1.04,0.65,1.75,18800.0,14600.0,22600.0,828.0,282.0,93.3,938.0,422.0,0.723,10.5,10.8,9.9,0.011,2120.0,2210.0,2320.0
52.9,22.4,6.4,3.6,0.515,0.797,0.69,2.6,0.33,31700.0,15200.0,5730.0,3290.0,397.0,756.0,736.0,1990.0,0.138,12.3,12.8,10.6,0.042,2440.0,2565.0,2685.0
52.1,21.7,17.3,0.7,1.1,0.405,3.0,0.9,1.5,44600.0,21000.0,22200.0,916.0,1210.0,550.0,4580.0,987.0,0.625,17.6,18.3,13.2,0.0081,1955.0,2030.0,2085.0
48.6,22.8,10.3,3.1,1.64,0.54,3.5,1.4,4.1,22200.0,11800.0,7050.0,2170.0,969.0,392.0,2850.0,820.0,1.71,9.4,9.79,8.5,0.025,2410.0,2520.0,2625.0
28.2,16.6,42.3,2.94,0.963,0.5,1.81,0.886,2.78,9770.0,6520.0,21900.0,1560.0,430.0,274.0,1120.0,392.0,1.13,7.3,7.41,6.9,0.016,1810.0,1920.0,2000.0
52.4,29.9,3.0,1.61,1.15,0.257,2.7,1.44,2.13,25900.0,16700.0,2220.0,1220.0,730.0,201.0,2380.0,910.0,0.873,10.3,10.6,9.77,0.0031,2640.0,2780.0,2800.0
45.9,25.0,7.3,6.8,1.99,1.76,1.6,1.4,10.9,19700.0,12100.0,4680.0,4450.0,1100.0,1190.0,1220.0,767.0,4.54,8.8,9.17,7.7,0.032,2180.0,2230.0,2290.0
71.5,14.8,1.79,15.0,1.46,1.62,0.962,0.268,0.025,22400.0,5270.0,839.0,7180.0,590.0,805.0,537.0,107.0,0.011,6.6,6.71,6.7,0.027,2200.0,2290.0,2390.0
55.6,26.3,3.86,0.826,1.24,0.324,2.63,1.42,1.0,42100.0,22500.0,4370.0,954.0,1210.0,388.0,3540.0,1380.0,0.417,15.5,16.2,13.14,0.005,2710.0,2800.0,2800.0
26.9,17.6,50.6,2.3,0.432,0.162,0.78,1.19,3.66,5960.0,4420.0,16800.0,779.0,123.0,56.9,308.0,337.0,1.51,4.6,4.74,4.7,0.026,2110.0,2200.0,2310.0
35.0,16.0,20.0,0.95,0.515,0.216,0.95,0.99,1.5,12600.0,6520.0,10800.0,523.0,239.0,123.0,609.0,456.0,0.625,7.4,7.71,6.2,0.0155,2050.0,2200.0,2320.0
40.4,28.9,13.6,3.5,1.11,0.756,2.45,1.37,3.83,5950.0,4810.0,2990.0,787.0,211.0,176.0,642.0,258.0,1.55,3.1,3.15,3.39,0.017,2330.0,2430.0,2680.0
48.9,20.9,16.7,2.32,0.548,0.284,2.14,1.13,4.89,19800.0,9550.0,10100.0,1430.0,286.0,182.0,1540.0,585.0,1.99,8.5,8.66,31.5,0.015,2605.0,2715.0,2800.0
47.0,33.0,7.5,0.52,0.78,0.405,3.5,1.8,0.32,32900.0,26200.0,7870.0,557.0,705.0,450.0,4370.0,1610.0,0.133,14.4,15.0,13.8,0.00668,2800.0,2910.0,2910.0
15.1,12.4,67.5,1.26,0.116,0.837,0.144,0.702,1.6,8820.0,8150.0,58900.0,1120.0,87.3,773.0,150.0,524.0,0.643,12.4,12.5,11.48,0.017,2070.0,2170.0,2210.0
49.0,19.5,13.1,3.31,1.23,0.351,2.15,1.71,4.7,12600.0,5670.0,5040.0,1300.0,407.0,143.0,985.0,561.0,1.95,5.3,5.5,5.13,0.039,2190.0,2340.0,2500.0
44.5,26.7,15.9,0.84,0.963,0.324,3.52,0.92,1.05,21000.0,14200.0,11200.0,606.0,585.0,242.0,2960.0,555.0,0.424,10.0,10.1,10.53,0.0072,2220.0,2380.0,2590.0
52.6,28.8,6.13,1.72,0.863,0.446,2.38,1.42,2.75,11600.0,7170.0,2020.0,578.0,244.0,155.0,931.0,399.0,1.12,4.6,4.7,4.5,0.011,2750.0,2800.0,2800.0
36.0,15.7,39.5,0.364,0.797,0.554,2.0,0.87,1.63,41900.0,20700.0,68900.0,649.0,1200.0,1020.0,4140.0,1300.0,0.662,24.5,25.0,22.22,0.024,2010.0,2030.0,2160.0
18.8,18.9,31.7,7.94,1.06,0.378,0.361,0.853,2.1,3540.0,4020.0,8950.0,2290.0,258.0,113.0,121.0,206.0,0.847,4.0,4.03,4.04,0.035,2160.0,2280.0,2400.0
49.0,27.8,16.2,0.714,0.598,0.176,2.4,0.853,0.95,51600.0,33100.0,25400.0,1150.0,811.0,293.0,4500.0,1150.0,0.384,22.3,22.5,19.22,0.011,2550.0,2650.0,2690.0
56.7,26.8,6.58,0.294,1.16,0.284,2.39,1.35,0.425,38500.0,20600.0,6690.0,305.0,1020.0,305.0,2890.0,1180.0,0.172,14.4,14.5,14.48,0.01,2750.0,2780.0,2800.0
53.3,21.5,8.5,1.2,1.83,0.648,5.0,1.1,1.8,57600.0,26300.0,13700.0,1980.0,2540.0,1110.0,9620.0,1520.0,0.75,22.2,23.1,19.3,0.032,2385.0,2510.0,2630.0
23.0,14.0,55.0,0.85,0.432,0.135,0.83,0.74,1.5,8510.0,5860.0,30400.0,480.0,206.0,79.2,547.0,350.0,0.625,7.6,7.92,7.0,0.0162,2030.0,2080.0,2130.0
49.1,25.8,9.51,1.99,1.21,0.459,3.39,1.49,2.7,28500.0,17000.0,8250.0,1760.0,906.0,422.0,3500.0,1100.0,1.09,12.3,12.4,9.1,0.039,2340.0,2470.0,2590.0
50.9,23.4,11.2,0.742,1.63,0.554,4.84,0.87,1.63,112000.0,58400.0,36800.0,2490.0,4610.0,1930.0,19000.0,2450.0,0.658,46.5,47.1,45.0,0.018,2160.0,2250.0,2410.0
57.8,26.5,4.42,0.644,1.16,0.203,3.47,1.39,1.0,34600.0,17900.0,3960.0,590.0,897.0,192.0,3700.0,1060.0,0.404,12.7,12.8,12.1,0.014,2480.0,2570.0,2720.0
44.5,23.1,21.9,1.57,0.382,0.459,0.553,1.22,2.25,15100.0,8840.0,11100.0,811.0,167.0,246.0,333.0,529.0,0.918,7.1,7.24,7.7,0.014,2000.0,2110.0,2200.0
37.2,18.6,32.6,1.29,0.548,0.203,1.23,1.09,1.75,13100.0,7440.0,17200.0,695.0,249.0,113.0,773.0,492.0,0.724,7.3,7.55,7.1,0.035,2040.0,2140.0,2350.0
48.5,25.4,9.1,3.0,0.432,0.756,1.5,2.3,2.9,18200.0,10800.0,5100.0,1720.0,209.0,449.0,1000.0,1100.0,1.21,7.7,8.02,7.6,0.032,2470.0,2585.0,2655.0
35.1,22.1,28.9,2.46,0.764,0.581,1.67,1.1,3.35,9530.0,6800.0,11700.0,1020.0,267.0,250.0,808.0,384.0,1.37,5.7,5.81,6.3,0.014,2100.0,2210.0,2300.0
25.0,15.7,51.2,1.19,0.415,0.162,1.08,0.585,1.0,15700.0,11200.0,48200.0,1140.0,337.0,162.0,1210.0,471.0,0.408,13.2,13.5,8.0,0.016,1930.0,2020.0,2090.0
37.3,26.9,27.3,2.17,0.614,0.135,1.25,0.853,1.95,10500.0,8600.0,11500.0,936.0,223.0,60.4,628.0,308.0,0.785,6.0,6.04,5.7,0.0097,2110.0,2240.0,2410.0
19.8,11.3,12.8,17.8,5.02,1.84,0.262,0.701,21.9,8710.0,5650.0,9110.0,11300.0,2690.0,1250.0,198.0,385.0,9.33,8.82,9.4,7.07,0.0176,2246.0,2329.0,2353.0
56.7,27.4,4.39,0.644,0.963,0.365,3.62,1.56,0.925,28800.0,15800.0,3340.0,501.0,631.0,294.0,3280.0,1010.0,0.376,10.7,10.9,9.82,0.01,2780.0,2800.0,2800.0
55.4,23.8,10.7,0.966,1.43,0.648,2.32,1.34,1.53,11000.0,5350.0,3180.0,293.0,365.0,204.0,819.0,339.0,0.616,4.2,4.24,5.56,0.024,2490.0,2570.0,2790.0
50.8,23.8,16.0,0.64,0.896,0.392,2.32,1.31,1.18,52100.0,27600.0,24500.0,1000.0,1190.0,637.0,4240.0,1720.0,0.492,21.1,22.0,19.7,0.013,2355.0,2455.0,2555.0
44.2,25.5,12.5,5.12,0.73,0.351,1.92,1.14,4.89,20400.0,13300.0,8610.0,3600.0,434.0,256.0,1570.0,672.0,2.01,9.6,9.86,8.7,0.034,2410.0,2520.0,2610.0
43.0,21.7,23.2,2.62,0.913,0.513,2.64,0.819,2.35,47700.0,27300.0,38400.0,4430.0,1300.0,901.0,5220.0,1160.0,0.952,23.4,23.7,22.7,0.018,1900.0,2010.0,2130.0
43.8,26.3,13.2,0.419,0.769,0.246,2.27,1.01,0.44,38900.0,25400.0,16400.0,528.0,896.0,322.0,3710.0,1140.0,0.19,17.8,18.5,16.83,0.0192,2561.0,2611.0,2724.0
25.0,9.85,8.79,22.6,6.23,2.29,0.2,0.593,8.19,6600.0,2900.0,3540.0,8930.0,2070.0,937.0,94.4,200.0,3.47,5.25,5.57,4.15,0.0602,2219.0,2335.0,2373.0
29.6,16.9,26.4,4.7,0.697,0.27,1.5,1.1,6.7,10500.0,6800.0,14000.0,2550.0,319.0,152.0,949.0,500.0,2.72,7.5,7.61,6.7,0.029,2045.0,2135.0,2215.0
53.1,33.6,4.89,0.593,0.491,0.183,1.9,1.56,1.05,26800.0,19000.0,4110.0,462.0,321.0,148.0,1730.0,1020.0,0.432,10.5,10.8,10.22,0.00742,2800.0,2800.0,2800.0
47.3,25.1,18.3,1.6,0.681,0.27,2.52,1.3,1.73,26900.0,16200.0,15600.0,1390.0,500.0,244.0,2560.0,951.0,0.695,12.1,12.2,11.28,0.0043,2230.0,2450.0,2540.0
42.0,25.0,21.0,0.68,0.515,0.13,1.2,1.0,0.55,35800.0,24100.0,26800.0,885.0,565.0,175.0,1820.0,1090.0,0.229,17.5,18.2,16.1,0.012,2380.0,2430.0,2480.0
42.5,26.9,21.7,1.29,0.647,0.378,1.51,1.34,1.33,20000.0,14300.0,15200.0,926.0,392.0,282.0,1270.0,805.0,0.539,9.9,10.1,9.2,0.013,2180.0,2340.0,2420.0
25.8,11.4,23.0,17.1,4.98,0.162,0.925,0.508,2.8,12900.0,6350.0,11800.0,10400.0,2730.0,120.0,837.0,324.0,1.23,8.3,9.13,5.78,0.243,2125.0,2285.0,2465.0
39.7,20.9,28.3,3.15,0.515,0.297,1.54,1.36,2.42,23800.0,14200.0,25300.0,2880.0,397.0,282.0,1640.0,1040.0,1.01,12.3,12.8,12.7,0.017,2105.0,2215.0,2310.0
49.6,20.6,20.5,1.08,0.801,0.657,2.25,1.02,1.49,84000.0,37400.0,32400.0,1760.0,1820.0,1070.0,6880.0,2140.0,0.615,31.9,32.6,32.04,0.0237,2325.0,2422.0,2512.0
43.4,20.4,20.7,2.61,1.08,0.486,2.73,1.07,3.4,33600.0,17900.0,24000.0,3080.0,1080.0,596.0,3760.0,1060.0,1.39,16.2,16.5,12.57,0.02,1970.0,2070.0,2110.0
26.3,14.1,39.6,3.82,1.33,0.365,1.27,0.686,5.35,4100.0,2480.0,9230.0,910.0,267.0,90.0,353.0,137.0,2.23,3.2,3.33,3.13,0.11,2050.0,2110.0,2190.0
16.9,10.7,57.5,1.67,0.465,0.189,1.14,0.485,2.65,8080.0,5820.0,41200.0,1220.0,287.0,143.0,973.0,297.0,1.07,10.1,10.2,8.57,0.013,2110.0,2160.0,2250.0
39.9,20.4,32.3,0.588,0.78,0.338,2.4,0.769,1.15,26600.0,15300.0,32100.0,598.0,669.0,356.0,2850.0,655.0,0.464,14.1,14.2,11.81,0.0087,2060.0,2160.0,2380.0
23.4,15.7,16.7,16.3,0.863,0.554,0.877,0.686,10.3,9180.0,6990.0,9850.0,9800.0,437.0,345.0,614.0,345.0,4.15,8.3,8.41,7.8,0.12,1960.0,2040.0,2140.0
50.7,23.1,12.3,0.72,0.664,0.176,2.6,1.4,1.0,34400.0,17700.0,12500.0,746.0,581.0,189.0,3140.0,1220.0,0.403,14.4,14.5,18.4,0.0039,2755.0,2800.0,2800.0
36.3,22.8,19.8,5.08,1.17,0.321,2.38,0.819,6.57,16900.0,10800.0,6580.0,1440.0,491.0,176.0,2000.0,420.0,2.65,7.66,7.73,6.79,0.0135,2358.0,2458.0,2516.0
25.0,17.4,26.6,9.89,1.83,0.108,0.877,0.652,14.5,9920.0,7830.0,15800.0,5990.0,933.0,67.8,619.0,331.0,6.07,8.1,8.52,7.1,0.1,2160.0,2250.0,2360.0
50.7,36.4,2.3,1.47,0.465,0.257,1.45,1.45,1.38,10300.0,8410.0,702.0,458.0,122.0,82.9,528.0,379.0,0.558,4.3,4.36,7.3,0.004,2800.0,2800.0,2800.0
36.0,18.1,34.0,1.78,0.78,0.432,1.8,0.803,3.0,25500.0,14600.0,36200.0,1930.0,715.0,487.0,2280.0,730.0,1.22,14.9,15.2,13.63,0.0158,2110.0,2180.0,2430.0
19.5,11.4,62.9,1.21,0.253,0.135,0.38,0.511,1.72,7000.0,4600.0,36100.0,680.0,118.0,78.8,240.0,234.0,0.704,7.83,8.01,7.71,0.0105,2099.0,2167.0,2234.0
56.3,27.1,5.13,1.05,0.996,0.284,2.92,1.25,1.48,25800.0,14100.0,3530.0,737.0,589.0,206.0,2390.0,737.0,0.604,9.6,9.82,9.39,0.0093,2800.0,2800.0,2800.0
30.0,17.1,28.6,3.8,0.764,0.351,1.4,0.87,5.6,10600.0,6820.0,15100.0,2040.0,347.0,196.0,878.0,392.0,2.28,7.4,7.54,7.6,0.025,2055.0,2140.0,2255.0
51.9,24.8,7.87,3.64,1.11,0.216,1.5,1.24,4.33,80800.0,43600.0,18300.0,8650.0,2230.0,532.0,4160.0,2460.0,1.82,31.6,33.3,26.12,0.031,2600.0,2680.0,2760.0
45.2,23.4,19.4,1.32,1.16,0.405,3.89,0.803,2.6,45600.0,26800.0,29400.0,2030.0,1510.0,649.0,7010.0,1040.0,1.06,21.3,21.6,15.2,0.012,1900.0,2060.0,2180.0
47.7,32.5,8.01,1.16,0.896,0.405,3.29,1.3,1.55,40600.0,31400.0,10200.0,1510.0,984.0,547.0,4990.0,1420.0,0.646,17.5,18.2,16.77,0.012,2656.0,2795.0,2800.0
41.7,32.7,5.88,2.7,1.44,0.284,3.22,1.02,3.3,6990.0,6200.0,1470.0,692.0,312.0,75.2,960.0,219.0,1.35,3.5,3.58,3.56,0.012,2540.0,2760.0,2800.0
16.7,10.4,63.2,1.37,0.266,0.203,0.325,0.385,2.2,5890.0,4160.0,33300.0,739.0,121.0,113.0,204.0,174.0,0.897,7.4,7.54,7.1,0.014,1960.0,2020.0,2070.0
19.8,13.3,43.6,5.84,1.01,0.243,1.07,0.552,11.5,3880.0,2940.0,12800.0,1740.0,255.0,75.3,372.0,138.0,4.69,4.1,4.18,5.8,0.089,2010.0,2100.0,2210.0
29.3,18.8,41.2,1.86,0.282,0.311,1.18,0.786,2.13,10900.0,7900.0,22800.0,1050.0,135.0,182.0,777.0,373.0,0.864,7.8,7.93,7.75,0.021,2000.0,2090.0,2250.0
49.9,18.6,19.7,0.882,0.764,0.216,2.56,0.953,1.25,39000.0,16500.0,23100.0,1050.0,770.0,268.0,3560.0,954.0,0.507,16.5,16.7,16.0,0.0093,2255.0,2355.0,2455.0
52.2,24.6,12.7,0.448,1.38,0.365,3.89,1.12,0.925,48500.0,25900.0,17700.0,637.0,1650.0,537.0,6450.0,1330.0,0.374,19.7,19.9,18.97,0.029,2330.0,2470.0,2620.0
42.6,25.5,22.7,0.616,0.465,0.257,1.44,1.22,0.9,29700.0,20100.0,23700.0,656.0,418.0,283.0,1790.0,1090.0,0.363,14.8,14.9,13.76,0.018,2120.0,2400.0,2490.0
27.8,18.0,35.6,3.99,0.714,0.257,0.661,1.0,6.75,4130.0,3030.0,7910.0,905.0,137.0,60.4,175.0,191.0,2.77,3.1,3.18,3.0,0.078,2065.0,2155.0,2255.0
47.2,24.8,17.0,2.13,0.747,0.216,2.3,1.24,2.15,20100.0,11900.0,10800.0,1380.0,409.0,146.0,1740.0,677.0,0.869,9.0,9.09,8.89,0.0071,2110.0,2280.0,2370.0
22.1,13.9,55.7,1.67,0.398,0.27,0.901,0.552,2.98,7150.0,5090.0,26900.0,823.0,166.0,138.0,519.0,228.0,1.21,6.8,6.92,14.27,0.024,1920.0,2000.0,2090.0
39.6,25.5,22.2,2.66,1.08,0.311,1.56,1.17,3.5,5600.0,4080.0,4690.0,575.0,197.0,69.6,393.0,212.0,1.41,3.0,3.03,3.08,0.019,2200.0,2400.0,2480.0
46.4,29.1,11.8,1.26,0.73,1.32,1.92,1.25,0.775,14600.0,10400.0,5560.0,606.0,296.0,660.0,1080.0,505.0,0.321,6.5,6.74,6.6,0.012,2580.0,2660.0,2780.0
46.9,23.4,20.2,0.952,0.681,0.338,2.57,1.12,2.0,33300.0,18900.0,21500.0,1030.0,624.0,380.0,3260.0,1020.0,0.817,14.9,15.2,14.3,0.012,2260.0,2350.0,2460.0
49.2,27.0,8.18,1.93,0.83,0.351,2.39,1.37,2.5,11200.0,6940.0,2780.0,670.0,243.0,126.0,966.0,398.0,1.01,4.8,4.85,4.7,0.008,2650.0,2760.0,2800.0
52.1,18.4,13.6,2.46,0.693,0.36,1.52,1.53,3.86,16400.0,6440.0,5970.0,1140.0,273.0,174.0,839.0,614.0,1.58,6.46,6.6,6.5,0.0117,2352.0,2450.0,2555.0
24.2,17.4,32.1,10.4,0.896,0.284,1.01,0.736,6.28,8810.0,7170.0,17500.0,5770.0,421.0,164.0,655.0,343.0,2.54,7.7,7.8,7.5,0.068,2000.0,2110.0,2200.0
36.8,24.2,26.9,0.938,0.764,0.243,1.63,1.59,1.63,20200.0,15100.0,22100.0,788.0,541.0,212.0,1600.0,1120.0,0.665,11.5,11.8,9.69,0.02,2150.0,2320.0,2390.0
35.5,27.1,17.2,3.56,1.08,1.34,2.21,1.27,4.83,5910.0,5110.0,4290.0,905.0,231.0,353.0,655.0,270.0,1.96,3.5,3.56,3.6,0.018,2260.0,2300.0,2540.0
25.1,10.4,52.6,1.1,1.18,0.851,1.5,0.4,3.9,8430.0,3950.0,26400.0,565.0,510.0,453.0,897.0,172.0,1.63,6.9,7.19,5.5,0.028,1995.0,2085.0,2160.0
32.5,20.7,22.3,4.1,1.01,0.783,2.1,0.97,6.0,9730.0,7020.0,9990.0,1880.0,391.0,372.0,1120.0,372.0,2.44,6.3,6.41,6.3,0.02,2105.0,2195.0,2305.0
36.7,27.7,17.9,3.4,0.946,0.203,1.89,1.39,4.68,7510.0,6420.0,5490.0,1060.0,250.0,65.7,688.0,364.0,1.9,4.3,4.38,4.15,0.0091,2210.0,2290.0,2570.0
33.0,18.0,31.0,2.1,0.797,0.203,1.1,1.1,3.8,7070.0,4360.0,9940.0,687.0,220.0,68.8,419.0,301.0,1.58,4.4,4.58,4.8,0.0323,2090.0,2140.0,2190.0
45.5,22.0,27.0,1.22,0.664,0.257,1.82,1.08,2.03,19700.0,10800.0,17500.0,809.0,372.0,176.0,1410.0,600.0,0.829,9.1,9.29,11.5,0.019,2005.0,2100.0,2210.0
25.3,15.9,37.2,4.86,0.913,0.149,1.57,0.836,4.05,7790.0,5530.0,17100.0,2290.0,363.0,72.5,864.0,330.0,1.64,6.5,6.59,6.5,0.046,1980.0,2070.0,2160.0
22.5,15.5,51.5,0.901,0.299,0.124,0.968,0.662,1.8,9750.0,7610.0,33400.0,597.0,167.0,85.4,747.0,368.0,0.752,8.9,9.29,8.1,0.062,2100.0,2220.0,2310.0
27.4,20.4,37.7,2.7,0.73,0.162,1.78,0.635,4.75,9790.0,8260.0,20200.0,1480.0,336.0,91.8,1130.0,291.0,1.94,7.5,7.65,7.4,0.032,2000.0,2120.0,2210.0
39.2,21.2,28.5,1.14,0.531,0.311,1.67,0.9,1.06,35100.0,21600.0,38300.0,1560.0,614.0,441.0,2670.0,1030.0,0.428,19.0,19.2,24.8,0.014,2110.0,2210.0,2305.0
23.1,11.8,56.9,1.67,0.481,0.284,1.24,0.552,2.5,10700.0,6170.0,39400.0,1180.0,287.0,208.0,1020.0,326.0,1.03,9.6,9.89,9.6,0.02,2120.0,2210.0,2300.0
45.8,28.5,11.2,1.67,1.05,0.365,2.44,1.54,2.6,13500.0,9510.0,4910.0,749.0,397.0,170.0,1280.0,579.0,1.06,6.2,6.3,7.22,0.0096,2800.0,2800.0,2800.0
50.6,17.2,21.9,1.2,1.28,0.783,2.7,0.602,2.6,18800.0,7250.0,12200.0,685.0,614.0,462.0,1790.0,287.0,1.05,7.9,7.97,8.44,0.15,2100.0,2210.0,2290.0
47.3,28.2,13.3,1.6,0.465,1.62,0.649,1.57,2.25,5350.0,3610.0,2260.0,276.0,67.8,290.0,131.0,227.0,0.908,2.4,2.42,2.3,0.024,2420.0,2515.0,2615.0
34.6,25.7,18.6,3.66,1.29,0.635,3.28,1.35,4.55,10900.0,9140.0,8740.0,1750.0,524.0,316.0,1830.0,544.0,1.85,6.6,6.72,6.84,0.04,2240.0,2360.0,2560.0
30.0,19.0,35.0,3.6,0.48,0.36,1.2,0.72,3.8,14700.0,10500.0,25600.0,2690.0,303.0,279.0,1050.0,451.0,1.55,10.3,10.5,11.0,0.014,2040.0,2090.0,2200.0
43.7,25.7,6.58,4.75,0.913,2.03,1.62,1.3,5.9,53600.0,35700.0,12100.0,8900.0,1440.0,3940.0,3540.0,2050.0,2.46,25.2,26.3,22.85,0.011,2440.0,2530.0,2660.0
39.5,24.2,6.05,7.64,1.99,0.513,1.62,1.13,13.8,6750.0,4670.0,1550.0,1990.0,439.0,139.0,493.0,247.0,5.78,3.5,3.66,4.5,0.061,2200.0,2250.0,2500.0
31.5,16.1,39.7,0.6,0.664,0.101,1.85,0.59,1.85,49700.0,28800.0,93700.0,1450.0,1350.0,253.0,5200.0,1190.0,0.757,33.0,33.8,26.7,0.034,2020.0,2090.0,2330.0
47.7,36.2,6.15,0.427,0.56,0.199,2.34,1.25,0.636,45200.0,38800.0,8910.0,573.0,694.0,323.0,4140.0,1610.0,0.257,20.2,20.3,17.89,0.00567,2910.0,2910.0,2910.0
54.5,22.3,5.01,4.17,1.48,0.81,3.11,1.15,2.73,39600.0,18300.0,5430.0,4620.0,1380.0,931.0,4020.0,1070.0,1.11,15.3,15.5,15.0,0.022,2290.0,2400.0,2510.0
52.2,23.1,17.9,0.868,0.299,0.135,1.25,1.99,1.3,44200.0,22100.0,22600.0,1120.0,326.0,181.0,1880.0,2150.0,0.526,17.9,18.1,16.78,0.0032,2380.0,2460.0,2500.0
48.0,21.1,23.4,0.74,0.847,0.189,2.58,0.92,1.35,47700.0,23700.0,34800.0,1120.0,1080.0,297.0,4560.0,1170.0,0.554,20.7,21.2,8.2,0.012,2030.0,2130.0,2330.0
44.3,24.2,19.6,1.29,0.697,0.405,2.31,1.27,1.63,15100.0,9330.0,9990.0,671.0,306.0,219.0,1400.0,554.0,0.658,7.2,7.29,7.86,0.0068,2460.0,2560.0,2590.0
25.5,18.1,49.0,2.04,0.515,0.311,0.998,0.585,3.5,7190.0,5770.0,20700.0,883.0,187.0,139.0,502.0,212.0,1.43,5.9,6.04,5.9,0.018,1920.0,2010.0,2100.0
37.7,23.5,11.9,8.21,1.44,0.406,1.6,0.878,3.25,41800.0,27400.0,11300.0,9470.0,1720.0,582.0,3180.0,1240.0,1.42,18.8,20.4,15.3,0.136,2445.0,2521.0,2671.0
39.9,21.3,28.7,1.68,0.531,0.311,1.41,0.903,2.65,14600.0,8830.0,15800.0,941.0,251.0,180.0,918.0,423.0,1.08,7.7,7.84,7.58,0.025,2000.0,2080.0,2260.0
48.3,30.4,5.4,0.84,0.913,1.03,2.5,1.1,1.1,14300.0,10200.0,2400.0,381.0,349.0,483.0,1320.0,418.0,0.458,6.1,6.35,6.6,0.0077,2800.0,2800.0,2800.0
41.9,25.3,18.4,4.44,1.06,0.608,2.16,1.05,2.2,24800.0,17000.0,16300.0,4020.0,811.0,570.0,2280.0,798.0,0.892,12.5,12.7,11.8,0.025,2120.0,2200.0,2300.0
55.6,35.5,2.0,0.4,0.681,1.13,2.2,2.0,1.5,23800.0,17200.0,1280.0,262.0,376.0,770.0,1680.0,1100.0,0.625,8.8,9.17,8.0,0.0029,2800.0,2800.0,2800.0
38.7,24.2,44.2,1.2,0.714,0.0945,2.03,1.07,2.15,24300.0,17200.0,41500.0,1150.0,577.0,93.9,2270.0,859.0,0.874,13.2,13.4,12.54,0.0054,1990.0,2220.0,2300.0
55.9,31.6,5.49,0.518,1.24,0.77,4.47,1.09,0.975,74100.0,47400.0,10900.0,1050.0,2130.0,1620.0,10600.0,1850.0,0.394,28.1,28.4,25.8,0.013,2800.0,2800.0,2800.0
47.8,30.0,13.4,1.28,0.896,0.581,2.13,1.53,2.2,11700.0,8330.0,4930.0,480.0,284.0,226.0,930.0,481.0,0.889,5.2,5.26,5.31,0.012,2580.0,2675.0,2800.0
45.8,27.0,10.4,3.49,1.66,0.594,2.75,1.19,4.22,8050.0,5380.0,2740.0,936.0,376.0,165.0,861.0,267.0,1.72,3.7,3.76,4.03,0.08,2260.0,2550.0,2670.0
50.6,28.9,13.3,0.8,0.946,0.743,1.5,1.7,1.6,42900.0,27700.0,16900.0,1040.0,1030.0,997.0,2260.0,1840.0,0.667,17.4,18.1,17.9,0.0064,2755.0,2800.0,2910.0
53.0,24.3,15.1,0.694,0.896,0.186,2.44,1.21,1.13,66600.0,34500.0,28000.0,1350.0,1460.0,367.0,5470.0,1960.0,0.46,26.4,26.9,25.04,0.0405,2424.0,2514.0,2588.0
56.3,30.0,2.9,0.43,0.531,0.162,2.5,2.1,0.33,37900.0,22800.0,2920.0,442.0,461.0,173.0,2990.0,1810.0,0.136,14.0,14.4,13.2,0.0046,2800.0,2800.0,2800.0
64.0,18.9,4.43,2.72,0.946,0.149,0.865,1.72,2.13,122000.0,40900.0,12700.0,7940.0,2330.0,450.0,2950.0,4210.0,0.894,38.9,40.9,37.15,0.039,2480.0,2600.0,2650.0
40.7,21.9,29.3,1.2,0.365,0.297,0.733,1.09,1.73,17600.0,10700.0,19000.0,796.0,204.0,204.0,565.0,602.0,0.71,9.0,9.26,9.1,0.02,2070.0,2200.0,2330.0
25.4,27.5,23.9,5.78,1.08,0.5,0.84,0.72,8.66,2510.0,3070.0,3530.0,873.0,137.0,78.3,148.0,91.1,3.49,2.1,2.11,2.1,0.016,2310.0,2400.0,2490.0
51.1,26.5,9.3,1.23,0.764,0.378,1.95,1.61,1.4,27800.0,16300.0,7560.0,1020.0,535.0,326.0,1880.0,1120.0,0.567,11.5,11.6,9.63,0.0087,2440.0,2620.0,2800.0
49.3,26.7,3.43,4.98,0.999,0.347,2.25,1.54,5.19,36200.0,20400.0,3310.0,2510.0,791.0,346.0,3060.0,1490.0,2.1,14.0,14.2,13.44,0.0167,2745.0,2763.0,2794.0
48.8,23.8,17.4,1.44,0.711,0.597,2.57,1.15,1.35,43400.0,22900.0,16300.0,1260.0,870.0,821.0,4280.0,1320.0,0.548,17.4,17.7,16.08,0.00831,2413.0,2501.0,2588.0
34.1,25.7,29.4,2.41,0.498,0.324,0.829,1.31,3.98,11400.0,9740.0,14700.0,1230.0,215.0,172.0,495.0,561.0,1.61,7.1,7.17,7.2,0.024,2000.0,2210.0,2400.0
27.2,15.8,34.5,7.56,0.531,0.108,1.42,0.786,3.53,10600.0,6980.0,20100.0,4510.0,267.0,66.9,986.0,393.0,1.42,8.3,8.36,7.24,0.006,1980.0,2150.0,2490.0
57.1,33.2,1.1,0.672,0.382,0.149,1.41,2.21,1.23,21200.0,14000.0,609.0,382.0,183.0,87.5,931.0,1050.0,0.506,7.7,7.95,6.93,0.0046,2800.0,2800.0,2800.0
47.1,26.3,10.8,2.66,0.963,0.257,1.75,1.29,3.05,8760.0,5530.0,3010.0,756.0,231.0,75.6,581.0,306.0,1.24,3.9,3.98,3.65,0.011,2410.0,2520.0,2550.0
39.8,24.0,23.3,1.76,0.93,0.702,2.5,1.34,2.6,25600.0,17500.0,22500.0,1740.0,772.0,717.0,2870.0,1100.0,1.05,13.6,13.8,12.6,0.02,2090.0,2140.0,2240.0
32.0,14.0,39.3,2.23,0.73,0.25,1.59,1.17,3.1,13500.0,6670.0,24800.0,1440.0,396.0,167.0,1190.0,630.0,1.26,8.85,9.0,8.23,0.0595,2225.0,2285.0,2345.0
27.6,15.5,41.3,2.41,1.11,0.162,1.32,0.786,4.68,5170.0,3290.0,11600.0,690.0,269.0,48.1,441.0,189.0,1.88,4.0,4.01,4.07,0.7,2030.0,2160.0,2470.0
49.5,34.8,10.7,0.462,0.465,0.176,2.1,1.34,0.775,30900.0,24600.0,9970.0,441.0,374.0,174.0,2340.0,1070.0,0.314,13.2,13.4,12.9,0.0043,2800.0,2800.0,2800.0
50.7,30.2,7.92,0.938,1.08,0.338,3.44,1.49,1.3,33600.0,22700.0,7860.0,950.0,922.0,355.0,4060.0,1260.0,0.527,14.0,14.2,13.11,0.0055,2800.0,2800.0,2800.0
34.2,25.9,30.6,2.41,1.06,0.216,1.96,1.09,2.75,21100.0,18100.0,28300.0,2270.0,845.0,211.0,2150.0,858.0,1.12,13.0,13.2,15.4,0.032,2020.0,2180.0,2400.0
39.2,30.4,22.3,2.6,0.83,0.0338,0.5,1.0,3.2,11300.0,9880.0,9580.0,1140.0,307.0,15.4,256.0,368.0,1.33,5.9,6.15,5.2,0.024,2410.0,2515.0,2570.0
43.6,20.6,24.4,1.36,0.903,0.231,2.06,0.924,0.841,50300.0,25300.0,16100.0,1870.0,1380.0,323.0,4260.0,1320.0,0.34,20.4,20.5,13.73,0.012,2550.0,2592.0,2634.0
56.9,28.9,2.86,1.29,0.996,0.216,2.72,1.44,1.18,35900.0,20700.0,2700.0,1240.0,810.0,216.0,3050.0,1160.0,0.477,13.3,13.5,12.33,0.003,2400.0,2800.0,2800.0
49.7,23.6,19.8,0.82,0.664,0.257,1.79,1.16,1.42,25600.0,13700.0,15300.0,646.0,441.0,210.0,1640.0,765.0,0.58,10.8,11.0,9.6,0.011,2155.0,2255.0,2355.0
22.5,13.6,54.4,0.989,0.299,0.152,0.566,0.691,0.88,17500.0,10700.0,73600.0,995.0,323.0,194.0,842.0,705.0,0.367,17.2,17.9,15.59,0.0582,1987.0,2037.0,2130.0
36.7,21.9,18.3,4.6,0.697,0.378,1.3,1.0,5.4,15000.0,10100.0,11200.0,2870.0,366.0,244.0,944.0,522.0,2.19,8.6,8.72,10.1,0.041,2155.0,2245.0,2355.0
56.3,27.6,7.05,0.644,1.99,0.149,4.25,1.07,0.975,40300.0,22300.0,7550.0,704.0,1840.0,168.0,5420.0,980.0,0.395,15.1,15.3,12.85,0.023,2550.0,2670.0,2730.0
48.3,27.9,15.6,1.3,0.581,1.07,1.5,1.4,2.7,12200.0,7990.0,5910.0,503.0,190.0,428.0,676.0,453.0,1.13,5.2,5.42,5.5,0.01,2520.0,2570.0,2620.0
51.1,29.3,4.37,0.783,0.649,0.784,1.88,1.34,1.09,26500.0,15400.0,3940.0,440.0,443.0,451.0,1980.0,779.0,0.454,10.3,10.7,10.76,0.013,2790.0,2842.0,2910.0
54.8,34.1,2.99,0.966,0.896,0.419,3.61,1.77,0.625,25600.0,18100.0,2090.0,690.0,540.0,310.0,3000.0,1060.0,0.253,9.9,10.0,10.1,0.014,2800.0,2800.0,2800.0
44.5,25.5,10.6,7.93,0.614,0.567,1.31,1.07,2.58,85100.0,55300.0,30300.0,23200.0,1510.0,1720.0,4460.0,2620.0,1.07,39.3,40.9,27.9,0.036,2110.0,2160.0,2210.0
47.5,31.6,5.62,1.6,1.34,0.162,3.31,1.15,2.25,63700.0,47900.0,11300.0,3270.0,2320.0,344.0,7890.0,1980.0,0.939,27.5,28.7,21.6,0.0098,2750.0,2800.0,2800.0
52.9,35.3,1.29,0.546,0.365,0.189,0.889,2.56,0.475,27700.0,21000.0,1010.0,438.0,247.0,157.0,831.0,1720.0,0.196,10.9,11.2,9.24,0.0027,2800.0,2800.0,2800.0
35.7,15.8,15.3,15.2,0.448,1.04,1.5,0.686,11.4,20500.0,10300.0,13200.0,13300.0,331.0,944.0,1530.0,503.0,4.78,11.7,12.2,9.33,0.082,2030.0,2140.0,2250.0
52.2,26.8,5.83,2.27,0.896,0.662,0.817,2.63,3.0,11200.0,6500.0,1870.0,742.0,247.0,224.0,311.0,719.0,1.22,4.5,4.58,4.5,0.0071,2710.0,2800.0,2800.0
45.2,27.4,16.2,0.868,0.614,0.432,1.6,1.67,1.25,15500.0,10700.0,8310.0,456.0,272.0,235.0,978.0,736.0,0.504,7.3,7.36,6.91,0.011,2410.0,2520.0,2700.0
36.8,25.3,14.7,3.19,0.664,0.23,1.79,1.57,2.78,14000.0,10900.0,8390.0,1860.0,326.0,138.0,1210.0,766.0,1.13,8.0,8.14,7.67,0.0057,2080.0,2200.0,2300.0
40.9,23.1,23.7,2.07,0.216,0.675,2.09,1.32,2.28,24300.0,15500.0,21100.0,1880.0,165.0,636.0,2210.0,1010.0,0.919,12.6,12.7,12.1,0.013,1890.0,1980.0,2080.0
26.2,14.9,26.3,13.8,0.714,0.378,1.42,0.602,13.1,10100.0,6490.0,15100.0,8100.0,353.0,230.0,969.0,296.0,5.33,8.1,8.22,8.1,0.059,2010.0,2140.0,2250.0
56.6,30.0,2.33,1.99,0.747,0.216,2.31,1.91,1.53,35200.0,21100.0,2170.0,1890.0,599.0,213.0,2560.0,1520.0,0.625,13.0,13.3,13.0,0.008,2800.0,2800.0,2800.0
44.9,20.8,18.1,3.56,1.03,0.297,2.43,0.97,5.65,13400.0,7000.0,8060.0,1620.0,394.0,140.0,1280.0,369.0,2.36,6.1,6.36,5.6,0.061,2060.0,2150.0,2290.0
47.0,22.1,20.0,1.93,0.847,0.513,2.44,1.1,1.15,55900.0,29700.0,35700.0,3520.0,1300.0,968.0,5170.0,1670.0,0.465,25.2,25.5,23.63,0.016,2050.0,2130.0,2400.0
28.5,13.2,39.9,5.81,1.28,1.49,1.65,0.669,2.48,13500.0,7100.0,28300.0,4220.0,782.0,1120.0,1390.0,406.0,1.02,9.9,10.2,9.62,0.03,2030.0,2050.0,2260.0
42.1,29.4,23.5,0.574,0.813,0.041,1.55,0.903,0.875,22900.0,18100.0,19200.0,478.0,571.0,35.0,1500.0,629.0,0.352,11.6,11.7,10.27,0.0093,2240.0,2470.0,2530.0
59.3,27.9,4.14,0.64,0.664,0.162,2.18,1.3,0.7,40600.0,21600.0,4240.0,669.0,586.0,176.0,2660.0,1140.0,0.283,14.5,14.6,13.8,0.0057,2910.0,2910.0,2910.0
23.6,14.1,55.8,2.2,0.564,0.243,1.12,0.669,3.3,10600.0,7170.0,37500.0,1510.0,326.0,173.0,893.0,384.0,1.33,9.5,9.6,9.0,0.032,2040.0,2090.0,2160.0
39.6,23.4,24.2,3.0,0.365,0.351,1.08,1.14,2.42,20800.0,14000.0,19000.0,2410.0,248.0,293.0,1010.0,766.0,0.984,11.1,11.3,11.27,0.022,2210.0,2400.0,2480.0
43.7,23.3,24.7,1.02,0.564,0.135,1.97,1.19,2.08,21800.0,13200.0,18400.0,778.0,363.0,107.0,1750.0,760.0,0.835,10.6,10.7,10.9,0.012,2070.0,2140.0,2240.0
44.9,26.7,16.6,1.06,1.16,0.446,3.59,1.12,1.6,20300.0,13700.0,11200.0,736.0,678.0,320.0,2900.0,649.0,0.646,9.6,9.69,10.12,0.014,2100.0,2190.0,2370.0
48.8,24.0,19.9,0.63,0.631,0.135,2.39,1.72,0.925,25400.0,14100.0,15500.0,501.0,423.0,111.0,2210.0,1150.0,0.374,11.0,11.1,9.63,0.0091,2260.0,2370.0,2540.0
49.2,30.4,5.86,1.11,1.18,0.23,3.44,1.22,1.7,92100.0,64500.0,16400.0,3160.0,2840.0,681.0,11500.0,2920.0,0.684,39.8,40.0,38.52,0.0096,2620.0,2800.0,2800.0
32.5,18.8,38.4,1.39,0.498,0.128,1.03,0.8,2.31,24600.0,16100.0,43400.0,1610.0,486.0,154.0,1390.0,775.0,0.953,15.7,16.2,7.1,0.022,1955.0,2055.0,2155.0
42.0,14.5,24.6,0.9,0.764,0.23,2.3,0.97,1.7,19100.0,7480.0,16800.0,627.0,449.0,166.0,1870.0,566.0,0.713,9.3,9.72,9.4,0.015,2055.0,2135.0,2245.0
36.2,24.2,19.0,4.3,1.33,0.77,1.41,1.02,6.0,7200.0,5450.0,5670.0,1310.0,341.0,243.0,498.0,260.0,2.43,4.2,4.26,3.5,0.044,2160.0,2250.0,2340.0
47.5,31.0,11.3,1.43,0.88,0.216,2.74,0.987,2.03,15500.0,11500.0,5520.0,712.0,370.0,112.0,1590.0,412.0,0.844,6.7,6.98,5.9,0.011,2620.0,2760.0,2800.0
44.9,21.6,22.0,0.896,0.747,0.149,2.08,1.15,1.5,27500.0,14900.0,20100.0,838.0,589.0,144.0,2260.0,903.0,0.609,12.9,13.1,13.0,0.012,2060.0,2160.0,2250.0
22.2,14.7,51.1,1.2,0.266,0.149,0.613,0.836,2.05,10600.0,7940.0,36500.0,878.0,163.0,112.0,521.0,510.0,0.854,9.8,10.2,9.7,0.0083,2060.0,2110.0,2160.0
41.5,20.6,23.9,2.61,0.647,0.378,1.54,1.49,1.83,19000.0,10700.0,16400.0,1820.0,382.0,274.0,1250.0,872.0,0.745,9.6,9.79,8.1,0.02,2030.0,2100.0,2360.0
33.0,19.8,15.0,7.21,0.365,0.5,1.96,1.04,6.95,19600.0,13300.0,13300.0,6540.0,280.0,470.0,2070.0,788.0,2.8,12.6,12.7,11.04,0.009,2230.0,2340.0,2390.0
52.5,35.1,2.42,0.61,0.664,0.257,1.47,1.57,0.7,42400.0,32100.0,2930.0,753.0,692.0,329.0,2110.0,1620.0,0.292,16.6,17.3,14.3,0.0059,2800.0,2800.0,2800.0
44.6,33.0,12.4,1.35,0.73,1.15,1.29,1.58,2.6,7600.0,6380.0,3170.0,351.0,161.0,310.0,391.0,344.0,1.05,3.6,3.65,3.74,0.019,2690.0,2745.0,2800.0
46.7,37.6,4.0,0.574,0.681,0.216,2.18,1.62,4.03,34700.0,31600.0,4450.0,652.0,652.0,254.0,2880.0,1540.0,1.64,15.6,15.9,14.84,0.0052,2800.0,2800.0,2800.0
40.4,21.1,21.6,3.45,0.697,0.297,1.84,0.95,2.75,32800.0,19400.0,26200.0,4270.0,728.0,382.0,2660.0,985.0,1.12,17.1,17.3,17.3,0.033,2105.0,2205.0,2315.0
39.7,27.6,23.9,1.71,0.714,0.216,3.33,1.18,1.9,38800.0,30500.0,34900.0,2550.0,898.0,334.0,5790.0,1470.0,0.767,20.7,20.9,21.79,0.0046,2240.0,2390.0,2470.0
54.4,24.3,13.1,0.448,0.664,0.365,2.73,1.1,0.6,29500.0,15000.0,10600.0,372.0,465.0,314.0,2640.0,767.0,0.245,11.4,11.6,21.15,0.0099,2450.0,2600.0,2740.0
37.7,33.6,5.46,5.11,1.16,0.959,1.38,0.987,8.25,2360.0,2380.0,512.0,489.0,93.8,95.1,154.0,79.0,3.4,1.3,1.34,1.6,0.014,2615.0,2715.0,2800.0
29.7,28.0,14.7,6.88,1.33,0.27,1.33,1.14,9.75,3870.0,4120.0,2870.0,1370.0,223.0,55.6,309.0,189.0,4.02,2.7,2.78,2.7,0.014,2260.0,2350.0,2480.0
42.4,31.9,13.4,0.672,0.581,0.608,1.62,1.09,1.5,25900.0,22100.0,12300.0,629.0,459.0,590.0,1770.0,852.0,0.619,12.7,13.1,12.36,0.025,2660.0,2720.0,2740.0
50.3,25.7,13.0,1.54,0.896,0.189,2.28,1.42,1.95,11700.0,6790.0,4540.0,549.0,270.0,69.9,949.0,425.0,0.795,4.9,4.99,4.92,0.0076,2450.0,2540.0,2580.0
20.1,4.12,2.66,47.5,0.398,0.0675,0.517,0.151,6.1,36200.0,8400.0,7170.0,131000.0,925.0,193.0,1660.0,347.0,2.47,38.1,38.5,28.8,0.2,2690.0,2780.0,2870.0
44.3,34.2,8.54,1.55,0.896,0.203,2.09,0.92,0.9,30100.0,26300.0,8690.0,1620.0,786.0,218.0,2530.0,800.0,0.377,13.9,14.6,12.9,0.021,2800.0,2800.0,2800.0
56.1,25.7,4.86,0.574,1.06,0.594,2.76,2.42,0.975,121000.0,62900.0,15700.0,1900.0,2960.0,2030.0,10600.0,6700.0,0.397,45.4,46.2,42.83,0.0051,2650.0,2800.0,2800.0
33.6,14.5,22.0,11.5,0.83,0.689,1.61,0.702,8.75,22800.0,11100.0,22400.0,11900.0,727.0,742.0,1950.0,611.0,3.61,14.1,14.5,12.42,0.13,2020.0,2140.0,2230.0
28.0,16.1,41.6,4.82,0.448,0.405,0.877,0.635,5.5,6730.0,4380.0,14900.0,1770.0,139.0,154.0,375.0,195.0,2.22,5.1,5.14,5.7,0.014,2060.0,2150.0,2260.0
44.8,26.8,16.3,1.71,0.78,0.365,1.92,1.59,1.95,16700.0,11300.0,9120.0,976.0,376.0,216.0,1280.0,760.0,0.8,7.8,8.0,7.6,0.028,2500.0,2570.0,2650.0
45.8,26.4,14.6,2.32,0.631,0.176,1.83,0.97,3.18,21100.0,13800.0,10100.0,1640.0,376.0,129.0,1500.0,573.0,1.34,9.4,9.88,7.77,0.013,2440.0,2530.0,2650.0
56.0,30.5,5.8,0.5,0.564,1.08,1.4,1.5,1.1,56700.0,35000.0,8790.0,774.0,737.0,1730.0,2520.0,1940.0,0.458,20.8,20.8,15.6,0.0063,2800.0,2800.0,2800.0
43.2,33.0,7.84,4.29,0.697,0.716,1.92,1.17,1.1,19700.0,17100.0,5350.0,2990.0,410.0,517.0,1560.0,683.0,0.443,9.7,9.76,8.9,0.013,2650.0,2760.0,2800.0
53.4,34.0,2.6,0.69,0.365,0.162,1.3,2.2,0.6,36100.0,26000.0,2630.0,714.0,319.0,174.0,1570.0,1910.0,0.245,14.2,14.5,13.0,0.013,2800.0,2800.0,2800.0
56.0,27.0,6.8,1.3,0.797,0.284,1.6,1.8,1.2,39000.0,21300.0,7080.0,1380.0,715.0,313.0,1980.0,1600.0,0.5,14.3,14.9,14.7,0.011,2740.0,2790.0,2910.0
51.7,37.4,1.56,0.48,0.581,0.135,2.26,1.43,0.9,28200.0,23100.0,1270.0,400.0,408.0,117.0,2190.0,998.0,0.375,11.2,11.7,11.16,0.0047,2800.0,2800.0,2800.0
47.9,31.9,10.3,2.37,0.382,0.189,1.37,1.4,1.45,17000.0,12800.0,5440.0,1280.0,174.0,106.0,865.0,637.0,0.587,7.5,7.58,6.9,0.0085,2570.0,2680.0,2800.0
29.3,13.9,38.4,0.97,0.581,0.122,1.4,0.78,1.9,10200.0,5460.0,19900.0,514.0,260.0,66.8,865.0,346.0,0.795,7.1,7.46,6.8,0.019,1955.0,2055.0,2155.0
41.0,31.2,11.2,1.52,0.955,1.4,1.53,0.793,2.73,5610.0,4830.0,2250.0,312.0,166.0,293.0,382.0,138.0,1.1,2.89,2.91,3.14,0.0348,2538.0,2608.0,2683.0
42.0,22.5,25.5,1.4,0.398,0.162,0.83,1.27,1.97,16300.0,9860.0,14800.0,829.0,199.0,99.5,573.0,630.0,0.797,8.2,8.29,8.1,0.0084,2255.0,2355.0,2465.0
58.0,26.5,2.29,0.588,0.714,0.392,1.19,1.99,1.4,38500.0,19900.0,2270.0,596.0,610.0,412.0,1400.0,1690.0,0.568,14.0,14.2,12.53,0.0026,2800.0,2800.0,2800.0
62.1,24.6,4.43,0.602,1.39,0.216,3.43,1.24,0.55,34200.0,15300.0,3660.0,507.0,991.0,189.0,3360.0,873.0,0.224,11.6,11.8,11.6,0.013,2640.0,2710.0,2780.0
44.2,18.0,20.3,5.71,1.03,0.567,2.26,0.853,3.78,40900.0,18800.0,28100.0,8080.0,1230.0,832.0,3720.0,1010.0,1.53,19.6,19.8,18.9,0.021,1980.0,2090.0,2180.0
55.7,24.0,6.6,0.52,2.16,0.284,5.4,1.2,0.73,45000.0,21900.0,7970.0,641.0,2250.0,363.0,7760.0,1240.0,0.295,17.1,17.3,16.6,0.025,2515.0,2615.0,2755.0
25.5,18.1,49.0,1.58,0.465,0.351,1.17,0.786,3.5,9390.0,7530.0,27000.0,891.0,221.0,205.0,765.0,371.0,1.43,7.7,7.89,7.2,0.022,1900.0,2020.0,2130.0
49.0,33.5,6.31,1.4,1.03,0.297,3.37,1.61,1.63,16500.0,12700.0,3170.0,720.0,446.0,158.0,2020.0,691.0,0.659,7.1,7.2,8.0,0.0087,2480.0,2780.0,2800.0
30.8,13.1,39.0,2.13,1.41,0.189,2.63,0.535,3.35,20100.0,9690.0,38100.0,2120.0,1190.0,195.0,3060.0,447.0,1.4,13.4,14.0,11.9,0.044,1860.0,2010.0,2110.0
44.1,29.9,12.1,1.25,0.481,0.324,0.877,1.91,1.83,12300.0,9390.0,5030.0,529.0,172.0,143.0,434.0,677.0,0.735,5.9,5.94,6.6,0.0029,2800.0,2800.0,2800.0
40.4,24.2,26.1,0.84,0.515,0.0918,1.88,1.07,1.25,15200.0,10300.0,14700.0,482.0,249.0,54.6,1250.0,514.0,0.502,8.0,8.03,8.1,0.01,2320.0,2410.0,2520.0
40.5,17.6,21.1,5.47,0.515,0.392,1.22,0.73,5.65,21800.0,10700.0,17000.0,4500.0,357.0,334.0,1170.0,503.0,2.3,11.3,11.5,10.5,0.016,2055.0,2155.0,2255.0
47.9,25.5,8.34,4.4,0.714,0.945,0.445,0.953,3.65,34900.0,21100.0,9100.0,4900.0,671.0,1090.0,578.0,890.0,1.49,15.3,15.6,12.98,0.067,2560.0,2650.0,2760.0
43.0,28.2,7.87,6.83,0.631,0.128,1.25,0.987,5.0,12100.0,8980.0,3310.0,2940.0,229.0,57.2,627.0,355.0,2.04,5.9,6.03,5.6,0.04,2720.0,2800.0,2800.0
47.7,36.4,4.65,1.09,1.1,0.378,2.43,1.51,1.02,19300.0,16700.0,2810.0,671.0,570.0,242.0,1750.0,781.0,0.417,8.5,8.64,8.23,0.0081,2800.0,2800.0,2800.0
30.8,15.6,35.8,2.32,0.664,0.311,1.45,0.786,3.6,9520.0,5450.0,16500.0,1100.0,264.0,152.0,800.0,311.0,1.46,6.5,6.61,5.88,0.007,2040.0,2100.0,2180.0
41.7,16.2,32.7,1.51,0.465,0.176,1.57,1.02,1.85,14000.0,6150.0,16400.0,775.0,201.0,93.3,940.0,438.0,0.748,7.1,7.18,8.44,0.014,1940.0,2010.0,2060.0
59.1,21.4,7.29,1.61,0.847,0.797,1.37,2.27,2.85,15600.0,6430.0,2890.0,652.0,289.0,335.0,646.0,771.0,1.15,5.6,5.67,5.51,0.0059,2350.0,2450.0,2510.0
52.0,25.9,10.2,1.54,0.681,0.648,0.757,2.01,2.0,50000.0,28200.0,14600.0,2260.0,843.0,987.0,1300.0,2470.0,0.806,20.4,20.6,6.2,0.033,2740.0,2800.0,2800.0
62.0,25.5,4.0,0.154,0.847,0.23,2.97,1.21,0.6,124000.0,57800.0,12000.0,471.0,2180.0,727.0,10600.0,3110.0,0.243,42.2,42.8,38.9,0.0053,2620.0,2730.0,2790.0
53.5,31.4,4.15,0.476,1.23,0.311,2.68,1.44,1.08,47200.0,31300.0,5470.0,642.0,1400.0,434.0,4210.0,1620.0,0.448,18.1,18.9,17.65,0.0062,2770.0,2800.0,2800.0
37.1,20.5,34.0,1.01,0.482,0.153,1.49,0.845,2.32,36000.0,22600.0,49500.0,1490.0,603.0,235.0,2570.0,1050.0,0.94,20.5,20.8,19.75,0.016,2027.0,2084.0,2326.0
50.1,27.6,7.38,1.72,1.49,0.459,3.05,1.62,1.48,59500.0,37100.0,13100.0,3130.0,2290.0,864.0,6460.0,2470.0,0.615,24.4,25.4,23.0,0.019,2500.0,2590.0,2690.0
58.0,30.4,2.04,0.392,0.83,0.203,3.31,1.69,0.725,75400.0,44800.0,3980.0,780.0,1390.0,418.0,7660.0,2810.0,0.296,27.3,27.9,28.87,0.0057,2800.0,2800.0,2800.0
43.9,40.5,3.56,2.16,0.415,0.108,0.517,0.535,2.13,17400.0,18200.0,2120.0,1310.0,212.0,68.0,365.0,272.0,0.86,8.4,8.5,8.5,0.018,2800.0,2800.0,2800.0
46.2,19.7,8.94,2.7,0.664,0.27,1.11,0.619,1.88,6350.0,3060.0,1840.0,567.0,118.0,58.8,271.0,109.0,0.76,2.9,2.94,3.41,0.0062,2600.0,2670.0,2740.0
41.3,26.5,18.4,0.952,1.03,0.662,3.23,0.987,1.05,15200.0,11000.0,10100.0,535.0,488.0,385.0,2120.0,464.0,0.423,7.8,7.86,6.9,0.011,2800.0,2800.0,2800.0
25.3,13.0,53.2,1.26,0.432,0.162,1.14,0.619,1.35,15000.0,8740.0,47100.0,1140.0,329.0,152.0,1200.0,469.0,0.547,12.5,12.7,11.46,0.032,2060.0,2090.0,2380.0
51.6,37.2,4.19,0.714,0.664,0.891,2.16,1.27,0.65,29300.0,23900.0,3570.0,621.0,487.0,803.0,2190.0,921.0,0.273,11.6,12.1,10.1,0.0063,2800.0,2800.0,2800.0
49.9,36.2,2.6,1.6,0.481,0.54,1.6,1.1,1.7,10800.0,8870.0,842.0,529.0,134.0,185.0,617.0,305.0,0.7,4.5,4.63,5.1,0.0059,2800.0,2800.0,2800.0
45.9,24.5,22.8,0.6,0.764,0.419,1.5,1.2,1.8,23000.0,13900.0,17100.0,460.0,494.0,333.0,1340.0,770.0,0.75,10.3,10.7,10.0,0.0064,2035.0,2290.0,2415.0
54.8,28.4,3.15,1.65,0.979,0.392,2.67,1.44,1.05,37500.0,22000.0,3220.0,1730.0,864.0,425.0,3250.0,1260.0,0.427,14.4,14.6,12.89,0.007,2710.0,2780.0,2800.0
52.2,21.6,12.7,0.532,1.83,0.311,4.88,0.769,2.35,90400.0,42200.0,32800.0,1410.0,4070.0,852.0,15000.0,1700.0,0.956,36.4,37.0,21.5,0.019,1970.0,2050.0,2170.0
48.4,20.0,27.0,0.406,0.598,0.176,2.15,0.97,1.08,62800.0,29500.0,52500.0,806.0,1000.0,361.0,4970.0,1610.0,0.439,27.2,27.8,25.2,0.011,2055.0,2160.0,2260.0
44.0,21.0,24.0,2.3,0.83,0.297,2.2,0.98,2.0,19700.0,10600.0,16100.0,1570.0,479.0,211.0,1750.0,562.0,0.833,9.2,9.58,8.3,0.0194,2040.0,2130.0,2350.0
42.3,33.3,9.12,3.29,0.863,0.12,0.913,0.635,5.25,10100.0,9010.0,3260.0,1200.0,266.0,45.5,388.0,194.0,2.19,4.9,5.11,4.3,0.037,2800.0,2800.0,2800.0
46.9,20.4,16.1,5.76,0.714,0.365,2.5,0.87,4.45,34400.0,16900.0,17700.0,6440.0,674.0,423.0,3260.0,815.0,1.82,15.3,15.7,14.65,0.041,2100.0,2190.0,2520.0
45.8,28.5,12.4,1.9,0.813,0.473,1.39,1.29,2.8,16600.0,11700.0,6770.0,1060.0,381.0,272.0,902.0,599.0,1.13,7.7,7.78,7.48,0.013,2440.0,2600.0,2700.0
58.0,21.6,3.98,3.56,1.16,0.27,1.02,2.07,2.45,18300.0,7720.0,1880.0,1720.0,474.0,135.0,575.0,839.0,1.01,6.6,6.77,6.04,0.018,2350.0,2520.0,2580.0
55.6,26.2,8.35,2.2,1.29,0.608,3.27,1.29,1.25,45900.0,24500.0,10300.0,2780.0,1380.0,796.0,4810.0,1360.0,0.505,17.5,17.7,17.5,0.024,2460.0,2570.0,2690.0
38.1,21.2,14.7,9.99,1.24,0.419,2.44,1.07,4.93,31200.0,19600.0,18000.0,12500.0,1310.0,542.0,3550.0,1120.0,1.99,17.3,17.5,16.2,0.023,1960.0,2050.0,2140.0
27.9,21.4,40.2,2.54,0.664,0.203,0.95,0.92,2.8,12200.0,10600.0,26400.0,1700.0,375.0,141.0,741.0,516.0,1.13,9.3,9.38,8.8,0.029,1900.0,2020.0,2100.0
48.2,25.0,15.3,1.54,0.78,0.338,2.33,1.09,1.83,10900.0,6400.0,5190.0,534.0,228.0,121.0,941.0,315.0,0.738,4.8,4.85,4.81,0.0028,2550.0,2600.0,2640.0
43.4,18.9,7.09,12.6,1.41,0.797,1.19,1.19,8.2,26400.0,13000.0,6440.0,11700.0,1100.0,766.0,1290.0,922.0,3.3,12.9,13.0,12.2,0.03,2420.0,2500.0,2600.0
48.9,31.1,4.52,2.93,0.996,0.5,2.69,1.52,1.98,31900.0,23000.0,4410.0,2920.0,837.0,516.0,3130.0,1270.0,0.805,13.7,14.0,13.1,0.015,2800.0,2800.0,2800.0
33.8,25.5,30.2,2.13,0.382,0.27,0.938,0.886,1.53,12500.0,10600.0,16600.0,1200.0,181.0,158.0,615.0,418.0,0.616,7.8,7.88,6.96,0.009,2070.0,2230.0,2370.0
41.9,26.3,9.3,6.47,1.13,0.419,2.92,1.19,3.08,27700.0,19600.0,9170.0,6520.0,960.0,438.0,3430.0,1000.0,1.25,13.9,14.1,13.2,0.024,2320.0,2420.0,2510.0
47.9,13.4,8.91,7.76,0.515,0.311,1.07,0.853,8.8,58000.0,18400.0,16100.0,14400.0,803.0,596.0,2310.0,1320.0,3.86,23.6,25.9,14.61,0.018,2030.0,2080.0,2280.0
50.6,36.7,2.92,1.79,0.564,0.54,1.32,1.24,1.75,15000.0,12300.0,1290.0,809.0,215.0,253.0,695.0,468.0,0.714,6.2,6.32,6.49,0.0078,2790.0,2800.0,2800.0
56.1,29.1,5.71,0.392,1.08,0.297,4.12,0.819,1.0,46400.0,27200.0,7060.0,496.0,1150.0,389.0,6070.0,867.0,0.405,17.5,17.7,16.23,0.0078,2710.0,2800.0,2800.0
43.8,28.4,19.4,1.01,0.587,0.123,1.89,1.11,1.38,23700.0,17200.0,15300.0,817.0,408.0,104.0,1830.0,775.0,0.554,11.5,11.5,10.73,0.00587,2388.0,2540.0,2606.0
52.5,31.6,5.87,1.6,0.629,0.35,2.19,1.81,0.533,30500.0,20800.0,5110.0,1420.0,472.0,323.0,2270.0,1340.0,0.216,12.3,12.4,11.96,0.00643,2646.0,2746.0,2784.0
43.2,19.8,29.6,1.2,0.847,0.608,1.6,0.9,2.6,20200.0,10500.0,20700.0,857.0,510.0,450.0,1330.0,538.0,1.08,9.6,10.0,8.2,0.013,2090.0,2140.0,2260.0
52.2,32.9,2.29,1.47,0.631,0.113,1.53,1.99,2.0,28600.0,20400.0,1870.0,1230.0,445.0,98.4,1490.0,1390.0,0.829,11.3,11.7,11.0,0.01,2800.0,2800.0,2800.0
27.1,22.4,39.7,2.35,0.0498,0.135,0.83,0.85,2.18,18400.0,17200.0,40300.0,2430.0,43.5,145.0,1000.0,737.0,0.878,14.4,14.5,14.57,0.008,1950.0,2150.0,2450.0
31.6,24.8,28.8,3.47,0.764,0.824,0.709,1.15,5.0,3510.0,3120.0,4800.0,590.0,109.0,145.0,140.0,164.0,2.07,2.3,2.38,2.2,0.032,2100.0,2180.0,2260.0
25.5,21.2,18.5,16.2,2.16,0.257,1.88,0.619,8.75,15000.0,14100.0,16300.0,14600.0,1640.0,239.0,1960.0,466.0,3.8,11.6,12.6,11.6,0.042,1940.0,2050.0,2160.0
51.6,28.8,11.0,0.47,0.515,0.162,1.9,1.39,0.24,49100.0,31000.0,15600.0,684.0,632.0,245.0,3220.0,1690.0,0.0974,20.1,20.4,21.9,0.0036,2910.0,2910.0,2910.0
24.2,13.9,46.9,2.84,1.03,0.324,1.27,0.669,6.75,8060.0,5240.0,23400.0,1450.0,442.0,171.0,756.0,285.0,2.75,7.0,7.14,5.7,0.17,2060.0,2170.0,2260.0
17.1,10.1,55.6,3.45,0.564,0.392,0.577,0.418,4.3,4750.0,3170.0,23100.0,1460.0,202.0,172.0,285.0,148.0,1.76,5.8,5.94,5.49,0.033,2000.0,2030.0,2250.0
40.9,25.9,23.3,1.11,0.664,0.216,1.17,1.56,1.65,15000.0,10800.0,12800.0,622.0,315.0,126.0,764.0,733.0,0.675,7.7,7.88,5.89,0.012,2120.0,2280.0,2350.0
46.8,34.9,6.27,1.32,0.681,0.311,2.41,1.24,2.22,23500.0,19900.0,4720.0,1020.0,442.0,248.0,2160.0,799.0,0.92,10.4,10.8,6.7,0.02,2800.0,2800.0,2800.0
52.2,27.7,9.4,1.6,0.515,0.365,2.18,1.24,1.7,36600.0,22000.0,9860.0,1710.0,465.0,405.0,2720.0,1120.0,0.708,14.4,15.0,15.82,0.01,2537.0,2623.0,2714.0
23.5,17.6,49.2,0.826,0.249,0.0945,0.505,0.569,0.725,8620.0,7300.0,27000.0,462.0,118.0,54.9,329.0,266.0,0.291,7.8,7.84,7.58,0.018,2030.0,2070.0,2290.0
45.7,36.3,2.75,3.03,0.564,0.135,1.32,1.77,4.28,9570.0,8600.0,860.0,968.0,152.0,44.8,493.0,475.0,1.78,4.3,4.48,4.14,0.039,2791.0,2800.0,2800.0
24.1,13.6,46.2,4.38,0.963,0.27,1.33,0.736,4.85,13200.0,8460.0,37900.0,3680.0,681.0,235.0,1300.0,517.0,1.96,11.6,11.7,11.2,0.022,1930.0,2040.0,2130.0
47.9,23.8,20.2,0.896,0.797,0.243,2.07,1.22,1.23,35700.0,20100.0,22500.0,1020.0,765.0,287.0,2740.0,1160.0,0.497,15.7,15.9,13.19,0.016,2170.0,2240.0,2380.0
52.7,31.0,3.39,2.35,0.681,0.297,1.13,2.19,2.0,13600.0,9050.0,1310.0,928.0,226.0,121.0,519.0,723.0,0.818,5.4,5.52,5.37,0.01,2760.0,2800.0,2800.0
51.3,27.5,9.7,0.85,1.21,0.203,2.53,1.13,0.89,47100.0,28700.0,13300.0,1190.0,1440.0,295.0,4140.0,1330.0,0.361,19.4,19.7,4.1,0.014,2130.0,2180.0,2300.0
42.4,25.0,24.3,1.53,0.465,0.189,1.31,0.87,1.02,24900.0,16600.0,21400.0,1370.0,352.0,176.0,1370.0,654.0,0.419,12.3,12.6,11.5,0.011,2140.0,2260.0,2370.0
65.9,22.5,2.69,0.476,0.564,0.135,1.98,2.37,0.75,101000.0,39000.0,6160.0,1110.0,1110.0,328.0,5410.0,4650.0,0.309,31.8,32.8,30.7,0.0054,2800.0,2800.0,2800.0
55.0,28.9,2.72,1.75,1.13,0.365,2.9,1.66,0.625,79600.0,47400.0,5890.0,3870.0,2110.0,837.0,7470.0,3070.0,0.253,30.6,31.0,27.85,0.0072,2730.0,2800.0,2800.0
58.7,31.8,2.7,0.8,1.01,0.959,2.8,1.7,1.5,31100.0,19100.0,2140.0,649.0,693.0,806.0,2650.0,1150.0,0.625,10.9,11.4,8.8,0.0057,2910.0,2910.0,2910.0
37.3,23.8,6.6,9.1,1.99,0.608,0.62,1.8,7.7,12100.0,8740.0,3200.0,4510.0,833.0,312.0,358.0,747.0,3.1,6.9,6.94,8.4,0.027,2405.0,2475.0,2575.0
46.0,46.0,2.2,0.3,0.0465,0.0297,2.0,3.1,0.1,22200.0,25100.0,1590.0,221.0,28.9,22.7,1720.0,1910.0,0.042,10.0,10.3,10.6,0.0276,2910.0,2910.0,2910.0
41.5,31.4,13.5,0.966,0.896,0.594,2.98,1.32,1.0,12700.0,10900.0,6200.0,452.0,354.0,288.0,1620.0,517.0,0.403,6.5,6.55,7.0,0.013,2740.0,2800.0,2800.0
23.8,18.9,35.9,8.21,0.448,0.446,0.3,0.69,8.65,5990.0,5390.0,13600.0,3160.0,146.0,178.0,135.0,223.0,3.52,5.3,5.4,5.5,0.063,2120.0,2200.0,2350.0
46.0,31.2,11.3,1.6,0.631,0.338,1.27,0.819,1.75,17700.0,13600.0,6490.0,937.0,312.0,205.0,871.0,403.0,0.71,8.1,8.22,8.0,0.0077,2800.0,2800.0,2800.0
51.6,29.1,10.5,1.2,1.05,0.986,1.7,1.6,1.9,28100.0,18000.0,8570.0,1000.0,735.0,852.0,1650.0,1120.0,0.792,11.2,11.7,10.4,0.0084,2910.0,2910.0,2910.0
47.9,16.8,20.7,1.5,1.01,0.284,2.9,1.0,1.9,28100.0,11100.0,18200.0,1340.0,764.0,263.0,3020.0,751.0,0.788,12.1,12.5,11.0,0.031,2040.0,2145.0,2230.0
44.7,30.2,16.3,1.45,0.531,0.459,1.57,1.14,1.93,18300.0,14000.0,9980.0,907.0,280.0,298.0,1140.0,597.0,0.777,8.7,8.76,9.29,0.0014,2120.0,2580.0,2690.0
55.9,27.6,5.98,1.79,0.896,0.527,2.32,1.42,1.5,79600.0,44500.0,12700.0,3900.0,1650.0,1190.0,5890.0,2590.0,0.608,30.1,30.5,31.4,0.0082,2600.0,2690.0,2780.0
55.4,26.3,8.09,0.504,1.64,0.243,4.06,1.34,1.0,67900.0,36500.0,14900.0,945.0,2600.0,472.0,8870.0,2100.0,0.405,25.9,26.2,24.4,0.014,2590.0,2670.0,2770.0
59.7,30.9,2.3,0.3,0.432,0.635,2.2,2.0,1.1,54300.0,31800.0,3130.0,417.0,506.0,916.0,3570.0,2330.0,0.458,18.7,19.5,18.4,0.0067,2800.0,2800.0,2800.0
43.2,26.8,18.6,1.26,1.46,0.338,3.19,0.853,2.1,23400.0,16400.0,15000.0,1040.0,1020.0,289.0,3060.0,590.0,0.86,11.3,11.6,11.94,0.012,1970.0,2030.0,2070.0
51.7,27.8,2.47,5.55,0.863,0.162,2.22,1.87,1.7,52400.0,32000.0,3750.0,8590.0,1130.0,260.0,4010.0,2430.0,0.686,21.5,21.7,18.27,0.011,2600.0,2680.0,2750.0
46.0,32.1,15.0,0.686,0.515,0.338,1.6,1.69,1.18,18400.0,14600.0,8990.0,419.0,265.0,214.0,1140.0,865.0,0.473,8.5,8.56,8.1,0.0065,2800.0,2800.0,2800.0
49.2,22.3,17.3,0.476,0.714,0.176,2.48,1.07,0.75,55200.0,28300.0,29000.0,816.0,1030.0,312.0,4940.0,1540.0,0.302,23.8,24.0,24.4,0.015,2310.0,2420.0,2510.0
41.9,18.6,23.3,4.8,1.15,0.729,2.2,0.9,4.0,20400.0,10200.0,17000.0,3570.0,719.0,563.0,1910.0,561.0,1.67,10.0,10.4,9.1,0.034,1930.0,2010.0,2110.0
56.4,22.9,3.93,3.67,1.56,0.419,0.637,1.4,3.85,28700.0,13200.0,3000.0,2850.0,1020.0,338.0,578.0,915.0,1.58,10.6,10.9,8.99,0.032,2420.0,2610.0,2700.0
46.0,25.4,17.7,0.78,0.83,0.189,2.85,1.2,0.92,36700.0,23000.0,21200.0,952.0,854.0,239.0,4050.0,1230.0,0.372,16.9,17.1,14.8,0.0086,2350.0,2400.0,2890.0
50.3,28.2,6.01,1.85,0.996,0.432,2.46,1.09,2.75,28400.0,18000.0,5080.0,1600.0,725.0,387.0,2480.0,786.0,1.11,12.0,12.1,15.8,0.012,2800.0,2800.0,2800.0
41.9,22.3,28.4,0.756,0.299,0.81,1.59,1.37,1.38,36800.0,22200.0,37400.0,1020.0,338.0,1130.0,2480.0,1540.0,0.553,18.7,18.8,17.77,0.0067,2060.0,2160.0,2400.0
26.4,16.3,37.8,3.04,1.42,0.401,1.2,0.803,5.74,20900.0,13100.0,23200.0,1640.0,873.0,320.0,1680.0,785.0,2.39,11.7,12.2,9.45,0.0351,2079.0,2163.0,2222.0
34.7,26.3,23.7,3.87,0.697,0.567,0.853,0.987,4.22,7370.0,6330.0,7560.0,1260.0,191.0,191.0,323.0,269.0,1.71,4.5,4.55,4.2,0.024,2180.0,2320.0,2530.0
41.6,25.4,26.5,0.52,0.465,0.149,1.71,1.36,1.15,40500.0,28000.0,38700.0,774.0,584.0,229.0,2970.0,1700.0,0.464,20.7,20.9,20.55,0.0016,2110.0,2480.0,2530.0
41.7,21.2,26.0,0.938,0.631,0.324,2.0,0.886,1.2,52000.0,29900.0,48500.0,1790.0,1010.0,640.0,4430.0,1410.0,0.489,26.2,26.7,26.9,0.036,2000.0,2100.0,2190.0
37.5,24.4,31.7,0.943,0.498,0.135,1.62,0.923,1.58,22800.0,16800.0,28800.0,875.0,390.0,130.0,1760.0,718.0,0.64,12.8,13.0,12.8,0.0042,2060.0,2130.0,2350.0
34.7,23.3,29.9,2.04,0.315,0.446,0.409,1.1,2.28,11000.0,8340.0,14200.0,989.0,129.0,224.0,230.0,447.0,0.92,6.7,6.78,6.35,0.022,2100.0,2200.0,2380.0
43.2,10.0,40.9,0.546,0.183,0.189,0.445,0.803,0.775,33300.0,8710.0,47100.0,642.0,181.0,231.0,609.0,790.0,0.317,16.1,16.5,15.84,0.015,1950.0,2020.0,2060.0
49.2,34.1,5.66,0.71,0.73,0.446,1.89,1.06,0.85,24000.0,18900.0,4130.0,530.0,460.0,345.0,1640.0,662.0,0.352,10.1,10.4,11.9,0.0039,2910.0,2910.0,2910.0
55.5,28.8,8.25,0.406,0.88,0.162,2.7,1.25,0.575,60000.0,35300.0,13300.0,671.0,1230.0,278.0,5210.0,1740.0,0.233,22.8,23.1,24.0,0.012,2800.0,2800.0,2800.0
44.1,20.0,18.5,2.8,1.38,0.527,3.17,1.3,4.22,24800.0,12800.0,15600.0,2410.0,1000.0,470.0,3180.0,940.0,1.71,11.9,12.0,9.6,0.018,1900.0,2090.0,2240.0
35.5,19.2,36.0,0.812,0.963,0.162,2.43,0.87,1.75,39200.0,24000.0,59400.0,1370.0,1370.0,284.0,4770.0,1230.0,0.707,23.4,23.6,22.6,0.021,2030.0,2140.0,2250.0
46.3,24.1,17.4,1.28,0.631,0.108,1.91,1.35,1.14,17000.0,10000.0,9560.0,719.0,299.0,62.9,1250.0,635.0,0.485,7.4,7.87,8.2,0.0051,2120.0,2170.0,2490.0
19.3,14.2,46.7,2.3,0.465,0.135,0.7,0.43,3.8,2780.0,2320.0,10100.0,507.0,86.5,30.9,180.0,79.4,1.56,3.0,3.09,2.8,0.011,2060.0,2155.0,2220.0
56.9,27.0,3.29,1.01,1.11,0.284,2.85,1.24,0.75,34700.0,18600.0,3000.0,938.0,873.0,274.0,3090.0,964.0,0.308,12.7,13.0,12.1,0.014,2800.0,2800.0,2800.0
47.9,29.8,13.9,1.55,0.598,0.189,1.39,1.24,1.73,17200.0,12200.0,7510.0,856.0,278.0,108.0,894.0,571.0,0.7,7.6,7.71,7.6,0.0077,2520.0,2610.0,2730.0
54.2,30.4,6.28,1.31,0.448,0.446,0.88,1.83,1.7,12100.0,7650.0,2090.0,446.0,129.0,157.0,349.0,522.0,0.69,4.7,4.77,6.2,0.0052,2910.0,2910.0,2910.0
41.2,19.1,26.1,1.64,0.714,0.338,2.18,0.95,2.2,36600.0,19200.0,34800.0,2230.0,818.0,476.0,3450.0,1080.0,0.891,18.8,19.0,20.3,0.021,2115.0,2205.0,2305.0
52.9,28.4,5.38,1.76,0.664,0.149,1.6,2.32,2.38,12600.0,7670.0,1920.0,644.0,204.0,56.2,680.0,710.0,0.991,4.9,5.12,5.04,0.0076,2610.0,2800.0,2800.0
51.4,25.4,14.3,0.56,1.49,0.162,2.79,1.54,0.35,53200.0,29800.0,22200.0,887.0,1990.0,266.0,5140.0,2030.0,0.141,22.0,22.2,22.88,0.04,2410.0,2500.0,2620.0
32.3,18.1,31.7,3.94,0.996,0.297,1.67,1.15,4.0,12200.0,7710.0,17900.0,2260.0,483.0,177.0,1120.0,556.0,1.63,7.9,8.06,6.8,0.022,2060.0,2140.0,2240.0
18.1,12.4,7.25,22.7,4.13,3.04,0.264,0.319,18.9,8410.0,6370.0,5120.0,14800.0,2290.0,1970.0,222.0,194.0,8.12,8.8,9.45,6.42,0.0673,2361.0,2434.0,2453.0
49.9,30.1,5.29,0.966,1.53,0.648,4.23,1.34,1.55,20700.0,14100.0,3280.0,612.0,816.0,426.0,3120.0,709.0,0.625,8.8,8.87,8.06,0.018,2560.0,2750.0,2800.0
31.7,25.5,8.22,8.7,1.83,0.891,0.877,1.0,9.35,3480.0,3170.0,1350.0,1460.0,259.0,155.0,172.0,141.0,3.82,2.3,2.35,2.29,0.017,2240.0,2320.0,2360.0
50.3,29.3,10.0,1.08,1.34,0.378,4.15,1.19,1.95,43400.0,28600.0,12900.0,1420.0,1500.0,517.0,6370.0,1310.0,0.787,18.3,18.5,17.7,0.017,2800.0,2800.0,2800.0
28.9,18.2,41.9,1.89,0.498,0.378,0.805,0.686,2.75,8700.0,6210.0,18900.0,870.0,193.0,181.0,432.0,264.0,1.13,6.3,6.45,6.3,0.019,1950.0,2050.0,2160.0
28.6,21.2,39.6,1.43,0.349,0.162,0.72,0.51,2.41,6610.0,5560.0,13700.0,506.0,104.0,59.5,297.0,151.0,0.995,4.8,4.96,4.2,0.0066,2090.0,2280.0,2530.0
51.6,18.8,21.2,1.02,0.83,0.594,2.21,1.15,0.575,59900.0,24700.0,36800.0,1810.0,1240.0,1090.0,4570.0,1710.0,0.234,24.4,24.9,20.63,0.022,2110.0,2160.0,2300.0
62.9,24.9,2.17,1.18,0.681,0.864,0.601,0.97,1.68,103000.0,46200.0,5340.0,2960.0,1440.0,2250.0,1760.0,2040.0,0.676,34.8,35.1,34.38,0.023,2800.0,2800.0,2800.0
49.6,22.7,13.0,2.59,1.83,0.513,3.06,1.19,2.05,47900.0,24800.0,18800.0,3820.0,2270.0,784.0,5260.0,1460.0,0.829,20.4,20.6,19.6,0.016,2270.0,2400.0,2490.0
48.0,22.9,9.28,4.83,1.66,0.81,0.685,1.87,3.25,14500.0,7840.0,4210.0,2240.0,648.0,389.0,369.0,726.0,1.32,6.4,6.48,6.5,0.09,2430.0,2510.0,2600.0
57.9,28.5,3.0,1.1,0.747,0.189,2.0,1.9,1.4,41200.0,22900.0,3190.0,1200.0,685.0,213.0,2530.0,1730.0,0.576,14.8,15.2,14.0,0.011,2800.0,2800.0,2800.0
50.2,28.6,2.78,2.82,1.02,0.56,2.31,1.54,5.28,20200.0,12400.0,1630.0,1440.0,508.0,323.0,1720.0,744.0,2.2,8.05,8.39,7.66,0.103,2910.0,2910.0,2910.0
46.3,24.3,18.7,0.79,0.813,0.243,2.8,1.19,1.1,19500.0,11600.0,11800.0,508.0,441.0,162.0,2100.0,641.0,0.445,8.9,9.01,8.0,0.0087,2620.0,2790.0,2910.0
40.3,25.0,16.4,3.03,1.1,0.486,2.14,1.25,2.8,18900.0,13300.0,11500.0,2170.0,663.0,362.0,1790.0,753.0,1.14,9.9,10.0,9.5,0.015,2300.0,2420.0,2500.0
54.3,33.7,2.7,1.6,0.913,0.675,1.1,1.6,1.7,24800.0,17500.0,1850.0,1120.0,539.0,490.0,896.0,937.0,0.708,9.4,9.79,5.9,0.0057,2800.0,2800.0,2800.0
52.9,28.5,1.77,3.04,0.432,0.176,1.63,1.94,1.85,26100.0,16000.0,1310.0,2290.0,275.0,137.0,1440.0,1230.0,0.76,10.3,10.6,10.03,0.0087,2690.0,2800.0,2800.0
62.5,25.1,3.43,0.364,1.43,0.311,3.41,1.22,0.6,127000.0,57900.0,10500.0,1130.0,3750.0,1000.0,12400.0,3180.0,0.243,43.0,43.6,39.27,0.012,2660.0,2760.0,2800.0
50.4,26.4,3.19,8.1,1.13,0.149,2.1,1.04,5.4,57000.0,33800.0,5390.0,14000.0,1640.0,266.0,4230.0,1500.0,2.3,22.7,24.2,19.3,0.024,2370.0,2470.0,2620.0
11.9,5.6,37.9,21.9,0.315,1.09,0.469,0.167,21.8,10700.0,5710.0,51100.0,30100.0,367.0,1560.0,752.0,193.0,8.88,18.9,19.3,17.0,0.13,2220.0,2340.0,2420.0
51.4,18.5,3.15,9.47,0.714,1.09,1.03,1.25,5.75,43900.0,17900.0,4020.0,12400.0,786.0,1480.0,1570.0,1370.0,2.32,18.1,18.3,16.61,0.11,2260.0,2330.0,2420.0
41.0,29.6,15.0,2.13,0.963,0.743,2.76,0.92,3.27,13600.0,11100.0,7430.0,1080.0,411.0,390.0,1630.0,390.0,1.36,6.8,7.08,5.1,0.086,2340.0,2460.0,2580.0
50.3,28.2,8.8,1.2,0.365,0.581,0.72,1.4,1.6,11400.0,7200.0,2970.0,414.0,106.0,208.0,289.0,404.0,0.644,4.8,4.83,4.6,0.0057,2800.0,2800.0,2800.0
40.1,18.6,29.9,1.36,0.73,0.104,1.98,1.04,1.68,24600.0,12900.0,27500.0,1280.0,579.0,101.0,2170.0,815.0,0.678,13.0,13.1,12.83,0.023,2080.0,2160.0,2340.0
47.5,22.5,13.1,3.73,1.1,0.365,2.32,1.04,2.08,74700.0,40000.0,30800.0,8950.0,2220.0,908.0,6490.0,2090.0,0.841,33.2,33.6,31.3,0.018,1990.0,2080.0,2170.0
40.0,27.2,17.7,2.3,0.465,0.257,1.5,1.5,3.3,18000.0,13900.0,11900.0,1580.0,270.0,183.0,1200.0,864.0,1.34,9.5,9.64,9.0,0.017,2130.0,2215.0,2305.0
39.5,22.4,25.6,1.69,0.778,0.563,1.77,1.14,1.22,36900.0,22400.0,33600.0,1190.0,1020.0,813.0,3320.0,1310.0,0.508,18.5,19.2,19.03,0.0129,2185.0,2247.0,2344.0
19.8,14.8,50.9,4.58,0.448,0.243,0.962,0.635,2.75,8500.0,7180.0,32700.0,3010.0,248.0,165.0,735.0,349.0,1.11,9.1,9.19,8.6,0.036,1930.0,2050.0,2160.0
50.3,30.2,7.25,1.15,0.896,0.189,1.49,1.67,1.35,37800.0,25700.0,8150.0,1320.0,868.0,225.0,1990.0,1610.0,0.549,15.8,16.1,15.16,0.015,2680.0,2800.0,2800.0
39.8,21.2,25.6,3.0,0.432,0.486,0.853,1.52,1.88,10600.0,6370.0,10200.0,1220.0,148.0,205.0,404.0,517.0,0.762,5.6,5.69,5.08,0.012,2020.0,2110.0,2240.0
39.0,28.0,23.2,0.64,0.46,0.191,2.11,1.38,0.938,27600.0,22700.0,21200.0,617.0,441.0,214.0,2850.0,1230.0,0.388,14.1,14.7,12.66,0.0147,2600.0,2632.0,2729.0
27.4,19.1,45.5,1.89,0.531,0.405,1.07,0.87,2.8,9300.0,7330.0,23100.0,980.0,232.0,218.0,646.0,378.0,1.13,7.2,7.26,7.37,0.011,2050.0,2170.0,2360.0
42.1,21.0,9.77,6.7,4.4,0.142,2.22,0.865,7.38,34200.0,18600.0,9580.0,7160.0,4190.0,170.0,3130.0,898.0,3.27,14.8,16.3,10.34,0.166,2235.0,2295.0,2500.0
33.7,23.5,34.4,1.74,0.531,0.203,1.29,1.19,2.31,15500.0,12200.0,23700.0,1220.0,315.0,148.0,1060.0,701.0,0.928,9.8,9.85,9.44,0.0077,2010.0,2170.0,2470.0
47.9,31.0,6.72,1.36,0.647,0.176,1.66,1.72,1.38,12200.0,8920.0,2560.0,528.0,212.0,70.7,751.0,560.0,0.554,5.4,5.44,5.22,0.058,2100.0,2270.0,2420.0
38.9,22.5,24.7,2.73,0.564,0.338,1.41,1.19,2.5,15000.0,9790.0,14200.0,1600.0,280.0,206.0,962.0,584.0,1.02,8.1,8.22,8.1,0.008,2060.0,2150.0,2255.0
23.3,10.9,46.0,4.05,1.05,0.446,0.913,0.552,5.33,5020.0,2660.0,14800.0,1330.0,290.0,152.0,350.0,152.0,2.18,4.5,4.6,4.28,0.042,1960.0,2020.0,2100.0
28.7,22.5,38.2,2.13,0.382,0.149,0.505,0.435,2.75,7200.0,6390.0,14400.0,817.0,124.0,59.1,226.0,140.0,1.14,5.2,5.37,6.0,0.011,2010.0,2120.0,2210.0
47.4,28.7,12.6,1.73,0.714,0.189,2.53,1.3,1.18,36700.0,25100.0,14600.0,2050.0,712.0,232.0,3490.0,1290.0,0.492,15.9,16.6,15.19,0.0039,2775.0,2800.0,2800.0
45.8,29.7,3.15,4.61,2.16,0.0945,1.08,1.56,5.58,35900.0,26300.0,3690.0,5520.0,2180.0,117.0,1510.0,1560.0,2.24,16.7,16.8,15.01,0.0046,2520.0,2720.0,2800.0
56.1,28.0,8.3,0.4,0.996,0.797,2.4,1.3,1.8,81400.0,46000.0,18000.0,887.0,1860.0,1830.0,6200.0,2410.0,0.75,29.8,31.0,27.7,0.0086,2580.0,2680.0,2890.0
53.3,26.3,8.25,0.448,0.913,0.203,2.74,1.25,0.75,35300.0,19700.0,8170.0,453.0,779.0,212.0,3230.0,1060.0,0.303,14.0,14.2,13.0,0.0084,2800.0,2800.0,2800.0
40.4,25.9,24.0,0.63,1.34,0.27,1.98,1.49,1.23,35900.0,26000.0,31900.0,854.0,1540.0,379.0,3130.0,1690.0,0.497,18.7,19.0,18.13,0.0075,2190.0,2300.0,2490.0
38.5,27.5,25.7,0.672,0.481,0.203,2.3,0.92,1.55,35800.0,29000.0,35800.0,955.0,577.0,298.0,3800.0,1090.0,0.626,19.7,19.9,20.18,0.0084,2170.0,2290.0,2430.0
56.6,24.3,7.71,1.22,0.78,0.203,2.87,1.89,1.55,33500.0,16300.0,6840.0,1100.0,596.0,190.0,3030.0,1430.0,0.64,12.3,12.7,12.0,0.016,2610.0,2690.0,2780.0
48.0,22.0,21.0,0.4,0.631,0.324,1.7,1.2,0.96,42300.0,21900.0,27700.0,538.0,716.0,453.0,2670.0,1350.0,0.4,18.1,18.9,16.3,0.028,2110.0,2160.0,2240.0
48.2,21.6,19.7,0.7,1.16,0.513,3.37,0.987,1.27,59100.0,29900.0,36200.0,1310.0,1840.0,998.0,7350.0,1550.0,0.531,25.2,26.3,18.9,0.012,2180.0,2230.0,2280.0
43.7,25.9,15.0,1.9,0.83,1.05,1.48,2.17,2.23,10000.0,6720.0,5150.0,667.0,245.0,383.0,604.0,638.0,0.91,4.8,4.91,4.71,0.1,2240.0,2510.0,2630.0
25.1,10.2,13.9,15.7,4.65,0.54,0.276,0.87,24.3,16000.0,7360.0,13300.0,15300.0,3830.0,547.0,315.0,711.0,12.2,10.9,13.7,9.11,0.032,2080.0,2150.0,2180.0
38.9,26.5,21.8,1.5,1.56,1.24,2.8,1.1,3.4,10800.0,8320.0,9050.0,636.0,558.0,546.0,1380.0,391.0,1.42,5.7,5.94,5.2,0.012,2130.0,2240.0,2370.0
26.7,11.0,44.1,5.49,0.813,0.257,1.9,0.48,6.79,38000.0,17700.0,93700.0,11900.0,1490.0,578.0,4810.0,873.0,2.75,30.0,30.4,27.6,0.075,2010.0,2100.0,2210.0
34.2,17.7,34.2,4.43,0.564,0.27,1.47,0.769,1.27,33200.0,19400.0,49500.0,6550.0,705.0,414.0,2530.0,953.0,0.521,20.3,20.7,18.38,0.036,1980.0,2050.0,2210.0
27.5,14.2,9.81,16.0,4.48,0.028,0.18,1.04,25.1,16700.0,9680.0,8880.0,14800.0,3490.0,26.0,194.0,803.0,11.3,11.5,12.9,11.08,0.07,2090.0,2200.0,2250.0
55.0,32.1,3.1,0.504,0.365,0.189,1.33,1.39,0.7,69200.0,45700.0,5840.0,969.0,592.0,377.0,2990.0,2230.0,0.282,26.7,26.9,25.8,0.003,2800.0,2800.0,2800.0
55.5,31.2,4.27,0.5,0.896,0.311,2.82,1.15,1.56,36600.0,23300.0,4210.0,503.0,761.0,324.0,3310.0,970.0,0.628,14.0,14.1,13.81,0.0094,2800.0,2800.0,2800.0
51.7,35.9,1.56,1.9,0.365,0.837,0.517,1.34,1.33,66400.0,52200.0,3000.0,3740.0,605.0,1700.0,1180.0,2200.0,0.542,26.9,27.5,24.59,0.013,2800.0,2800.0,2800.0
45.8,19.9,26.1,0.341,0.841,0.253,2.45,0.977,0.936,40700.0,20000.0,34800.0,464.0,966.0,357.0,3880.0,1110.0,0.39,18.3,19.0,17.61,0.0114,2065.0,2115.0,2177.0
37.0,20.7,7.2,12.0,1.58,1.49,0.33,1.6,4.2,9370.0,5940.0,2730.0,4650.0,515.0,596.0,149.0,519.0,1.69,5.4,5.42,6.6,0.057,2255.0,2355.0,2450.0
43.7,22.1,14.4,3.29,0.813,1.53,2.56,1.05,5.48,37200.0,21300.0,18400.0,4290.0,894.0,2060.0,3880.0,1150.0,2.28,17.5,18.2,13.05,0.0338,2120.0,2200.0,2480.0
48.6,40.6,5.88,2.96,1.26,0.794,2.64,1.43,2.08,36500.0,33300.0,6540.0,3230.0,1220.0,911.0,3520.0,1350.0,0.844,15.7,15.9,15.3,0.015,2649.0,2731.0,2828.0
31.4,17.3,37.0,0.7,0.614,0.959,1.7,1.0,2.6,19100.0,11900.0,33700.0,651.0,482.0,924.0,1840.0,779.0,1.08,12.5,13.0,10.1,0.012,2130.0,2190.0,2320.0
43.2,28.9,18.2,1.6,0.598,0.176,1.39,1.4,1.75,17500.0,13300.0,11100.0,990.0,313.0,113.0,1010.0,730.0,0.707,8.6,8.69,8.76,0.0064,2580.0,2680.0,2760.0
49.1,23.2,16.0,0.532,0.726,0.205,2.57,1.16,0.802,52700.0,27300.0,26700.0,852.0,1030.0,345.0,4920.0,1560.0,0.325,22.6,22.9,21.8,0.00864,2558.0,2636.0,2677.0
42.3,23.6,8.6,2.6,1.01,0.216,2.8,1.1,0.9,23200.0,14700.0,7070.0,2180.0,717.0,188.0,2740.0,774.0,0.375,11.3,11.8,6.9,0.013,2555.0,2655.0,2800.0
49.0,30.0,3.8,0.81,0.797,1.03,3.1,1.2,1.6,13100.0,9090.0,1520.0,331.0,275.0,435.0,1480.0,411.0,0.667,5.5,5.73,5.89,0.00917,2644.0,2663.0,2794.0
52.0,26.3,7.59,2.29,0.611,0.977,1.06,1.44,2.23,17400.0,9830.0,3850.0,1170.0,261.0,526.0,620.0,620.0,0.928,6.84,7.13,6.57,0.00533,2648.0,2722.0,2796.0
36.0,18.0,35.0,1.2,0.548,0.567,1.2,0.76,2.1,12400.0,7040.0,18100.0,634.0,244.0,311.0,738.0,336.0,0.875,7.1,7.4,5.3,0.0161,1980.0,2030.0,2080.0
28.0,16.0,50.6,1.54,0.332,0.216,0.709,0.819,2.13,8740.0,5640.0,23600.0,735.0,134.0,107.0,394.0,327.0,0.873,6.5,6.68,6.4,0.013,1960.0,2070.0,2150.0
52.0,32.1,2.47,1.4,1.24,0.189,3.56,1.54,1.8,31700.0,22200.0,2260.0,1310.0,980.0,183.0,3870.0,1200.0,0.741,12.7,13.1,11.58,0.0061,2800.0,2800.0,2800.0
43.2,25.9,19.3,1.57,1.54,0.527,2.61,1.09,2.4,32000.0,21700.0,21400.0,1770.0,1470.0,618.0,3440.0,1030.0,0.975,15.6,15.8,12.5,0.025,2210.0,2260.0,2300.0
49.0,25.0,17.5,0.784,0.863,0.189,2.7,1.07,1.9,31400.0,18100.0,16700.0,767.0,712.0,192.0,3080.0,877.0,0.771,13.5,13.7,13.45,0.014,2220.0,2440.0,2580.0
45.0,21.0,3.3,0.29,0.913,0.648,3.8,1.2,0.6,34200.0,18100.0,3750.0,336.0,894.0,780.0,5140.0,1170.0,0.25,15.6,16.3,28.5,0.018,2910.0,2910.0,2910.0
57.1,27.2,4.29,2.96,0.631,0.351,0.505,1.87,2.58,17000.0,9160.0,1910.0,1340.0,242.0,165.0,267.0,712.0,1.06,6.2,6.36,6.24,0.0082,2650.0,2730.0,2770.0
44.5,29.5,6.0,2.2,0.847,3.11,1.4,1.7,4.4,5420.0,4060.0,1090.0,409.0,133.0,599.0,303.0,265.0,1.83,2.5,2.6,2.1,0.032,2410.0,2530.0,2630.0
19.9,7.81,60.1,1.4,0.349,0.124,0.489,0.462,2.21,4250.0,1890.0,19200.0,457.0,96.0,42.1,186.0,126.0,0.92,4.4,4.57,4.2,0.0465,1915.0,2030.0,2140.0
49.5,25.0,2.72,8.63,1.26,0.176,0.469,0.936,6.18,71300.0,40700.0,5850.0,19000.0,2340.0,400.0,1200.0,1730.0,2.63,28.9,30.9,17.16,0.085,2410.0,2460.0,2560.0
47.1,27.0,17.4,0.392,0.614,0.108,1.9,1.67,0.675,50200.0,32500.0,27700.0,638.0,843.0,182.0,3600.0,2280.0,0.275,22.4,22.8,22.0,0.052,2480.0,2580.0,2690.0
50.1,38.0,1.79,0.448,0.332,0.216,2.27,2.84,0.85,17000.0,14600.0,908.0,233.0,145.0,116.0,1370.0,1240.0,0.348,7.1,7.27,6.69,0.0071,2800.0,2800.0,2800.0
48.4,29.7,10.7,0.658,0.93,0.351,2.26,1.57,0.775,51500.0,35800.0,17100.0,1070.0,1280.0,593.0,4290.0,2140.0,0.311,22.7,22.8,21.34,0.0052,2570.0,2680.0,2740.0
45.4,20.0,22.3,2.65,0.456,0.318,1.13,0.964,1.68,42100.0,19400.0,24600.0,2780.0,689.0,535.0,2480.0,1110.0,0.684,18.2,18.4,18.14,0.0177,1987.0,2106.0,2199.0
56.0,24.0,3.0,2.6,1.11,1.35,2.1,1.5,3.4,21000.0,10200.0,1680.0,1490.0,537.0,802.0,1400.0,719.0,1.42,7.7,8.02,11.1,0.0102,2700.0,2750.0,2900.0
38.5,24.6,21.2,2.51,1.01,0.594,1.61,1.37,3.15,13300.0,9630.0,11000.0,1330.0,452.0,326.0,993.0,607.0,1.28,7.3,7.41,6.82,0.013,2120.0,2200.0,2450.0
47.5,24.4,9.3,5.29,0.598,0.473,1.77,1.44,3.78,31500.0,18300.0,9220.0,5360.0,511.0,497.0,2090.0,1220.0,1.54,13.9,14.2,15.24,0.017,2290.0,2370.0,2390.0
55.4,32.1,2.02,0.91,0.515,0.23,1.94,2.47,0.025,28000.0,18400.0,1520.0,703.0,335.0,184.0,1740.0,1600.0,0.011,10.7,10.8,10.4,0.0029,2800.0,2800.0,2800.0
47.7,33.8,5.35,2.31,0.498,0.216,2.56,1.24,2.85,10000.0,8020.0,1680.0,741.0,135.0,71.8,956.0,333.0,1.16,4.4,4.49,4.2,0.012,2800.0,2800.0,2800.0
32.7,20.5,38.4,1.7,0.332,0.0675,0.83,1.45,2.44,16800.0,11900.0,29400.0,1330.0,219.0,54.8,757.0,951.0,0.982,10.9,11.0,10.63,0.046,1870.0,1950.0,2270.0
51.8,31.8,4.76,1.3,1.06,0.284,1.62,1.61,1.25,18400.0,12800.0,2540.0,708.0,487.0,160.0,1030.0,731.0,0.508,7.5,7.62,6.8,0.0076,2800.0,2800.0,2800.0
39.9,23.6,31.2,1.08,0.465,0.189,1.41,1.32,1.65,16500.0,11100.0,19300.0,681.0,248.0,124.0,1030.0,699.0,0.679,8.6,8.85,8.3,0.0072,2150.0,2240.0,2380.0
22.5,12.8,45.9,4.65,0.979,0.378,1.66,0.569,5.05,9360.0,6020.0,28500.0,2950.0,525.0,249.0,1230.0,303.0,2.04,8.8,8.9,8.3,0.041,2010.0,2100.0,2210.0
58.0,27.6,5.03,0.602,1.11,0.162,3.17,1.24,0.825,29600.0,15900.0,3840.0,469.0,731.0,131.0,2880.0,807.0,0.34,10.6,10.9,10.51,0.011,2710.0,2800.0,2800.0
21.0,11.4,47.6,1.29,0.398,0.162,1.13,0.435,1.95,9050.0,5570.0,30700.0,849.0,222.0,111.0,868.0,240.0,0.8,9.0,9.23,8.42,0.0036,2160.0,2220.0,2280.0
49.6,29.7,7.92,1.78,0.913,0.486,2.56,1.17,1.9,13100.0,8850.0,3120.0,716.0,310.0,203.0,1200.0,395.0,0.779,5.5,5.64,4.51,0.012,2360.0,2500.0,2590.0
35.1,17.8,39.0,1.23,0.531,0.243,1.59,1.0,1.73,21500.0,12300.0,35700.0,1150.0,419.0,236.0,1730.0,786.0,0.707,12.8,13.1,11.8,0.016,1940.0,2050.0,2170.0
31.9,25.1,18.6,5.49,1.36,1.35,2.15,1.05,9.5,2590.0,2310.0,2260.0,682.0,143.0,174.0,312.0,110.0,3.89,1.7,1.74,1.6,0.024,2120.0,2210.0,2300.0
63.3,24.6,2.66,0.896,0.88,0.176,2.06,2.24,1.1,39900.0,17500.0,2500.0,862.0,714.0,175.0,2300.0,1800.0,0.449,13.2,13.5,12.74,0.0081,2800.0,2800.0,2800.0
54.0,32.6,1.76,0.959,0.659,0.21,2.4,1.61,1.17,24700.0,16800.0,1130.0,671.0,367.0,151.0,1840.0,954.0,0.472,9.67,9.76,8.64,0.00572,2910.0,2910.0,2910.0
30.3,17.6,42.6,1.39,0.78,0.635,1.73,0.686,2.33,28200.0,18600.0,59400.0,1970.0,936.0,936.0,2870.0,817.0,0.94,19.7,19.9,18.8,0.01,2000.0,2110.0,2200.0
46.2,30.9,8.65,1.81,0.681,0.162,2.2,1.27,1.72,15100.0,11400.0,4220.0,901.0,286.0,83.7,1280.0,530.0,0.706,6.8,6.97,6.59,0.012,2470.0,2730.0,2800.0
55.1,25.6,7.88,0.35,2.99,0.216,4.52,0.886,1.0,102000.0,53500.0,21800.0,989.0,7120.0,633.0,14900.0,2100.0,0.406,39.0,39.6,40.2,0.039,2410.0,2540.0,2650.0
35.7,22.1,30.2,1.5,1.16,0.392,3.56,0.836,2.6,32900.0,23000.0,41600.0,2110.0,1380.0,571.0,5830.0,985.0,1.05,19.5,19.7,19.1,0.011,1940.0,2030.0,2120.0
44.9,31.4,10.9,1.11,0.714,0.27,2.08,1.79,1.5,14700.0,11600.0,5320.0,552.0,300.0,140.0,1210.0,747.0,0.607,6.9,6.98,6.08,0.011,2540.0,2710.0,2800.0
34.5,24.3,28.5,2.66,0.332,0.513,0.601,1.72,4.18,11000.0,8790.0,13600.0,1300.0,137.0,260.0,342.0,704.0,1.68,6.8,6.84,6.92,0.038,1920.0,2020.0,2370.0
50.3,30.0,2.36,4.96,0.515,0.743,0.853,1.1,1.53,72100.0,48700.0,5070.0,10900.0,952.0,1690.0,2180.0,2020.0,0.62,30.2,30.7,26.6,0.091,2800.0,2800.0,2800.0
41.1,22.8,10.7,5.74,4.15,0.378,2.67,0.885,5.13,30900.0,19100.0,11200.0,6260.0,3860.0,450.0,3600.0,841.0,2.2,14.7,15.8,11.05,0.285,2115.0,2160.0,2410.0
52.0,31.7,4.5,1.1,0.465,0.554,0.76,1.7,0.77,16400.0,11300.0,2130.0,531.0,189.0,277.0,428.0,687.0,0.311,6.7,6.76,19.3,0.0089,2800.0,2800.0,2800.0
62.9,23.8,1.9,0.83,0.332,0.918,0.59,2.3,1.1,13700.0,5860.0,618.0,276.0,93.0,316.0,228.0,640.0,0.445,4.6,4.65,4.0,0.0031,2800.0,2800.0,2800.0
53.9,33.2,4.1,0.686,0.631,0.203,3.22,1.49,1.0,34900.0,24300.0,3980.0,679.0,526.0,208.0,3710.0,1230.0,0.407,13.6,13.9,13.2,0.013,2800.0,2800.0,2800.0
39.2,22.3,27.7,1.68,0.631,0.162,1.92,1.4,1.48,21300.0,13800.0,22600.0,1400.0,443.0,140.0,1870.0,979.0,0.598,11.5,11.7,11.12,0.0064,2130.0,2250.0,2360.0
55.6,31.6,3.27,1.74,0.963,0.338,3.31,1.51,1.5,24800.0,16000.0,2190.0,1180.0,554.0,239.0,2630.0,860.0,0.61,9.4,9.56,9.3,0.0078,2800.0,2800.0,2800.0
28.0,16.0,44.0,0.13,0.531,0.112,1.4,0.73,1.4,39900.0,25800.0,93900.0,283.0,977.0,253.0,3560.0,1330.0,0.583,29.3,30.5,45.2,0.0456,1980.0,2030.0,2080.0
16.6,11.4,57.6,3.21,0.681,0.216,0.877,0.468,5.75,3860.0,2980.0,20000.0,1130.0,203.0,79.3,362.0,139.0,2.33,4.9,4.96,4.5,0.026,2560.0,2650.0,2740.0
53.9,32.1,3.72,0.406,0.664,0.216,3.02,1.66,1.33,40300.0,27200.0,4160.0,463.0,639.0,256.0,4010.0,1580.0,0.536,15.8,16.0,14.69,0.0047,2800.0,2800.0,2800.0
40.6,16.2,22.6,1.9,0.946,1.89,2.5,0.56,4.0,6720.0,3040.0,5600.0,480.0,202.0,496.0,737.0,119.0,1.67,3.4,3.54,3.8,0.021,2030.0,2115.0,2235.0
43.2,25.5,21.2,2.18,0.481,0.338,0.925,1.27,2.63,12800.0,8570.0,9390.0,990.0,184.0,159.0,489.0,482.0,1.06,6.3,6.35,5.96,0.0017,2380.0,2630.0,2750.0
41.0,24.0,28.0,0.49,0.531,0.132,0.75,1.3,0.77,13000.0,8600.0,13300.0,237.0,217.0,66.4,423.0,526.0,0.321,6.5,6.77,6.8,0.0099,2160.0,2250.0,2310.0
49.9,29.9,7.81,1.6,0.647,0.124,1.9,1.3,1.6,14800.0,10000.0,3460.0,722.0,247.0,58.3,1000.0,494.0,0.677,6.0,6.34,9.4,0.0155,2505.0,2605.0,2695.0
57.8,28.4,4.36,0.406,0.581,0.27,2.36,1.72,0.75,49400.0,27400.0,5580.0,530.0,640.0,366.0,3580.0,1880.0,0.308,17.8,18.3,15.64,0.0054,2800.0,2800.0,2800.0
47.9,30.2,15.6,0.77,0.996,0.365,5.32,1.14,1.43,36300.0,25900.0,17700.0,891.0,972.0,437.0,7170.0,1100.0,0.577,16.0,16.2,15.01,0.0053,2650.0,2760.0,2800.0
48.8,28.2,6.21,3.38,0.946,0.257,1.86,1.32,4.3,20600.0,13400.0,3920.0,2170.0,514.0,171.0,1400.0,713.0,1.76,8.8,9.02,8.51,0.01,2420.0,2680.0,2800.0
34.0,21.9,37.7,0.518,0.697,0.135,2.36,0.786,2.08,43200.0,31600.0,71700.0,1010.0,1140.0,272.0,5330.0,1280.0,0.849,26.6,27.2,25.5,0.017,2130.0,2220.0,2600.0
38.8,23.2,31.0,1.13,0.531,0.203,1.47,0.803,1.5,19800.0,13400.0,23600.0,882.0,349.0,163.0,1330.0,523.0,0.616,10.6,10.9,10.26,0.13,2130.0,2220.0,2360.0
34.4,34.0,7.65,5.49,1.33,1.49,1.44,0.819,5.68,11400.0,12800.0,3800.0,2780.0,568.0,781.0,852.0,348.0,2.3,7.0,7.1,2.1,0.01,2380.0,2510.0,2600.0
59.6,29.8,1.77,0.994,0.797,0.338,2.8,1.47,0.575,35400.0,20000.0,1570.0,901.0,609.0,317.0,2960.0,1120.0,0.234,12.5,12.7,11.9,0.0049,2800.0,2800.0,2800.0
26.3,10.9,45.5,3.56,0.515,0.365,1.17,0.652,3.03,13500.0,6340.0,34800.0,2780.0,340.0,296.0,1060.0,427.0,1.24,10.7,11.0,10.05,0.036,2000.0,2030.0,2080.0
59.3,26.0,6.13,0.798,0.498,0.189,1.83,3.11,0.95,75800.0,37700.0,11700.0,1560.0,821.0,383.0,4160.0,5090.0,0.384,27.1,27.4,26.4,0.01,2700.0,2780.0,2800.0
45.3,29.9,4.62,5.12,1.16,0.203,1.04,1.16,7.64,3640.0,2720.0,556.0,629.0,120.0,25.8,149.0,119.0,3.09,1.7,1.72,1.7,0.01,2550.0,2670.0,2770.0
37.9,29.7,24.4,1.35,0.244,0.156,0.684,0.813,0.972,26700.0,23800.0,28400.0,1540.0,216.0,182.0,835.0,732.0,0.403,14.9,15.5,7.22,0.00664,2910.0,2910.0,2910.0
38.5,18.7,30.7,0.78,0.481,0.0864,1.69,1.1,1.1,14600.0,8040.0,17500.0,453.0,236.0,52.0,1150.0,536.0,0.459,7.8,8.13,7.3,0.0232,2075.0,2165.0,2270.0
47.3,23.8,16.5,1.35,0.899,0.357,2.53,1.13,1.16,35100.0,20100.0,17100.0,1540.0,863.0,423.0,3350.0,1080.0,0.469,15.5,15.7,14.52,0.017,2325.0,2455.0,2567.0
51.8,22.5,13.9,0.35,1.66,0.122,4.53,0.669,1.38,76100.0,37400.0,30600.0,786.0,3150.0,283.0,11900.0,1260.0,0.558,31.0,31.5,26.53,0.023,2280.0,2350.0,2490.0
35.9,23.8,30.9,1.5,0.73,0.756,1.5,1.3,3.9,13100.0,9840.0,16900.0,837.0,344.0,438.0,975.0,607.0,1.63,7.5,7.81,7.4,0.016,2080.0,2280.0,2500.0
49.6,28.8,12.3,0.646,0.686,0.17,1.93,1.21,1.02,42900.0,28800.0,12000.0,711.0,952.0,285.0,4310.0,1310.0,0.423,17.8,18.4,17.18,0.0151,2740.0,2800.0,2800.0
48.8,33.1,6.69,1.23,1.01,0.257,2.45,1.76,1.2,12200.0,9380.0,2510.0,471.0,327.0,102.0,1090.0,563.0,0.485,5.3,5.36,5.66,0.012,2540.0,2800.0,2800.0
37.6,25.3,29.5,0.826,0.515,0.257,2.03,0.97,1.7,30300.0,23100.0,35700.0,1020.0,536.0,328.0,2920.0,1000.0,0.687,17.1,17.3,17.33,0.01,2060.0,2200.0,2250.0
57.4,28.9,3.69,0.686,1.05,0.378,4.69,1.24,0.375,51300.0,29300.0,4940.0,938.0,1210.0,536.0,7460.0,1420.0,0.151,19.0,19.1,17.2,0.0051,2910.0,2910.0,2910.0
15.5,11.0,53.1,6.09,0.78,0.311,1.03,0.418,5.5,6060.0,4870.0,31100.0,3640.0,393.0,192.0,720.0,209.0,2.25,8.2,8.37,6.2,0.052,2010.0,2090.0,2180.0
51.9,25.9,11.5,1.4,1.53,1.28,3.1,1.4,2.4,27000.0,15300.0,8960.0,1110.0,1030.0,1060.0,2870.0,933.0,1.0,10.7,11.1,11.4,0.17,2235.0,2440.0,2535.0
16.2,11.5,58.9,2.38,0.631,0.176,0.721,0.635,1.93,2200.0,1760.0,12000.0,495.0,111.0,37.8,175.0,111.0,0.772,2.9,2.91,2.68,0.18,2060.0,2160.0,2360.0
47.1,27.1,9.48,4.01,0.835,0.332,2.5,1.23,3.56,26700.0,16900.0,5850.0,2970.0,633.0,278.0,2660.0,899.0,1.43,11.5,11.6,11.45,0.0117,2420.0,2500.0,2707.0
46.7,22.1,18.9,1.67,1.31,0.419,2.91,1.12,1.4,40600.0,21800.0,24700.0,2220.0,1470.0,577.0,4510.0,1250.0,0.567,18.4,18.6,18.2,0.022,2180.0,2290.0,2410.0
46.2,28.2,11.0,2.63,0.896,0.378,1.41,1.35,3.05,12900.0,8940.0,4590.0,1130.0,323.0,168.0,700.0,485.0,1.24,5.9,5.98,6.5,0.025,2410.0,2520.0,2640.0
56.9,23.3,3.83,3.42,1.13,0.648,2.68,0.97,1.75,45300.0,21000.0,4570.0,4160.0,1160.0,818.0,3800.0,989.0,0.714,16.7,17.0,16.2,0.036,2320.0,2400.0,2500.0
66.7,21.0,3.37,0.952,0.531,0.837,1.01,1.97,0.875,34800.0,12400.0,2640.0,760.0,358.0,693.0,939.0,1320.0,0.356,11.0,11.2,6.1,0.0032,2780.0,2800.0,2800.0
45.0,16.8,17.9,5.52,1.66,0.257,2.72,0.76,4.81,70100.0,29600.0,41700.0,13100.0,3330.0,633.0,7540.0,1510.0,1.94,33.1,33.3,30.67,0.2,1990.0,2040.0,2190.0
54.7,28.2,3.47,1.22,0.913,0.189,2.6,1.39,0.85,35200.0,20500.0,3340.0,1200.0,757.0,193.0,2970.0,1150.0,0.347,13.5,13.8,12.9,0.0102,2780.0,2800.0,2800.0
40.2,31.2,8.0,4.0,0.863,0.689,1.4,1.4,4.7,5150.0,4520.0,1530.0,783.0,143.0,140.0,319.0,230.0,1.91,2.7,2.74,2.7,0.018,2710.0,2800.0,2800.0
47.1,12.9,11.4,14.1,0.689,0.646,1.37,0.65,3.25,30700.0,9490.0,12000.0,14200.0,596.0,676.0,1660.0,536.0,1.34,13.6,14.0,12.82,0.104,2010.0,2093.0,2163.0
46.9,19.5,25.8,0.91,0.564,0.23,1.48,1.07,1.18,31600.0,14900.0,26100.0,939.0,491.0,246.0,1780.0,924.0,0.475,14.3,14.4,11.07,0.012,2110.0,2200.0,2320.0
36.9,19.2,35.1,1.3,0.365,0.648,2.0,1.0,2.3,24800.0,14600.0,35300.0,1330.0,316.0,690.0,2390.0,860.0,0.958,13.8,14.4,10.5,0.022,2100.0,2270.0,2310.0
52.9,29.9,7.72,0.602,0.432,0.081,1.14,1.94,0.8,41000.0,26200.0,8970.0,714.0,432.0,99.6,1580.0,1930.0,0.322,16.5,16.6,13.85,0.0031,2530.0,2620.0,2720.0
42.7,33.9,7.98,2.87,0.614,0.932,1.18,1.49,3.73,6240.0,5620.0,1750.0,642.0,116.0,216.0,307.0,279.0,1.51,3.1,3.13,3.1,0.0068,2800.0,2800.0,2800.0
39.8,26.7,20.2,2.59,1.08,0.324,2.02,1.12,2.55,13900.0,10600.0,10600.0,1380.0,486.0,179.0,1260.0,501.0,1.03,7.4,7.48,7.3,0.03,2010.0,2100.0,2190.0
57.8,29.1,4.43,0.63,0.863,0.162,2.45,1.47,0.5,44500.0,25400.0,5110.0,742.0,857.0,198.0,3360.0,1450.0,0.204,16.2,16.5,15.39,0.0056,2800.0,2800.0,2800.0
55.2,26.7,6.49,1.04,0.88,0.243,2.5,1.32,1.25,36500.0,20000.0,6430.0,1050.0,750.0,255.0,2940.0,1120.0,0.513,13.8,14.2,10.4,0.013,2800.0,2800.0,2800.0
55.2,27.2,5.65,1.13,1.66,0.621,3.05,1.38,2.54,25700.0,14300.0,3940.0,804.0,996.0,458.0,2530.0,822.0,1.02,9.9,9.96,10.83,0.016,2580.0,2670.0,2800.0
35.6,27.1,36.2,0.294,0.432,0.729,0.781,0.518,0.875,8840.0,7620.0,13400.0,112.0,138.0,287.0,345.0,165.0,0.358,5.2,5.31,6.0,0.025,1890.0,1970.0,2060.0
51.6,32.6,1.88,0.604,0.611,1.4,2.61,1.35,0.5,18600.0,13400.0,1000.0,333.0,281.0,781.0,1650.0,613.0,0.208,7.41,7.72,8.79,0.00513,2910.0,2910.0,2910.0
28.3,18.2,11.9,12.0,2.58,3.1,0.492,0.983,14.4,19200.0,13300.0,11300.0,10100.0,1930.0,2760.0,622.0,835.0,6.18,12.5,13.4,9.59,0.0226,2154.0,2329.0,2355.0
42.4,20.0,20.2,3.45,1.29,0.878,2.79,1.0,3.08,47400.0,25400.0,33800.0,5890.0,1870.0,1560.0,5560.0,1440.0,1.25,23.5,24.0,21.21,0.073,1930.0,2070.0,2150.0
55.0,24.4,11.9,0.422,0.963,0.37,2.78,1.16,0.518,53000.0,27200.0,18800.0,679.0,1210.0,548.0,4830.0,1450.0,0.216,20.2,21.0,19.54,0.0114,2408.0,2488.0,2628.0
53.6,21.7,13.9,1.18,0.93,0.257,3.06,1.19,1.43,44100.0,20200.0,17100.0,1480.0,985.0,334.0,4490.0,1250.0,0.587,17.1,17.6,16.36,0.01,2210.0,2360.0,2430.0
48.2,30.1,9.03,1.98,0.666,0.253,1.7,1.28,2.81,16300.0,11300.0,4380.0,857.0,299.0,144.0,1060.0,562.0,1.13,6.99,7.05,7.23,0.0101,2666.0,2714.0,2753.0
35.9,17.2,27.0,6.27,1.08,0.513,2.31,0.686,4.13,23200.0,12600.0,26200.0,6210.0,900.0,526.0,2660.0,568.0,1.67,13.7,13.9,12.4,0.046,1990.0,2120.0,2280.0
49.0,22.0,19.0,0.72,0.896,0.243,2.1,0.89,1.1,18600.0,9460.0,10800.0,418.0,439.0,146.0,1420.0,432.0,0.458,7.8,8.13,7.1,0.0219,2040.0,2090.0,2250.0
27.8,15.0,47.2,1.12,0.382,0.13,0.962,0.669,0.45,16000.0,9800.0,40700.0,985.0,283.0,118.0,985.0,492.0,0.188,11.8,12.3,10.8,0.017,1910.0,2000.0,2110.0
55.2,21.9,10.6,2.14,0.83,0.216,2.9,1.25,2.05,88300.0,39700.0,25400.0,5240.0,1710.0,548.0,8250.0,2570.0,0.828,33.9,34.2,34.45,0.014,2320.0,2450.0,2580.0
27.4,15.2,27.5,9.16,1.83,0.311,1.26,0.669,5.63,6110.0,3840.0,9160.0,3120.0,525.0,110.0,501.0,191.0,2.28,4.7,4.77,4.22,0.11,2030.0,2100.0,2200.0
31.8,29.7,22.4,3.1,1.01,1.35,0.9,1.1,5.4,7890.0,8350.0,8320.0,1180.0,324.0,531.0,398.0,349.0,2.25,5.1,5.31,5.8,0.023,2160.0,2275.0,2465.0
54.5,27.8,10.6,0.658,0.764,0.203,1.72,2.34,0.875,101000.0,58100.0,29400.0,1860.0,1820.0,594.0,5660.0,5540.0,0.352,39.3,39.6,39.1,0.0093,2640.0,2730.0,2800.0
33.8,22.5,29.0,3.21,0.631,0.324,1.37,1.34,1.93,23000.0,17300.0,29600.0,3340.0,553.0,350.0,1660.0,1170.0,0.784,14.3,14.6,16.02,0.012,2060.0,2150.0,2240.0
9.74,4.1,60.3,9.4,0.133,0.135,0.252,0.134,5.43,6870.0,3280.0,63700.0,10100.0,121.0,151.0,317.0,121.0,2.21,14.8,15.1,13.93,0.05,2050.0,2070.0,2110.0
54.9,30.4,5.63,0.924,0.863,0.27,2.98,1.3,1.58,16800.0,10600.0,2590.0,433.0,342.0,131.0,1630.0,509.0,0.637,6.5,6.57,6.18,0.0082,2600.0,2750.0,2800.0
56.7,28.3,8.34,0.28,0.581,0.124,1.81,1.91,0.5,117000.0,65800.0,25700.0,880.0,1540.0,405.0,6650.0,5020.0,0.204,43.1,44.0,44.3,0.0042,2800.0,2800.0,2800.0
51.0,39.3,2.28,0.61,0.432,0.162,1.38,1.34,0.83,17100.0,14900.0,1150.0,313.0,187.0,86.3,825.0,576.0,0.346,6.9,7.19,6.7,0.0056,2910.0,2910.0,2910.0
50.3,27.4,14.6,0.504,0.78,0.23,2.79,1.47,0.9,27800.0,17200.0,12100.0,426.0,557.0,201.0,2750.0,1040.0,0.364,11.7,11.8,10.7,0.01,2460.0,2550.0,2640.0
43.0,23.0,8.19,8.9,1.66,0.311,1.64,1.2,5.76,17400.0,10600.0,4980.0,5520.0,869.0,200.0,1190.0,623.0,2.33,8.6,8.69,9.4,0.028,2300.0,2350.0,2530.0
41.1,17.4,30.5,3.03,0.415,0.189,1.36,1.25,2.45,29800.0,14300.0,33000.0,3350.0,388.0,217.0,1750.0,1160.0,0.993,15.3,15.5,14.89,0.015,1990.0,2070.0,2300.0
28.9,16.2,49.2,0.7,0.664,0.23,1.39,0.702,0.975,18200.0,11600.0,46400.0,674.0,539.0,229.0,1560.0,566.0,0.395,13.3,13.5,13.06,0.014,2100.0,2150.0,2450.0
49.4,23.8,15.3,0.625,0.972,0.289,2.44,1.11,0.622,42800.0,23300.0,19800.0,881.0,1080.0,390.0,3730.0,1240.0,0.259,17.8,18.6,17.79,0.0123,2589.0,2654.0,2715.0
28.3,16.3,46.7,1.6,0.448,0.257,1.43,0.635,1.43,13700.0,8900.0,33800.0,1180.0,279.0,197.0,1230.0,393.0,0.584,10.1,10.3,9.54,0.013,2010.0,2070.0,2170.0
30.8,16.7,44.3,1.55,0.282,0.594,0.637,0.736,1.65,16100.0,9880.0,34600.0,1240.0,190.0,491.0,591.0,491.0,0.663,11.1,11.2,10.71,0.014,1980.0,2050.0,2340.0
47.5,30.4,6.15,0.406,0.847,0.324,3.97,1.14,0.725,58100.0,42100.0,11300.0,759.0,1330.0,628.0,8640.0,1780.0,0.292,26.0,26.2,20.68,0.0078,2720.0,2800.0,2800.0
48.8,26.2,15.8,0.658,0.631,0.284,2.97,1.54,1.3,38900.0,23700.0,18900.0,802.0,648.0,358.0,4210.0,1570.0,0.528,16.8,17.1,16.6,0.0094,2220.0,2360.0,2500.0
42.2,30.1,13.8,2.25,0.797,0.351,1.5,1.07,5.0,19300.0,15600.0,9500.0,1580.0,471.0,255.0,1230.0,628.0,2.05,9.6,9.82,9.9,0.0093,2520.0,2610.0,2700.0
49.2,31.0,7.29,1.81,0.88,0.351,2.24,1.04,2.33,22400.0,16000.0,4970.0,1260.0,517.0,254.0,1810.0,605.0,0.975,9.3,9.72,9.87,0.02,2760.0,2800.0,2800.0
45.2,21.4,21.0,1.3,0.0797,0.432,1.5,0.77,2.0,25700.0,13800.0,17900.0,1130.0,58.4,390.0,1520.0,560.0,0.811,12.0,12.2,10.7,0.017,2100.0,2210.0,2300.0
53.3,22.5,8.99,2.52,1.38,0.581,2.93,1.1,1.75,39900.0,19100.0,10100.0,2890.0,1330.0,690.0,3910.0,1060.0,0.729,15.4,16.0,13.4,0.018,2300.0,2350.0,2780.0
48.2,28.4,12.1,1.82,0.73,0.176,1.43,1.64,2.08,27500.0,18300.0,10400.0,1590.0,537.0,159.0,1450.0,1200.0,0.844,12.0,12.2,11.81,0.015,2530.0,2600.0,2730.0
45.4,28.4,14.4,1.37,0.647,0.27,1.75,1.52,1.23,16100.0,11400.0,7650.0,742.0,295.0,151.0,1110.0,689.0,0.495,7.5,7.57,8.17,0.0088,2420.0,2530.0,2580.0
42.8,33.1,12.4,2.0,0.896,0.675,2.19,0.953,3.45,4680.0,4100.0,2040.0,335.0,126.0,117.0,426.0,133.0,1.4,2.3,2.34,3.02,0.0163,2480.0,2620.0,2780.0
48.3,22.5,17.4,0.686,0.714,0.203,2.26,1.19,1.27,40200.0,21200.0,21700.0,873.0,766.0,267.0,3350.0,1260.0,0.516,17.6,17.8,17.5,0.015,2240.0,2370.0,2460.0
53.1,21.4,16.0,0.854,0.896,0.216,2.19,0.936,1.48,27400.0,12500.0,12300.0,673.0,596.0,177.0,2010.0,618.0,0.597,10.9,11.0,11.4,0.0069,2220.0,2310.0,2420.0
40.3,17.3,20.6,9.19,0.614,0.257,1.63,0.836,3.95,22300.0,10800.0,17100.0,7760.0,438.0,225.0,1610.0,591.0,1.61,11.6,11.8,12.02,0.037,2220.0,2340.0,2450.0
51.4,20.2,17.3,0.952,1.13,0.392,2.7,1.07,0.2,47000.0,20900.0,23600.0,1330.0,1330.0,568.0,4400.0,1250.0,0.0816,19.2,19.6,18.9,0.022,2100.0,2210.0,2330.0
52.2,22.0,18.7,0.826,0.415,0.216,1.5,1.27,1.38,21600.0,10300.0,11600.0,523.0,222.0,142.0,1110.0,674.0,0.561,8.7,8.87,8.4,0.0081,2400.0,2500.0,2600.0
47.3,25.2,17.7,0.84,1.2,0.284,2.92,1.02,1.88,45200.0,27200.0,25300.0,1230.0,1470.0,429.0,4970.0,1250.0,0.759,20.2,20.4,19.5,0.022,1980.0,2090.0,2220.0
43.9,24.2,22.4,1.4,1.13,0.945,2.1,1.2,2.2,23900.0,14900.0,18300.0,1170.0,793.0,817.0,2040.0,837.0,0.917,11.2,11.7,11.4,0.0064,2090.0,2260.0,2410.0
54.1,28.4,9.7,0.378,0.548,0.176,1.73,1.3,0.025,40500.0,24000.0,10900.0,432.0,528.0,208.0,2310.0,1250.0,0.011,15.8,16.0,16.0,0.014,2800.0,2800.0,2800.0
35.5,19.3,33.9,2.1,0.432,0.23,1.3,1.0,1.9,16000.0,9840.0,22900.0,1450.0,251.0,164.0,1040.0,579.0,0.772,9.5,9.65,9.6,0.038,1950.0,2070.0,2170.0
55.2,26.8,6.01,1.16,0.282,0.216,2.36,0.702,1.25,87200.0,48000.0,14200.0,2800.0,574.0,540.0,6620.0,1420.0,0.509,33.2,33.8,35.4,0.016,2580.0,2700.0,2790.0
50.7,32.6,7.29,1.27,0.631,0.243,1.48,1.34,1.95,17800.0,12900.0,3830.0,683.0,285.0,135.0,924.0,601.0,0.802,7.3,7.51,7.11,0.0046,2800.0,2800.0,2800.0
51.1,29.3,8.4,0.527,0.66,0.384,2.91,1.46,0.712,37700.0,24300.0,9380.0,586.0,625.0,451.0,3780.0,1390.0,0.291,15.5,15.8,19.95,0.00551,2800.0,2800.0,2800.0
41.7,19.3,26.0,2.52,1.11,0.446,2.37,0.92,0.85,34100.0,17800.0,31700.0,3140.0,1170.0,576.0,3440.0,960.0,0.345,17.2,17.5,17.4,0.021,2010.0,2100.0,2190.0
43.9,25.0,23.3,1.2,0.465,0.176,1.42,1.18,1.27,14500.0,9370.0,11600.0,608.0,199.0,92.2,838.0,501.0,0.515,7.0,7.09,7.8,0.012,2790.0,2910.0,2910.0
36.0,22.6,22.8,1.1,0.896,0.162,2.3,1.1,1.9,12000.0,8530.0,11400.0,560.0,385.0,85.6,1370.0,469.0,0.798,6.8,7.11,7.0,0.031,2105.0,2205.0,2315.0
40.0,28.0,23.5,1.39,0.299,0.257,1.33,1.57,2.29,17900.0,14200.0,15700.0,951.0,173.0,182.0,1060.0,900.0,0.954,9.2,9.58,9.08,0.011,2340.0,2483.0,2638.0
55.4,26.2,4.9,0.73,1.16,0.608,1.9,1.4,0.79,23400.0,12600.0,3100.0,472.0,634.0,408.0,1430.0,758.0,0.318,9.0,9.06,8.9,0.012,2800.0,2800.0,2800.0
49.5,24.2,16.0,1.08,1.05,0.081,2.32,1.34,1.33,31000.0,17200.0,15000.0,1040.0,845.0,80.5,2590.0,1070.0,0.538,13.2,13.4,12.47,0.0158,2320.0,2450.0,2490.0
22.3,8.99,30.0,15.2,0.498,0.203,0.79,0.44,16.1,17200.0,7830.0,34600.0,17800.0,494.0,247.0,1080.0,433.0,6.74,15.7,16.4,12.6,0.19,1910.0,1950.0,1990.0
40.2,31.6,12.2,3.24,1.08,0.702,1.05,1.61,4.13,3040.0,2700.0,1370.0,373.0,105.0,84.0,141.0,155.0,1.67,1.6,1.62,1.95,0.19,2480.0,2590.0,2670.0
40.0,16.0,21.0,3.6,0.664,0.203,1.8,0.75,2.5,16700.0,7580.0,13200.0,2300.0,358.0,134.0,1340.0,402.0,1.04,8.6,8.96,8.0,0.0416,1925.0,2045.0,2110.0
41.2,26.3,16.4,3.91,1.07,1.38,1.99,1.0,4.2,15300.0,11100.0,4330.0,1000.0,598.0,388.0,1450.0,418.0,1.71,6.71,6.82,6.47,0.011,2351.0,2383.0,2416.0
31.9,24.5,38.1,0.91,0.448,0.0662,1.32,0.569,1.0,11200.0,9770.0,20000.0,489.0,203.0,36.9,828.0,256.0,0.407,7.4,7.52,11.0,0.011,2780.0,2800.0,2800.0
43.4,21.6,27.2,1.32,0.448,0.243,1.5,1.4,1.3,34100.0,19200.0,31900.0,1580.0,454.0,303.0,2100.0,1410.0,0.52,16.8,16.8,16.68,0.002,2090.0,2200.0,2360.0
48.3,35.1,7.06,1.76,0.282,1.01,0.913,1.15,3.08,4330.0,3560.0,948.0,242.0,32.6,144.0,146.0,132.0,1.24,1.9,1.92,2.4,0.014,2700.0,2800.0,2800.0
62.3,28.7,1.72,0.574,0.531,0.243,2.28,2.59,0.875,61900.0,32300.0,2550.0,872.0,681.0,383.0,4040.0,3300.0,0.353,21.1,21.3,21.31,0.003,2800.0,2800.0,2800.0
28.7,18.8,41.0,1.48,0.481,0.243,1.14,0.736,2.65,7460.0,5540.0,16000.0,590.0,161.0,100.0,529.0,245.0,1.07,5.5,5.57,4.83,0.009,1900.0,2020.0,2150.0
44.5,18.8,28.9,0.728,0.515,0.203,1.42,1.51,0.9,42600.0,20300.0,41400.0,1070.0,635.0,307.0,2420.0,1840.0,0.361,20.4,20.5,20.45,0.032,2000.0,2120.0,2210.0
37.7,30.3,5.9,1.5,0.138,0.0487,2.5,2.3,1.2,26900.0,21200.0,4500.0,1010.0,145.0,55.2,3270.0,1810.0,0.47,12.9,13.3,13.9,0.169,2910.0,2910.0,2910.0
38.5,18.8,32.6,0.714,0.747,0.243,1.94,1.09,1.6,29100.0,16100.0,36900.0,826.0,728.0,291.0,2610.0,1050.0,0.66,15.7,16.2,10.97,0.16,2020.0,2100.0,2260.0
53.1,23.8,10.9,1.79,0.979,0.23,3.28,1.09,2.64,12300.0,6210.0,3760.0,631.0,291.0,84.0,1350.0,322.0,1.06,4.9,4.94,5.3,0.019,2480.0,2560.0,2670.0
38.3,29.7,17.8,4.25,0.744,0.316,0.262,1.31,5.78,7620.0,6630.0,6490.0,1230.0,178.0,94.8,90.0,325.0,2.35,4.32,4.39,4.28,0.0238,2602.0,2646.0,2730.0
36.6,23.5,29.9,1.31,0.415,0.176,0.94,1.1,1.91,11000.0,7980.0,13400.0,601.0,161.0,83.6,503.0,423.0,0.792,6.2,6.43,5.7,0.011,2110.0,2200.0,2310.0
46.4,26.1,19.8,0.56,0.764,0.0608,2.1,1.32,1.05,36700.0,23400.0,23400.0,678.0,779.0,76.2,2960.0,1340.0,0.426,16.7,16.9,13.5,0.018,2800.0,2800.0,2800.0
44.5,25.9,9.7,5.4,1.18,0.972,0.37,1.4,2.7,11700.0,7710.0,3820.0,2170.0,399.0,405.0,173.0,471.0,1.13,5.4,5.63,5.1,0.041,2280.0,2405.0,2495.0
73.4,18.8,2.29,0.518,0.432,0.338,0.913,1.34,0.9,29200.0,8470.0,1360.0,315.0,221.0,213.0,646.0,680.0,0.364,8.4,8.5,7.01,0.0045,2690.0,2760.0,2800.0
54.0,24.3,10.6,0.462,1.05,0.203,3.0,1.15,0.525,42000.0,21400.0,12300.0,549.0,1050.0,250.0,4160.0,1150.0,0.211,16.6,16.6,15.52,0.016,2460.0,2580.0,2770.0
46.7,29.1,4.72,3.22,0.93,0.324,1.2,1.19,3.75,14200.0,10000.0,2150.0,1500.0,364.0,156.0,650.0,462.0,1.52,6.4,6.5,3.59,0.024,2650.0,2720.0,2760.0
37.9,24.4,29.7,1.04,0.664,0.27,1.84,1.45,1.45,18300.0,13400.0,21500.0,766.0,414.0,207.0,1580.0,901.0,0.589,10.2,10.4,9.38,0.031,2020.0,2180.0,2250.0
42.8,24.8,23.2,1.9,1.05,0.662,0.9,1.7,1.9,29400.0,19300.0,23800.0,1990.0,925.0,720.0,1100.0,1490.0,0.792,14.1,14.7,12.6,0.014,2095.0,2305.0,2490.0
43.7,20.9,24.8,0.63,0.863,0.189,2.9,1.05,1.38,37500.0,20200.0,31800.0,826.0,954.0,257.0,4420.0,1160.0,0.561,18.0,18.4,17.4,0.018,2010.0,2120.0,2260.0
40.9,22.1,21.7,3.49,1.11,0.297,1.38,1.47,4.38,11600.0,7120.0,9250.0,1520.0,408.0,134.0,700.0,536.0,1.81,5.9,6.09,5.55,0.011,2140.0,2230.0,2360.0
31.7,27.4,14.5,9.09,0.813,0.338,1.39,0.753,6.75,12300.0,12100.0,8390.0,5390.0,407.0,208.0,963.0,374.0,2.77,8.1,8.3,7.6,0.039,2280.0,2400.0,2490.0
27.6,18.7,10.1,15.4,1.66,1.35,0.817,0.819,14.8,5470.0,4200.0,3000.0,4660.0,424.0,424.0,288.0,208.0,5.97,4.2,4.24,4.2,0.042,2140.0,2210.0,2290.0
48.5,29.3,7.18,2.94,0.813,0.932,0.589,1.76,3.93,5270.0,3600.0,1170.0,488.0,114.0,160.0,114.0,244.0,1.59,2.3,2.32,2.47,0.029,2430.0,2530.0,2690.0
52.0,29.5,8.29,1.18,0.93,0.689,2.85,1.61,0.325,14300.0,9150.0,3400.0,493.0,329.0,299.0,1390.0,563.0,0.131,5.8,5.87,4.6,0.0098,2470.0,2600.0,2690.0
12.4,8.54,62.7,1.88,0.332,0.203,0.373,0.468,2.2,3890.0,3030.0,29300.0,897.0,134.0,100.0,207.0,187.0,0.906,6.5,6.69,5.78,0.032,2060.0,2140.0,2200.0
27.1,9.58,11.3,22.8,3.32,1.17,0.294,0.886,19.3,10500.0,4090.0,6270.0,12700.0,1580.0,728.0,201.0,439.0,8.65,7.15,8.01,6.12,0.029,2175.0,2270.0,2295.0
41.5,21.4,27.2,0.952,0.564,0.446,1.94,1.25,1.33,27500.0,16000.0,26900.0,962.0,481.0,467.0,2280.0,1060.0,0.536,14.0,14.2,13.05,0.0096,2050.0,2140.0,2180.0
41.9,22.3,24.2,2.16,0.631,0.243,1.71,0.97,1.0,14200.0,8580.0,12300.0,1120.0,276.0,131.0,1030.0,422.0,0.41,7.1,7.27,7.1,0.022,1960.0,2070.0,2160.0
52.2,29.5,9.15,0.35,0.664,0.135,1.75,1.44,0.35,44800.0,28700.0,11800.0,459.0,735.0,184.0,2680.0,1580.0,0.142,18.1,18.4,17.45,0.007,2800.0,2800.0,2800.0
41.3,21.5,17.7,5.02,0.714,0.284,1.81,0.89,6.21,38100.0,22400.0,24400.0,7070.0,849.0,414.0,2970.0,1050.0,2.51,19.5,19.7,18.9,0.037,2150.0,2200.0,2340.0
49.9,29.9,6.72,1.44,0.266,0.284,1.32,1.29,1.3,62900.0,42600.0,12700.0,2780.0,432.0,567.0,2970.0,2080.0,0.531,26.4,27.0,24.8,0.0097,2770.0,2800.0,2800.0
45.6,37.9,5.38,1.15,0.257,0.123,0.982,3.67,0.783,29200.0,26400.0,6000.0,1010.0,221.0,121.0,1160.0,2830.0,0.326,13.0,13.5,12.03,0.00436,2910.0,2910.0,2910.0
34.7,16.0,13.7,7.91,3.15,1.34,0.673,0.669,15.4,24600.0,12800.0,14500.0,8570.0,2880.0,1500.0,849.0,607.0,6.55,14.3,15.2,10.13,0.0075,2160.0,2350.0,2420.0
22.3,8.47,42.2,11.9,0.199,0.189,0.877,0.435,5.9,16300.0,7020.0,46200.0,13300.0,188.0,219.0,1140.0,408.0,2.42,15.3,15.7,12.3,0.03,1940.0,1950.0,2220.0
61.0,25.7,3.8,0.644,0.913,0.324,3.09,1.27,0.875,22400.0,10700.0,2100.0,362.0,433.0,189.0,2020.0,599.0,0.358,7.7,7.88,7.3,0.0085,2650.0,2760.0,2910.0
48.8,19.8,14.6,4.4,0.498,0.392,2.0,1.1,1.6,17300.0,7970.0,7740.0,2380.0,228.0,220.0,1260.0,500.0,0.666,7.3,7.59,6.7,0.031,2115.0,2210.0,2315.0
45.7,28.8,8.8,0.83,1.39,1.13,3.6,1.4,1.2,13600.0,9690.0,3910.0,377.0,534.0,534.0,1900.0,532.0,0.484,6.3,6.36,6.3,0.026,2455.0,2565.0,2655.0
53.9,21.7,12.6,1.58,0.647,0.104,2.02,1.09,1.75,45200.0,20600.0,15800.0,2030.0,699.0,138.0,3010.0,1170.0,0.705,17.8,17.9,17.4,0.018,2360.0,2450.0,2560.0
65.4,24.5,2.6,0.82,0.382,0.338,1.7,1.9,0.83,24000.0,10200.0,1430.0,459.0,180.0,196.0,1110.0,891.0,0.338,7.7,7.84,7.1,0.002,2800.0,2800.0,2800.0
21.4,22.2,7.34,10.7,6.31,7.8,1.31,0.775,14.1,5120.0,5300.0,2070.0,3080.0,1560.0,2330.0,524.0,202.0,5.88,4.21,4.41,4.39,0.0181,2164.0,2357.0,2536.0
36.7,19.2,36.7,1.43,0.614,0.13,1.43,1.15,2.19,22700.0,13500.0,34000.0,1350.0,490.0,127.0,1580.0,911.0,0.921,12.6,13.2,9.5,0.021,1980.0,2030.0,2450.0
33.4,22.1,29.7,4.01,0.465,0.324,0.841,0.652,2.9,13100.0,9850.0,17500.0,2410.0,236.0,202.0,589.0,328.0,1.18,8.3,8.42,7.8,0.023,2070.0,2160.0,2260.0
42.4,28.4,19.0,0.588,0.93,0.311,2.22,1.07,1.0,25900.0,19600.0,17400.0,549.0,733.0,301.0,2420.0,837.0,0.403,13.0,13.1,14.1,0.0069,2580.0,2640.0,2740.0
36.2,19.2,36.3,1.37,0.415,0.081,0.733,1.3,2.3,17800.0,10700.0,26700.0,1030.0,263.0,63.2,642.0,821.0,0.94,10.3,10.5,11.3,0.009,1980.0,2100.0,2240.0
44.6,25.1,18.9,0.994,1.48,0.338,3.27,0.903,1.73,38800.0,24700.0,24600.0,1320.0,1650.0,465.0,5060.0,1000.0,0.697,18.4,18.6,17.9,0.037,2260.0,2370.0,2480.0
36.8,27.6,21.0,3.28,0.382,0.419,0.577,1.09,2.55,9770.0,8290.0,8350.0,1330.0,131.0,176.0,273.0,369.0,1.05,5.5,5.68,5.4,0.023,2390.0,2430.0,2470.0
27.2,10.4,54.1,0.812,0.847,0.446,1.5,0.552,1.05,11400.0,4930.0,33800.0,519.0,456.0,295.0,1120.0,295.0,0.437,8.6,8.94,6.87,0.038,2030.0,2080.0,2270.0
47.2,39.8,2.12,1.01,0.315,0.13,1.47,2.57,0.283,27200.0,25700.0,1850.0,779.0,267.0,136.0,1840.0,1700.0,0.115,12.1,12.2,11.48,0.00735,2910.0,2910.0,2910.0
49.9,33.9,6.95,0.826,0.764,0.162,2.08,1.07,0.95,21400.0,16400.0,4460.0,541.0,422.0,110.0,1590.0,587.0,0.392,8.9,9.17,8.8,0.0084,2800.0,2800.0,2800.0
16.7,9.07,61.6,2.86,0.498,0.297,0.673,0.435,3.83,5710.0,3500.0,31400.0,1490.0,219.0,161.0,409.0,190.0,1.55,7.2,7.3,7.1,0.012,2100.0,2200.0,2280.0
48.4,24.7,4.98,8.1,0.963,0.338,2.34,1.22,1.58,32300.0,18700.0,4970.0,8260.0,829.0,357.0,2790.0,1040.0,0.643,14.0,14.3,12.8,0.02,2440.0,2520.0,2610.0
44.7,20.8,24.7,0.868,0.664,0.23,1.73,1.09,1.55,44200.0,23300.0,36600.0,1310.0,847.0,360.0,3050.0,1380.0,0.634,20.7,21.2,18.77,0.0225,2100.0,2190.0,2420.0
29.1,21.9,22.6,7.25,1.54,1.49,1.27,0.87,9.75,4430.0,3790.0,5160.0,1690.0,303.0,359.0,346.0,170.0,3.98,3.2,3.26,2.9,0.049,2060.0,2140.0,2260.0
55.1,27.5,7.28,0.423,1.43,0.322,3.48,1.24,1.29,44600.0,25500.0,8680.0,511.0,1510.0,412.0,5080.0,1280.0,0.537,16.7,17.4,14.78,0.0295,2624.0,2718.0,2789.0
43.9,22.3,13.2,7.1,0.747,0.176,1.75,0.92,2.58,21900.0,12600.0,9840.0,5420.0,481.0,139.0,1560.0,588.0,1.06,10.4,10.7,11.04,0.035,2290.0,2320.0,2380.0
54.0,27.8,5.78,0.578,0.0639,0.0486,1.88,1.4,0.18,34500.0,20200.0,5270.0,566.0,53.2,49.6,2140.0,1140.0,0.074,13.3,13.7,11.8,0.00634,2910.0,2910.0,2910.0
51.5,23.4,9.96,0.976,0.816,0.555,0.533,2.46,1.29,17100.0,8760.0,4540.0,476.0,339.0,290.0,278.0,1070.0,0.52,6.94,6.99,7.25,0.0144,2620.0,2689.0,2712.0
52.0,26.5,9.44,0.644,1.08,0.243,2.52,1.35,1.18,51200.0,29500.0,13900.0,970.0,1370.0,380.0,4430.0,1710.0,0.477,20.8,21.1,18.89,0.0094,2550.0,2590.0,2690.0
53.8,24.3,12.0,1.53,0.614,0.351,2.02,2.24,2.03,17400.0,8870.0,5810.0,753.0,256.0,180.0,1160.0,926.0,0.836,6.7,6.91,6.3,0.0094,2400.0,2490.0,2590.0
47.6,30.1,10.7,1.12,1.99,0.486,4.18,1.15,2.0,43400.0,31000.0,14600.0,1560.0,2340.0,703.0,6790.0,1350.0,0.809,19.3,19.5,18.7,0.012,2490.0,2580.0,2700.0
30.2,16.0,39.9,2.5,0.332,0.216,0.68,0.82,3.2,17500.0,10500.0,34600.0,2210.0,248.0,198.0,701.0,607.0,1.3,12.2,12.4,12.0,0.031,2090.0,2200.0,2310.0
36.8,14.0,35.8,2.69,1.58,0.554,2.26,0.686,2.78,48900.0,21100.0,71100.0,5460.0,2700.0,1170.0,5350.0,1170.0,1.16,27.3,28.4,26.2,0.017,1950.0,2000.0,2040.0
40.1,26.2,13.2,7.65,1.08,0.648,1.3,1.28,3.72,24700.0,16500.0,11000.0,5390.0,732.0,481.0,1450.0,1040.0,1.51,12.1,12.2,8.77,0.0318,2172.0,2225.0,2298.0
52.4,21.4,9.4,2.63,1.83,1.05,2.49,1.15,3.5,11700.0,5400.0,3130.0,897.0,525.0,372.0,987.0,329.0,1.42,4.7,4.77,4.7,0.12,2240.0,2380.0,2520.0
48.0,35.2,3.7,1.36,1.31,0.594,2.5,1.15,1.68,17000.0,14100.0,1970.0,737.0,600.0,334.0,1580.0,524.0,0.678,7.5,7.59,7.3,0.052,2800.0,2800.0,2800.0
44.7,31.1,15.8,1.7,0.813,1.11,1.9,1.1,2.1,23100.0,18200.0,12200.0,1340.0,541.0,905.0,1750.0,726.0,0.875,10.6,11.0,10.4,0.011,2620.0,2715.0,2780.0
42.4,23.4,23.9,0.686,1.1,0.297,3.21,0.769,1.43,20000.0,12500.0,16900.0,495.0,667.0,222.0,2700.0,465.0,0.576,10.0,10.1,9.53,0.013,2160.0,2250.0,2580.0
35.2,13.2,12.0,17.2,2.66,0.945,0.601,0.92,13.1,15000.0,6390.0,7670.0,11200.0,1460.0,639.0,456.0,502.0,5.84,8.2,9.13,7.04,0.028,2070.0,2150.0,2160.0
48.9,30.4,11.2,0.448,1.13,0.324,3.05,1.29,0.925,52700.0,37100.0,18100.0,738.0,1570.0,554.0,5860.0,1770.0,0.373,22.9,23.1,21.91,0.007,2600.0,2660.0,2720.0
52.9,31.6,4.43,1.3,0.697,1.12,1.9,1.94,1.27,20900.0,14100.0,2620.0,786.0,355.0,702.0,1340.0,981.0,0.513,8.4,8.46,7.38,0.0053,2740.0,2800.0,2800.0
60.3,26.2,3.25,0.868,1.05,0.446,2.69,1.72,1.33,48800.0,24000.0,3930.0,1070.0,1090.0,572.0,3880.0,1780.0,0.537,17.1,17.3,15.67,0.0046,2690.0,2800.0,2800.0
60.5,27.8,3.85,0.707,0.605,0.344,1.43,2.34,0.961,29300.0,15500.0,3140.0,492.0,357.0,231.0,1240.0,1430.0,0.39,10.3,10.4,10.63,0.0117,2793.0,2800.0,2800.0
44.5,20.8,25.9,1.08,0.598,0.23,1.97,1.02,1.88,22400.0,11800.0,19400.0,828.0,387.0,183.0,1760.0,656.0,0.768,10.5,10.8,9.8,0.0092,2160.0,2260.0,2350.0
34.5,15.1,36.0,2.76,0.797,0.149,2.48,0.619,3.2,35600.0,17600.0,55700.0,4350.0,1060.0,243.0,4550.0,817.0,1.33,21.2,22.1,18.4,0.026,1840.0,1920.0,1990.0
37.0,27.0,24.6,1.57,0.465,0.581,1.08,1.09,0.85,12100.0,10000.0,12000.0,783.0,196.0,301.0,629.0,455.0,0.345,6.9,6.99,6.32,0.01,2140.0,2350.0,2450.0
53.4,25.1,9.87,0.98,1.44,0.716,3.1,1.29,1.7,36500.0,19400.0,10100.0,1020.0,1270.0,774.0,3770.0,1120.0,0.69,14.4,14.6,14.1,0.011,2580.0,2700.0,2780.0
62.8,28.1,2.5,0.3,0.664,0.837,1.1,2.5,1.0,48300.0,24500.0,2880.0,353.0,658.0,1020.0,1510.0,2460.0,0.417,15.8,16.5,16.4,0.017,1985.0,2070.0,2120.0
15.4,5.5,59.0,0.87,0.365,0.189,0.81,0.41,1.6,6290.0,2540.0,36000.0,543.0,192.0,122.0,589.0,214.0,0.666,8.4,8.74,8.2,0.043,2115.0,2205.0,2315.0
52.0,31.9,3.52,1.11,0.896,0.567,2.97,2.12,1.38,38000.0,26500.0,3850.0,1240.0,846.0,658.0,3870.0,1990.0,0.556,15.5,15.7,14.4,0.0075,2800.0,2800.0,2800.0
15.2,16.7,47.3,6.67,0.896,0.068,0.685,0.435,8.2,2590.0,3220.0,12100.0,1740.0,197.0,19.0,208.0,94.8,3.42,3.5,3.65,3.7,0.049,2100.0,2150.0,2200.0
52.0,25.0,10.0,1.6,1.16,0.932,3.0,1.1,1.6,36400.0,19800.0,10500.0,1710.0,1050.0,1040.0,3740.0,987.0,0.667,14.4,15.0,12.6,0.0247,2350.0,2410.0,2630.0
52.1,30.9,7.15,2.24,0.664,0.27,2.1,1.57,1.38,22200.0,14900.0,4560.0,1460.0,365.0,183.0,1600.0,858.0,0.558,9.0,9.13,8.7,0.0095,2800.0,2800.0,2800.0
20.3,13.7,55.6,0.994,0.166,0.0608,0.216,0.351,1.0,11700.0,8950.0,48000.0,877.0,123.0,55.6,222.0,259.0,0.402,12.3,12.3,12.7,0.026,2010.0,2110.0,2220.0
48.0,29.5,7.14,1.3,1.43,0.338,4.19,1.34,1.7,31600.0,22000.0,7040.0,1310.0,1210.0,353.0,4920.0,1130.0,0.685,14.0,14.1,12.9,0.016,2550.0,2680.0,2770.0
37.6,18.4,34.9,1.05,0.382,0.0878,0.841,1.19,1.55,16300.0,9070.0,22700.0,697.0,214.0,60.4,650.0,659.0,0.626,9.2,9.29,9.06,0.0075,2130.0,2190.0,2330.0
45.1,23.2,13.3,2.5,0.83,0.23,2.1,1.3,3.0,14600.0,8480.0,6430.0,1230.0,346.0,118.0,1210.0,537.0,1.22,6.8,6.91,6.3,0.018,2435.0,2545.0,2650.0
48.4,22.1,15.7,2.24,0.797,0.5,3.0,0.936,3.0,7810.0,4040.0,3800.0,553.0,166.0,128.0,864.0,194.0,1.22,3.4,3.46,3.26,0.063,2150.0,2240.0,2350.0
53.8,27.3,11.8,0.63,0.88,0.189,3.08,2.01,0.75,108000.0,62300.0,35500.0,1940.0,2280.0,603.0,11000.0,5170.0,0.303,42.6,43.1,41.0,0.018,2470.0,2560.0,2670.0
32.1,18.5,39.5,1.9,1.03,0.918,1.6,0.9,3.6,17300.0,11300.0,31900.0,1570.0,717.0,786.0,1540.0,622.0,1.5,11.1,11.6,10.3,0.022,1955.0,2085.0,2155.0
49.6,26.3,7.01,3.36,0.282,0.378,2.55,1.19,2.3,38000.0,22800.0,8030.0,3930.0,278.0,459.0,3470.0,1160.0,0.942,16.0,16.4,15.1,0.022,2300.0,2430.0,2520.0
44.3,27.5,14.4,2.48,1.34,0.041,3.04,1.07,3.33,15100.0,10600.0,7340.0,1290.0,589.0,22.0,1840.0,466.0,1.34,7.2,7.27,6.91,0.063,2250.0,2490.0,2690.0
39.2,18.2,27.4,4.6,1.05,0.689,1.9,0.9,4.7,18100.0,9530.0,19000.0,3250.0,623.0,505.0,1560.0,533.0,1.96,9.5,9.9,8.6,0.033,1895.0,1980.0,2020.0
55.4,33.5,2.73,0.817,0.704,1.19,2.18,1.83,1.92,23600.0,14700.0,1350.0,285.0,364.0,570.0,1820.0,1000.0,0.8,8.29,8.63,8.61,0.00423,2910.0,2910.0,2910.0
42.2,28.4,9.82,4.89,0.647,0.405,1.38,1.15,1.88,48000.0,36600.0,16700.0,8480.0,947.0,729.0,2790.0,1680.0,0.759,24.0,24.3,23.7,0.03,2420.0,2540.0,2660.0
43.7,25.9,23.7,0.574,0.515,0.149,1.84,1.07,0.65,34100.0,22900.0,27800.0,686.0,518.0,184.0,2560.0,1070.0,0.262,16.6,16.7,14.67,0.0052,2350.0,2470.0,2550.0
56.3,30.1,3.99,0.588,0.614,0.054,2.66,2.78,1.02,57000.0,34500.0,6050.0,911.0,802.0,86.8,4790.0,3600.0,0.416,21.4,21.7,18.5,0.0059,2800.0,2800.0,2800.0
53.3,22.5,13.7,1.08,0.88,0.311,2.85,1.29,1.2,30000.0,14300.0,11600.0,927.0,638.0,277.0,2850.0,927.0,0.494,11.7,12.0,9.77,0.0045,2280.0,2410.0,2420.0
41.5,22.0,29.5,0.7,0.531,0.23,1.67,0.9,1.27,19000.0,11400.0,20200.0,491.0,314.0,167.0,1360.0,528.0,0.53,9.4,9.84,7.2,0.0093,2080.0,2130.0,2300.0
39.6,20.4,13.3,10.5,1.43,0.486,1.15,1.09,8.78,11000.0,6430.0,5540.0,4460.0,512.0,214.0,572.0,387.0,3.54,5.9,5.95,4.37,0.039,2270.0,2380.0,2470.0
60.3,28.5,3.15,0.434,0.946,0.243,1.75,1.67,0.9,125000.0,66900.0,9750.0,1370.0,2530.0,797.0,6470.0,4430.0,0.364,43.8,44.3,36.17,0.0075,2800.0,2800.0,2800.0
28.2,30.4,44.5,0.8,0.199,0.124,0.41,0.6,0.95,18100.0,22000.0,42600.0,782.0,164.0,126.0,467.0,491.0,0.394,13.2,13.7,11.9,0.0093,2005.0,2105.0,2205.0
50.4,30.0,7.25,1.2,0.935,0.46,1.39,1.6,1.52,13900.0,9340.0,3040.0,506.0,333.0,200.0,678.0,568.0,0.612,5.88,5.91,6.95,0.00583,2800.0,2800.0,2800.0
36.3,24.3,15.9,5.44,1.48,0.203,1.02,1.57,7.43,4360.0,3300.0,2860.0,1000.0,229.0,38.6,219.0,242.0,3.06,2.5,2.58,2.3,0.047,2120.0,2170.0,2290.0
46.9,29.1,12.8,1.34,0.481,0.621,1.17,1.35,2.25,14700.0,10300.0,6010.0,645.0,195.0,309.0,651.0,544.0,0.916,6.6,6.72,6.3,0.0072,2800.0,2800.0,2800.0
48.6,27.1,6.7,3.2,1.99,2.43,2.2,1.5,5.4,9940.0,6270.0,2050.0,1000.0,525.0,788.0,801.0,392.0,2.25,4.2,4.38,4.1,0.038,2610.0,2695.0,2780.0
34.2,17.4,38.3,5.57,0.481,0.189,1.13,0.569,5.5,16900.0,9720.0,28300.0,4200.0,306.0,148.0,993.0,359.0,2.23,10.4,10.6,11.4,0.095,1920.0,2010.0,2120.0
47.2,24.9,20.9,0.756,1.1,0.149,2.52,1.14,1.02,36900.0,22000.0,24400.0,902.0,1100.0,184.0,3510.0,1140.0,0.415,16.5,16.7,16.02,0.0108,2140.0,2210.0,2680.0
43.3,24.2,13.5,3.57,1.66,0.378,2.14,1.27,5.56,14400.0,9100.0,6730.0,1810.0,712.0,199.0,1270.0,540.0,2.26,7.0,7.12,6.3,0.016,2130.0,2180.0,2380.0
41.1,20.4,31.1,1.43,0.747,0.459,1.33,0.987,2.5,30100.0,16900.0,34100.0,1600.0,705.0,533.0,1740.0,925.0,1.02,15.4,15.7,14.7,0.012,2010.0,2100.0,2200.0
24.0,12.3,20.2,18.7,0.598,0.311,1.27,0.518,4.53,13300.0,7710.0,16700.0,15800.0,425.0,272.0,1250.0,366.0,1.83,11.7,11.8,11.3,0.089,2000.0,2100.0,2180.0
47.9,35.8,8.99,1.55,0.481,0.0716,0.889,0.903,1.5,14400.0,12200.0,4050.0,715.0,187.0,34.2,477.0,348.0,0.604,6.4,6.45,6.1,0.0098,2800.0,2800.0,2800.0
45.6,20.0,18.6,3.84,0.896,0.311,2.45,1.0,2.85,30500.0,15200.0,18600.0,3930.0,774.0,330.0,2920.0,860.0,1.17,14.0,14.3,14.0,0.034,2150.0,2180.0,2280.0
44.5,26.3,10.8,4.65,1.49,0.365,3.09,1.29,3.18,40000.0,26700.0,14500.0,6380.0,1730.0,519.0,4940.0,1480.0,1.29,18.9,19.2,13.3,0.021,2130.0,2180.0,2280.0
51.0,22.0,6.8,0.87,1.15,0.351,2.4,1.2,1.2,17400.0,8490.0,3470.0,453.0,503.0,190.0,1460.0,523.0,0.5,7.0,7.29,5.5,0.0158,2460.0,2520.0,2680.0
55.2,27.0,8.51,0.588,1.24,0.257,3.0,1.35,0.9,56800.0,31500.0,13100.0,925.0,1650.0,418.0,5500.0,1780.0,0.369,21.5,22.0,21.24,0.0063,2560.0,2680.0,2800.0
55.6,30.4,4.0,0.924,0.764,0.351,2.01,1.42,1.0,10500.0,6520.0,1130.0,267.0,186.0,105.0,676.0,344.0,0.405,4.0,4.05,4.57,0.012,2760.0,2800.0,2800.0
40.2,32.1,21.0,1.26,0.598,0.203,1.31,0.953,1.5,20100.0,18100.0,15700.0,960.0,384.0,160.0,1160.0,608.0,0.604,10.6,10.7,11.07,0.0015,2640.0,2760.0,2800.0
46.7,25.3,9.72,4.19,0.797,0.5,0.889,1.39,3.73,15000.0,9240.0,4690.0,2060.0,331.0,255.0,510.0,572.0,1.51,6.8,6.89,6.59,0.016,2530.0,2610.0,2650.0
55.5,29.5,4.33,0.308,1.11,0.324,5.69,1.29,0.85,69000.0,41500.0,8060.0,585.0,1780.0,638.0,12600.0,2050.0,0.342,26.4,26.6,25.3,0.018,2800.0,2800.0,2800.0
20.0,10.0,60.0,1.5,0.448,0.149,0.61,0.51,2.2,4280.0,2420.0,19200.0,491.0,124.0,50.4,233.0,140.0,0.917,4.4,4.58,4.3,0.0725,1960.0,1980.0,2000.0
46.4,27.0,13.3,1.25,1.06,0.162,3.37,0.886,1.5,21700.0,14300.0,9290.0,889.0,639.0,120.0,2800.0,529.0,0.611,9.8,9.98,9.49,0.012,2410.0,2580.0,2680.0
58.6,22.6,6.1,0.77,0.365,0.621,0.42,3.1,0.86,23100.0,10100.0,3600.0,464.0,186.0,388.0,295.0,1560.0,0.358,8.1,8.44,9.2,0.006,2605.0,2730.0,2800.0
46.2,32.7,11.0,1.85,1.44,0.338,2.6,1.45,1.08,13800.0,11000.0,4900.0,840.0,554.0,159.0,1380.0,554.0,0.435,6.3,6.37,6.66,0.0072,2560.0,2680.0,2800.0
50.1,24.8,11.9,2.82,1.33,0.54,2.63,1.12,2.1,72200.0,40400.0,25700.0,6200.0,2470.0,1230.0,6750.0,2070.0,0.852,30.4,30.8,28.9,0.021,2220.0,2310.0,2420.0
50.0,31.0,5.1,0.92,0.963,0.284,2.2,1.6,1.9,31400.0,22000.0,4790.0,883.0,779.0,282.0,2460.0,1290.0,0.792,12.9,13.4,6.3,0.0204,2190.0,2240.0,2300.0
32.4,21.6,34.4,2.16,0.747,0.122,0.625,0.686,3.08,17000.0,12800.0,26900.0,1730.0,505.0,101.0,583.0,460.0,1.24,11.1,11.2,14.9,0.032,2390.0,2490.0,2600.0
44.9,28.4,15.6,0.924,0.813,0.338,2.74,1.22,1.25,25300.0,18100.0,13100.0,795.0,590.0,301.0,2750.0,879.0,0.51,11.8,12.0,12.15,0.0059,2620.0,2660.0,2700.0
51.4,29.9,11.3,0.56,1.06,0.284,2.44,1.59,1.33,43000.0,28300.0,14200.0,717.0,1150.0,376.0,3640.0,1700.0,0.54,17.6,17.9,15.57,0.0086,2650.0,2790.0,2800.0
50.1,21.2,15.3,2.76,1.2,0.513,2.8,1.12,2.3,40600.0,19400.0,18600.0,3420.0,1250.0,659.0,4040.0,1160.0,0.933,17.1,17.3,15.1,0.017,2350.0,2460.0,2540.0
20.5,16.8,35.1,7.1,1.11,0.675,0.649,0.803,13.8,2850.0,2650.0,7300.0,1510.0,199.0,149.0,160.0,143.0,5.64,2.9,2.97,2.8,0.33,2060.0,2150.0,2250.0
36.3,16.7,19.3,8.21,0.861,0.904,2.32,0.869,4.73,19200.0,10100.0,15700.0,6760.0,589.0,752.0,2200.0,592.0,1.96,11.0,11.4,9.33,0.0546,2154.0,2244.0,2327.0
48.8,26.8,15.1,0.77,0.697,0.23,2.44,1.54,1.23,35100.0,21900.0,16200.0,846.0,646.0,262.0,3120.0,1420.0,0.496,15.2,15.4,14.46,0.0053,2600.0,2690.0,2800.0
57.0,28.8,2.03,0.516,0.514,0.759,2.85,2.57,0.544,25900.0,14700.0,1450.0,383.0,290.0,526.0,2110.0,1450.0,0.221,9.52,9.69,10.94,0.0039,2800.0,2800.0,2800.0
44.4,21.6,15.4,2.8,0.481,0.203,1.1,1.3,2.9,13300.0,7320.0,6900.0,1280.0,186.0,96.1,586.0,498.0,1.2,6.2,6.41,6.1,0.02,2365.0,2455.0,2555.0
27.0,14.0,48.0,3.6,0.365,0.419,1.1,0.62,1.8,13500.0,7950.0,36000.0,2760.0,236.0,333.0,982.0,398.0,0.75,10.3,10.7,10.0,0.0128,1940.0,2000.0,2025.0
41.7,28.2,23.5,2.17,0.747,0.203,2.69,1.12,2.1,26400.0,20200.0,22200.0,2100.0,610.0,203.0,3040.0,909.0,0.857,13.3,13.6,12.36,0.0051,2320.0,2520.0,2590.0
43.4,23.6,18.9,1.93,1.2,0.594,2.49,1.09,2.98,15800.0,9760.0,10300.0,1080.0,562.0,344.0,1620.0,508.0,1.21,7.7,7.81,7.46,0.027,2160.0,2280.0,2470.0
70.2,7.75,15.9,1.69,0.113,0.149,0.252,0.234,1.1,46800.0,5850.0,15800.0,1730.0,97.0,157.0,299.0,200.0,0.445,14.1,14.3,25.7,0.015,2910.0,2910.0,2910.0
29.1,16.9,35.8,6.51,0.83,0.203,1.2,0.736,7.25,12200.0,8030.0,22400.0,4170.0,448.0,134.0,896.0,394.0,2.95,8.8,8.96,9.0,0.055,2000.0,2100.0,2220.0
46.3,20.0,24.7,0.798,1.08,0.486,2.99,0.836,2.0,79100.0,38800.0,63100.0,2090.0,2380.0,1320.0,9110.0,1830.0,0.806,36.3,36.6,34.7,0.012,2010.0,2120.0,2260.0
33.0,15.0,36.6,3.77,0.813,0.675,1.73,0.92,2.7,24600.0,12700.0,40900.0,4290.0,782.0,798.0,2300.0,878.0,1.11,15.5,16.0,12.81,0.032,1980.0,2030.0,2150.0
37.7,19.5,33.5,0.644,0.714,0.203,2.12,0.87,1.5,40500.0,23700.0,53900.0,1060.0,990.0,345.0,4050.0,1200.0,0.611,22.6,23.0,22.3,0.009,1970.0,2060.0,2150.0
49.6,23.1,21.7,0.714,0.581,0.243,1.9,1.07,1.35,24900.0,13100.0,16300.0,548.0,376.0,193.0,1700.0,687.0,0.552,10.5,10.7,12.1,0.0081,2650.0,2760.0,2910.0
45.4,28.0,13.4,2.77,0.913,0.378,2.33,1.3,2.38,24600.0,17200.0,10900.0,2300.0,638.0,325.0,2250.0,905.0,0.959,11.5,11.6,10.2,0.015,2410.0,2500.0,2630.0
42.2,34.3,14.5,1.0,0.349,0.284,0.87,2.19,1.05,28600.0,26300.0,14700.0,1040.0,305.0,305.0,1050.0,1900.0,0.426,14.3,14.5,15.7,0.0069,2910.0,2910.0,2910.0
57.8,25.9,3.19,0.896,0.73,0.81,1.78,2.09,1.0,38300.0,19400.0,3160.0,908.0,624.0,851.0,2100.0,1770.0,0.402,14.1,14.2,13.4,0.0064,2800.0,2800.0,2800.0
37.5,27.3,16.7,1.67,0.647,0.297,2.0,1.16,2.73,12800.0,10500.0,8510.0,869.0,285.0,161.0,1210.0,507.0,1.11,7.2,7.3,7.05,0.0098,2470.0,2520.0,2700.0
47.1,20.4,23.7,0.924,0.548,0.243,2.4,1.49,1.4,32100.0,15800.0,24200.0,964.0,482.0,263.0,2920.0,1300.0,0.564,14.5,14.6,13.78,0.018,2210.0,2360.0,2470.0
48.8,26.5,13.0,1.54,1.03,0.662,2.12,1.34,1.55,10900.0,6720.0,4370.0,528.0,298.0,235.0,845.0,384.0,0.633,4.7,4.8,4.75,0.015,2250.0,2480.0,2600.0
20.1,17.7,20.5,10.4,1.83,0.729,1.26,0.619,17.4,4050.0,4030.0,6180.0,3200.0,474.0,233.0,452.0,159.0,7.32,4.1,4.3,3.79,0.19,2070.0,2250.0,2430.0
48.0,23.0,9.7,1.1,0.996,0.513,2.1,1.1,2.0,14000.0,7600.0,4240.0,491.0,375.0,238.0,1090.0,411.0,0.833,6.0,6.25,6.1,0.0104,2580.0,2720.0,2870.0
17.8,10.6,31.9,19.6,0.382,0.338,0.817,0.518,7.58,10400.0,6970.0,27800.0,17500.0,286.0,311.0,847.0,386.0,3.07,12.3,12.5,11.2,0.026,2100.0,2180.0,2270.0
45.4,31.2,12.8,1.47,0.564,0.284,2.2,1.62,1.6,22900.0,17800.0,9670.0,1130.0,367.0,227.0,1980.0,1050.0,0.646,10.7,10.8,11.0,0.0059,2620.0,2710.0,2770.0
56.4,26.3,6.55,0.776,0.733,0.866,1.54,1.74,0.744,28800.0,14200.0,4530.0,572.0,482.0,666.0,1490.0,1180.0,0.31,10.2,10.6,8.46,0.00964,2735.0,2769.0,2798.0
36.4,17.2,23.7,7.6,1.39,0.405,2.1,0.8,7.8,20900.0,11200.0,20400.0,6680.0,1030.0,369.0,2150.0,589.0,3.23,11.9,12.3,10.4,0.043,2065.0,2160.0,2255.0
38.3,27.6,5.59,10.2,1.03,0.5,1.61,1.12,7.45,25200.0,20500.0,5490.0,10200.0,871.0,520.0,1880.0,942.0,3.03,13.8,14.1,9.6,0.039,2400.0,2450.0,2530.0
36.0,18.3,38.0,0.7,1.58,0.284,2.22,0.87,0.625,17600.0,10100.0,27800.0,523.0,995.0,220.0,1940.0,544.0,0.252,10.4,10.5,10.64,0.012,2080.0,2090.0,2400.0
54.0,24.6,12.4,0.378,0.93,0.23,3.86,1.15,0.9,38900.0,20000.0,13400.0,416.0,864.0,262.0,4950.0,1060.0,0.365,15.2,15.4,14.48,0.0095,2420.0,2510.0,2620.0
44.5,20.6,25.3,1.59,0.664,0.176,1.87,1.49,2.67,41900.0,21900.0,35600.0,2290.0,805.0,262.0,3130.0,1790.0,1.12,19.2,20.1,17.4,0.019,1980.0,2070.0,2450.0
40.2,22.7,24.3,1.32,1.44,0.297,3.13,0.736,2.17,15800.0,10100.0,14300.0,791.0,732.0,185.0,2190.0,370.0,0.882,8.3,8.42,7.46,0.012,2120.0,2280.0,2420.0
48.3,36.2,3.69,2.34,0.73,0.203,1.85,0.736,1.78,17600.0,14900.0,2010.0,1300.0,342.0,117.0,1200.0,342.0,0.737,7.5,7.78,7.8,0.0081,2910.0,2910.0,2910.0
33.8,20.2,29.2,3.4,0.631,0.135,2.0,1.1,1.8,11700.0,7920.0,15100.0,1800.0,281.0,74.0,1230.0,488.0,0.751,7.1,7.4,6.6,0.0387,2010.0,2130.0,2215.0
52.9,22.1,12.8,0.406,1.99,0.149,4.93,0.853,1.58,122000.0,57900.0,44200.0,1440.0,5940.0,545.0,20300.0,2530.0,0.638,48.9,49.5,46.58,0.024,2280.0,2370.0,2500.0
65.3,23.0,3.6,0.7,0.631,0.554,1.2,2.3,1.3,41600.0,16600.0,3440.0,682.0,519.0,559.0,1360.0,1880.0,0.542,13.1,13.6,11.7,0.0077,2910.0,2910.0,2910.0
52.5,23.5,6.11,4.5,0.946,0.419,2.57,1.19,2.55,33900.0,17200.0,5890.0,4430.0,787.0,428.0,2950.0,980.0,1.04,13.5,13.8,13.01,0.031,2420.0,2540.0,2620.0
24.0,21.0,42.0,2.5,0.33,0.26,0.88,0.96,2.6,11000.0,10900.0,28800.0,1750.0,195.0,189.0,718.0,563.0,1.06,9.6,9.81,9.5,0.13,2120.0,2170.0,2230.0
40.8,22.6,19.4,4.83,0.858,0.374,1.5,1.13,2.57,42400.0,26600.0,25200.0,7740.0,1100.0,609.0,2560.0,1520.0,1.04,21.3,21.5,20.33,0.029,2237.0,2333.0,2417.0
51.0,30.8,8.28,1.41,0.522,0.621,2.88,1.6,1.13,39200.0,26700.0,9520.0,1660.0,517.0,755.0,3950.0,1570.0,0.461,16.2,16.4,15.44,0.00511,2692.0,2777.0,2800.0
45.5,32.3,5.29,2.1,0.963,1.89,1.91,1.49,2.17,5980.0,4810.0,1040.0,422.0,163.0,394.0,448.0,251.0,0.875,2.8,2.82,2.9,0.0098,2800.0,2800.0,2800.0
47.7,26.5,14.7,1.04,0.996,0.162,3.49,1.09,0.85,35300.0,22200.0,16300.0,1170.0,950.0,190.0,4590.0,1030.0,0.345,15.6,15.8,15.08,0.0058,2340.0,2480.0,2550.0
35.1,18.3,37.9,0.532,0.714,0.27,2.54,0.702,0.975,20800.0,12300.0,33700.0,483.0,547.0,254.0,2680.0,534.0,0.397,12.5,12.7,11.67,0.012,1990.0,2130.0,2220.0
47.8,29.8,8.8,4.0,1.21,1.09,1.3,1.5,5.9,12300.0,8700.0,3400.0,1580.0,403.0,447.0,597.0,495.0,2.46,5.3,5.52,5.0,0.025,2410.0,2460.0,2570.0
48.2,19.8,20.6,0.7,1.83,0.149,4.53,0.769,1.58,44600.0,20800.0,28600.0,992.0,2180.0,218.0,7480.0,912.0,0.641,19.5,19.8,13.73,0.027,2160.0,2250.0,2380.0
60.7,26.7,2.76,0.742,0.979,0.135,2.51,1.29,0.725,30500.0,15100.0,2070.0,569.0,633.0,107.0,2240.0,828.0,0.296,10.5,10.7,9.95,0.0107,2800.0,2800.0,2800.0
46.5,27.9,2.27,9.94,0.481,0.999,0.493,1.02,2.23,55800.0,37900.0,4080.0,18200.0,745.0,1900.0,1050.0,1560.0,0.907,25.2,25.7,22.91,0.073,2530.0,2600.0,2770.0
57.8,22.8,8.5,0.88,0.448,0.203,1.6,1.9,0.4,76900.0,34300.0,16900.0,1790.0,768.0,427.0,3790.0,3230.0,0.161,28.2,28.5,10.5,0.0053,2305.0,2405.0,2500.0
57.3,24.7,6.42,0.546,0.913,0.216,3.43,1.24,0.625,31800.0,15600.0,5340.0,463.0,654.0,190.0,3390.0,884.0,0.252,11.8,11.9,11.62,0.014,2560.0,2640.0,2740.0
57.6,27.8,3.55,0.574,0.83,0.311,2.66,1.49,0.5,54100.0,29600.0,4990.0,825.0,1010.0,463.0,4450.0,1790.0,0.202,19.9,20.1,19.8,0.0067,2800.0,2800.0,2800.0
46.7,37.6,2.17,1.92,0.515,0.135,1.41,3.19,3.4,34300.0,31300.0,2390.0,2160.0,488.0,157.0,1840.0,3000.0,1.38,15.5,15.7,14.68,0.12,2800.0,2800.0,2800.0
33.6,25.7,13.6,6.37,1.28,0.581,1.6,0.769,2.48,5430.0,4700.0,3290.0,1570.0,266.0,149.0,460.0,159.0,1.01,3.4,3.46,2.8,0.012,2400.0,2480.0,2520.0
9.84,5.54,64.6,3.95,0.647,0.797,0.216,0.351,3.38,2100.0,1330.0,20600.0,1280.0,178.0,269.0,82.0,95.7,1.37,4.5,4.56,4.67,0.046,2370.0,2380.0,2400.0
36.8,20.0,31.7,0.98,0.465,0.23,1.6,1.2,1.0,20000.0,12400.0,25900.0,816.0,326.0,198.0,1550.0,839.0,0.405,11.5,11.7,11.0,0.026,2060.0,2150.0,2260.0
34.7,20.3,22.6,4.2,0.465,0.149,1.7,0.62,6.8,4840.0,3210.0,4720.0,896.0,83.7,32.9,423.0,111.0,2.8,2.9,2.99,2.9,0.0055,2105.0,2210.0,2315.0
36.3,18.7,40.8,1.36,0.531,0.324,1.92,0.7,2.26,22500.0,13200.0,37900.0,1290.0,426.0,319.0,2120.0,557.0,0.932,12.9,13.3,10.7,0.013,2150.0,2260.0,2350.0
25.6,12.1,52.1,1.72,0.747,0.338,1.57,0.502,3.13,10100.0,5410.0,30800.0,1040.0,380.0,211.0,1110.0,253.0,1.27,8.3,8.45,8.28,0.013,2060.0,2080.0,2120.0
48.5,26.9,9.64,0.51,1.37,0.44,4.01,0.98,0.912,25800.0,16200.0,7560.0,414.0,940.0,372.0,3800.0,671.0,0.38,10.9,11.4,11.02,0.0114,2573.0,2680.0,2765.0
39.2,19.5,22.9,4.45,1.11,0.324,1.68,1.02,6.5,16700.0,9420.0,14600.0,2910.0,613.0,220.0,1280.0,558.0,2.64,9.0,9.15,8.7,0.025,2040.0,2160.0,2250.0
38.5,17.6,30.0,2.52,1.39,0.392,3.15,0.736,2.88,40400.0,20900.0,47100.0,4040.0,1890.0,651.0,5880.0,988.0,1.16,22.2,22.4,21.6,0.019,1840.0,1950.0,2040.0
54.0,35.0,1.2,0.17,0.0415,0.0284,2.3,1.6,0.1,17700.0,13000.0,588.0,85.1,17.5,14.7,1340.0,671.0,0.042,6.8,7.01,6.8,0.00366,2910.0,2910.0,2910.0
48.3,28.6,6.8,4.8,0.847,0.689,1.6,1.5,5.7,16900.0,11300.0,3570.0,2570.0,383.0,383.0,998.0,673.0,2.38,7.2,7.5,7.9,0.02,2400.0,2450.0,2650.0
36.2,24.8,4.86,8.53,4.48,0.54,1.71,1.71,3.68,12400.0,9580.0,2490.0,4460.0,1980.0,293.0,1040.0,746.0,1.56,6.9,7.32,6.15,0.13,2230.0,2430.0,2720.0
49.6,24.0,15.0,1.01,1.41,0.392,3.33,0.987,1.4,27700.0,15200.0,12600.0,861.0,1020.0,347.0,3310.0,705.0,0.572,11.7,12.0,12.54,0.011,2240.0,2370.0,2630.0
54.4,25.7,5.86,0.462,1.05,0.216,3.35,1.17,0.675,40700.0,21800.0,6570.0,529.0,1010.0,256.0,4470.0,1120.0,0.272,15.9,16.0,15.59,0.01,2570.0,2660.0,2700.0
54.1,28.7,5.36,1.39,0.647,0.216,2.14,2.02,1.75,22300.0,13400.0,3310.0,873.0,344.0,141.0,1570.0,1070.0,0.718,8.6,8.82,7.8,0.0052,2800.0,2800.0,2800.0
34.8,22.9,30.3,1.93,0.531,0.311,1.49,1.29,0.95,11900.0,8850.0,15500.0,1010.0,234.0,168.0,907.0,563.0,0.386,7.2,7.32,8.46,0.014,2000.0,2160.0,2220.0
56.1,26.3,4.4,1.85,0.88,0.311,1.95,1.79,2.0,40600.0,21500.0,4770.0,2040.0,821.0,356.0,2510.0,1660.0,0.81,15.3,15.5,16.1,0.0082,2720.0,2800.0,2800.0
61.2,25.9,2.43,0.63,0.415,0.419,2.52,1.84,0.775,40200.0,19300.0,2390.0,632.0,351.0,436.0,2950.0,1550.0,0.316,13.8,14.1,13.19,0.0038,2760.0,2800.0,2800.0
53.4,29.8,9.32,0.602,0.382,0.0945,1.38,2.71,1.02,31300.0,19800.0,8190.0,540.0,289.0,87.9,1440.0,2030.0,0.418,12.3,12.6,12.48,0.0045,2510.0,2800.0,2800.0
44.5,31.6,5.6,1.8,0.498,0.203,2.7,1.1,2.3,11500.0,9220.0,2160.0,709.0,165.0,82.7,1240.0,363.0,0.94,5.4,5.52,5.4,0.01,2800.0,2800.0,2800.0
48.0,26.3,16.5,1.29,0.664,0.27,2.64,1.16,2.63,10900.0,6760.0,5620.0,448.0,194.0,97.1,1070.0,338.0,1.06,4.8,4.86,4.92,0.011,2060.0,2290.0,2490.0
41.7,20.6,5.35,9.97,2.82,5.0,1.15,1.29,8.75,32600.0,18200.0,6250.0,11900.0,2840.0,6180.0,1600.0,1290.0,3.68,15.9,16.7,14.34,0.018,2240.0,2360.0,2420.0
49.6,29.9,8.29,0.966,0.78,0.338,2.32,1.2,0.775,7940.0,5410.0,1990.0,236.0,161.0,85.6,661.0,247.0,0.312,3.4,3.42,3.36,0.015,2630.0,2760.0,2800.0
27.0,22.0,32.0,1.4,0.332,0.122,0.76,1.0,2.5,15500.0,14300.0,27500.0,1230.0,246.0,111.0,777.0,735.0,1.04,11.8,12.3,16.3,0.00895,2030.0,2080.0,2140.0
28.7,17.0,33.7,6.27,0.896,0.338,1.88,0.786,4.75,14700.0,9880.0,25900.0,4920.0,593.0,274.0,1710.0,516.0,1.93,10.8,11.0,10.9,0.06,1930.0,2010.0,2100.0
25.7,20.0,23.9,14.0,0.365,0.162,0.457,0.418,6.3,20300.0,18000.0,28300.0,17000.0,373.0,203.0,644.0,424.0,2.56,16.7,17.0,11.8,0.047,2070.0,2180.0,2280.0
49.6,32.7,4.42,0.77,2.66,0.054,1.73,1.38,2.7,51700.0,38600.0,6890.0,1230.0,3570.0,89.2,3210.0,1850.0,1.14,21.1,22.3,18.0,0.0082,2590.0,2800.0,2800.0
36.1,24.4,27.8,2.7,0.747,0.284,1.48,1.02,3.43,14300.0,11000.0,16500.0,1640.0,382.0,178.0,1040.0,518.0,1.4,8.3,8.49,7.3,0.02,1970.0,2140.0,2270.0
40.1,24.6,24.2,1.69,0.664,0.23,1.38,0.79,2.42,26600.0,18500.0,24000.0,1710.0,568.0,241.0,1630.0,671.0,1.0,13.7,14.2,10.9,0.021,2350.0,2570.0,2730.0
36.8,16.1,36.4,2.34,0.847,0.581,2.32,0.702,2.75,47000.0,23300.0,69600.0,4560.0,1390.0,1180.0,5270.0,1150.0,1.11,27.0,27.3,25.5,0.013,1930.0,2010.0,2090.0
58.0,27.0,3.6,0.54,1.1,0.257,2.5,1.5,0.32,36100.0,19000.0,3360.0,514.0,880.0,253.0,2770.0,1200.0,0.133,12.8,13.3,15.6,0.0146,2910.0,2910.0,2910.0
34.9,20.2,24.9,1.58,1.03,0.77,2.68,0.652,2.68,5130.0,3360.0,5470.0,355.0,195.0,179.0,701.0,123.0,1.09,3.1,3.14,2.59,0.027,2090.0,2190.0,2340.0
42.0,19.0,21.0,0.46,0.448,0.0743,0.64,1.4,0.47,27400.0,14000.0,20500.0,458.0,377.0,76.8,743.0,1170.0,0.196,13.4,14.0,18.8,0.0197,2330.0,2380.0,2430.0
35.8,13.4,28.7,6.15,1.59,0.716,1.8,0.702,7.5,38200.0,16200.0,45800.0,10000.0,2190.0,1210.0,3430.0,959.0,3.05,22.5,22.8,22.7,0.285,1960.0,2050.0,2160.0
52.9,31.0,2.62,1.68,0.681,0.662,1.74,1.86,1.75,10800.0,7190.0,802.0,526.0,180.0,215.0,636.0,487.0,0.714,4.3,4.39,4.1,0.007,2800.0,2800.0,2800.0
56.0,29.0,2.8,0.97,0.828,0.257,2.1,1.5,1.5,39500.0,23200.0,2960.0,1050.0,754.0,287.0,2640.0,1350.0,0.625,14.5,15.1,14.4,0.01,2910.0,2910.0,2910.0
39.5,20.4,24.4,0.51,0.398,0.0797,1.4,1.1,0.8,19600.0,11400.0,18100.0,386.0,255.0,62.6,1240.0,698.0,0.339,10.0,10.6,10.3,0.0048,2135.0,2245.0,2345.0
61.0,26.0,3.59,1.46,0.462,0.203,1.41,1.93,1.56,22900.0,11800.0,1920.0,813.0,230.0,115.0,994.0,905.0,0.635,8.01,8.16,7.72,0.0054,2768.0,2800.0,2800.0
33.9,20.1,36.4,1.64,0.614,0.23,1.63,1.09,1.83,14400.0,9640.0,23100.0,1060.0,336.0,154.0,1230.0,590.0,0.744,8.9,9.07,8.41,0.017,2080.0,2300.0,2400.0
43.7,30.1,12.5,1.95,0.614,0.189,1.12,1.32,2.5,9070.0,7070.0,3890.0,618.0,164.0,62.2,413.0,351.0,1.01,4.4,4.45,12.9,0.013,2610.0,2720.0,2800.0
51.1,26.1,10.2,1.18,1.23,0.162,3.85,1.25,1.58,25200.0,14600.0,7560.0,887.0,781.0,127.0,3380.0,792.0,0.639,10.4,10.6,10.39,0.18,2520.0,2660.0,2760.0
53.7,25.7,5.75,1.33,0.88,0.297,3.22,2.14,1.75,21000.0,11400.0,3370.0,797.0,444.0,184.0,2250.0,1070.0,0.707,8.3,8.38,8.0,0.016,2740.0,2800.0,2800.0
47.7,35.3,8.04,0.784,0.498,0.473,1.94,1.18,1.27,22100.0,18500.0,5560.0,554.0,297.0,346.0,1590.0,696.0,0.531,9.5,9.9,9.51,0.007,2739.0,2781.0,2800.0
49.9,26.8,12.2,0.602,0.863,0.473,2.56,1.2,0.525,27100.0,16500.0,9900.0,501.0,606.0,408.0,2480.0,838.0,0.213,11.5,11.6,11.14,0.015,2420.0,2520.0,2630.0
40.2,25.8,24.5,2.18,0.847,0.257,2.09,1.17,1.83,18000.0,13100.0,16400.0,1490.0,488.0,182.0,1670.0,670.0,0.744,9.4,9.57,9.2,0.028,2410.0,2520.0,2630.0
28.0,29.1,11.6,8.54,2.16,1.24,1.12,0.987,11.3,1740.0,2050.0,1080.0,811.0,173.0,122.0,124.0,78.4,4.6,1.3,1.33,1.22,0.032,2320.0,2420.0,2450.0
52.6,28.0,9.44,1.32,0.415,0.162,1.62,1.5,1.2,34200.0,20600.0,9190.0,1310.0,348.0,167.0,1880.0,1250.0,0.488,13.7,13.9,14.07,0.007,2650.0,2740.0,2800.0
47.4,29.6,13.9,1.1,0.448,0.365,1.48,1.36,1.27,26100.0,18400.0,11400.0,925.0,318.0,318.0,1450.0,958.0,0.516,11.6,11.8,12.5,0.0055,2680.0,2780.0,2910.0
53.3,28.9,7.2,1.75,1.05,0.848,1.73,2.12,1.53,12200.0,7450.0,2430.0,603.0,307.0,305.0,695.0,620.0,0.618,4.83,4.87,4.74,0.0219,2690.0,2718.0,2748.0
39.4,15.9,34.7,0.98,0.847,0.338,2.0,0.786,1.5,27800.0,12700.0,36700.0,1060.0,771.0,378.0,2510.0,710.0,0.613,14.8,15.1,14.4,0.012,2060.0,2170.0,2260.0
26.5,14.2,48.3,1.54,0.432,0.162,1.44,0.686,2.23,10400.0,6300.0,28400.0,924.0,218.0,101.0,1010.0,344.0,0.9,8.3,8.4,8.21,0.014,2000.0,2110.0,2180.0
33.7,25.5,30.1,1.38,0.465,0.107,1.12,1.28,1.97,13900.0,12000.0,18600.0,873.0,248.0,70.0,826.0,678.0,0.803,8.7,8.86,8.5,0.0077,2080.0,2340.0,2580.0
55.0,23.3,13.4,0.476,0.93,0.189,2.62,1.0,0.025,92300.0,44200.0,33700.0,1220.0,2010.0,503.0,7830.0,2160.0,0.011,35.1,35.9,33.2,0.02,2340.0,2460.0,2540.0
57.4,17.5,11.6,2.86,1.34,0.297,1.27,0.92,2.83,63500.0,21900.0,19200.0,4830.0,1920.0,520.0,2510.0,1300.0,1.16,23.1,23.7,21.0,0.023,2160.0,2260.0,2520.0
44.4,30.4,2.71,0.396,0.106,0.0401,1.98,2.39,0.2,32500.0,24800.0,3150.0,352.0,117.0,46.2,2770.0,2050.0,0.082,14.7,15.2,10.4,0.00508,2910.0,2910.0,2910.0
49.7,25.0,7.22,4.38,0.896,0.446,2.39,1.27,3.0,34100.0,19400.0,7420.0,4600.0,794.0,485.0,2930.0,1120.0,1.22,14.4,14.7,13.6,0.02,2360.0,2470.0,2550.0
42.3,21.1,13.3,9.5,0.979,0.608,1.9,1.0,3.9,18900.0,10700.0,8910.0,6500.0,565.0,431.0,1510.0,573.0,1.63,9.2,9.58,8.1,0.07,2165.0,2250.0,2285.0
53.3,31.0,5.54,1.79,0.548,0.189,1.85,1.73,1.7,17800.0,11700.0,2770.0,914.0,236.0,100.0,1100.0,740.0,0.685,7.1,7.15,6.94,0.0013,2790.0,2800.0,2800.0
47.7,29.5,11.0,1.83,1.06,0.27,2.32,1.39,2.4,9010.0,6310.0,3110.0,530.0,259.0,80.8,780.0,335.0,0.97,4.0,4.04,4.32,0.014,2440.0,2720.0,2800.0
43.0,29.5,9.88,2.68,0.83,0.81,1.88,1.62,3.5,6720.0,5210.0,2310.0,638.0,167.0,200.0,521.0,324.0,1.42,3.3,3.34,3.6,0.0082,2270.0,2360.0,2490.0
41.5,24.6,22.0,1.32,0.747,0.27,2.49,1.59,1.5,20300.0,13600.0,16100.0,982.0,470.0,209.0,2160.0,992.0,0.615,10.2,10.4,9.95,0.011,2210.0,2250.0,2480.0
36.9,24.6,26.6,1.01,0.631,0.203,2.25,0.953,1.2,17500.0,13200.0,18900.0,732.0,386.0,152.0,1900.0,579.0,0.483,10.1,10.2,8.6,0.009,2060.0,2240.0,2370.0
22.9,6.5,49.0,1.8,0.465,0.0648,0.4,0.46,2.4,4510.0,1450.0,14400.0,542.0,118.0,20.2,140.0,116.0,1.01,4.0,4.22,3.4,0.029,2065.0,2155.0,2245.0
42.6,31.6,8.42,2.63,1.03,0.675,1.68,1.2,3.0,11400.0,9530.0,3360.0,1070.0,354.0,285.0,799.0,411.0,1.22,5.6,5.71,5.6,0.013,2750.0,2800.0,2800.0
48.4,19.8,21.6,0.91,0.813,0.216,2.72,0.97,2.17,51800.0,24100.0,34600.0,1490.0,1120.0,367.0,5180.0,1330.0,0.89,22.4,22.9,22.3,0.018,2510.0,2620.0,2710.0
48.0,29.5,7.87,2.17,0.979,0.608,2.24,1.87,1.43,36500.0,25400.0,8950.0,2520.0,960.0,732.0,3030.0,1820.0,0.576,16.1,16.3,15.7,0.0061,2650.0,2740.0,2810.0
37.5,26.5,17.6,3.45,0.83,1.62,1.91,1.05,4.28,5710.0,4570.0,4010.0,802.0,163.0,391.0,519.0,206.0,1.74,3.2,3.26,3.1,0.012,2200.0,2250.0,2300.0
54.4,22.5,10.4,1.61,0.83,0.662,2.86,1.09,1.02,39700.0,18600.0,11400.0,1800.0,781.0,765.0,3720.0,1020.0,0.419,15.3,15.6,12.99,0.012,2150.0,2210.0,2340.0
55.0,23.0,2.9,2.7,1.44,0.905,2.1,1.5,3.5,42800.0,20300.0,3380.0,3210.0,1450.0,1120.0,2910.0,1500.0,1.46,16.0,16.7,16.1,0.0148,2180.0,2240.0,2440.0
45.6,24.6,9.2,1.9,1.33,0.689,2.4,0.88,5.2,8200.0,5010.0,2480.0,522.0,308.0,196.0,768.0,202.0,2.11,3.8,3.85,4.8,0.032,2345.0,2445.0,2535.0
55.4,31.0,4.86,0.714,0.896,0.311,1.71,1.56,0.725,27700.0,17500.0,3630.0,545.0,577.0,246.0,1520.0,993.0,0.292,10.6,10.7,8.82,0.005,2800.0,2800.0,2800.0
62.5,25.5,6.86,0.336,0.349,0.243,0.853,1.44,0.5,76400.0,35300.0,12600.0,628.0,550.0,471.0,1860.0,2250.0,0.202,25.9,26.2,17.75,0.0092,2800.0,2800.0,2800.0
56.3,25.9,5.68,0.658,1.34,0.149,2.86,1.04,0.75,57200.0,29800.0,8640.0,1020.0,1760.0,239.0,5180.0,1350.0,0.305,21.4,21.8,11.5,0.019,2410.0,2520.0,2620.0
45.2,23.6,19.6,2.66,0.548,0.513,2.25,1.02,1.63,26000.0,15300.0,16800.0,2340.0,406.0,468.0,2300.0,752.0,0.661,12.1,12.3,10.65,0.018,2110.0,2210.0,2500.0
56.5,24.0,10.6,0.742,0.963,0.338,2.52,1.3,1.43,92700.0,44600.0,26000.0,1860.0,2040.0,877.0,7370.0,2740.0,0.592,33.8,35.1,12.23,0.0057,2180.0,2320.0,2400.0
36.9,20.3,35.4,0.6,0.863,0.567,1.6,0.9,2.1,16200.0,10100.0,23200.0,402.0,488.0,394.0,1250.0,505.0,0.875,9.0,9.38,8.1,0.011,1925.0,2060.0,2190.0
31.0,16.1,49.8,1.39,0.498,0.23,1.12,0.819,2.35,15300.0,9020.0,36700.0,1050.0,317.0,180.0,982.0,517.0,0.954,10.4,10.6,10.8,0.018,2060.0,2150.0,2250.0
44.3,34.9,3.83,3.68,0.681,0.81,0.41,1.2,5.36,5390.0,4810.0,697.0,684.0,107.0,156.0,88.8,187.0,2.23,2.5,2.6,2.5,0.0063,2910.0,2910.0,2910.0
40.9,27.2,25.0,0.518,0.631,0.176,1.67,1.42,1.08,26300.0,19800.0,24000.0,509.0,523.0,179.0,1910.0,1170.0,0.435,13.6,13.8,12.5,0.095,2340.0,2510.0,2640.0
51.9,32.4,8.72,0.86,0.249,0.162,1.17,2.71,0.95,28300.0,20000.0,7110.0,716.0,175.0,140.0,1140.0,1890.0,0.385,11.5,11.7,11.1,0.0085,2910.0,2910.0,2910.0
40.3,20.8,23.6,1.7,0.797,0.257,1.7,1.0,2.7,18700.0,10900.0,16400.0,1210.0,478.0,189.0,1410.0,595.0,1.1,9.8,9.95,9.4,0.025,2045.0,2150.0,2255.0
36.9,21.9,28.6,3.2,1.01,0.729,1.9,1.1,3.0,20300.0,13600.0,23500.0,2690.0,718.0,636.0,1860.0,774.0,1.25,11.3,11.8,10.1,0.022,1885.0,2160.0,2280.0
47.9,23.3,21.7,0.518,0.664,0.203,2.75,1.62,1.23,77900.0,42800.0,52900.0,1290.0,1390.0,522.0,7970.0,3380.0,0.496,34.4,34.8,18.9,0.009,2300.0,2480.0,2530.0
42.3,33.5,7.2,2.5,0.93,0.284,1.97,0.97,2.8,6970.0,6250.0,1770.0,629.0,197.0,74.0,578.0,204.0,1.13,3.5,3.52,3.1,0.01,2800.0,2800.0,2800.0
43.2,31.0,15.3,1.4,0.647,1.17,1.89,1.42,2.55,7770.0,6310.0,4110.0,385.0,150.0,335.0,605.0,326.0,1.03,3.8,3.85,3.72,0.01,2560.0,2640.0,2750.0
34.5,21.3,36.2,1.56,0.448,0.324,0.93,0.66,2.17,20800.0,14600.0,32700.0,1440.0,349.0,310.0,999.0,510.0,0.904,12.4,12.9,13.9,0.019,2000.0,2140.0,2330.0
19.0,14.8,43.3,8.85,0.847,0.459,0.95,0.669,5.25,6900.0,6090.0,23600.0,4920.0,397.0,265.0,615.0,311.0,2.12,7.7,7.79,7.5,0.042,2070.0,2150.0,2230.0
33.1,18.9,40.3,1.36,0.365,0.122,0.74,0.96,2.22,18500.0,11900.0,33800.0,1160.0,263.0,108.0,737.0,688.0,0.933,11.4,12.0,11.9,0.0097,1940.0,1990.0,2220.0
45.7,20.9,14.6,2.1,0.681,0.365,1.5,1.5,3.5,14200.0,7330.0,6770.0,994.0,272.0,179.0,827.0,595.0,1.43,6.5,6.63,6.4,0.017,2305.0,2405.0,2515.0
30.8,18.4,40.5,1.06,0.498,0.122,1.47,1.02,1.38,14000.0,9430.0,27400.0,737.0,291.0,87.3,1180.0,592.0,0.556,9.6,9.7,9.01,0.012,2020.0,2060.0,2340.0
46.6,32.6,11.7,1.2,0.614,0.203,1.57,1.07,1.63,18900.0,15000.0,7090.0,747.0,321.0,130.0,1140.0,556.0,0.664,8.5,8.68,8.9,0.0062,2690.0,2800.0,2800.0
45.9,29.0,10.0,0.64,1.16,0.702,5.0,0.91,0.78,26900.0,19200.0,8760.0,572.0,876.0,651.0,5210.0,681.0,0.318,12.3,12.5,20.0,0.0073,2765.0,2800.0,2800.0
49.7,34.2,4.67,1.29,0.631,0.216,2.05,1.3,1.73,20400.0,15900.0,2870.0,810.0,334.0,141.0,1500.0,684.0,0.708,8.6,8.8,7.3,0.1,2910.0,2910.0,2910.0
32.1,13.6,24.3,12.3,0.614,0.378,1.67,0.702,7.4,15400.0,7410.0,17400.0,8990.0,380.0,287.0,1430.0,431.0,3.01,10.1,10.3,9.36,0.049,2120.0,2190.0,2360.0
29.5,14.7,30.4,4.4,0.78,0.203,1.5,0.85,6.0,11200.0,6340.0,17300.0,2560.0,383.0,122.0,1020.0,415.0,2.45,8.0,8.16,7.7,0.038,1995.0,2105.0,2230.0
55.0,19.5,12.7,3.19,0.564,0.203,2.56,1.19,2.2,106000.0,42600.0,36800.0,9430.0,1410.0,620.0,8810.0,2940.0,0.917,39.7,41.4,38.3,0.019,2314.0,2424.0,2540.0
32.9,22.1,11.7,7.43,4.21,0.368,0.656,1.07,5.88,9750.0,7270.0,5760.0,3670.0,1600.0,183.0,433.0,406.0,2.51,6.08,6.48,3.59,0.0936,2349.0,2407.0,2610.0
33.6,22.7,34.7,1.61,0.979,0.419,2.42,0.886,3.05,7160.0,5470.0,11100.0,524.0,269.0,141.0,917.0,242.0,1.24,4.5,4.56,4.34,0.013,2030.0,2190.0,2470.0
57.6,25.3,7.58,0.574,1.1,0.459,3.32,1.29,0.65,64500.0,32100.0,12700.0,982.0,1580.0,815.0,6610.0,1850.0,0.266,23.4,24.0,21.52,0.015,2460.0,2480.0,2500.0
45.5,34.8,9.42,1.26,0.797,0.945,2.18,0.9,2.08,13100.0,11300.0,4050.0,553.0,295.0,430.0,1110.0,331.0,0.867,5.9,6.15,6.5,0.014,2910.0,2910.0,2910.0
54.6,25.0,10.7,0.728,0.996,0.297,2.44,1.37,0.975,41800.0,21700.0,12300.0,853.0,985.0,361.0,3330.0,1350.0,0.397,16.1,16.4,14.87,0.011,2500.0,2580.0,2640.0
40.5,22.0,28.3,1.3,0.581,0.176,1.36,0.93,1.79,22100.0,13600.0,23100.0,1090.0,409.0,152.0,1320.0,650.0,0.741,11.3,11.7,9.9,0.022,2105.0,2210.0,2305.0
13.1,11.4,8.99,24.6,7.47,2.16,0.216,0.418,22.2,3600.0,3540.0,3700.0,10400.0,2650.0,942.0,106.0,147.0,9.52,5.5,5.86,4.55,0.037,2320.0,2440.0,2480.0
29.4,15.7,49.3,1.11,0.448,0.176,1.03,0.702,1.98,14200.0,8570.0,35500.0,813.0,278.0,134.0,885.0,432.0,0.813,10.0,10.3,9.5,0.025,1920.0,1990.0,2080.0
42.5,31.8,10.7,2.34,1.08,0.135,2.96,1.1,2.5,12600.0,10700.0,4730.0,1060.0,412.0,63.4,1560.0,418.0,1.02,6.2,6.34,6.08,0.011,2560.0,2620.0,2740.0
43.4,23.0,16.7,0.364,1.18,0.23,3.09,1.01,1.13,37100.0,22300.0,21300.0,475.0,1300.0,311.0,4700.0,1110.0,0.454,18.1,18.3,17.05,0.0087,2230.0,2290.0,2500.0
49.6,23.6,12.3,0.915,0.977,0.526,2.73,1.42,1.43,23900.0,12700.0,7830.0,657.0,610.0,401.0,2310.0,875.0,0.579,10.0,10.1,8.82,0.0161,2664.0,2714.0,2741.0
40.2,25.5,22.3,1.32,0.896,0.297,2.09,1.32,1.25,16300.0,11700.0,13500.0,813.0,467.0,190.0,1510.0,683.0,0.509,8.5,8.65,7.9,0.035,2180.0,2300.0,2520.0
60.3,21.1,6.05,2.73,1.56,2.16,0.757,1.07,2.0,42200.0,16700.0,6340.0,2920.0,1410.0,2400.0,944.0,961.0,0.816,14.7,15.0,13.62,0.028,2540.0,2650.0,2750.0
56.7,27.4,5.66,0.378,2.32,0.176,3.15,1.2,0.625,51100.0,28000.0,7630.0,520.0,2700.0,251.0,5050.0,1390.0,0.256,18.8,19.3,17.39,0.01,2680.0,2800.0,2800.0
45.8,30.2,15.1,1.33,0.266,0.162,0.64,2.16,2.14,20000.0,15000.0,9880.0,890.0,150.0,113.0,499.0,1210.0,0.892,9.0,9.38,10.1,0.0098,2680.0,2840.0,2910.0
20.2,10.7,61.3,1.44,0.216,0.284,1.27,0.485,1.98,9220.0,5520.0,41900.0,1010.0,127.0,205.0,1040.0,283.0,0.804,9.6,9.77,9.6,0.014,1860.0,1930.0,1980.0
45.0,29.9,12.0,0.924,0.979,0.27,3.13,1.15,1.48,16700.0,12600.0,6680.0,525.0,469.0,159.0,2070.0,549.0,0.594,7.9,7.95,6.8,0.014,2560.0,2660.0,2750.0
36.4,16.4,34.9,3.64,0.979,0.459,1.69,0.87,2.75,29800.0,15200.0,42600.0,4540.0,1030.0,594.0,2460.0,909.0,1.11,17.3,17.5,16.7,0.027,1950.0,2070.0,2190.0
53.0,25.9,12.0,0.812,0.73,0.27,1.78,1.94,1.8,24100.0,13300.0,8180.0,565.0,428.0,195.0,1440.0,1130.0,0.73,9.6,9.74,8.14,0.017,2400.0,2500.0,2600.0
21.6,14.7,52.3,2.13,0.239,0.129,0.413,0.749,2.13,13600.0,9840.0,48400.0,2030.0,183.0,126.0,491.0,629.0,0.889,12.7,13.2,10.82,0.00965,2023.0,2073.0,2130.0
35.8,20.1,34.8,1.29,0.468,0.101,1.33,1.11,1.81,29100.0,18600.0,42500.0,1610.0,493.0,130.0,1930.0,1150.0,0.73,17.3,17.4,16.09,0.0185,1971.0,2082.0,2254.0
35.7,17.3,33.2,1.58,0.797,0.27,2.92,1.1,1.93,29400.0,16100.0,40800.0,1990.0,845.0,352.0,4280.0,1160.0,0.779,17.4,17.6,15.78,0.076,2080.0,2130.0,2250.0
29.1,11.8,36.2,6.8,0.0465,0.216,0.84,0.49,8.0,21800.0,10000.0,40600.0,7780.0,44.9,256.0,1120.0,470.0,3.25,15.8,16.0,12.5,0.049,1910.0,2000.0,2110.0
48.9,27.3,5.71,5.17,1.06,0.473,3.17,1.09,1.73,30700.0,19400.0,5360.0,4960.0,860.0,470.0,3550.0,873.0,0.697,13.3,13.4,11.9,0.032,2440.0,2520.0,2600.0
42.8,29.9,2.2,10.3,0.415,0.554,0.493,1.4,7.58,21300.0,16800.0,1640.0,7810.0,266.0,436.0,436.0,893.0,3.07,10.5,10.6,9.6,0.03,2490.0,2590.0,2650.0
26.8,18.1,45.5,2.74,0.498,0.189,0.865,0.665,2.87,14200.0,10800.0,32400.0,1930.0,322.0,150.0,817.0,441.0,1.19,10.4,10.7,10.28,0.029,2123.0,2208.0,2388.0
43.9,26.3,11.7,3.56,0.813,0.986,1.8,1.0,4.22,4040.0,2740.0,1610.0,500.0,96.5,144.0,295.0,118.0,1.75,1.9,1.97,1.63,0.014,2500.0,2560.0,2630.0
44.0,25.3,23.7,1.43,0.647,0.203,2.13,1.15,0.95,14900.0,9700.0,12000.0,740.0,283.0,109.0,1280.0,500.0,0.383,7.2,7.25,6.8,0.011,2140.0,2260.0,2370.0
14.5,6.09,49.6,9.2,0.332,0.122,0.553,0.351,4.63,13000.0,6190.0,66700.0,12600.0,385.0,173.0,885.0,404.0,1.88,18.9,19.2,14.6,0.057,1820.0,1930.0,2020.0
42.2,19.5,29.2,0.966,0.88,0.527,2.24,0.936,1.58,32300.0,16900.0,33400.0,1130.0,868.0,639.0,3050.0,918.0,0.641,16.1,16.4,13.55,0.018,2080.0,2210.0,2310.0
30.2,14.0,44.3,1.12,0.398,0.324,1.25,0.87,1.5,12700.0,6640.0,27900.0,720.0,216.0,216.0,936.0,468.0,0.613,8.8,9.0,8.63,0.016,2010.0,2120.0,2170.0
42.2,26.5,23.6,0.658,1.16,0.392,2.81,0.836,1.15,13100.0,9310.0,11000.0,312.0,465.0,193.0,1560.0,332.0,0.463,6.6,6.65,6.15,0.012,2160.0,2210.0,2300.0
46.9,28.3,14.7,1.36,0.614,0.23,2.44,1.09,2.83,42700.0,29100.0,20100.0,1890.0,721.0,331.0,3950.0,1270.0,1.18,18.7,19.5,17.85,0.021,2334.0,2477.0,2604.0
13.9,6.99,56.5,5.74,0.73,0.27,0.192,0.401,4.4,2200.0,1250.0,13400.0,1390.0,149.0,67.7,54.1,81.2,1.8,3.3,3.38,3.33,0.022,1950.0,2030.0,2100.0
43.3,24.8,23.3,1.72,0.415,0.378,0.769,3.11,2.68,28700.0,18600.0,23100.0,1740.0,354.0,397.0,907.0,2640.0,1.08,14.1,14.2,17.4,0.0076,2470.0,2550.0,2590.0
35.6,13.7,28.3,4.29,0.562,0.713,1.31,0.687,2.54,20800.0,8860.0,23200.0,3430.0,436.0,646.0,1410.0,508.0,1.06,11.6,12.0,11.18,0.016,1959.0,2028.0,2100.0
56.9,26.1,3.15,1.54,0.863,0.392,2.45,1.57,2.0,15500.0,8040.0,1280.0,641.0,303.0,169.0,1190.0,547.0,0.817,5.7,5.82,5.5,0.0128,2800.0,2800.0,2800.0
23.3,13.2,49.8,1.1,0.365,0.0878,1.1,0.74,1.8,6120.0,3930.0,19600.0,442.0,124.0,36.6,515.0,249.0,0.75,5.4,5.63,5.3,0.019,2005.0,2115.0,2205.0
29.1,19.8,20.7,12.4,0.93,1.03,1.6,0.886,6.93,7710.0,5940.0,8200.0,5020.0,317.0,430.0,752.0,300.0,2.8,5.6,5.66,5.2,0.024,2210.0,2300.0,2390.0
46.2,21.7,14.1,5.07,0.847,0.324,1.83,1.17,3.25,31000.0,16500.0,14200.0,5200.0,732.0,345.0,2180.0,1000.0,1.33,14.0,14.4,13.8,0.03,2000.0,2110.0,2200.0
44.6,23.2,18.0,1.46,0.635,0.304,1.62,1.35,2.22,19900.0,11100.0,18000.0,1070.0,416.0,237.0,1550.0,729.0,0.905,10.4,10.6,12.23,0.0564,2420.0,2465.0,2519.0
58.9,23.2,5.23,1.36,1.06,0.269,2.2,1.38,1.59,74900.0,33000.0,9610.0,1920.0,1740.0,527.0,5220.0,2230.0,0.642,26.4,26.6,25.74,0.0125,2773.0,2864.0,2886.0
46.9,30.1,10.7,2.3,0.515,1.32,0.938,2.59,2.4,10400.0,7570.0,3560.0,780.0,148.0,466.0,371.0,738.0,0.972,4.7,4.76,4.7,0.008,2530.0,2630.0,2740.0
41.9,22.1,20.0,2.73,1.43,0.486,3.19,0.97,2.78,26400.0,15800.0,18900.0,2630.0,1160.0,486.0,3580.0,783.0,1.12,13.4,13.5,10.8,0.02,2110.0,2200.0,2290.0
42.0,22.2,27.2,1.49,0.681,0.324,1.78,1.14,2.69,10800.0,6450.0,10400.0,584.0,225.0,132.0,813.0,374.0,1.09,5.4,5.49,6.4,0.02,2080.0,2260.0,2460.0
36.2,17.4,34.7,4.41,0.548,0.351,1.68,0.736,0.475,22000.0,12000.0,31700.0,4110.0,430.0,339.0,1830.0,574.0,0.195,12.7,13.0,11.59,0.039,2020.0,2060.0,2150.0
46.4,26.1,18.4,1.2,1.24,1.16,1.7,1.3,3.0,20300.0,12900.0,12100.0,803.0,703.0,806.0,1330.0,729.0,1.25,9.0,9.38,8.5,0.02,2420.0,2510.0,2595.0
47.4,26.4,13.4,2.35,0.548,0.405,1.98,1.19,2.48,19600.0,12400.0,8290.0,1490.0,292.0,266.0,1460.0,628.0,1.03,8.5,8.85,8.36,0.014,2428.0,2534.0,2664.0
50.5,28.5,7.21,2.61,1.57,1.49,2.59,1.18,4.52,10800.0,6830.0,2390.0,824.0,441.0,502.0,1020.0,314.0,1.88,4.38,4.57,4.44,0.0344,2489.0,2531.0,2632.0
49.9,32.9,6.29,1.2,0.631,0.405,1.86,1.45,1.58,11300.0,8410.0,2130.0,416.0,184.0,145.0,749.0,421.0,0.635,4.8,4.84,4.44,0.0051,2720.0,2800.0,2800.0
31.2,14.1,34.1,4.5,1.1,0.446,1.9,0.7,3.2,22000.0,11300.0,36000.0,4850.0,997.0,498.0,2390.0,632.0,1.33,14.5,15.1,13.6,0.027,1900.0,1960.0,1995.0
53.1,33.0,3.6,1.5,1.15,0.54,2.5,1.6,2.6,23300.0,16400.0,2360.0,1000.0,647.0,375.0,1950.0,897.0,1.08,9.0,9.38,7.5,0.08,2910.0,2910.0,2910.0
63.1,24.4,1.72,0.364,0.681,0.554,2.66,1.56,0.4,97900.0,42800.0,3980.0,863.0,1360.0,1360.0,7330.0,3090.0,0.161,33.0,33.2,30.21,0.0062,2710.0,2800.0,2800.0
22.3,16.3,46.2,3.88,0.979,0.365,0.998,0.585,4.9,3610.0,2980.0,11200.0,960.0,205.0,93.6,288.0,121.0,2.0,3.4,3.47,3.4,0.019,1920.0,2000.0,2040.0
32.7,25.9,20.8,4.97,0.93,0.324,1.52,1.16,5.49,14600.0,13100.0,13900.0,3390.0,536.0,230.0,1210.0,663.0,2.23,9.4,9.56,15.2,0.031,2360.0,2450.0,2550.0
28.0,9.07,4.0,14.8,4.15,13.0,0.529,0.502,18.6,7470.0,2740.0,1600.0,6030.0,1430.0,5470.0,251.0,171.0,8.5,5.0,5.7,3.66,0.018,2020.0,2090.0,2160.0
53.7,30.2,3.63,0.588,0.847,0.243,2.39,1.51,0.8,49900.0,31800.0,5050.0,835.0,1010.0,358.0,3960.0,1800.0,0.33,19.3,19.9,17.69,0.0059,2800.0,2800.0,2800.0
54.7,28.4,3.6,1.58,1.16,0.257,3.25,1.39,1.88,13500.0,7910.0,1330.0,595.0,368.0,100.0,1420.0,437.0,0.774,5.1,5.26,4.65,0.016,2750.0,2800.0,2800.0
42.5,18.7,16.1,4.85,0.83,0.905,0.625,1.36,1.35,32600.0,16200.0,18400.0,5680.0,821.0,1100.0,853.0,1340.0,0.554,16.0,16.4,14.2,0.041,2640.0,2700.0,2760.0
45.6,17.8,21.2,3.32,2.32,0.23,1.84,0.886,6.75,32000.0,14100.0,22200.0,3560.0,2100.0,255.0,2300.0,796.0,2.76,14.7,15.0,10.4,0.045,2400.0,2510.0,2600.0
25.3,17.2,41.7,2.69,0.83,0.675,1.24,0.836,5.25,4570.0,3520.0,11300.0,744.0,194.0,194.0,399.0,194.0,2.14,3.8,3.88,4.2,0.035,1940.0,2050.0,2140.0
23.1,12.6,47.0,5.11,0.697,0.108,1.44,0.602,3.68,14000.0,8610.0,42500.0,4720.0,544.0,104.0,1550.0,466.0,1.49,12.8,12.9,11.9,0.038,2040.0,2120.0,2210.0
53.3,28.7,5.29,0.35,1.18,0.365,2.91,1.35,0.675,27100.0,16600.0,4030.0,273.0,774.0,294.0,2640.0,883.0,0.273,10.8,10.9,10.15,0.008,2790.0,2800.0,2800.0
44.2,21.4,18.5,2.93,1.54,0.419,3.79,0.652,2.73,51800.0,28300.0,32400.0,5240.0,2330.0,777.0,7900.0,978.0,1.1,24.8,25.1,22.9,0.049,2060.0,2150.0,2240.0
48.4,32.1,5.52,3.26,0.448,0.243,0.889,1.0,2.45,8070.0,6070.0,1380.0,832.0,96.4,64.3,264.0,214.0,1.0,3.5,3.57,3.45,0.032,2640.0,2800.0,2800.0
58.5,21.4,6.6,0.83,0.88,0.27,2.4,1.2,1.3,26000.0,10800.0,4390.0,564.0,504.0,190.0,1900.0,683.0,0.526,9.4,9.52,11.6,0.0093,2505.0,2615.0,2705.0
40.9,26.1,23.0,0.952,0.498,0.27,1.43,1.15,1.25,11500.0,8320.0,9720.0,410.0,181.0,121.0,718.0,416.0,0.511,5.9,6.03,5.6,0.0046,2200.0,2320.0,2420.0
47.7,19.6,21.7,1.77,0.615,0.273,1.69,0.841,2.35,25800.0,12000.0,17500.0,1500.0,435.0,235.0,1640.0,580.0,0.947,11.5,11.6,10.88,0.0303,2315.0,2414.0,2519.0
52.6,31.1,8.12,0.51,0.481,1.89,1.42,1.75,0.94,23800.0,15900.0,5500.0,353.0,281.0,1360.0,1140.0,1010.0,0.392,9.3,9.69,9.09,0.012,2672.0,2741.0,2800.0
40.9,14.9,21.3,9.01,0.415,0.27,0.841,0.903,6.95,42300.0,17500.0,33000.0,14200.0,553.0,443.0,1550.0,1200.0,2.81,21.9,22.1,23.21,0.0079,2100.0,2190.0,2320.0
38.9,34.4,17.3,1.2,0.319,0.196,0.787,0.771,1.42,19700.0,19100.0,19100.0,811.0,190.0,146.0,671.0,472.0,0.585,11.2,11.5,10.98,0.00326,2646.0,2688.0,2747.0
49.5,23.1,16.7,1.55,0.398,0.216,2.01,0.992,1.88,28800.0,15200.0,14500.0,1380.0,299.0,199.0,2080.0,739.0,0.755,12.4,12.5,11.44,0.017,2080.0,2380.0,2580.0
44.6,22.6,29.4,1.03,0.548,0.162,1.47,0.998,1.35,38900.0,22300.0,38300.0,1370.0,615.0,224.0,2280.0,1110.0,0.563,17.9,18.6,18.33,0.0042,2101.0,2244.0,2437.0
52.9,36.7,4.0,1.3,0.83,0.689,1.1,1.0,2.4,40200.0,31500.0,4550.0,1510.0,813.0,829.0,1490.0,972.0,1.0,15.6,16.3,12.4,0.072,2800.0,2800.0,2800.0
44.4,37.3,5.11,2.48,0.797,0.176,1.71,1.1,2.3,14000.0,13300.0,2410.0,1190.0,324.0,87.7,958.0,445.0,0.927,6.7,6.75,6.9,0.0067,2750.0,2800.0,2800.0
60.1,20.8,9.68,1.32,0.863,0.189,2.68,0.987,0.95,63000.0,24700.0,15200.0,2110.0,1170.0,314.0,5000.0,1320.0,0.389,21.9,22.4,20.87,0.0085,2360.0,2530.0,2610.0
51.9,32.7,8.01,0.742,0.282,0.297,1.15,1.48,1.25,24000.0,17100.0,5550.0,525.0,168.0,218.0,949.0,879.0,0.505,9.8,9.9,9.65,0.022,2740.0,2800.0,2800.0
46.0,30.0,6.4,0.31,0.0481,0.0338,1.9,1.6,0.31,18800.0,13900.0,3920.0,194.0,25.4,21.9,1390.0,838.0,0.128,8.5,8.76,8.1,0.00785,2910.0,2910.0,2910.0
38.4,29.2,26.9,1.22,0.448,0.257,1.45,1.1,1.4,21600.0,18600.0,22700.0,1050.0,325.0,229.0,1460.0,795.0,0.567,11.9,12.0,9.4,0.019,2100.0,2190.0,2280.0
16.9,9.45,42.0,13.6,0.747,0.635,0.649,0.418,9.65,3450.0,2180.0,12800.0,4240.0,196.0,205.0,235.0,109.0,3.91,4.3,4.36,3.8,0.1,1890.0,1980.0,2070.0
58.2,28.0,1.67,1.97,0.78,0.149,2.21,2.79,1.58,42100.0,23000.0,1810.0,2180.0,728.0,170.0,2850.0,2590.0,0.638,15.3,15.5,21.6,0.0075,2780.0,2800.0,2800.0
45.6,28.5,9.2,1.8,1.58,0.365,3.2,1.1,3.1,11300.0,8020.0,3420.0,684.0,505.0,144.0,1420.0,350.0,1.27,5.2,5.32,4.6,0.032,2545.0,2655.0,2755.0
50.2,30.2,4.8,1.4,0.83,1.15,1.9,1.8,2.4,18600.0,12600.0,2660.0,791.0,396.0,673.0,1250.0,852.0,1.0,7.6,7.92,6.3,0.0047,2710.0,2910.0,2910.0
57.4,29.9,2.62,0.797,0.434,0.221,1.62,1.69,0.811,22900.0,13400.0,1550.0,466.0,218.0,140.0,1130.0,872.0,0.329,8.36,8.49,8.42,0.00358,2800.0,2800.0,2800.0
37.0,21.0,34.7,0.994,0.199,0.338,1.32,0.92,1.6,24800.0,15900.0,34800.0,1020.0,172.0,358.0,1570.0,787.0,0.654,14.0,14.3,14.03,0.018,1950.0,2060.0,2110.0
43.0,19.7,26.2,3.68,0.531,0.662,1.49,1.24,2.95,34700.0,17900.0,31600.0,4530.0,552.0,845.0,2140.0,1280.0,1.2,17.0,17.2,15.78,0.012,2080.0,2160.0,2320.0
15.0,10.2,64.2,2.59,0.315,0.405,0.18,0.686,4.0,2930.0,2250.0,18700.0,771.0,79.2,125.0,62.5,171.0,1.63,4.1,4.17,4.7,0.032,2020.0,2110.0,2210.0
43.7,25.7,20.2,1.4,0.797,0.189,2.76,1.17,1.33,24000.0,16000.0,16600.0,1180.0,565.0,165.0,2710.0,824.0,0.538,11.6,11.8,10.79,0.0062,2190.0,2280.0,2370.0
25.9,11.0,23.7,16.1,0.963,0.203,1.79,0.562,6.9,17300.0,8330.0,23800.0,16500.0,830.0,215.0,2130.0,481.0,2.86,13.8,14.3,12.1,0.101,2015.0,2125.0,2235.0
36.3,19.1,26.7,4.38,0.863,0.351,2.27,0.769,3.88,11100.0,6600.0,12200.0,2040.0,339.0,170.0,1230.0,300.0,1.58,6.4,6.53,6.0,0.045,2020.0,2100.0,2190.0
34.1,19.4,25.7,7.17,1.08,0.27,2.14,0.669,3.28,9660.0,6210.0,10900.0,3100.0,394.0,121.0,1080.0,242.0,1.32,6.0,6.06,5.5,0.11,1930.0,2010.0,2120.0
46.7,18.5,21.2,2.41,0.747,0.459,2.2,1.0,2.6,44600.0,20000.0,30300.0,3520.0,920.0,695.0,3740.0,1230.0,1.06,20.1,20.5,31.1,0.018,2050.0,2160.0,2240.0
57.4,24.6,8.55,0.644,1.15,0.459,3.22,1.25,1.33,43800.0,21200.0,9770.0,751.0,1130.0,555.0,4380.0,1230.0,0.541,16.0,16.3,14.6,0.012,2650.0,2780.0,2800.0
49.3,24.0,8.3,2.8,0.88,1.16,0.38,2.0,4.2,5850.0,3230.0,1470.0,508.0,135.0,219.0,80.3,304.0,1.71,2.5,2.54,3.1,0.053,2445.0,2545.0,2655.0
32.5,16.8,38.2,1.29,0.498,0.27,1.72,0.903,1.85,17900.0,10500.0,31400.0,1080.0,353.0,235.0,1680.0,636.0,0.745,11.7,11.8,10.86,0.02,2000.0,2090.0,2200.0
40.8,22.8,23.4,0.672,1.08,0.446,4.19,0.953,1.95,29500.0,18700.0,25400.0,744.0,1010.0,511.0,5410.0,883.0,0.79,15.3,15.5,11.01,0.012,2240.0,2360.0,2560.0
36.5,19.4,37.6,0.644,0.515,0.0945,1.86,0.903,1.08,21700.0,13100.0,33500.0,586.0,395.0,89.2,1980.0,688.0,0.449,12.2,12.8,11.9,0.011,1960.0,2010.0,2050.0
57.8,24.7,4.92,1.78,1.43,0.716,3.82,1.15,1.1,79400.0,38400.0,10100.0,3730.0,2530.0,1560.0,9350.0,2030.0,0.449,28.8,29.4,29.1,0.027,2410.0,2520.0,2610.0
46.8,22.2,17.4,0.65,1.24,0.878,3.8,0.98,1.1,42800.0,23000.0,23800.0,909.0,1470.0,1270.0,6190.0,1150.0,0.458,18.8,19.6,16.2,0.01,2135.0,2255.0,2410.0
24.8,20.1,42.0,2.26,0.86,1.35,0.822,0.749,4.31,11300.0,8900.0,21200.0,799.0,387.0,672.0,782.0,396.0,1.8,7.69,8.01,7.49,0.0654,1935.0,2022.0,2104.0
46.2,29.7,14.3,1.2,0.647,0.257,2.06,1.17,1.83,18100.0,13200.0,8380.0,723.0,328.0,160.0,1440.0,588.0,0.739,8.3,8.41,7.89,0.0081,2640.0,2750.0,2800.0
8.1,25.7,17.5,13.1,8.07,0.184,0.36,0.562,14.9,1480.0,5390.0,4770.0,3640.0,1920.0,53.6,120.0,136.0,6.53,3.58,3.95,2.51,0.608,2646.0,2708.0,2752.0
37.5,25.3,20.5,2.0,0.93,0.635,1.8,0.9,2.5,13300.0,10200.0,10900.0,1090.0,426.0,357.0,1140.0,409.0,1.04,7.3,7.6,6.8,0.017,2250.0,2450.0,2520.0
62.4,17.6,6.86,3.17,0.664,0.236,1.97,0.92,1.25,65500.0,18600.0,10600.0,4080.0,809.0,381.0,3400.0,1130.0,0.512,21.1,21.6,20.65,0.0221,2370.0,2470.0,2590.0
27.4,14.9,49.9,1.58,0.349,0.311,0.986,0.619,1.75,12100.0,7460.0,33000.0,1070.0,198.0,217.0,774.0,349.0,0.711,9.3,9.44,11.2,0.015,2200.0,2320.0,2570.0
48.8,27.0,6.01,4.48,0.913,0.783,1.56,1.1,2.75,32400.0,20300.0,5960.0,4540.0,781.0,823.0,1850.0,937.0,1.12,13.9,14.2,13.28,0.064,2390.0,2500.0,2540.0
59.8,32.0,0.7,0.2,0.531,0.324,2.0,2.1,0.7,61100.0,37000.0,1070.0,312.0,700.0,525.0,3640.0,2750.0,0.292,21.0,21.9,18.2,0.0025,2800.0,2800.0,2800.0
47.3,25.8,17.9,1.68,0.714,0.189,1.85,1.52,1.68,57600.0,35600.0,32600.0,3130.0,1120.0,365.0,4020.0,2370.0,0.678,25.8,26.1,26.1,0.015,2370.0,2480.0,2590.0
50.5,26.8,14.2,0.63,0.764,0.635,2.88,1.12,1.15,32700.0,19600.0,13700.0,623.0,636.0,650.0,3320.0,927.0,0.468,13.6,13.8,14.18,0.015,2290.0,2550.0,2630.0
52.5,25.2,8.1,0.58,2.32,0.837,6.0,1.2,0.72,116000.0,63100.0,26800.0,1960.0,6630.0,2940.0,23600.0,3400.0,0.289,47.2,47.3,29.7,0.063,2420.0,2520.0,2740.0
48.6,29.9,9.87,0.644,1.13,0.351,3.45,1.27,0.9,20400.0,14200.0,6190.0,413.0,610.0,233.0,2580.0,682.0,0.363,8.9,8.98,9.64,0.013,2600.0,2640.0,2790.0
37.2,22.9,24.6,2.51,0.863,0.419,1.17,1.51,3.03,9480.0,6590.0,9370.0,975.0,283.0,169.0,528.0,490.0,1.22,5.4,5.45,6.34,0.013,2380.0,2530.0,2650.0
39.6,18.7,29.7,0.504,0.78,0.351,2.22,0.987,1.15,27100.0,14400.0,30400.0,527.0,688.0,380.0,2710.0,863.0,0.464,14.5,14.6,14.2,0.01,2040.0,2080.0,2490.0
37.1,22.2,28.9,0.28,0.631,0.405,2.65,1.05,0.49,54900.0,37100.0,63900.0,633.0,1200.0,949.0,6980.0,1990.0,0.199,31.2,31.6,19.2,0.014,2205.0,2305.0,2405.0
25.9,16.2,29.7,5.84,3.65,0.189,1.74,0.602,8.45,2720.0,1930.0,4670.0,937.0,494.0,31.4,326.0,80.9,3.45,2.2,2.25,2.08,0.017,2040.0,2120.0,2150.0
26.0,12.0,35.0,3.6,0.697,0.702,1.4,0.56,2.9,15100.0,7870.0,30300.0,3190.0,521.0,645.0,1440.0,415.0,1.21,11.9,12.4,11.1,0.0601,2015.0,2150.0,2210.0
30.0,14.7,52.1,0.994,0.249,0.135,1.05,0.719,1.38,20900.0,11600.0,54400.0,1060.0,224.0,150.0,1300.0,643.0,0.556,14.8,15.0,14.08,0.0077,1970.0,2040.0,2100.0
53.7,22.5,3.15,7.75,1.44,0.216,0.697,1.47,5.03,81800.0,38800.0,7170.0,18000.0,2840.0,521.0,1890.0,2870.0,2.15,30.4,32.5,21.54,0.064,2290.0,2360.0,2470.0
38.5,15.7,13.4,12.5,1.03,0.473,1.13,0.786,9.85,23200.0,10700.0,12100.0,11500.0,798.0,451.0,1210.0,605.0,4.03,12.6,12.9,11.94,0.054,2090.0,2260.0,2300.0
48.7,27.9,5.01,1.86,1.05,0.373,2.75,1.02,2.38,14900.0,9800.0,2220.0,889.0,425.0,183.0,1550.0,389.0,0.963,6.5,6.58,11.93,0.0105,2800.0,2800.0,2800.0
46.0,22.8,23.8,0.392,0.88,0.27,2.75,1.1,1.05,39000.0,21900.0,30200.0,508.0,962.0,363.0,4160.0,1200.0,0.426,17.9,18.2,17.0,0.015,1990.0,2070.0,2180.0
53.7,24.0,12.4,1.26,0.847,0.115,3.0,1.19,1.83,33200.0,16800.0,11500.0,1190.0,675.0,112.0,3310.0,939.0,0.754,12.8,13.2,13.2,0.012,2500.0,2580.0,2650.0
51.5,31.4,6.89,1.04,0.88,0.419,2.73,1.43,1.13,25300.0,17500.0,5070.0,778.0,557.0,326.0,2390.0,900.0,0.455,10.4,10.5,9.63,0.0089,2750.0,2800.0,2800.0
45.8,24.0,19.8,2.34,0.681,0.149,1.19,1.2,1.65,15300.0,9080.0,9890.0,1190.0,293.0,78.6,707.0,515.0,0.674,7.0,7.15,6.9,0.042,2040.0,2120.0,2210.0
39.3,21.7,28.6,1.01,0.614,0.432,2.3,1.03,2.15,22200.0,13800.0,24200.0,870.0,447.0,387.0,2310.0,746.0,0.896,11.6,12.1,11.82,0.016,2098.0,2176.0,2284.0
55.8,31.1,2.79,1.44,0.581,0.257,1.32,2.12,1.4,27100.0,17100.0,2030.0,1070.0,364.0,197.0,1140.0,1320.0,0.571,10.2,10.4,9.8,0.013,2800.0,2800.0,2800.0
32.1,15.6,43.7,0.644,0.83,0.351,2.51,0.819,1.08,27200.0,15000.0,55400.0,835.0,907.0,472.0,3790.0,889.0,0.436,17.9,18.1,15.34,0.029,2000.0,2050.0,2500.0
13.8,7.54,60.6,2.69,0.365,0.203,0.264,0.268,4.0,3760.0,2320.0,24600.0,1120.0,128.0,87.2,128.0,93.0,1.63,5.7,5.81,5.6,0.039,2170.0,2300.0,2360.0
36.7,24.1,33.0,1.17,0.531,0.103,1.08,0.92,1.72,14200.0,10600.0,19100.0,691.0,265.0,62.9,744.0,455.0,0.73,7.8,8.28,7.7,0.032,2140.0,2190.0,2470.0
38.5,17.4,34.5,1.89,0.598,0.0945,0.493,0.97,2.33,16300.0,8340.0,21900.0,1220.0,326.0,63.5,372.0,526.0,0.937,9.0,9.07,8.84,0.027,1930.0,1970.0,2130.0
47.9,17.2,14.9,6.61,0.863,0.297,2.6,0.853,2.9,14300.0,5820.0,6650.0,3020.0,333.0,141.0,1380.0,326.0,1.2,6.2,6.4,7.7,0.0387,2015.0,2115.0,2215.0
49.9,36.7,5.72,1.09,0.465,0.162,1.43,1.71,1.18,23200.0,19300.0,3980.0,775.0,278.0,119.0,1180.0,1010.0,0.477,9.8,9.94,9.9,0.0033,2800.0,2800.0,2800.0
43.4,24.0,21.3,2.69,0.664,0.419,1.13,1.49,3.95,12300.0,7690.0,9020.0,1160.0,242.0,188.0,569.0,539.0,1.59,6.0,6.05,5.55,0.011,2140.0,2330.0,2390.0
34.0,26.0,36.0,1.0,0.515,0.216,0.86,0.62,2.0,12200.0,10600.0,19400.0,550.0,239.0,123.0,552.0,286.0,0.833,7.4,7.71,7.5,0.031,2080.0,2160.0,2490.0
32.3,20.2,32.7,2.24,0.797,0.473,1.47,1.07,3.75,7860.0,5570.0,11900.0,833.0,250.0,182.0,635.0,333.0,1.53,5.1,5.21,4.8,0.05,2000.0,2090.0,2200.0
56.2,31.3,5.5,0.9,1.11,0.648,1.3,1.8,1.4,58000.0,36600.0,8490.0,1420.0,1480.0,1060.0,2390.0,2380.0,0.583,21.2,22.1,19.0,0.006,2800.0,2910.0,2910.0
55.2,28.9,6.05,0.448,0.946,0.459,3.8,1.27,0.875,36100.0,21400.0,5910.0,447.0,796.0,475.0,4420.0,1060.0,0.354,13.8,14.0,9.17,0.0078,2800.0,2800.0,2800.0
39.4,23.7,27.7,0.97,0.365,0.135,0.92,1.26,1.58,25100.0,17100.0,26300.0,944.0,300.0,136.0,1040.0,1030.0,0.638,13.5,13.6,12.3,0.0097,2410.0,2500.0,2620.0
40.7,21.4,23.4,1.8,0.647,0.149,0.54,1.1,2.9,7070.0,4210.0,6090.0,478.0,145.0,40.9,167.0,245.0,1.17,3.7,3.72,25.4,0.088,2495.0,2605.0,2700.0
43.0,21.0,24.5,2.0,0.564,0.311,1.79,1.1,1.1,16100.0,8900.0,13700.0,1150.0,273.0,184.0,1200.0,529.0,0.459,7.7,8.02,7.0,0.0387,2005.0,2125.0,2215.0
35.5,23.8,26.2,2.38,0.797,0.189,2.52,0.936,2.35,16900.0,12800.0,18600.0,1730.0,489.0,143.0,2140.0,570.0,0.958,10.0,10.2,10.7,0.0054,2100.0,2290.0,2430.0
42.6,33.1,9.25,3.5,0.498,0.203,1.77,1.37,1.58,17500.0,15400.0,5700.0,2200.0,264.0,132.0,1290.0,722.0,0.638,8.7,8.81,8.9,0.0042,2600.0,2740.0,2800.0
37.0,20.9,25.4,4.66,0.619,0.302,2.05,0.973,3.35,23000.0,14500.0,20400.0,3760.0,496.0,282.0,2280.0,775.0,1.35,12.5,12.6,11.64,0.0254,2099.0,2149.0,2332.0
46.2,37.4,7.15,0.742,0.531,0.216,2.19,2.01,1.1,36700.0,33700.0,8520.0,903.0,545.0,273.0,3100.0,2040.0,0.444,16.9,17.0,16.3,0.004,2800.0,2800.0,2800.0
45.8,34.7,7.29,1.96,0.332,0.405,1.65,2.26,1.2,32300.0,27800.0,7700.0,2110.0,302.0,453.0,2070.0,2040.0,0.483,15.0,15.1,15.23,0.0059,2800.0,2800.0,2800.0
19.3,9.87,59.1,2.06,0.382,0.297,1.01,0.502,2.1,5540.0,3210.0,25400.0,905.0,142.0,135.0,517.0,185.0,0.848,6.1,6.16,6.8,0.013,2050.0,2070.0,2160.0
36.9,25.0,29.2,1.04,0.548,0.23,1.53,2.32,1.83,28900.0,22100.0,34100.0,1240.0,552.0,284.0,2120.0,2320.0,0.74,16.5,16.7,17.23,0.068,2070.0,2170.0,2530.0
42.8,26.1,10.3,4.61,1.31,0.5,2.6,1.12,3.78,9890.0,6830.0,3560.0,1630.0,391.0,183.0,1070.0,331.0,1.52,4.9,4.95,4.04,0.017,2270.0,2340.0,2560.0
29.1,27.4,28.0,5.0,0.432,0.162,0.601,0.836,5.0,10300.0,10900.0,14800.0,2690.0,196.0,90.5,377.0,377.0,2.01,7.5,7.55,7.1,0.008,2320.0,2410.0,2520.0
54.7,26.4,12.1,0.61,0.199,0.122,1.04,2.6,1.0,58300.0,31900.0,19300.0,994.0,274.0,205.0,1970.0,3550.0,0.417,21.9,22.8,21.37,0.0037,2614.0,2681.0,2749.0
40.0,22.0,29.9,1.39,0.282,0.0675,0.925,1.25,2.83,15800.0,9850.0,17700.0,844.0,144.0,42.4,652.0,635.0,1.14,8.4,8.47,7.86,0.011,2050.0,2150.0,2370.0
42.6,23.8,17.2,3.75,0.996,1.17,1.48,1.3,4.93,4090.0,2590.0,2470.0,551.0,123.0,179.0,253.0,160.0,2.03,2.0,2.06,2.14,0.013,2160.0,2260.0,2350.0
29.1,18.5,36.8,2.3,0.681,0.189,2.2,0.742,2.3,11700.0,8390.0,22000.0,1410.0,352.0,120.0,1570.0,381.0,0.963,8.2,8.61,5.3,0.031,2655.0,2800.0,2800.0
16.9,9.15,64.7,0.882,0.232,0.0635,0.493,0.351,2.28,12700.0,7740.0,72400.0,1010.0,224.0,75.2,656.0,336.0,0.916,15.9,16.0,15.9,1.2,1970.0,2050.0,2140.0
53.3,15.7,2.02,7.25,0.369,4.26,1.46,0.757,9.9,71900.0,24000.0,4100.0,14700.0,638.0,8960.0,3490.0,1300.0,4.68,24.5,28.8,22.68,0.0566,2087.0,2165.0,2364.0
55.9,29.7,7.15,0.644,0.315,0.135,1.39,3.23,0.8,59500.0,35700.0,11400.0,1050.0,433.0,228.0,2640.0,4390.0,0.324,22.5,22.8,17.78,0.0024,2790.0,2800.0,2800.0
53.7,30.4,4.15,1.27,0.847,0.567,1.95,1.12,3.13,26100.0,16700.0,3010.0,945.0,529.0,436.0,1680.0,695.0,1.27,10.2,10.4,10.25,0.0064,2800.0,2800.0,2800.0
30.8,20.6,31.6,1.72,0.465,0.27,1.02,1.14,1.53,12900.0,9760.0,19800.0,1100.0,251.0,179.0,761.0,609.0,0.621,8.8,8.95,8.03,0.039,1980.0,2070.0,2360.0
27.6,18.8,33.4,4.27,0.896,0.432,1.17,0.769,7.5,7270.0,5600.0,13200.0,1720.0,304.0,180.0,547.0,259.0,3.07,5.5,5.64,5.4,0.11,2000.0,2090.0,2200.0
51.0,28.0,5.2,2.0,0.896,0.297,3.4,1.4,3.0,37200.0,23100.0,5680.0,2230.0,844.0,344.0,4420.0,1310.0,1.25,15.0,15.6,16.4,0.0364,2700.0,2750.0,2800.0
45.2,25.2,21.8,1.44,0.349,0.101,0.95,1.67,1.58,18800.0,11800.0,13600.0,915.0,186.0,66.6,702.0,888.0,0.636,8.8,8.88,8.2,0.0053,2200.0,2340.0,2520.0
50.4,29.2,6.41,1.53,1.43,0.297,3.93,1.57,2.08,24400.0,16000.0,4640.0,1130.0,891.0,228.0,3390.0,973.0,0.843,10.2,10.4,10.39,0.012,2410.0,2710.0,2800.0
41.1,21.5,30.4,0.938,0.315,0.257,1.36,1.03,1.33,22900.0,13500.0,25300.0,798.0,226.0,226.0,1350.0,735.0,0.544,11.6,11.9,10.65,0.011,2120.0,2200.0,2600.0
59.1,27.8,3.12,0.98,0.481,0.27,2.21,2.04,1.6,38500.0,20500.0,3040.0,977.0,405.0,279.0,2570.0,1700.0,0.667,13.4,14.0,14.73,0.0028,2413.0,2476.0,2545.0
38.8,22.6,25.3,1.9,1.33,0.837,2.2,1.0,4.3,19500.0,12800.0,19000.0,1460.0,858.0,665.0,1960.0,642.0,1.79,10.3,10.7,7.0,0.52,2630.0,2755.0,2800.0
56.8,21.7,10.6,1.6,1.13,0.297,2.72,0.92,1.23,58500.0,25300.0,16400.0,2510.0,1500.0,485.0,4980.0,1210.0,0.498,21.7,22.0,21.68,0.018,2320.0,2470.0,2570.0
53.9,26.1,11.4,0.854,0.548,0.243,1.2,0.0167,1.7,33600.0,18400.0,10700.0,812.0,439.0,240.0,1330.0,13.3,0.691,13.1,13.3,5.15,0.0059,2520.0,2650.0,2760.0
54.7,27.0,7.61,0.644,1.29,0.297,4.19,1.09,1.13,55800.0,31100.0,11600.0,1000.0,1700.0,481.0,7620.0,1420.0,0.455,21.6,21.8,21.6,0.036,2630.0,2740.0,2800.0
53.1,26.3,7.72,0.434,1.39,0.405,3.38,1.1,0.8,57100.0,32000.0,12400.0,713.0,1930.0,690.0,6470.0,1520.0,0.324,22.7,23.0,22.3,0.0092,2530.0,2630.0,2710.0
40.8,28.5,10.6,6.75,1.51,0.338,1.86,1.24,4.3,17500.0,13900.0,6800.0,4430.0,837.0,230.0,1420.0,680.0,1.74,9.1,9.19,8.7,0.016,2310.0,2390.0,2470.0
49.6,28.9,9.87,1.58,1.48,0.149,3.06,1.14,1.63,25600.0,16900.0,7610.0,1250.0,982.0,121.0,2810.0,750.0,0.658,10.9,11.0,10.2,0.027,2510.0,2600.0,2700.0
37.2,16.4,36.5,0.616,0.963,0.27,3.04,0.535,2.63,56600.0,28200.0,82900.0,1430.0,1890.0,651.0,8230.0,1040.0,1.06,32.2,32.5,29.4,0.018,1870.0,1960.0,2060.0
54.0,22.0,4.3,2.6,1.18,0.702,2.3,1.3,1.4,31000.0,14300.0,3700.0,2280.0,873.0,639.0,2350.0,956.0,0.583,11.8,12.3,11.4,0.0133,2450.0,2550.0,2730.0
36.7,27.0,21.0,3.54,0.797,0.338,1.13,1.47,3.95,4000.0,3320.0,3410.0,589.0,112.0,58.2,219.0,205.0,1.6,2.3,2.33,2.08,0.012,2250.0,2560.0,2660.0
49.8,26.7,12.7,1.68,0.614,0.338,1.41,1.4,2.2,5410.0,3290.0,2070.0,279.0,86.0,58.1,272.0,195.0,0.889,2.3,2.32,2.21,0.049,2640.0,2710.0,2760.0
49.9,27.8,9.81,0.7,0.631,0.297,2.27,1.19,0.5,34500.0,21800.0,10200.0,741.0,563.0,326.0,2800.0,1050.0,0.202,14.7,14.8,13.8,0.008,2740.0,2800.0,2800.0
40.4,18.3,25.9,2.16,1.29,0.419,2.85,0.669,3.08,22700.0,11600.0,21700.0,1850.0,936.0,372.0,2850.0,480.0,1.25,11.8,12.0,10.0,0.028,1820.0,1940.0,2020.0
43.8,19.3,26.3,1.5,0.515,0.162,2.14,1.02,1.27,22600.0,11300.0,20400.0,1180.0,343.0,133.0,1970.0,674.0,0.527,10.7,11.1,8.75,0.013,1970.0,2100.0,2260.0
39.2,22.6,16.6,3.91,1.83,0.621,1.74,1.07,5.63,10200.0,6680.0,6480.0,1560.0,615.0,257.0,810.0,358.0,2.33,5.4,5.59,4.5,0.73,2130.0,2240.0,2310.0
43.2,24.2,17.5,1.76,0.689,0.363,2.14,1.12,2.43,36300.0,21600.0,17600.0,1690.0,746.0,430.0,3260.0,1180.0,0.994,16.2,16.7,16.16,0.0135,2352.0,2449.0,2628.0
23.1,18.8,28.5,6.2,1.66,0.243,1.1,0.66,12.2,2610.0,2410.0,4830.0,1070.0,242.0,43.6,222.0,95.6,4.93,2.4,2.42,2.4,0.016,2335.0,2435.0,2545.0
53.2,26.4,11.7,0.66,0.681,0.203,1.82,1.69,1.17,56200.0,31600.0,18500.0,1070.0,927.0,339.0,3420.0,2280.0,0.488,21.7,22.6,21.63,0.0063,2647.0,2702.0,2784.0
21.3,15.5,37.2,9.87,1.83,0.378,1.19,0.635,9.63,4310.0,3550.0,11300.0,3060.0,477.0,122.0,430.0,165.0,3.89,4.3,4.34,3.9,0.029,1910.0,2000.0,2110.0
28.0,16.0,37.0,1.1,0.531,0.297,0.85,0.74,1.7,14600.0,9430.0,28800.0,875.0,357.0,245.0,788.0,493.0,0.708,10.7,11.1,8.7,0.00736,1940.0,2020.0,2320.0
53.6,25.5,5.87,0.668,1.31,1.1,2.67,1.16,0.845,20300.0,11400.0,3570.0,417.0,698.0,508.0,1750.0,597.0,0.34,8.11,8.25,7.55,0.0113,2711.0,2780.0,2800.0
54.2,29.6,6.56,0.686,0.979,0.216,3.11,1.31,1.27,45100.0,27900.0,8180.0,873.0,1050.0,285.0,4610.0,1400.0,0.531,17.1,17.8,18.08,0.018,2547.0,2754.0,2776.0
54.1,29.9,6.86,0.868,0.93,0.27,3.11,1.44,1.9,37100.0,23100.0,7030.0,908.0,820.0,293.0,3790.0,1260.0,0.773,14.4,14.6,12.33,0.029,2690.0,2800.0,2800.0
43.0,28.1,15.4,0.644,1.11,0.446,3.51,1.09,1.15,15200.0,11200.0,8170.0,348.0,507.0,250.0,2210.0,492.0,0.464,7.5,7.57,7.9,0.0069,2420.0,2510.0,2620.0
36.6,19.5,28.3,3.53,0.963,0.662,2.19,0.753,2.3,42700.0,25700.0,49500.0,6300.0,1450.0,1220.0,4550.0,1120.0,0.938,24.5,25.0,21.68,0.022,2050.0,2190.0,2260.0
11.9,8.74,67.4,2.85,0.365,0.162,0.21,0.53,4.74,4590.0,3820.0,38900.0,1680.0,182.0,99.1,144.0,262.0,1.91,8.2,8.26,7.6,0.017,2250.0,2330.0,2450.0
50.3,25.5,15.0,0.812,0.996,0.257,2.68,1.25,1.53,38000.0,21800.0,17000.0,938.0,971.0,307.0,3610.0,1210.0,0.625,15.8,16.2,12.9,0.008,2350.0,2530.0,2580.0
37.2,21.5,35.9,1.18,0.531,0.243,1.94,0.903,1.83,45600.0,29800.0,65800.0,2220.0,840.0,473.0,4230.0,1420.0,0.76,25.2,26.3,24.73,0.057,1991.0,2111.0,2355.0
28.0,23.0,34.0,3.4,0.34,0.5,1.2,1.3,2.8,11500.0,10700.0,20900.0,2130.0,180.0,325.0,877.0,683.0,1.14,8.6,8.78,9.1,0.042,2090.0,2140.0,2190.0
27.8,14.7,43.5,1.36,0.78,0.405,1.97,0.92,1.38,7400.0,4410.0,17300.0,552.0,268.0,171.0,934.0,313.0,0.559,5.6,5.7,4.87,0.012,2010.0,2060.0,2100.0
23.3,12.4,49.9,2.28,0.88,0.216,1.2,0.418,4.95,26200.0,15700.0,84000.0,3920.0,1280.0,385.0,2410.0,602.0,1.99,23.9,24.1,23.48,0.48,2060.0,2080.0,2110.0
57.7,24.5,5.16,2.16,1.15,0.554,2.67,1.24,1.7,43800.0,21100.0,5870.0,2500.0,1120.0,666.0,3610.0,1200.0,0.695,15.9,16.3,13.75,0.019,2550.0,2650.0,2710.0
37.0,20.0,17.3,7.3,1.99,0.405,3.62,1.02,4.95,8770.0,5380.0,6140.0,2640.0,609.0,152.0,1530.0,309.0,2.01,5.0,5.07,3.98,0.031,2100.0,2240.0,2460.0
37.4,23.6,28.2,1.84,0.57,0.16,1.22,0.772,2.37,25000.0,14200.0,12400.0,925.0,510.0,144.0,2120.0,761.0,0.974,10.8,11.0,10.15,0.031,2251.0,2333.0,2398.0
48.7,38.6,3.03,0.994,0.266,0.135,1.23,2.26,1.7,30300.0,27100.0,2820.0,943.0,213.0,133.0,1360.0,1790.0,0.684,13.2,13.3,14.65,0.011,2800.0,2800.0,2800.0
41.1,24.8,22.5,1.39,1.03,0.459,2.34,1.0,2.23,8730.0,5960.0,7140.0,450.0,282.0,155.0,887.0,273.0,0.92,4.4,4.55,4.42,0.014,2120.0,2240.0,2400.0
50.9,33.1,4.13,1.37,0.764,0.324,2.06,2.02,1.0,22300.0,16400.0,2700.0,916.0,430.0,224.0,1600.0,1130.0,0.407,9.2,9.35,8.7,0.01,2800.0,2800.0,2800.0
36.7,19.8,34.7,0.672,0.415,0.203,1.32,1.14,1.38,22900.0,14000.0,32400.0,641.0,334.0,200.0,1470.0,908.0,0.556,13.2,13.4,13.13,0.015,2090.0,2200.0,2310.0
47.0,31.2,5.3,1.8,0.432,0.284,4.4,1.3,1.9,36600.0,27500.0,6180.0,2140.0,434.0,350.0,6110.0,1300.0,0.773,16.4,16.7,15.5,0.01,2800.0,2800.0,2800.0
50.3,22.1,15.2,0.364,1.41,0.621,3.81,0.953,1.1,85600.0,42600.0,38800.0,947.0,3100.0,1680.0,11500.0,2080.0,0.444,36.1,36.4,33.7,0.019,2210.0,2330.0,2490.0
56.8,23.9,6.28,1.68,1.29,0.446,3.15,1.19,1.27,52000.0,24700.0,8590.0,2350.0,1530.0,646.0,5130.0,1390.0,0.517,19.3,19.6,17.7,0.016,2500.0,2620.0,2730.0
44.8,28.7,13.0,1.94,0.697,0.297,1.61,1.64,3.5,27400.0,19900.0,11800.0,1820.0,546.0,287.0,1740.0,1290.0,1.43,12.8,13.1,15.65,0.0155,2675.0,2735.0,2790.0
24.3,15.3,24.5,15.5,0.714,0.27,1.0,0.81,9.58,12000.0,8600.0,18200.0,11700.0,456.0,212.0,881.0,513.0,3.9,10.4,10.6,10.0,0.094,2060.0,2150.0,2260.0
48.5,28.1,11.7,1.2,0.884,0.584,2.93,1.33,4.18,27600.0,18200.0,9830.0,1080.0,640.0,516.0,2980.0,969.0,1.74,11.7,12.2,12.7,0.0124,2290.0,2345.0,2413.0
47.7,31.8,5.86,2.49,0.946,0.311,0.577,1.19,3.23,6090.0,4590.0,1120.0,486.0,156.0,62.8,131.0,194.0,1.3,2.7,2.73,2.44,0.0045,2800.0,2800.0,2800.0
40.8,20.6,21.8,0.95,0.797,0.243,2.2,1.1,1.8,10100.0,5750.0,8040.0,358.0,253.0,94.9,965.0,347.0,0.759,5.0,5.27,4.6,0.018,2155.0,2260.0,2355.0
38.1,33.3,9.22,4.47,0.448,0.554,0.913,0.936,4.72,6710.0,6630.0,2430.0,1200.0,102.0,154.0,286.0,211.0,1.92,3.7,3.77,3.5,0.0093,2490.0,2550.0,2910.0
49.7,28.0,4.42,3.38,1.26,0.594,2.43,1.32,4.0,9280.0,5920.0,1230.0,963.0,304.0,176.0,807.0,316.0,1.64,3.9,3.99,3.9,0.026,2480.0,2610.0,2700.0
40.4,22.7,30.5,0.72,0.515,0.162,1.82,1.21,2.03,46800.0,29800.0,52900.0,1270.0,769.0,298.0,3750.0,1790.0,0.846,23.8,24.8,20.02,0.084,2023.0,2091.0,2311.0
55.2,24.4,9.5,0.868,1.46,0.54,3.55,1.24,1.27,39800.0,19900.0,10200.0,956.0,1360.0,617.0,4550.0,1140.0,0.514,15.3,15.4,14.4,0.021,2460.0,2570.0,2650.0
56.1,22.9,9.34,1.58,2.16,0.338,4.01,1.02,1.68,38600.0,17800.0,9630.0,1670.0,1920.0,369.0,4930.0,900.0,0.682,14.5,14.8,11.28,0.033,2300.0,2440.0,2560.0
29.7,26.8,17.9,5.25,1.23,2.43,1.92,1.24,10.3,4120.0,4210.0,3700.0,1110.0,219.0,534.0,475.0,219.0,4.19,2.9,2.97,2.9,0.036,2150.0,2260.0,2370.0
31.5,16.3,36.7,4.08,0.548,0.405,1.25,0.87,3.75,13400.0,7820.0,23400.0,2650.0,300.0,273.0,946.0,473.0,1.53,8.9,9.1,6.9,0.032,1930.0,2050.0,2170.0
52.1,28.5,8.6,2.3,1.53,1.04,2.9,1.4,2.4,70800.0,43800.0,17500.0,4770.0,2670.0,2240.0,7010.0,2430.0,1.0,27.9,29.1,23.9,0.011,2485.0,2605.0,2710.0
55.4,24.0,3.96,4.71,1.38,0.594,3.06,1.04,1.7,40000.0,19600.0,4280.0,5190.0,1280.0,679.0,3940.0,957.0,0.695,15.1,15.4,14.0,0.053,2290.0,2420.0,2500.0
50.5,38.4,0.958,0.714,0.216,0.176,1.5,4.28,1.8,39500.0,34000.0,1120.0,854.0,218.0,218.0,2090.0,4290.0,0.73,16.5,16.7,16.2,0.0056,2800.0,2800.0,2800.0
54.6,29.9,3.36,1.09,0.979,0.23,2.6,1.4,0.875,38200.0,23700.0,3520.0,1170.0,883.0,255.0,3230.0,1260.0,0.356,14.7,15.0,13.95,0.009,2800.0,2800.0,2800.0
53.5,31.4,3.15,0.602,1.13,0.581,3.49,1.45,0.75,56500.0,37500.0,4970.0,971.0,1540.0,971.0,6550.0,1960.0,0.302,22.4,22.6,17.32,0.0069,2800.0,2800.0,2800.0
45.7,31.9,12.6,1.38,0.83,0.297,2.36,1.42,1.75,15100.0,11900.0,6250.0,695.0,353.0,156.0,1390.0,600.0,0.707,7.0,7.07,6.91,0.1,2470.0,2600.0,2760.0
54.8,26.1,6.29,0.574,1.36,0.378,3.34,1.27,1.08,24800.0,13400.0,4260.0,397.0,795.0,271.0,2690.0,737.0,0.434,9.6,9.69,9.55,0.017,2550.0,2660.0,2800.0
48.6,27.7,7.21,1.86,1.55,0.621,4.11,1.28,2.37,71000.0,45800.0,16300.0,3990.0,2940.0,1430.0,10700.0,2380.0,0.959,31.0,31.3,29.51,0.0189,2399.0,2489.0,2604.0
51.9,23.4,13.4,1.08,0.913,0.446,2.85,1.12,1.2,40200.0,20600.0,15600.0,1280.0,912.0,547.0,3930.0,1110.0,0.5,15.9,16.6,14.1,0.0073,2400.0,2540.0,2600.0
48.2,29.1,5.18,2.27,1.1,0.473,2.7,1.52,3.5,16600.0,11300.0,2670.0,1190.0,486.0,258.0,1660.0,670.0,1.43,7.2,7.37,6.9,0.012,2800.0,2800.0,2800.0
52.7,37.2,3.79,0.378,0.299,0.284,0.757,2.09,0.5,49400.0,39500.0,5310.0,541.0,361.0,421.0,1260.0,2510.0,0.202,19.8,20.0,18.7,0.0042,2800.0,2800.0,2800.0
52.7,28.2,5.68,1.76,1.44,0.891,3.27,1.32,1.7,25400.0,15400.0,4100.0,1300.0,897.0,681.0,2810.0,815.0,0.688,10.2,10.3,9.2,0.02,2660.0,2780.0,2800.0
40.5,28.0,4.9,5.4,1.13,1.89,1.4,1.7,9.2,3290.0,2580.0,596.0,671.0,118.0,243.0,203.0,177.0,3.76,1.7,1.74,1.7,0.02,2365.0,2465.0,2555.0
36.0,20.8,32.6,1.02,0.614,0.608,1.56,1.05,1.6,19800.0,13000.0,26900.0,861.0,436.0,531.0,1530.0,743.0,0.645,11.7,11.8,10.6,0.017,1990.0,2130.0,2250.0
47.4,32.8,6.75,0.448,0.946,0.162,4.83,1.18,0.725,31700.0,24800.0,6760.0,458.0,816.0,172.0,5750.0,1010.0,0.292,14.2,14.3,12.3,0.0067,2760.0,2800.0,2800.0
52.1,22.7,6.6,1.6,0.963,0.378,2.1,1.5,1.0,27400.0,13500.0,5190.0,1290.0,653.0,315.0,1970.0,1010.0,0.417,10.8,11.3,11.4,0.011,2460.0,2560.0,2720.0
47.6,29.1,5.28,2.14,0.759,1.27,1.15,1.37,2.99,4640.0,3200.0,753.0,319.0,94.0,193.0,198.0,171.0,1.21,2.06,2.08,2.26,0.00704,2800.0,2800.0,2800.0
31.5,14.0,26.5,10.3,1.06,0.27,1.94,0.635,6.43,15400.0,7720.0,19300.0,7710.0,669.0,209.0,1680.0,397.0,2.61,10.3,10.5,9.7,0.036,1820.0,1910.0,2000.0
35.1,22.3,13.6,12.4,0.498,0.338,1.47,1.07,5.55,24200.0,17400.0,14000.0,13100.0,442.0,369.0,1800.0,944.0,2.24,14.6,14.7,13.8,0.025,2180.0,2260.0,2380.0
25.3,19.8,53.9,1.11,0.349,0.112,1.16,0.54,1.96,16100.0,14200.0,51100.0,1080.0,285.0,113.0,1310.0,438.0,0.812,13.1,13.6,12.1,0.02,2060.0,2170.0,2260.0
33.1,24.6,32.8,2.11,0.681,0.297,1.51,1.0,2.55,11200.0,9370.0,16500.0,1090.0,295.0,158.0,908.0,432.0,1.03,7.1,7.2,6.9,0.012,2170.0,2280.0,2400.0
53.9,29.1,8.47,0.938,0.598,0.81,2.02,1.71,1.33,13300.0,8100.0,3110.0,352.0,189.0,316.0,884.0,537.0,0.536,5.2,5.26,4.32,0.0039,2640.0,2800.0,2800.0
47.1,26.7,9.15,3.33,1.46,0.527,1.81,1.15,4.18,5540.0,3550.0,1610.0,599.0,222.0,98.2,380.0,174.0,1.68,2.5,2.52,2.87,0.013,2440.0,2550.0,2590.0
50.5,28.1,11.5,1.06,0.697,0.0945,2.22,1.33,1.57,36100.0,22700.0,12300.0,1160.0,643.0,107.0,2830.0,1220.0,0.632,15.2,15.3,14.46,0.0081,2600.0,2710.0,2800.0
54.0,27.0,9.1,0.48,0.745,0.103,2.5,1.3,0.69,15000.0,8480.0,3780.0,203.0,267.0,45.1,1240.0,462.0,0.288,5.7,5.94,5.7,0.012,2730.0,2780.0,2910.0
37.9,22.1,9.75,8.95,2.32,1.49,0.43,1.36,6.6,8190.0,5410.0,3150.0,2950.0,647.0,509.0,165.0,376.0,2.65,4.6,4.62,4.6,0.046,2205.0,2315.0,2405.0
41.7,23.1,24.9,1.08,0.631,0.216,2.24,1.05,2.25,30400.0,19000.0,27100.0,1200.0,592.0,249.0,2900.0,981.0,0.91,15.4,15.6,14.3,0.015,2160.0,2250.0,2350.0
52.7,30.1,4.1,1.5,0.498,0.635,1.8,1.4,2.7,10800.0,6970.0,1250.0,469.0,131.0,206.0,655.0,366.0,1.13,4.2,4.38,3.8,0.009,1995.0,2145.0,2215.0
32.3,22.6,34.3,1.16,0.714,0.238,1.52,0.9,1.48,27700.0,22400.0,37500.0,1270.0,763.0,289.0,2380.0,971.0,0.597,17.2,17.4,15.5,0.0109,2300.0,2398.0,2480.0
46.0,27.0,14.3,1.19,0.647,0.446,1.45,1.49,1.3,10200.0,6800.0,4760.0,404.0,186.0,157.0,576.0,423.0,0.526,4.7,4.76,4.28,0.007,2590.0,2680.0,2760.0
48.9,17.2,12.2,3.28,0.415,0.243,1.94,1.42,3.0,36700.0,14600.0,13700.0,3750.0,401.0,289.0,2580.0,1370.0,1.25,15.4,16.0,14.69,0.092,2438.0,2541.0,2676.0
47.9,22.5,13.6,4.36,1.58,0.446,3.34,1.07,2.8,65400.0,34700.0,27800.0,9080.0,2770.0,963.0,8120.0,1870.0,1.13,28.9,29.2,42.4,0.028,2020.0,2070.0,2120.0
32.1,22.2,31.0,1.7,0.896,0.405,2.72,0.89,3.4,12800.0,9990.0,18500.0,1040.0,461.0,256.0,1930.0,454.0,1.38,8.4,8.53,8.9,0.018,2080.0,2300.0,2380.0
37.5,20.6,24.4,2.62,1.06,0.716,1.59,1.39,4.5,9410.0,5860.0,9160.0,1010.0,344.0,285.0,710.0,446.0,1.83,5.3,5.38,5.3,0.038,2060.0,2165.0,2255.0
51.8,23.3,15.2,1.57,0.614,0.203,1.65,1.37,1.96,21000.0,10700.0,9220.0,973.0,321.0,130.0,1190.0,711.0,0.791,8.6,8.68,11.65,0.012,2290.0,2580.0,2640.0
53.5,26.5,12.0,1.39,0.498,0.257,2.73,1.24,1.53,25800.0,14400.0,8660.0,1020.0,309.0,196.0,2340.0,763.0,0.635,9.9,10.3,9.33,0.011,2411.0,2580.0,2646.0
53.8,24.7,11.6,0.476,1.08,0.189,3.06,1.2,1.2,42200.0,21900.0,13600.0,571.0,1090.0,235.0,4280.0,1210.0,0.489,16.5,16.8,15.44,0.0086,2530.0,2600.0,2700.0
31.7,27.0,8.41,12.1,1.64,0.621,1.85,0.936,7.25,21600.0,20900.0,8580.0,12600.0,1440.0,671.0,2250.0,817.0,2.94,14.4,14.6,14.2,0.035,2260.0,2350.0,2440.0
51.0,35.0,2.5,1.1,0.647,0.176,1.7,1.3,1.2,21100.0,16400.0,1550.0,695.0,345.0,115.0,1250.0,688.0,0.5,8.5,8.85,7.6,0.00795,2910.0,2910.0,2910.0
45.8,20.0,19.6,5.15,0.631,0.162,1.95,1.02,0.675,21100.0,10400.0,13500.0,3620.0,374.0,118.0,1590.0,600.0,0.28,9.5,9.84,8.04,0.023,2220.0,2250.0,2340.0
30.1,18.1,43.7,1.33,0.548,0.297,1.12,0.903,1.98,13800.0,9440.0,30100.0,935.0,325.0,217.0,915.0,532.0,0.81,9.6,9.84,8.9,0.032,1930.0,2070.0,2150.0
37.0,25.0,29.0,0.39,0.349,0.0783,1.0,1.6,0.99,41100.0,31400.0,48200.0,661.0,499.0,138.0,1980.0,2270.0,0.413,22.8,23.8,22.4,0.00509,2410.0,2460.0,2520.0
31.1,17.8,44.3,2.2,0.415,0.176,1.55,0.652,1.93,27500.0,17800.0,58600.0,2970.0,473.0,246.0,2440.0,737.0,0.783,18.6,18.9,17.4,0.019,2060.0,2150.0,2250.0
48.9,35.1,5.44,0.37,0.714,0.189,2.39,2.89,0.6,32100.0,26100.0,5350.0,372.0,605.0,197.0,2800.0,2430.0,0.25,13.5,14.1,18.08,0.012,2746.0,2764.0,2791.0
34.7,20.8,37.2,1.34,0.581,0.216,1.41,0.753,1.68,16700.0,11300.0,26800.0,988.0,360.0,165.0,1200.0,463.0,0.683,10.1,10.3,11.4,0.023,1980.0,2090.0,2170.0
50.5,19.8,16.1,3.89,1.05,0.338,2.74,1.02,1.9,50800.0,22600.0,24200.0,5980.0,1360.0,538.0,4910.0,1310.0,0.772,21.2,21.5,21.6,0.037,2020.0,2110.0,2220.0
43.0,27.4,13.9,0.52,0.678,0.343,2.3,1.28,0.15,31400.0,22800.0,15000.0,573.0,636.0,404.0,2990.0,1210.0,0.062,15.0,15.6,14.51,0.0127,2506.0,2556.0,2620.0
49.8,23.2,15.2,1.97,0.777,0.312,2.09,1.15,1.93,55100.0,27100.0,20900.0,1730.0,1120.0,517.0,4250.0,1640.0,0.775,22.1,22.2,20.98,0.0159,2582.0,2669.0,2733.0
35.3,13.0,31.9,6.01,1.23,0.486,2.18,0.652,5.75,41600.0,17300.0,56200.0,10800.0,1870.0,908.0,4560.0,983.0,2.4,24.2,25.2,17.7,0.47,1950.0,2000.0,2050.0
74.3,7.7,5.2,3.9,0.813,0.176,0.88,1.1,5.9,153000.0,18000.0,16000.0,12300.0,2160.0,573.0,3230.0,2900.0,2.72,38.2,42.9,23.9,0.074,2560.0,2610.0,2730.0
22.2,14.1,59.9,0.966,0.332,0.297,1.05,0.719,0.6,17000.0,12200.0,68700.0,1130.0,328.0,361.0,1430.0,705.0,0.244,16.1,16.4,13.18,0.011,2180.0,2260.0,2370.0
43.4,23.8,21.9,1.08,0.681,0.149,2.22,1.19,1.68,21900.0,13600.0,16500.0,829.0,441.0,118.0,1990.0,764.0,0.674,10.7,10.8,12.9,0.0099,2060.0,2150.0,2260.0
26.2,15.4,35.6,8.01,0.594,0.701,1.41,0.754,5.32,27200.0,17900.0,53900.0,12400.0,796.0,1160.0,2680.0,1040.0,2.22,20.9,21.8,20.16,0.0152,1981.0,2054.0,2119.0
58.9,27.3,4.1,0.96,0.847,0.351,2.5,1.5,0.84,57800.0,30300.0,6020.0,1440.0,1070.0,546.0,4370.0,1880.0,0.343,20.6,21.0,20.9,0.024,2800.0,2800.0,2800.0
49.4,28.7,3.85,2.61,1.41,0.486,2.22,1.24,2.73,23800.0,15700.0,2770.0,1920.0,876.0,371.0,1910.0,762.0,1.1,10.2,10.3,9.82,0.008,2600.0,2700.0,2740.0
32.7,20.0,38.0,1.22,0.515,0.243,1.11,0.92,1.75,17500.0,12100.0,30400.0,993.0,354.0,206.0,1050.0,628.0,0.714,11.2,11.4,10.67,0.017,2000.0,2070.0,2210.0
56.4,27.2,7.24,0.364,0.764,0.203,2.98,1.19,0.85,87600.0,47900.0,16800.0,864.0,1530.0,499.0,8240.0,2360.0,0.347,32.6,33.2,33.1,0.006,2760.0,2800.0,2800.0
37.9,17.0,28.2,5.63,0.581,0.392,1.97,0.87,5.15,28000.0,14200.0,31200.0,6360.0,554.0,459.0,2590.0,822.0,2.09,15.6,15.8,14.29,0.023,2100.0,2180.0,2320.0
41.0,13.0,16.0,1.4,0.913,0.311,1.5,0.86,1.9,21000.0,7520.0,12200.0,1090.0,602.0,252.0,1370.0,562.0,0.792,10.5,10.9,10.5,0.0401,1945.0,2045.0,2110.0
60.5,27.8,5.12,0.714,0.631,0.27,2.02,2.09,0.775,55600.0,29000.0,7040.0,1000.0,748.0,394.0,3310.0,2460.0,0.313,19.5,19.7,19.2,0.015,2800.0,2800.0,2800.0
28.5,22.1,30.2,4.79,0.996,0.311,1.57,0.936,6.75,7710.0,6780.0,12200.0,1980.0,348.0,133.0,759.0,324.0,2.74,5.7,5.79,5.6,0.037,2070.0,2190.0,2300.0
45.3,32.7,9.21,0.714,0.813,0.189,2.2,2.16,1.38,24600.0,20100.0,7480.0,593.0,569.0,163.0,2130.0,1500.0,0.561,11.4,11.6,12.3,0.062,2780.0,2800.0,2800.0
28.8,15.4,43.6,1.5,0.199,0.27,0.7,0.53,2.2,15100.0,9160.0,34300.0,1200.0,135.0,225.0,655.0,356.0,0.892,11.1,11.2,9.5,0.041,2110.0,2200.0,2310.0
44.9,25.9,19.4,1.11,1.06,0.419,3.09,0.903,1.48,29700.0,19400.0,19200.0,1120.0,905.0,438.0,3630.0,763.0,0.596,14.0,14.1,15.14,0.028,2180.0,2280.0,2400.0
29.8,22.5,37.2,1.48,0.349,0.054,1.27,0.903,2.23,15800.0,13500.0,29600.0,1200.0,238.0,45.4,1200.0,613.0,0.927,10.9,11.4,10.43,0.0089,2187.0,2248.0,2288.0
28.0,15.0,33.0,1.5,0.498,0.513,1.5,0.56,2.1,18500.0,11200.0,32700.0,1520.0,425.0,538.0,1770.0,474.0,0.875,13.6,14.2,12.4,0.0324,2000.0,2050.0,2100.0
50.4,33.7,6.59,0.826,1.21,0.041,2.92,0.92,0.95,37300.0,28200.0,7290.0,933.0,1150.0,48.0,3840.0,870.0,0.385,15.6,15.8,15.98,0.0113,2800.0,2800.0,2800.0
54.6,29.5,3.72,0.616,1.08,0.189,2.85,1.37,0.575,30600.0,18700.0,3120.0,528.0,781.0,168.0,2850.0,985.0,0.232,11.9,12.0,11.71,0.0079,2780.0,2800.0,2800.0
41.9,27.1,23.2,0.882,0.465,0.176,1.33,1.44,1.1,34500.0,25200.0,28500.0,1110.0,492.0,229.0,1950.0,1510.0,0.444,17.4,17.6,16.3,0.0041,2340.0,2420.0,2540.0
26.1,17.1,44.0,2.75,0.813,0.27,1.63,0.803,4.03,12000.0,8930.0,30300.0,1930.0,483.0,197.0,1340.0,473.0,1.64,9.7,9.85,10.15,0.0085,2030.0,2060.0,2200.0
31.3,25.2,19.4,4.0,0.581,0.203,2.8,1.0,6.6,3720.0,3390.0,3450.0,727.0,89.1,38.2,593.0,152.0,2.69,2.5,2.55,2.1,0.014,2310.0,2405.0,2510.0
37.6,16.0,23.3,4.2,1.29,0.432,2.7,0.68,5.4,8100.0,3900.0,7510.0,1380.0,360.0,148.0,1040.0,188.0,2.21,4.5,4.61,4.2,0.14,1955.0,2060.0,2155.0
46.0,25.3,2.26,3.09,0.854,1.38,1.38,1.47,5.1,14700.0,8930.0,1050.0,1540.0,353.0,685.0,790.0,588.0,2.12,6.43,6.7,6.69,0.0204,2498.0,2529.0,2566.0
33.6,27.1,25.3,2.3,0.896,0.0945,1.77,1.02,3.2,4390.0,4000.0,4950.0,459.0,151.0,19.6,411.0,171.0,1.33,2.7,2.8,3.4,0.022,2140.0,2260.0,2340.0
53.4,28.1,2.53,1.21,0.617,0.579,1.65,2.07,1.94,23400.0,14500.0,2050.0,576.0,369.0,303.0,1850.0,1180.0,0.807,9.09,9.47,7.87,0.0236,2910.0,2910.0,2910.0
47.9,22.3,13.5,2.18,0.349,0.486,2.72,1.25,2.6,22900.0,12000.0,9600.0,1590.0,214.0,367.0,2310.0,765.0,1.06,10.0,10.2,9.0,0.063,1980.0,2100.0,2240.0
37.2,18.3,35.9,0.714,0.963,0.324,2.51,0.736,1.6,20200.0,11200.0,29100.0,592.0,673.0,278.0,2420.0,510.0,0.646,11.5,11.6,9.15,0.017,2010.0,2060.0,2280.0
50.1,17.2,23.1,0.994,0.457,0.367,1.11,1.7,1.24,56200.0,24500.0,33900.0,1270.0,927.0,753.0,3150.0,2190.0,0.505,23.5,24.0,19.55,0.0159,2094.0,2170.0,2530.0
32.0,16.0,31.0,5.8,1.01,0.608,2.0,0.68,3.7,42800.0,24200.0,62100.0,11900.0,1750.0,1290.0,4770.0,1160.0,1.54,27.5,28.6,26.4,0.0745,2030.0,2080.0,2170.0
23.3,25.5,24.0,6.15,1.39,0.432,1.15,0.87,8.28,2110.0,2610.0,3250.0,849.0,163.0,61.9,186.0,101.0,3.37,1.9,1.93,1.65,0.055,2390.0,2480.0,2520.0
28.4,15.2,50.7,1.11,0.232,0.311,0.76,0.75,2.09,27500.0,16600.0,73500.0,1640.0,290.0,477.0,1310.0,930.0,0.871,19.9,20.7,23.1,0.011,2080.0,2110.0,2140.0
49.0,26.0,12.0,1.5,1.11,0.216,2.1,0.92,1.8,27000.0,16200.0,9880.0,1260.0,789.0,188.0,2060.0,648.0,0.75,11.3,11.8,8.8,0.0138,2400.0,2450.0,2510.0
35.7,32.3,15.2,4.15,1.9,0.749,0.358,1.08,5.53,8610.0,8390.0,4770.0,1120.0,523.0,234.0,151.0,303.0,2.27,4.68,4.81,4.24,0.0261,2443.0,2551.0,2685.0
48.6,20.9,2.4,0.924,0.647,0.257,1.83,0.97,1.4,26200.0,12800.0,1940.0,763.0,451.0,220.0,1760.0,670.0,0.573,11.3,11.6,11.84,0.014,2080.0,2190.0,2340.0
38.6,25.3,23.2,1.43,0.896,0.284,2.96,0.836,1.8,21100.0,15700.0,19000.0,1190.0,632.0,246.0,2880.0,585.0,0.739,11.4,11.7,10.95,0.013,2110.0,2220.0,2540.0
28.9,18.4,39.2,2.54,0.133,0.216,0.998,0.719,3.15,9870.0,7110.0,20000.0,1320.0,58.5,117.0,607.0,314.0,1.28,7.2,7.31,6.9,0.022,1810.0,1900.0,2000.0
51.1,26.0,12.6,0.952,0.764,0.149,2.44,1.37,1.63,32600.0,18800.0,12000.0,929.0,629.0,150.0,2770.0,1120.0,0.663,13.4,13.7,13.0,0.0084,2610.0,2690.0,2780.0
51.0,28.0,11.0,0.84,0.73,0.54,2.1,1.4,0.76,40200.0,25000.0,13000.0,1010.0,743.0,675.0,2950.0,1410.0,0.317,16.2,16.9,15.8,0.00621,2660.0,2755.0,2800.0
57.0,23.0,8.2,0.4,0.631,0.311,2.3,1.7,0.51,48000.0,21900.0,10300.0,515.0,685.0,414.0,3450.0,1830.0,0.213,17.3,18.0,16.3,0.00967,2800.0,2910.0,2910.0
47.7,37.8,3.41,0.39,0.614,0.257,3.47,1.82,0.44,45500.0,40700.0,4860.0,568.0,754.0,387.0,5880.0,2220.0,0.178,20.2,20.4,18.6,0.006,2910.0,2910.0,2910.0
31.9,11.2,40.5,2.63,0.93,0.257,1.62,0.569,3.5,11100.0,4400.0,21000.0,1400.0,416.0,141.0,1000.0,253.0,1.42,7.3,7.43,7.0,0.035,1840.0,1970.0,2060.0
49.2,34.2,2.96,1.39,0.382,0.176,1.11,2.93,2.0,21300.0,16800.0,1920.0,916.0,213.0,120.0,852.0,1620.0,0.805,9.2,9.26,9.1,0.0068,2800.0,2800.0,2800.0
14.3,12.0,55.2,4.95,0.78,0.77,0.43,0.48,7.6,1900.0,1810.0,11000.0,1010.0,134.0,162.0,102.0,81.8,3.09,2.8,2.85,2.5,0.054,2480.0,2520.0,2560.0
50.9,20.6,16.7,1.64,1.39,0.567,3.03,1.05,2.23,57300.0,26300.0,28200.0,2820.0,2020.0,1010.0,6070.0,1520.0,0.901,23.8,24.1,22.8,0.018,2030.0,2140.0,2240.0
40.6,26.5,8.91,3.99,1.21,0.556,2.19,1.12,5.2,24300.0,16500.0,7120.0,2760.0,818.0,471.0,2400.0,813.0,2.17,11.5,12.0,10.62,0.0146,2462.0,2554.0,2646.0
33.7,17.2,36.0,3.11,0.598,0.446,1.29,1.07,3.5,10800.0,6230.0,17200.0,1520.0,247.0,226.0,733.0,438.0,1.43,6.7,6.85,6.4,0.017,1950.0,2040.0,2120.0
16.7,11.3,52.9,3.49,1.53,0.135,0.685,0.435,6.1,6380.0,4870.0,30300.0,2040.0,752.0,81.8,466.0,213.0,2.46,8.1,8.18,7.22,0.53,2070.0,2090.0,2320.0
36.1,30.9,11.2,2.28,0.631,1.49,1.98,1.37,3.38,5280.0,5130.0,2460.0,510.0,119.0,344.0,517.0,257.0,1.36,3.1,3.13,3.6,0.014,2450.0,2600.0,2740.0
38.5,30.1,7.19,9.01,1.2,1.16,0.276,1.61,16.3,1330.0,1180.0,372.0,475.0,53.2,63.6,17.0,71.0,6.67,0.72,0.739,0.9,0.017,2360.0,2450.0,2560.0
43.9,29.9,12.4,2.14,1.01,0.662,2.74,1.22,2.95,4370.0,3370.0,1840.0,326.0,130.0,104.0,486.0,156.0,1.2,2.1,2.13,2.57,0.014,2250.0,2450.0,2500.0
45.0,26.0,2.7,0.97,0.863,0.878,3.8,1.8,1.2,18000.0,11700.0,1610.0,592.0,444.0,555.0,2700.0,919.0,0.5,8.2,8.54,7.2,0.0116,2910.0,2910.0,2910.0
39.2,21.9,28.0,1.51,0.78,0.176,2.1,1.05,2.0,24000.0,15200.0,25700.0,1420.0,616.0,170.0,2290.0,826.0,0.813,12.9,13.1,12.3,0.024,2155.0,2260.0,2350.0
44.7,28.2,13.0,1.54,0.979,0.203,2.9,1.14,1.55,15400.0,11000.0,6700.0,812.0,436.0,111.0,1780.0,502.0,0.636,7.2,7.38,7.05,0.006,2230.0,2590.0,2700.0
28.7,21.9,35.2,3.89,0.714,0.513,0.673,0.702,6.5,6330.0,5460.0,11600.0,1310.0,203.0,179.0,264.0,198.0,2.67,4.6,4.72,4.6,0.079,2000.0,2120.0,2260.0
44.4,16.7,20.0,3.0,0.73,0.216,2.3,0.88,3.5,30700.0,13100.0,20700.0,3170.0,652.0,237.0,2830.0,779.0,1.42,14.6,14.8,13.0,0.055,2145.0,2235.0,2330.0
27.8,13.9,37.9,1.3,0.598,0.149,1.2,0.66,2.5,11200.0,6360.0,22900.0,803.0,311.0,95.2,864.0,341.0,1.04,8.3,8.66,5.6,0.026,2060.0,2160.0,2250.0
56.0,28.0,4.0,0.19,1.1,0.216,2.9,2.1,0.4,68700.0,38900.0,7340.0,356.0,1730.0,420.0,6330.0,3300.0,0.167,25.2,26.3,27.5,0.0141,2910.0,2910.0,2910.0
38.8,27.3,21.6,1.18,0.653,1.31,2.59,1.07,2.61,7200.0,5630.0,4880.0,297.0,153.0,346.0,848.0,255.0,1.05,3.72,3.76,3.75,0.00899,2246.0,2353.0,2519.0
40.8,20.7,28.5,1.28,0.515,0.189,1.16,1.6,1.88,21000.0,12000.0,22000.0,1010.0,342.0,154.0,1060.0,1050.0,0.761,10.9,11.0,10.0,0.013,2015.0,2120.0,2205.0
52.7,32.6,2.86,1.57,0.714,0.243,1.98,1.59,1.25,22800.0,16000.0,1850.0,1040.0,399.0,167.0,1530.0,881.0,0.509,9.1,9.27,9.5,0.0083,2800.0,2800.0,2800.0
67.9,19.3,3.51,2.06,0.657,0.516,0.483,1.2,2.68,12300.0,4370.0,1070.0,644.0,159.0,156.0,172.0,299.0,1.08,3.98,4.02,4.05,0.00729,2586.0,2681.0,2800.0
54.1,29.5,8.02,0.644,0.515,0.297,2.13,1.92,0.65,30600.0,18900.0,6790.0,557.0,375.0,266.0,2140.0,1390.0,0.265,11.9,12.1,12.17,0.0051,2760.0,2800.0,2800.0
47.7,26.1,13.6,3.88,0.946,0.392,2.04,1.49,2.48,47400.0,29400.0,20300.0,5890.0,1210.0,617.0,3620.0,1890.0,1.0,21.0,21.3,23.0,0.027,2450.0,2500.0,2570.0
32.9,20.4,38.9,1.02,0.465,0.23,1.63,0.92,2.02,17400.0,12200.0,30700.0,823.0,316.0,192.0,1530.0,622.0,0.815,11.2,11.3,11.3,0.0096,1990.0,2030.0,2240.0
51.0,30.0,4.1,2.0,0.913,0.243,1.8,1.4,2.7,21100.0,14100.0,2540.0,1260.0,487.0,159.0,1330.0,741.0,1.13,8.5,8.85,8.7,0.23,2200.0,2280.0,2380.0
22.0,20.0,43.0,1.5,0.315,0.203,0.61,0.95,1.1,9640.0,9920.0,28200.0,1000.0,178.0,141.0,476.0,533.0,0.458,9.0,9.38,8.1,0.00519,2140.0,2250.0,2340.0
44.7,14.4,12.5,6.2,0.232,0.783,2.69,0.769,10.8,51500.0,18800.0,21500.0,10900.0,345.0,1430.0,5520.0,1130.0,4.41,24.2,24.6,29.9,0.074,1955.0,2055.0,2145.0
22.7,17.4,37.5,9.66,0.216,0.27,0.288,0.284,6.05,9240.0,8000.0,22800.0,6000.0,113.0,174.0,209.0,148.0,2.45,8.6,8.7,8.03,0.071,2090.0,2210.0,2280.0
33.8,21.4,31.6,2.9,0.714,0.621,1.71,1.07,2.2,14100.0,10100.0,19800.0,1850.0,385.0,412.0,1270.0,573.0,0.885,8.9,8.96,9.19,0.021,1980.0,2080.0,2150.0
48.8,22.1,16.9,2.11,0.697,0.432,2.0,1.19,1.0,15300.0,7870.0,7940.0,1020.0,283.0,215.0,1120.0,478.0,0.414,6.5,6.73,5.74,0.018,2110.0,2150.0,2350.0
50.5,25.3,13.4,0.592,0.69,0.238,2.47,1.2,0.634,42600.0,24000.0,17400.0,749.0,749.0,313.0,3710.0,1290.0,0.256,17.9,18.1,16.93,0.01,2546.0,2636.0,2731.0
57.6,29.2,4.93,0.84,0.498,0.0149,1.25,1.67,0.89,23200.0,13300.0,2970.0,517.0,259.0,9.48,897.0,861.0,0.38,8.08,8.65,4.8,0.0067,2680.0,2910.0,2910.0
57.4,29.5,2.46,0.546,0.747,0.27,2.61,2.94,0.6,39600.0,23100.0,2540.0,577.0,665.0,296.0,3210.0,2600.0,0.245,14.5,14.8,13.8,0.0056,2800.0,2800.0,2800.0
53.7,29.7,2.57,1.27,1.03,0.257,3.38,1.64,1.85,77400.0,48400.0,5550.0,2810.0,1910.0,586.0,8660.0,3020.0,0.75,30.4,30.8,26.31,0.012,2760.0,2800.0,2800.0
54.2,28.5,8.17,0.75,0.78,0.149,2.28,1.49,1.27,58600.0,34900.0,13200.0,1240.0,1090.0,254.0,4390.0,2060.0,0.529,22.2,23.1,21.57,0.0088,2709.0,2737.0,2780.0
22.0,14.1,54.3,1.75,0.382,0.107,0.66,0.76,2.47,10400.0,7570.0,38600.0,1270.0,234.0,80.4,559.0,462.0,1.03,9.79,10.2,12.4,0.018,2005.0,2115.0,2205.0
54.6,27.6,6.55,0.588,1.13,0.473,4.28,1.17,1.13,107000.0,61000.0,19100.0,1760.0,2840.0,1460.0,14900.0,2930.0,0.456,41.3,41.8,35.7,0.008,2580.0,2660.0,2770.0
26.9,14.4,54.7,0.798,0.432,0.203,1.08,0.635,1.35,20900.0,12700.0,63800.0,951.0,434.0,250.0,1500.0,634.0,0.553,16.3,16.7,15.8,0.017,2010.0,2090.0,2210.0
43.8,26.9,18.4,1.2,0.896,0.149,2.01,1.14,1.6,17600.0,12200.0,11100.0,739.0,464.0,94.5,1430.0,584.0,0.654,8.4,8.59,8.01,0.0084,2500.0,2560.0,2590.0
40.2,30.2,14.3,2.3,1.03,0.689,2.8,1.19,3.78,10300.0,8770.0,5480.0,898.0,340.0,279.0,1280.0,389.0,1.53,5.4,5.48,5.37,0.047,2500.0,2560.0,2600.0
32.6,31.5,3.67,4.19,2.91,1.27,0.539,1.07,6.66,17200.0,17000.0,1870.0,2350.0,1490.0,827.0,459.0,695.0,2.83,9.19,9.75,7.49,0.0735,2413.0,2650.0,2781.0
41.5,25.0,20.4,2.52,0.83,0.108,2.04,1.05,2.75,10300.0,7000.0,7580.0,954.0,265.0,42.4,901.0,334.0,1.12,5.2,5.3,4.95,0.064,1990.0,2150.0,2240.0
47.7,28.6,13.5,0.826,0.963,0.23,2.93,1.64,1.25,23900.0,16200.0,10200.0,633.0,622.0,182.0,2620.0,1050.0,0.511,10.5,10.7,10.5,0.022,2510.0,2590.0,2680.0
35.5,23.3,22.3,3.66,1.03,0.648,2.4,1.1,7.25,7140.0,5290.0,6690.0,1120.0,267.0,206.0,860.0,284.0,2.97,4.2,4.3,4.6,0.016,2110.0,2200.0,2330.0
41.0,17.0,28.0,1.9,0.88,0.176,1.5,0.96,3.5,24700.0,11600.0,25300.0,1750.0,685.0,168.0,1610.0,742.0,1.46,12.4,12.9,17.9,0.144,2246.0,2300.0,2417.0
51.6,21.0,15.3,0.532,1.66,0.243,4.16,0.635,1.85,113000.0,52100.0,50300.0,1790.0,4700.0,846.0,16300.0,1790.0,0.771,45.1,47.0,30.7,0.014,2100.0,2150.0,2280.0
45.9,25.9,17.0,1.69,0.481,0.257,2.26,1.82,2.53,34800.0,22300.0,19300.0,1970.0,471.0,309.0,3060.0,1770.0,1.05,15.6,16.3,15.01,0.016,2194.0,2437.0,2516.0
41.7,34.6,3.89,4.28,1.18,0.675,1.53,0.85,7.28,11200.0,10500.0,1560.0,1750.0,407.0,286.0,729.0,291.0,3.03,5.5,5.73,4.9,0.022,2910.0,2910.0,2910.0
42.4,21.5,23.0,4.18,0.959,1.07,1.83,0.969,2.23,20600.0,11600.0,14800.0,2700.0,636.0,732.0,1670.0,606.0,0.919,9.65,9.92,9.25,0.0444,2024.0,2125.0,2208.0
42.2,25.7,19.9,1.99,0.847,0.351,1.95,1.57,1.65,13200.0,9140.0,9340.0,954.0,343.0,175.0,1090.0,632.0,0.672,6.6,6.72,6.35,0.021,2140.0,2330.0,2510.0
40.6,24.2,13.7,6.09,0.979,0.527,2.64,1.24,3.45,25900.0,17500.0,13100.0,5940.0,806.0,532.0,3000.0,1010.0,1.4,13.5,13.7,12.7,0.023,2210.0,2290.0,2380.0
51.8,20.8,17.4,1.43,0.664,0.27,1.89,1.15,2.5,45100.0,20500.0,22700.0,1900.0,745.0,373.0,2920.0,1290.0,1.02,18.2,18.6,17.1,0.022,2410.0,2500.0,2610.0
48.7,31.6,4.68,1.92,0.716,0.212,2.53,1.51,2.12,22400.0,16400.0,3420.0,1390.0,429.0,155.0,2080.0,884.0,0.877,9.64,9.88,8.48,0.0584,2801.0,2808.0,2820.0
56.9,27.6,3.15,1.18,1.03,0.243,2.76,1.25,1.0,35400.0,19400.0,2930.0,1120.0,826.0,240.0,3060.0,999.0,0.407,13.1,13.3,13.42,0.0045,2690.0,2780.0,2800.0
47.3,30.2,12.0,0.812,0.88,0.311,1.27,1.29,0.675,19500.0,14100.0,7430.0,512.0,468.0,203.0,936.0,680.0,0.277,8.6,8.83,8.71,0.0056,2580.0,2660.0,2710.0
54.4,31.9,3.0,1.06,0.448,1.23,0.613,2.31,1.35,14300.0,9540.0,1190.0,429.0,152.0,514.0,288.0,779.0,0.544,5.6,5.65,5.36,0.0037,2800.0,2800.0,2800.0
22.3,17.2,22.2,11.2,1.83,0.0351,0.481,0.652,21.5,5080.0,4460.0,7590.0,3920.0,538.0,12.7,196.0,191.0,8.95,4.7,4.89,4.2,0.059,2150.0,2240.0,2350.0
52.0,26.0,13.0,0.67,0.432,0.0864,0.65,1.6,0.99,33700.0,19100.0,12600.0,663.0,360.0,88.7,749.0,1330.0,0.413,13.3,13.9,12.6,0.0233,2520.0,2570.0,2690.0
17.7,11.5,38.8,12.5,0.83,0.311,1.39,0.485,4.9,6420.0,4730.0,21100.0,6910.0,388.0,179.0,901.0,225.0,1.98,7.7,7.77,7.41,0.14,1980.0,2040.0,2100.0
39.2,15.9,20.4,5.91,3.32,0.203,1.35,0.886,10.5,29200.0,13400.0,22800.0,6740.0,3190.0,239.0,1790.0,846.0,4.27,15.7,16.0,16.0,0.039,2300.0,2410.0,2500.0
45.0,29.0,8.01,1.8,1.19,0.692,3.14,0.988,2.16,12800.0,9540.0,3230.0,782.0,424.0,302.0,1550.0,360.0,0.877,5.99,6.08,5.36,0.00967,2482.0,2538.0,2602.0
39.6,22.7,20.5,3.31,0.753,0.258,2.45,1.08,3.31,36500.0,23700.0,26200.0,4420.0,928.0,383.0,4090.0,1280.0,1.37,18.6,19.3,17.6,0.0188,2088.0,2152.0,2336.0
39.6,21.4,20.1,4.15,1.43,0.756,2.99,0.819,4.25,21500.0,13100.0,16300.0,3430.0,997.0,650.0,2890.0,568.0,1.73,11.4,11.6,10.2,0.022,1970.0,2060.0,2180.0
33.8,18.5,36.2,2.61,0.847,0.486,1.73,0.97,2.73,8240.0,5110.0,13200.0,970.0,266.0,188.0,751.0,302.0,1.11,5.1,5.21,5.04,0.014,2040.0,2130.0,2290.0
35.1,19.7,33.6,1.86,0.747,0.257,1.57,0.92,1.98,20600.0,13100.0,29500.0,1670.0,566.0,239.0,1650.0,692.0,0.808,12.3,12.6,12.12,0.0055,2050.0,2140.0,2250.0
38.8,21.9,30.8,0.73,0.553,0.3,1.35,0.956,1.35,22300.0,13100.0,24800.0,464.0,434.0,284.0,1510.0,672.0,0.564,11.4,11.9,11.02,0.0214,2124.0,2194.0,2290.0
40.9,15.2,31.6,0.882,0.979,0.243,2.8,0.803,1.93,28900.0,12100.0,33400.0,953.0,892.0,272.0,3520.0,726.0,0.782,14.9,15.1,17.3,0.077,2000.0,2050.0,2160.0
51.6,29.0,8.04,1.2,0.835,0.257,2.92,1.01,1.48,19500.0,12400.0,4320.0,689.0,408.0,154.0,1960.0,482.0,0.609,7.85,8.05,7.65,0.00716,2579.0,2709.0,2738.0
29.5,18.1,42.2,2.03,0.332,0.149,0.541,0.836,3.0,19900.0,13800.0,42600.0,2090.0,288.0,159.0,649.0,721.0,1.22,14.2,14.4,11.1,0.03,2100.0,2190.0,2300.0
43.7,23.2,21.2,2.84,0.747,0.203,1.36,1.84,2.08,46200.0,27700.0,33600.0,4590.0,1020.0,339.0,2560.0,2490.0,0.85,22.1,22.6,22.6,0.018,1890.0,1980.0,2080.0
31.1,17.5,7.67,19.2,2.74,0.135,1.13,0.618,15.1,14700.0,9380.0,5450.0,13900.0,1680.0,102.0,955.0,374.0,6.12,10.1,10.2,8.9,0.066,2105.0,2170.0,2235.0
26.0,14.0,48.0,0.43,0.398,0.203,1.5,0.67,0.92,10900.0,6630.0,30100.0,275.0,215.0,134.0,1120.0,359.0,0.383,8.6,8.96,9.3,0.0121,2020.0,2050.0,2080.0
43.4,24.6,20.9,0.914,0.901,0.198,2.88,1.06,0.958,24800.0,15700.0,16100.0,729.0,663.0,175.0,2930.0,772.0,0.392,11.7,11.9,11.28,0.0138,2106.0,2196.0,2349.0
40.1,26.6,23.2,1.06,0.797,0.473,2.02,1.29,1.99,13700.0,10300.0,11800.0,552.0,350.0,255.0,1230.0,562.0,0.829,7.0,7.29,5.7,0.019,2620.0,2720.0,2910.0
45.8,26.5,20.4,1.16,0.548,0.119,1.84,1.66,2.15,24100.0,15800.0,16000.0,934.0,371.0,99.1,1720.0,1110.0,0.896,10.8,11.3,10.6,0.031,2380.0,2480.0,2600.0
49.2,18.3,6.03,6.16,1.24,2.84,0.24,1.18,6.48,14200.0,5950.0,2600.0,2710.0,462.0,1290.0,123.0,436.0,2.66,6.0,6.16,5.61,0.064,2180.0,2300.0,2540.0
50.8,23.6,15.3,0.87,0.93,0.243,2.84,1.05,1.56,42400.0,22300.0,19100.0,1110.0,1000.0,321.0,4220.0,1120.0,0.64,17.4,17.9,16.1,0.012,2190.0,2270.0,2490.0
34.5,20.9,22.9,4.79,1.23,0.689,1.71,0.98,6.76,6380.0,4370.0,6340.0,1350.0,293.0,202.0,563.0,232.0,2.82,3.8,3.96,18.2,0.043,2670.0,2760.0,2910.0
52.9,31.6,3.9,1.76,0.747,0.297,2.09,1.42,1.43,20200.0,13700.0,2230.0,1030.0,368.0,180.0,1420.0,696.0,0.583,8.0,8.18,7.8,0.021,2800.0,2800.0,2800.0
41.3,25.3,9.18,4.9,1.49,0.594,2.63,0.97,6.83,4760.0,3310.0,1580.0,864.0,222.0,109.0,541.0,143.0,2.81,2.4,2.47,2.1,0.028,2310.0,2400.0,2570.0
56.4,33.8,4.6,0.7,0.913,0.891,1.7,1.1,1.7,25300.0,17100.0,3080.0,479.0,527.0,633.0,1360.0,630.0,0.708,9.2,9.58,9.5,0.057,2910.0,2910.0,2910.0
51.0,36.4,3.05,0.784,0.564,0.135,1.79,1.49,1.25,19400.0,15700.0,1730.0,456.0,277.0,81.3,1210.0,724.0,0.521,7.8,8.14,7.66,0.012,2800.0,2800.0,2800.0
51.2,36.8,2.62,1.64,0.415,0.162,1.48,1.31,3.05,20500.0,16700.0,1570.0,1000.0,214.0,103.0,1050.0,673.0,1.23,8.5,8.58,7.81,0.052,2800.0,2800.0,2800.0
10.5,6.81,73.4,1.89,0.249,0.257,0.337,0.284,1.38,4400.0,3220.0,46000.0,1210.0,134.0,170.0,251.0,152.0,0.56,8.8,8.95,8.92,0.016,2030.0,2070.0,2150.0
57.6,28.4,2.17,0.672,0.78,0.216,2.85,1.76,0.5,52100.0,29100.0,2950.0,930.0,911.0,310.0,4590.0,2030.0,0.206,18.8,19.4,17.4,0.0067,2800.0,2800.0,2800.0
32.9,18.9,39.3,2.41,0.415,0.324,0.877,0.987,3.5,13800.0,9010.0,24700.0,1550.0,225.0,216.0,658.0,532.0,1.43,8.8,9.01,8.9,0.01,1940.0,2020.0,2120.0
51.7,33.7,4.0,1.6,0.515,0.0675,0.601,2.76,1.83,14900.0,11000.0,1730.0,703.0,191.0,30.9,309.0,1020.0,0.738,6.1,6.17,4.7,0.0028,2700.0,2800.0,2800.0
46.4,25.6,19.0,1.06,0.647,0.351,1.99,1.63,1.21,24900.0,15500.0,15300.0,869.0,448.0,298.0,1900.0,1120.0,0.487,11.4,11.5,11.1,0.0032,2450.0,2550.0,2600.0
36.7,21.4,26.2,5.85,0.979,0.311,1.72,0.97,5.08,20800.0,13700.0,22300.0,5080.0,717.0,280.0,1740.0,705.0,2.06,12.0,12.2,11.5,0.033,2010.0,2130.0,2210.0
9.89,2.08,73.2,4.96,0.199,0.081,0.276,0.151,3.48,8570.0,2040.0,94900.0,6570.0,223.0,111.0,427.0,167.0,1.4,18.4,18.5,15.5,0.049,2200.0,2280.0,2380.0
51.6,30.2,8.77,0.728,1.15,0.243,3.16,1.69,1.15,47500.0,31500.0,12100.0,1030.0,1360.0,355.0,5190.0,1990.0,0.468,19.4,19.7,19.2,0.0038,2910.0,2910.0,2910.0
49.2,28.0,7.01,2.61,1.88,0.567,1.48,1.32,3.3,9930.0,6390.0,2120.0,803.0,488.0,181.0,531.0,341.0,1.36,4.2,4.32,3.49,0.011,2610.0,2640.0,2700.0
40.2,18.8,28.5,2.5,0.681,0.419,1.7,0.85,3.33,29100.0,15500.0,30900.0,2770.0,636.0,481.0,2200.0,789.0,1.39,14.9,15.5,16.7,0.018,2000.0,2050.0,2330.0
43.6,28.4,14.4,1.83,1.18,1.08,2.72,1.47,2.73,9740.0,7170.0,4830.0,626.0,339.0,382.0,1080.0,421.0,1.11,4.7,4.78,3.26,0.011,2300.0,2660.0,2750.0
39.8,23.8,28.2,1.3,0.548,0.162,1.69,1.47,1.0,22900.0,15500.0,24300.0,1140.0,406.0,148.0,1740.0,1080.0,0.407,12.1,12.3,12.23,0.0059,2170.0,2270.0,2470.0
36.2,25.1,13.1,6.82,1.83,0.54,1.85,0.78,11.4,22400.0,17600.0,12100.0,6440.0,1460.0,529.0,2040.0,617.0,4.76,12.7,13.2,9.2,1.1,2180.0,2280.0,2500.0
52.0,26.7,9.6,1.58,1.38,0.338,2.92,1.52,2.13,16100.0,9340.0,4450.0,749.0,550.0,166.0,1610.0,603.0,0.866,6.5,6.63,6.4,0.0071,2910.0,2910.0,2910.0
49.9,25.7,12.7,1.79,0.847,0.581,2.02,1.91,1.53,13800.0,8030.0,5250.0,756.0,301.0,254.0,992.0,673.0,0.621,5.8,5.9,6.44,0.031,2200.0,2390.0,2450.0
22.0,13.0,49.0,2.9,0.681,0.127,0.88,0.66,5.6,9740.0,6520.0,32500.0,1960.0,389.0,89.1,694.0,374.0,2.33,9.1,9.48,8.8,0.0149,2090.0,2120.0,2150.0
17.3,17.2,46.9,5.7,1.13,1.35,0.56,0.66,10.2,2050.0,2310.0,8340.0,1030.0,173.0,254.0,118.0,100.0,4.15,2.5,2.54,3.8,0.088,2060.0,2110.0,2180.0
52.0,30.6,3.72,2.37,1.13,0.689,3.32,1.49,1.53,57100.0,38000.0,6110.0,3970.0,1600.0,1200.0,6480.0,2090.0,0.618,23.2,23.5,22.4,0.015,2690.0,2770.0,2850.0
43.2,32.1,12.3,1.81,0.747,0.243,1.74,1.56,1.2,22500.0,18900.0,9580.0,1440.0,501.0,200.0,1620.0,1040.0,0.486,11.0,11.1,9.68,0.024,2040.0,2210.0,2320.0
56.8,28.8,3.15,0.7,0.813,0.567,3.39,1.54,0.5,34600.0,19900.0,2870.0,653.0,640.0,548.0,3680.0,1200.0,0.202,12.9,13.1,10.14,0.006,2550.0,2800.0,2800.0
51.9,26.3,10.8,1.53,0.88,0.392,2.44,1.32,1.92,42400.0,24400.0,13200.0,1910.0,928.0,508.0,3550.0,1380.0,0.8,16.8,17.5,15.7,0.019,2405.0,2510.0,2610.0
24.6,13.9,21.7,13.4,2.16,1.17,1.69,0.736,14.3,6300.0,4030.0,8330.0,5230.0,712.0,477.0,772.0,241.0,5.78,5.4,5.48,5.0,0.049,1970.0,2060.0,2170.0
47.7,29.3,6.29,3.05,0.664,0.311,0.373,1.62,4.13,4730.0,3290.0,933.0,462.0,84.8,48.8,65.7,206.0,1.67,2.1,2.12,2.1,0.0055,2530.0,2630.0,2800.0
19.3,8.51,47.9,6.43,0.116,0.27,1.06,0.368,3.68,9760.0,4870.0,36300.0,4970.0,75.8,217.0,953.0,238.0,1.49,10.7,10.8,10.8,0.042,1900.0,2000.0,2090.0
55.5,29.7,5.07,0.426,0.939,0.529,4.57,1.32,1.11,46400.0,28300.0,6560.0,521.0,1030.0,698.0,7050.0,1360.0,0.462,17.4,18.1,18.14,0.0111,2910.0,2910.0,2910.0
52.6,31.6,4.29,0.784,0.697,0.432,3.0,1.61,0.95,25000.0,17000.0,3050.0,569.0,426.0,325.0,2540.0,975.0,0.386,10.0,10.2,9.79,0.0068,2800.0,2800.0,2800.0
30.6,19.5,38.2,3.0,0.249,0.189,0.349,1.1,2.4,15700.0,11300.0,29300.0,2350.0,165.0,154.0,318.0,724.0,0.975,10.8,11.0,9.9,0.014,2055.0,2155.0,2250.0
48.4,29.7,9.25,1.47,0.896,0.162,1.8,1.19,1.75,38100.0,26500.0,10900.0,1770.0,911.0,202.0,2530.0,1200.0,0.707,16.7,16.9,13.8,0.018,2410.0,2520.0,2610.0
51.1,31.9,3.29,1.16,1.06,0.243,3.37,1.52,1.0,30800.0,21800.0,2960.0,1070.0,824.0,232.0,3600.0,1170.0,0.412,12.5,12.9,12.36,0.0081,2800.0,2800.0,2800.0
44.8,28.1,11.5,1.43,0.863,0.0675,1.44,1.74,1.25,44600.0,31600.0,17000.0,2170.0,1110.0,106.0,2550.0,2210.0,0.507,21.0,21.3,19.72,0.016,2520.0,2580.0,2680.0
40.1,27.5,15.3,3.07,0.83,0.392,2.68,1.15,3.6,4140.0,3220.0,2370.0,485.0,111.0,64.2,494.0,153.0,1.45,2.2,2.21,2.2,0.013,2360.0,2510.0,2630.0
24.0,20.0,11.0,15.0,0.397,0.0392,1.1,1.1,7.2,14500.0,13600.0,9910.0,13800.0,308.0,37.4,1180.0,848.0,2.97,12.5,12.9,10.4,0.0235,2910.0,2910.0,2910.0
36.2,16.3,24.0,6.81,0.581,0.338,2.0,0.963,3.6,12300.0,6260.0,12200.0,3530.0,254.0,181.0,1200.0,418.0,1.49,7.0,7.26,6.6,0.0465,2005.0,2110.0,2210.0
46.4,22.3,18.7,2.72,0.747,0.243,1.75,0.936,2.2,24200.0,13200.0,14600.0,2160.0,502.0,201.0,1630.0,624.0,0.9,10.9,11.1,9.6,0.017,2560.0,2660.0,2750.0
49.4,30.1,4.83,1.13,0.847,0.527,2.87,1.19,2.1,13100.0,9040.0,1920.0,460.0,290.0,222.0,1360.0,403.0,0.852,5.6,5.68,5.14,0.0059,2750.0,2800.0,2800.0
27.8,18.6,42.0,2.35,0.332,0.419,1.49,0.635,2.2,20200.0,15300.0,45600.0,2610.0,310.0,481.0,1920.0,590.0,0.899,15.2,15.5,15.8,0.026,1930.0,1990.0,2120.0
46.7,30.1,10.9,1.25,1.99,0.365,2.78,1.47,2.08,17400.0,12700.0,6080.0,711.0,959.0,216.0,1850.0,703.0,0.839,7.9,7.99,7.19,0.027,2420.0,2700.0,2770.0
29.3,17.4,40.0,2.23,0.598,0.365,1.2,0.936,4.0,7420.0,4980.0,15100.0,861.0,195.0,146.0,542.0,303.0,1.64,5.3,5.42,5.7,0.0375,1915.0,2005.0,2100.0
39.9,25.1,14.7,1.33,1.02,1.28,2.5,1.02,3.02,7310.0,5140.0,4130.0,323.0,257.0,317.0,902.0,232.0,1.21,3.85,3.87,4.08,0.0111,2204.0,2317.0,2478.0
22.9,15.3,54.3,0.749,0.26,0.105,0.804,0.771,1.24,20500.0,15300.0,70800.0,1010.0,293.0,145.0,1280.0,896.0,0.518,18.1,18.8,19.67,0.021,2103.0,2145.0,2284.0
37.6,22.9,36.8,0.63,0.216,0.243,0.31,1.07,1.17,45900.0,31700.0,67300.0,1180.0,340.0,471.0,674.0,1670.0,0.488,25.1,26.1,25.69,0.0027,2062.0,2365.0,2513.0
37.8,26.3,26.8,1.13,0.437,0.177,1.31,1.21,1.07,23000.0,18200.0,23900.0,958.0,325.0,156.0,1400.0,965.0,0.435,12.7,12.9,13.32,0.00719,2124.0,2217.0,2317.0
49.8,25.0,9.19,4.34,0.996,0.122,0.889,1.87,2.9,16700.0,9460.0,4610.0,2220.0,430.0,64.5,530.0,802.0,1.17,7.1,7.16,6.9,0.031,2130.0,2220.0,2370.0
45.2,26.7,7.22,4.71,0.946,0.257,1.85,1.39,6.5,20200.0,13500.0,4840.0,3220.0,546.0,182.0,1470.0,795.0,2.68,9.3,9.58,9.1,0.028,2550.0,2650.0,2755.0
49.4,27.4,10.3,0.93,1.05,0.243,3.53,1.28,1.07,23500.0,14800.0,7360.0,676.0,641.0,183.0,2990.0,779.0,0.431,10.1,10.2,9.3,0.011,2790.0,2800.0,2800.0
37.0,21.0,27.0,2.4,0.7,0.47,1.8,0.87,2.4,21700.0,13900.0,23700.0,2150.0,529.0,437.0,1880.0,652.0,0.979,12.3,12.5,12.3,0.038,2000.0,2050.0,2100.0
47.1,33.5,8.01,2.32,0.664,0.446,1.27,1.42,1.88,12500.0,10100.0,3190.0,945.0,228.0,188.0,603.0,484.0,0.762,5.6,5.69,5.24,0.0074,2570.0,2800.0,2800.0
44.1,19.4,29.8,0.63,0.332,1.03,1.85,1.36,1.15,56300.0,28000.0,56900.0,1230.0,546.0,2080.0,4210.0,2230.0,0.467,26.9,27.3,27.09,0.013,2010.0,2060.0,2270.0
46.9,27.4,11.9,1.68,0.564,0.554,2.88,1.27,2.1,15400.0,10200.0,5840.0,845.0,239.0,289.0,1690.0,535.0,0.857,6.9,7.04,6.94,0.0061,2480.0,2570.0,2610.0
36.1,24.0,26.5,2.71,0.678,0.139,1.3,0.807,2.46,14400.0,9990.0,14500.0,1400.0,345.0,77.1,1020.0,399.0,1.02,7.8,8.1,7.02,0.034,2034.0,2124.0,2230.0
55.0,26.0,7.85,0.602,1.43,0.284,4.62,1.15,1.13,63600.0,34000.0,13600.0,1060.0,2130.0,520.0,9500.0,1710.0,0.458,24.3,24.8,23.3,0.014,2550.0,2660.0,2780.0
37.6,26.8,18.4,1.6,0.979,1.76,2.8,1.0,2.4,10200.0,8270.0,7510.0,666.0,344.0,758.0,1360.0,349.0,1.0,5.6,5.83,6.4,0.0072,2035.0,2195.0,2300.0
42.8,4.86,44.5,2.76,0.133,0.338,0.132,0.201,2.1,27800.0,3580.0,43300.0,2740.0,111.0,348.0,153.0,167.0,0.847,13.8,13.9,12.12,0.013,1900.0,1990.0,2100.0
41.7,32.3,15.9,2.02,0.515,0.405,1.2,0.92,2.55,13300.0,11600.0,7560.0,981.0,211.0,204.0,681.0,375.0,1.04,6.7,6.81,6.59,0.02,2500.0,2610.0,2660.0
56.8,23.3,11.2,1.25,0.481,0.203,0.986,1.66,1.23,61900.0,28800.0,18200.0,2080.0,676.0,350.0,1910.0,2310.0,0.499,22.9,23.3,9.4,0.019,2510.0,2600.0,2720.0
36.0,24.0,23.0,2.9,0.681,0.284,1.3,0.86,2.8,13700.0,10300.0,13100.0,1680.0,333.0,171.0,879.0,418.0,1.17,7.8,8.13,7.3,0.00916,2065.0,2127.0,2198.0
39.2,20.8,32.1,1.57,0.673,0.181,1.68,0.948,2.05,26700.0,15200.0,31900.0,1720.0,618.0,183.0,2140.0,796.0,0.851,13.7,14.3,13.48,0.0163,1995.0,2091.0,2185.0
51.4,26.8,13.6,0.7,0.598,0.189,1.97,1.14,0.94,29700.0,17500.0,11700.0,618.0,445.0,173.0,2030.0,843.0,0.381,12.2,12.4,11.9,0.0032,2910.0,2910.0,2910.0
31.0,12.2,46.5,1.61,0.631,0.365,1.49,0.619,1.9,40000.0,17800.0,89700.0,3170.0,1050.0,745.0,3420.0,1020.0,0.792,26.5,27.6,22.6,0.027,2030.0,2080.0,2140.0
52.2,29.5,4.42,2.04,0.382,0.662,1.17,1.59,1.0,14100.0,9010.0,1780.0,843.0,133.0,283.0,560.0,549.0,0.405,5.7,5.78,4.4,0.0025,2800.0,2800.0,2800.0
46.2,19.1,18.4,0.74,1.05,0.23,2.6,1.1,1.7,32000.0,15000.0,19100.0,783.0,934.0,252.0,3210.0,975.0,0.71,14.2,14.9,15.3,0.019,2105.0,2210.0,2315.0
53.9,29.1,5.15,1.29,0.73,0.473,2.08,1.61,1.68,52000.0,31800.0,7430.0,1900.0,908.0,722.0,3570.0,1980.0,0.678,20.4,20.6,7.1,0.0057,2800.0,2800.0,2800.0
34.9,21.0,33.2,2.02,0.448,0.297,0.853,1.51,1.9,10200.0,6930.0,14500.0,899.0,169.0,137.0,443.0,562.0,0.765,6.2,6.24,5.9,0.015,2000.0,2030.0,2390.0
48.1,22.5,22.4,0.5,0.764,0.554,1.1,1.3,1.3,31600.0,16700.0,22000.0,502.0,647.0,577.0,1290.0,1090.0,0.542,13.5,14.1,12.7,0.0071,2060.0,2280.0,2355.0
34.8,17.7,37.2,1.92,0.714,0.257,1.88,0.936,2.48,32900.0,18900.0,52600.0,2770.0,869.0,384.0,3150.0,1130.0,1.01,19.8,20.2,19.8,0.015,2160.0,2270.0,2380.0
35.7,25.3,27.8,2.04,1.28,0.108,1.77,1.27,3.05,10600.0,8470.0,12300.0,924.0,487.0,50.6,930.0,481.0,1.23,6.3,6.33,6.06,0.097,2090.0,2200.0,2500.0
57.7,26.5,5.2,0.67,0.963,0.473,3.4,1.2,0.97,36500.0,19000.0,4920.0,647.0,784.0,473.0,3820.0,970.0,0.394,13.3,13.5,14.0,0.0075,2800.0,2800.0,2800.0
29.8,19.3,34.1,1.8,0.382,0.176,1.5,1.0,2.9,13400.0,9860.0,23000.0,1240.0,222.0,126.0,1210.0,578.0,1.17,9.6,9.66,19.0,0.011,2095.0,2210.0,2305.0
42.8,25.1,12.0,6.06,1.03,0.189,2.67,0.819,6.5,50300.0,33400.0,21100.0,10900.0,1560.0,352.0,5580.0,1230.0,2.72,24.0,25.0,22.7,0.019,2200.0,2290.0,2380.0
33.2,20.8,36.9,2.13,0.432,0.162,1.33,1.12,2.73,11100.0,7880.0,18500.0,1090.0,186.0,86.0,795.0,480.0,1.1,7.1,7.17,7.3,0.043,1960.0,2060.0,2100.0
49.9,23.3,16.3,0.49,0.78,0.23,2.63,1.29,0.75,51300.0,27100.0,25000.0,770.0,1030.0,374.0,4820.0,1690.0,0.303,21.8,22.0,21.1,0.018,2360.0,2450.0,2560.0
58.4,29.5,2.16,0.629,0.562,0.367,2.14,1.77,0.521,47400.0,26000.0,2660.0,538.0,656.0,355.0,3940.0,1700.0,0.213,16.7,17.1,18.34,0.00522,2800.0,2800.0,2800.0
43.2,22.9,16.7,3.66,0.116,0.27,2.18,1.19,2.3,46400.0,27800.0,26900.0,5990.0,161.0,459.0,4150.0,1630.0,0.93,22.7,23.0,23.1,0.023,1970.0,2070.0,2170.0
49.7,28.6,5.39,4.85,0.73,0.432,2.5,1.22,1.75,42400.0,27700.0,6890.0,6330.0,805.0,585.0,3800.0,1330.0,0.707,18.1,18.3,17.4,0.028,2570.0,2640.0,2710.0
40.3,23.6,27.1,1.58,0.631,0.581,1.45,1.17,2.75,16200.0,10700.0,16300.0,970.0,326.0,369.0,1040.0,602.0,1.12,8.4,8.59,8.25,0.025,2040.0,2110.0,2440.0
35.5,19.3,30.5,2.46,0.747,0.702,2.09,1.0,2.23,15900.0,9760.0,20400.0,1680.0,430.0,497.0,1660.0,574.0,0.906,9.4,9.57,8.67,0.03,1930.0,2020.0,2070.0
36.4,23.6,30.1,2.58,0.564,0.432,1.69,1.27,3.5,21400.0,15800.0,26500.0,2320.0,429.0,403.0,1780.0,958.0,1.43,12.3,12.6,12.2,0.018,2115.0,2205.0,2315.0
43.7,23.8,27.5,0.434,0.531,0.189,1.66,1.17,0.775,27900.0,17200.0,26300.0,424.0,437.0,191.0,1890.0,957.0,0.314,13.5,13.7,13.2,0.014,2030.0,2150.0,2290.0
55.7,29.0,3.33,2.13,0.78,0.0675,1.09,2.04,2.63,22100.0,13000.0,1980.0,1290.0,399.0,42.4,772.0,1040.0,1.07,8.3,8.48,7.7,0.07,2650.0,2780.0,2800.0
49.0,29.9,10.7,1.22,1.38,0.041,2.94,0.936,1.38,37800.0,26100.0,12300.0,1430.0,1370.0,50.0,4050.0,925.0,0.554,16.4,16.5,16.0,0.0153,2570.0,2650.0,2730.0
39.3,23.6,23.7,2.18,0.714,0.338,1.84,1.05,2.85,26500.0,18100.0,24000.0,2250.0,621.0,361.0,2210.0,910.0,1.17,14.1,14.5,29.45,0.0089,2500.0,2630.0,2680.0
31.5,19.0,34.7,3.03,0.614,0.284,1.2,0.903,3.5,20800.0,14200.0,34300.0,3050.0,523.0,297.0,1410.0,763.0,1.42,13.9,14.1,9.5,0.038,2000.0,2110.0,2200.0
52.4,28.9,6.79,0.854,1.16,0.149,3.28,1.2,1.45,23200.0,14500.0,4500.0,578.0,663.0,104.0,2590.0,682.0,0.591,9.3,9.47,16.0,0.015,2910.0,2910.0,2910.0
21.3,9.0,28.3,20.0,0.432,0.203,0.938,0.368,5.05,15800.0,7550.0,31400.0,22700.0,413.0,238.0,1240.0,349.0,2.07,15.5,15.9,13.35,0.14,2080.0,2110.0,2150.0
42.7,25.1,13.1,2.3,0.979,0.5,3.6,0.83,3.8,20400.0,13600.0,9370.0,1680.0,604.0,379.0,3060.0,508.0,1.54,10.1,10.2,11.3,0.014,2365.0,2490.0,2610.0
45.8,23.8,19.1,0.756,0.93,0.216,2.58,1.04,1.15,23000.0,13500.0,14300.0,579.0,600.0,171.0,2300.0,664.0,0.47,10.5,10.7,9.8,0.027,2140.0,2270.0,2390.0
53.1,27.8,8.7,2.0,1.33,0.783,1.5,1.5,3.3,15500.0,9190.0,3800.0,893.0,500.0,363.0,780.0,561.0,1.38,6.0,6.25,6.7,0.13,1930.0,2030.0,2220.0
35.7,23.8,20.4,5.5,1.13,0.216,1.98,1.02,0.575,7430.0,5600.0,6360.0,1750.0,302.0,71.1,734.0,271.0,0.232,4.4,4.45,4.34,0.018,2180.0,2280.0,2330.0
59.1,26.1,3.0,1.89,0.714,0.527,1.18,2.76,2.25,27700.0,13900.0,2110.0,1360.0,432.0,392.0,985.0,1660.0,0.914,9.9,10.0,10.47,0.0068,2710.0,2760.0,2800.0
53.0,25.0,11.0,0.58,1.46,0.419,3.8,1.0,0.96,32000.0,17100.0,9940.0,535.0,1140.0,400.0,4080.0,772.0,0.4,12.4,12.9,13.0,0.0194,2290.0,2340.0,2440.0
16.5,8.96,59.6,1.47,0.349,0.27,0.637,0.569,1.83,3810.0,2340.0,20600.0,518.0,104.0,98.7,261.0,168.0,0.75,4.8,4.93,4.36,0.046,2080.0,2140.0,2200.0
44.1,24.6,23.5,0.77,0.581,0.149,2.27,1.24,1.19,40400.0,25500.0,32200.0,1080.0,685.0,215.0,3700.0,1450.0,0.496,18.8,19.6,18.36,0.0095,2085.0,2188.0,2500.0
34.9,21.0,38.5,0.924,0.548,0.419,1.15,0.97,1.05,18200.0,12400.0,30100.0,738.0,369.0,347.0,1070.0,649.0,0.431,10.9,11.2,11.39,0.018,2020.0,2130.0,2420.0
48.4,19.1,27.5,0.546,0.647,0.257,1.98,1.0,1.33,27800.0,12400.0,23600.0,479.0,479.0,233.0,2030.0,737.0,0.542,12.0,12.3,12.3,0.011,2000.0,2110.0,2200.0
38.0,24.0,19.0,2.1,0.714,0.608,1.8,1.8,4.3,16800.0,12000.0,12600.0,1420.0,408.0,427.0,1420.0,1020.0,1.79,9.1,9.48,7.8,0.0155,2620.0,2680.0,2800.0
52.0,28.4,10.2,1.18,0.581,0.378,2.32,1.51,1.75,66200.0,40800.0,19500.0,2290.0,953.0,762.0,5260.0,2450.0,0.709,26.9,27.2,21.5,0.018,2760.0,2800.0,2800.0
50.3,27.2,11.7,1.13,1.23,0.743,2.25,1.04,1.35,11600.0,7120.0,4050.0,400.0,366.0,272.0,924.0,306.0,0.545,4.9,4.94,4.06,0.023,2480.0,2510.0,2640.0
40.0,17.7,35.8,0.686,1.16,0.365,2.26,0.769,1.15,33700.0,16800.0,45000.0,883.0,1260.0,486.0,3390.0,829.0,0.466,17.8,18.0,19.34,0.018,2090.0,2190.0,2400.0
17.5,9.09,51.9,7.87,0.332,0.297,0.481,0.301,7.28,7020.0,4120.0,31100.0,4820.0,171.0,189.0,343.0,154.0,2.93,8.5,8.57,8.3,0.053,2020.0,2130.0,2240.0
43.7,26.7,19.4,1.51,0.963,0.324,2.84,1.15,2.03,26100.0,18000.0,17400.0,1380.0,741.0,307.0,3020.0,882.0,0.815,12.7,12.8,13.1,0.0073,2280.0,2540.0,2700.0
48.6,23.3,16.2,0.96,0.813,0.365,2.38,1.19,0.76,47500.0,25800.0,23700.0,1430.0,1020.0,565.0,4140.0,1490.0,0.309,20.6,20.9,20.4,0.02,2515.0,2605.0,2705.0
54.4,33.3,3.13,0.868,0.481,0.257,1.41,1.66,0.7,26900.0,18700.0,2320.0,657.0,307.0,201.0,1240.0,1050.0,0.283,10.5,10.6,11.54,0.0041,2630.0,2800.0,2800.0
40.0,26.9,22.1,0.626,0.53,0.135,1.2,1.25,1.12,39600.0,30400.0,32400.0,942.0,679.0,212.0,2110.0,1580.0,0.467,20.3,21.2,14.78,0.018,2511.0,2537.0,2634.0
48.8,27.9,5.31,1.41,0.835,1.67,1.94,1.81,1.92,10500.0,6880.0,1740.0,457.0,237.0,570.0,774.0,493.0,0.799,4.45,4.63,4.68,0.00891,2771.0,2808.0,2843.0
32.0,21.0,6.8,0.33,0.0299,0.0216,0.85,1.4,0.1,10900.0,8130.0,3480.0,172.0,13.2,11.7,518.0,613.0,0.042,7.1,7.32,7.0,0.0066,2730.0,2790.0,2910.0
48.2,25.7,16.4,1.39,0.681,0.621,1.79,1.47,0.875,37200.0,22500.0,19000.0,1640.0,678.0,761.0,2460.0,1450.0,0.353,16.4,16.5,14.27,0.013,2150.0,2370.0,2490.0
34.8,24.8,15.8,4.97,1.44,1.35,1.73,1.15,6.9,3300.0,2660.0,2250.0,719.0,176.0,203.0,292.0,140.0,2.8,2.0,2.03,2.5,0.017,2030.0,2140.0,2260.0
47.2,30.4,9.03,1.17,1.29,0.216,4.17,0.99,1.33,24200.0,17600.0,6930.0,917.0,856.0,176.0,3810.0,650.0,0.546,10.7,11.0,10.2,0.05,2910.0,2910.0,2910.0
53.1,28.9,7.12,1.12,0.83,0.23,2.66,1.37,1.23,18400.0,11300.0,3700.0,594.0,371.0,126.0,1640.0,609.0,0.498,7.3,7.42,7.7,0.0058,2800.0,2800.0,2800.0
40.2,28.7,22.7,0.728,0.78,0.23,2.46,0.987,2.33,40800.0,33000.0,34400.0,1130.0,1020.0,369.0,4450.0,1280.0,0.94,21.5,21.7,20.09,0.015,2140.0,2270.0,2400.0
29.3,17.0,38.3,2.93,0.764,0.149,2.13,0.602,5.25,14800.0,9740.0,29000.0,2260.0,498.0,119.0,1910.0,389.0,2.14,10.6,10.8,8.4,0.046,1900.0,2000.0,2110.0
49.0,33.0,3.6,1.1,0.0797,0.0297,2.6,2.3,1.2,19800.0,15100.0,2180.0,680.0,41.6,19.1,1870.0,1190.0,0.495,8.4,8.66,9.7,0.00656,2910.0,2910.0,2910.0
46.0,21.0,24.0,0.87,0.797,0.216,1.8,0.88,1.9,14600.0,7520.0,11400.0,421.0,325.0,108.0,1010.0,356.0,0.792,6.5,6.77,6.3,0.0326,2030.0,2080.0,2130.0
30.1,18.9,36.2,5.22,0.465,0.378,1.5,0.87,3.53,12900.0,9200.0,23300.0,3430.0,258.0,258.0,1150.0,479.0,1.43,9.1,9.2,8.8,0.021,1980.0,2060.0,2180.0
36.4,19.0,37.3,1.48,0.465,0.284,1.33,1.16,1.8,17200.0,10200.0,26500.0,1070.0,284.0,213.0,1120.0,704.0,0.739,9.9,10.2,8.3,0.021,2010.0,2130.0,2350.0
64.2,22.1,2.7,1.5,0.365,0.189,0.6,2.8,1.8,19800.0,7700.0,1240.0,705.0,145.0,92.2,329.0,1100.0,0.741,6.4,6.59,7.1,0.009,2800.0,2800.0,2800.0
46.2,27.6,21.1,0.826,0.548,0.149,1.35,1.09,1.25,30400.0,20600.0,20800.0,831.0,465.0,155.0,1580.0,916.0,0.503,14.0,14.1,14.9,0.015,2465.0,2555.0,2655.0
40.3,25.7,23.4,0.98,0.681,0.122,2.1,0.652,1.68,26200.0,18900.0,22700.0,974.0,571.0,125.0,2440.0,543.0,0.681,13.7,13.9,12.88,0.0148,2210.0,2290.0,2560.0
36.6,24.0,30.2,1.93,0.415,0.149,0.841,0.719,3.2,15800.0,11800.0,19600.0,1280.0,232.0,102.0,649.0,399.0,1.32,9.0,9.27,8.8,0.011,2060.0,2210.0,2320.0
46.7,22.7,18.6,0.728,0.963,0.257,3.99,0.753,1.45,34100.0,18700.0,20300.0,812.0,906.0,297.0,5190.0,703.0,0.588,15.4,15.6,13.88,0.0093,2180.0,2280.0,2540.0
33.8,10.2,28.4,10.4,0.896,1.03,0.118,0.753,6.43,16900.0,5780.0,21300.0,7990.0,579.0,815.0,105.0,482.0,2.62,10.5,10.7,8.68,0.13,1980.0,2090.0,2300.0
51.9,30.6,6.77,1.33,0.579,0.221,1.51,2.45,1.47,21700.0,13700.0,4530.0,798.0,291.0,144.0,1040.0,1240.0,0.603,8.6,8.83,9.38,0.0752,2766.0,2800.0,2800.0
41.3,28.5,22.7,0.532,0.764,0.378,3.14,1.17,1.18,33700.0,26400.0,27700.0,664.0,804.0,490.0,4560.0,1220.0,0.478,17.2,17.5,16.7,0.0062,2300.0,2410.0,2490.0
54.0,30.0,4.5,0.57,1.33,0.702,4.4,1.2,0.91,54300.0,34100.0,6770.0,876.0,1720.0,1120.0,7880.0,1540.0,0.368,21.3,21.5,24.0,0.0088,2910.0,2910.0,2910.0
40.3,19.4,33.1,1.38,0.365,0.351,1.01,1.26,2.03,17300.0,9410.0,21200.0,903.0,202.0,238.0,770.0,691.0,0.818,9.1,9.17,8.43,0.0073,1950.0,2010.0,2320.0
61.1,25.0,2.93,3.32,0.531,0.23,1.67,1.84,0.55,36100.0,16700.0,2590.0,3000.0,405.0,215.0,1760.0,1390.0,0.223,12.5,12.7,12.1,0.007,2570.0,2700.0,2790.0
85.8,7.96,3.29,0.84,0.133,0.203,0.24,1.54,0.675,70700.0,7420.0,4050.0,1060.0,141.0,264.0,352.0,1620.0,0.272,17.5,17.6,23.85,0.017,2580.0,2660.0,2800.0
60.1,17.2,2.65,4.46,2.13,1.51,1.82,0.978,5.4,68500.0,21800.0,4480.0,7550.0,3070.0,2690.0,3710.0,1400.0,2.26,23.2,24.3,22.08,0.00882,2253.0,2388.0,2492.0
45.2,26.7,17.8,1.74,0.647,0.203,1.93,1.73,2.19,26000.0,17400.0,15300.0,1530.0,479.0,184.0,1970.0,1270.0,0.913,11.8,12.3,8.24,0.0086,2420.0,2520.0,2643.0
43.2,24.4,23.5,0.532,0.398,0.149,1.81,1.07,1.0,25600.0,16400.0,20800.0,482.0,304.0,139.0,1910.0,811.0,0.402,12.6,12.7,15.6,0.012,2460.0,2560.0,2650.0
44.2,26.7,20.7,0.786,0.541,0.249,2.15,1.13,1.07,22600.0,15300.0,14900.0,586.0,357.0,195.0,1980.0,747.0,0.439,10.4,10.8,10.05,0.00553,2421.0,2488.0,2658.0
46.4,29.2,5.15,1.58,1.26,0.122,3.16,1.0,1.88,21100.0,15000.0,3500.0,1100.0,739.0,87.5,2560.0,581.0,0.768,9.5,9.72,9.14,0.012,2680.0,2760.0,2800.0
50.4,19.3,21.1,1.71,0.847,0.297,2.22,0.92,1.38,35800.0,15500.0,22400.0,1850.0,775.0,334.0,2810.0,835.0,0.561,14.9,15.2,14.2,0.017,2160.0,2230.0,2500.0
51.4,18.6,11.1,5.31,0.896,0.23,3.09,1.1,2.0,37800.0,15500.0,12200.0,5970.0,851.0,268.0,4050.0,1040.0,0.825,15.3,15.8,14.1,0.0387,2210.0,2330.0,2420.0
53.3,28.4,7.22,1.32,1.28,0.162,2.8,1.34,1.1,16100.0,9720.0,3270.0,609.0,499.0,77.8,1510.0,518.0,0.445,6.4,6.48,6.05,0.17,2670.0,2800.0,2800.0
47.9,23.4,15.7,3.0,1.56,1.03,2.4,1.2,3.8,19100.0,10600.0,9380.0,1830.0,803.0,649.0,1710.0,613.0,1.58,8.2,8.54,7.8,0.35,2090.0,2185.0,2250.0
35.1,19.9,25.4,2.2,0.647,0.567,1.3,1.1,3.7,12800.0,8220.0,13900.0,1230.0,305.0,328.0,845.0,514.0,1.5,7.7,7.81,9.4,0.021,1960.0,2055.0,2175.0
31.3,17.2,12.1,14.0,1.31,0.527,0.78,1.2,12.9,8370.0,5210.0,4840.0,5720.0,452.0,223.0,371.0,411.0,5.18,5.7,5.72,7.5,0.033,2345.0,2425.0,2495.0
48.3,20.6,13.6,4.09,0.946,0.567,2.51,1.05,2.38,38000.0,18300.0,16000.0,4910.0,959.0,706.0,3520.0,1060.0,0.963,16.6,16.8,15.9,0.02,2110.0,2210.0,2280.0
57.0,20.7,2.42,4.1,0.387,0.156,2.77,1.19,0.673,45400.0,16000.0,2160.0,5340.0,367.0,175.0,4060.0,1120.0,0.276,16.2,16.5,18.01,0.00359,2800.0,2800.0,2800.0
39.9,21.9,23.3,0.43,0.764,0.176,2.3,1.0,1.0,25500.0,15900.0,22300.0,420.0,630.0,178.0,2620.0,818.0,0.415,13.2,13.7,15.8,0.024,2330.0,2425.0,2535.0
18.2,10.1,64.1,0.532,0.149,0.135,0.457,0.401,0.5,9350.0,5860.0,49200.0,418.0,98.9,110.0,418.0,264.0,0.205,10.7,11.0,8.85,0.012,2060.0,2090.0,2130.0
56.3,27.4,6.01,0.686,1.23,0.729,3.44,1.25,0.675,41900.0,23100.0,6700.0,781.0,1180.0,861.0,4560.0,1200.0,0.274,15.7,15.9,15.09,0.0084,2550.0,2700.0,2790.0
47.9,33.6,10.7,1.8,0.664,0.621,1.1,1.4,3.2,61600.0,48900.0,20600.0,3530.0,1100.0,1270.0,2520.0,2300.0,1.33,26.4,27.5,5.6,0.0064,2680.0,2730.0,2890.0
47.1,25.1,14.7,2.33,0.921,0.204,2.34,1.18,2.75,20800.0,12300.0,8230.0,1400.0,513.0,142.0,1860.0,667.0,1.11,9.08,9.14,8.92,0.0164,2383.0,2472.0,2562.0
52.4,30.1,3.89,2.31,0.747,0.257,2.14,1.37,1.33,24400.0,15900.0,2710.0,1650.0,449.0,190.0,1780.0,818.0,0.54,9.8,9.98,8.6,0.011,2800.0,2800.0,2800.0
48.0,27.4,4.9,2.9,0.697,0.392,1.9,1.5,4.0,6830.0,4410.0,1040.0,630.0,128.0,88.2,481.0,273.0,1.62,3.0,3.04,3.4,0.0032,2510.0,2610.0,2715.0
30.8,25.1,35.5,1.74,0.415,0.176,0.757,0.819,1.33,9940.0,9180.0,17100.0,856.0,173.0,89.7,435.0,338.0,0.554,6.6,6.93,6.5,0.012,2090.0,2180.0,2270.0
39.9,28.1,19.4,1.44,0.979,0.918,0.41,0.68,2.37,7080.0,5640.0,5150.0,390.0,224.0,258.0,129.0,154.0,0.952,3.78,3.8,4.3,0.016,2230.0,2345.0,2655.0
52.8,26.0,10.1,1.06,0.714,0.112,1.95,1.23,0.76,27600.0,15400.0,7920.0,847.0,481.0,92.9,1820.0,823.0,0.306,11.1,11.2,10.7,0.01,2720.0,2800.0,2800.0
41.1,23.3,19.7,5.41,1.2,0.77,2.51,0.987,4.0,20600.0,13200.0,14800.0,4150.0,773.0,612.0,2240.0,634.0,1.62,10.6,10.7,11.0,0.027,2080.0,2130.0,2180.0
29.1,18.1,41.5,1.11,0.465,0.297,1.01,0.669,1.5,8750.0,6180.0,18700.0,509.0,180.0,142.0,541.0,257.0,0.613,6.3,6.44,6.06,0.015,1910.0,1975.0,2340.0
55.6,26.8,5.89,0.588,0.979,0.23,3.06,1.56,0.5,61100.0,33300.0,9680.0,986.0,1390.0,399.0,5990.0,2180.0,0.202,23.2,23.5,20.2,0.0063,2800.0,2800.0,2800.0
49.2,27.4,11.6,0.826,0.963,0.324,2.64,1.56,1.08,18100.0,11400.0,6390.0,465.0,457.0,189.0,1730.0,733.0,0.435,7.8,7.89,7.3,0.0078,2480.0,2620.0,2800.0
45.0,19.0,18.0,0.69,1.03,0.446,2.6,0.97,0.49,44000.0,21000.0,26400.0,1030.0,1300.0,691.0,4530.0,1210.0,0.204,20.1,20.9,19.0,0.0157,2140.0,2250.0,2370.0
50.6,27.2,6.56,2.56,0.515,0.392,1.42,1.47,2.03,11800.0,7160.0,2290.0,911.0,154.0,144.0,589.0,438.0,0.826,4.9,4.98,5.4,0.006,2620.0,2910.0,2910.0
44.5,19.6,26.6,0.43,0.548,0.23,1.78,0.89,0.32,38700.0,19300.0,34600.0,571.0,614.0,316.0,2750.0,990.0,0.13,18.3,18.6,17.1,0.013,2105.0,2215.0,2315.0
32.7,23.8,34.2,0.784,0.249,0.23,0.962,0.351,1.45,44100.0,36300.0,68900.0,1620.0,433.0,490.0,2310.0,606.0,0.587,28.5,28.8,29.31,0.0051,2100.0,2250.0,2350.0
47.9,21.0,19.4,0.826,1.1,0.405,2.76,0.936,1.33,62400.0,30900.0,37900.0,1640.0,1840.0,836.0,6410.0,1560.0,0.537,27.5,27.9,25.39,0.012,2020.0,2180.0,2230.0
50.0,28.6,6.8,0.74,0.979,0.446,3.3,1.2,1.1,19100.0,12300.0,3880.0,431.0,481.0,269.0,2240.0,585.0,0.443,8.1,8.16,7.4,0.0093,2655.0,2750.0,2800.0
37.0,36.9,6.29,3.1,1.05,0.662,1.98,1.52,3.35,5670.0,6390.0,1440.0,724.0,206.0,160.0,540.0,298.0,1.37,3.2,3.27,3.01,0.14,2560.0,2780.0,2800.0
34.0,19.0,39.0,0.66,0.598,0.135,1.2,0.69,1.2,16700.0,10600.0,28700.0,496.0,379.0,105.0,1050.0,434.0,0.5,10.1,10.5,9.6,0.0175,2000.0,2050.0,2100.0
50.9,30.5,8.48,1.15,0.8,0.0961,1.99,2.06,1.6,20000.0,13800.0,6150.0,678.0,436.0,67.3,1670.0,939.0,0.649,8.49,8.63,8.7,0.0157,2698.0,2732.0,2766.0
25.5,11.1,36.0,7.63,0.697,0.419,0.998,0.552,7.93,18600.0,9200.0,39400.0,8530.0,657.0,485.0,1300.0,516.0,3.2,15.5,15.6,14.74,0.06,1910.0,1990.0,2030.0
32.5,20.8,33.2,2.46,0.681,0.743,1.8,0.87,3.35,9250.0,6690.0,14100.0,1070.0,249.0,335.0,912.0,316.0,1.36,6.0,6.08,5.6,0.022,2110.0,2160.0,2290.0
25.3,15.0,50.1,2.07,0.747,0.432,1.91,0.736,2.08,7980.0,5380.0,23700.0,1000.0,304.0,216.0,1070.0,297.0,0.85,6.6,6.76,5.51,0.027,2030.0,2100.0,2380.0
42.0,19.0,18.0,7.6,1.03,0.824,2.5,0.85,5.0,47000.0,24100.0,30200.0,13000.0,1490.0,1460.0,4980.0,1220.0,2.08,23.0,24.0,21.5,0.1,2020.0,2070.0,2120.0
63.2,28.4,1.66,0.227,0.771,0.64,2.3,1.46,1.08,62800.0,32100.0,2540.0,356.0,1000.0,1020.0,4150.0,1870.0,0.45,20.5,21.4,23.69,0.00579,2800.0,2800.0,2800.0
56.3,30.1,3.29,0.406,0.515,0.162,1.54,2.94,0.425,36800.0,22200.0,3220.0,406.0,434.0,168.0,1790.0,2460.0,0.174,13.7,14.0,13.36,0.0044,2800.0,2800.0,2800.0
25.1,15.7,36.9,8.94,0.647,0.338,1.56,0.602,3.98,11400.0,8050.0,25100.0,6210.0,379.0,243.0,1260.0,350.0,1.61,9.6,9.73,9.0,0.052,2000.0,2080.0,2170.0
54.6,27.6,6.29,1.16,1.53,0.365,3.39,1.47,1.38,110000.0,63100.0,19000.0,3590.0,3980.0,1170.0,12200.0,3800.0,0.557,42.7,43.2,30.7,0.016,2450.0,2500.0,2570.0
38.5,25.3,22.0,2.21,1.16,0.284,2.3,1.12,2.68,11300.0,8410.0,9660.0,991.0,439.0,132.0,1200.0,420.0,1.08,6.2,6.28,5.94,0.033,2100.0,2210.0,2300.0
50.9,31.3,4.25,0.812,0.847,0.324,2.46,1.41,0.825,5640.0,3930.0,704.0,138.0,121.0,56.9,486.0,200.0,0.34,2.3,2.37,2.56,0.011,2800.0,2800.0,2800.0
33.4,22.7,30.5,1.46,0.681,0.351,1.6,0.819,2.2,7110.0,5470.0,9710.0,474.0,187.0,119.0,607.0,223.0,0.892,4.5,4.56,4.48,0.0084,2530.0,2650.0,2790.0
55.6,25.3,6.12,0.546,0.996,0.176,3.08,1.25,1.0,32300.0,16600.0,5310.0,484.0,745.0,161.0,3180.0,931.0,0.404,12.3,12.4,12.2,0.0094,2710.0,2800.0,2800.0
45.2,21.4,5.82,9.63,1.09,0.188,2.08,1.4,3.49,42400.0,20900.0,6670.0,10100.0,1200.0,266.0,3790.0,1640.0,1.41,18.3,18.4,17.56,0.0862,2502.0,2584.0,2646.0
53.7,25.7,7.22,1.11,1.59,0.351,4.22,1.17,1.43,125000.0,67600.0,25100.0,3930.0,4770.0,1290.0,17400.0,3480.0,0.578,49.0,49.7,41.4,0.02,2470.0,2570.0,2680.0
58.9,35.4,10.3,0.868,0.315,0.135,2.2,1.36,0.925,41800.0,28400.0,10900.0,942.0,289.0,152.0,2780.0,1240.0,0.372,15.1,15.2,14.35,0.011,2800.0,2800.0,2800.0
34.1,21.2,34.2,2.2,0.681,0.135,0.52,1.13,4.14,11800.0,8290.0,17700.0,1160.0,303.0,74.0,320.0,500.0,1.73,7.1,7.4,6.81,0.076,2018.0,2202.0,2435.0
53.6,29.5,6.23,1.13,0.959,0.31,3.07,1.8,1.06,39600.0,22800.0,5310.0,634.0,1040.0,296.0,4730.0,1310.0,0.43,15.0,15.2,16.32,0.01,2800.0,2800.0,2800.0
40.4,17.1,36.6,0.476,1.29,0.419,2.56,0.886,0.775,22600.0,10800.0,30500.0,406.0,931.0,370.0,2540.0,632.0,0.313,11.8,11.9,11.19,0.015,2080.0,2100.0,2390.0
54.2,30.6,3.32,0.49,1.08,0.297,4.88,1.03,1.13,71200.0,45500.0,6530.0,985.0,1830.0,619.0,11400.0,1730.0,0.456,27.8,28.1,27.44,0.0088,2790.0,2800.0,2800.0
28.2,11.7,47.0,2.8,0.481,0.432,1.26,0.502,1.85,22100.0,10400.0,55000.0,3340.0,485.0,535.0,1750.0,501.0,0.754,16.4,16.7,15.1,0.029,2000.0,2030.0,2080.0
55.7,20.8,15.7,0.812,0.564,0.243,2.06,1.32,1.23,48200.0,20400.0,20300.0,1070.0,630.0,333.0,3170.0,1460.0,0.501,18.1,18.5,17.63,0.0044,2100.0,2380.0,2490.0
43.0,33.2,3.23,4.97,1.23,0.567,1.38,0.97,7.45,17600.0,15400.0,1980.0,3110.0,648.0,368.0,1000.0,508.0,3.1,8.4,8.75,7.8,0.073,2910.0,2910.0,2910.0
20.5,10.5,48.0,4.77,0.569,0.444,0.975,0.802,5.0,9200.0,5250.0,31200.0,2500.0,309.0,268.0,800.0,441.0,2.08,8.8,9.16,8.88,0.0427,2101.0,2151.0,2231.0
24.5,16.5,47.6,1.46,0.249,0.0986,0.673,0.669,1.83,11800.0,9020.0,34400.0,1070.0,155.0,75.5,579.0,413.0,0.747,10.1,10.3,7.25,0.033,2070.0,2170.0,2260.0
55.7,17.0,6.77,7.58,0.984,0.258,0.331,1.19,3.31,45800.0,15700.0,8700.0,9700.0,946.0,311.0,492.0,1280.0,1.35,17.1,17.5,14.3,0.0755,2327.0,2421.0,2563.0
36.2,13.2,35.1,0.49,0.465,0.109,1.3,0.89,1.0,22700.0,9370.0,32900.0,469.0,376.0,109.0,1450.0,714.0,0.419,12.8,13.4,11.7,0.015,2005.0,2115.0,2215.0
60.3,28.6,5.75,0.71,0.432,0.189,2.28,1.59,0.93,48000.0,25800.0,6850.0,863.0,443.0,238.0,3230.0,1620.0,0.375,16.9,17.0,17.25,0.0082,2730.0,2800.0,2800.0
33.7,12.3,36.7,4.23,0.706,0.208,0.269,0.644,8.56,21800.0,4170.0,16200.0,1560.0,218.0,144.0,302.0,327.0,3.54,8.44,8.69,8.0,0.0157,2170.0,2238.0,2328.0
55.1,32.8,4.43,0.621,0.786,0.243,1.92,1.59,0.95,29200.0,19100.0,3620.0,486.0,590.0,203.0,2020.0,1030.0,0.386,11.1,11.3,11.25,0.00844,2796.0,2800.0,2800.0
33.1,24.3,32.1,0.364,0.564,0.135,2.24,1.04,0.725,41300.0,34300.0,59800.0,693.0,906.0,267.0,4960.0,1650.0,0.292,26.5,26.7,24.0,0.0095,2060.0,2230.0,2350.0
46.5,27.0,10.7,3.01,0.93,0.365,2.49,1.25,1.0,27800.0,18300.0,9600.0,2750.0,717.0,346.0,2650.0,957.0,0.407,12.6,12.8,11.0,0.016,2560.0,2655.0,2745.0
45.0,30.1,16.7,1.22,0.631,0.108,2.12,1.42,1.55,24200.0,18300.0,13400.0,1000.0,437.0,91.9,2020.0,977.0,0.63,11.3,11.5,9.1,0.0088,2480.0,2570.0,2690.0
38.9,37.4,3.39,5.84,0.614,0.23,0.89,1.71,7.05,10800.0,11800.0,1410.0,2480.0,220.0,101.0,440.0,607.0,2.84,5.9,5.94,5.69,0.019,2730.0,2800.0,2800.0
49.4,16.8,17.6,5.03,0.913,0.419,2.24,0.803,1.2,48600.0,18700.0,25900.0,7550.0,1160.0,652.0,3910.0,1010.0,0.49,20.6,21.0,18.79,0.037,2130.0,2210.0,2350.0
48.7,19.4,27.2,0.8,0.531,0.23,1.56,0.96,0.08,26900.0,12200.0,22500.0,676.0,379.0,201.0,1540.0,680.0,0.0327,11.6,11.8,10.4,0.0079,2105.0,2205.0,2315.0
50.5,31.0,4.58,0.882,1.13,0.675,4.33,1.14,1.15,21600.0,15000.0,2930.0,577.0,623.0,458.0,3300.0,623.0,0.468,9.0,9.16,7.99,0.01,2680.0,2760.0,2800.0
62.4,27.5,2.55,0.364,0.423,0.0914,1.43,1.81,0.327,55400.0,26300.0,4400.0,446.0,529.0,140.0,2530.0,1970.0,0.134,18.4,18.9,17.33,0.00408,2731.0,2800.0,2800.0
53.5,24.8,14.3,0.532,0.598,0.378,1.94,1.2,0.95,30300.0,15900.0,12100.0,460.0,436.0,339.0,1950.0,872.0,0.383,12.0,12.1,14.2,0.0087,2510.0,2620.0,2710.0
52.1,29.5,2.9,3.0,0.681,0.297,3.5,1.8,1.6,69400.0,44500.0,5780.0,6110.0,1170.0,627.0,8300.0,3070.0,0.645,28.3,28.5,29.3,0.017,2770.0,2800.0,2800.0
56.1,24.8,7.5,1.2,0.946,1.35,1.8,1.6,1.5,26200.0,13100.0,5240.0,857.0,570.0,1000.0,1500.0,957.0,0.625,9.6,10.0,8.6,0.013,2695.0,2790.0,2800.0
40.9,37.1,2.87,2.7,0.851,0.617,0.606,1.06,2.39,25100.0,23400.0,2020.0,1900.0,537.0,493.0,618.0,805.0,0.988,11.5,11.9,10.47,0.0153,2579.0,2643.0,2766.0
47.3,28.0,8.2,1.5,0.797,1.12,3.1,1.4,2.2,10800.0,7200.0,2790.0,521.0,233.0,404.0,1250.0,407.0,0.892,4.8,4.86,7.1,0.0065,2655.0,2745.0,2745.0
35.8,32.2,4.79,7.42,1.34,1.7,0.499,1.0,10.3,10900.0,10500.0,1550.0,2440.0,415.0,639.0,305.0,339.0,4.32,5.64,5.9,5.2,0.00759,2499.0,2537.0,2585.0
35.4,24.1,25.1,0.87,0.183,0.162,2.2,1.0,1.4,18600.0,14400.0,19800.0,700.0,124.0,135.0,2060.0,674.0,0.573,11.0,11.3,9.6,0.0045,2455.0,2525.0,2605.0
33.2,19.3,37.6,1.06,0.415,0.27,0.817,1.71,1.68,24700.0,16200.0,41900.0,1210.0,398.0,318.0,1080.0,1620.0,0.684,15.6,15.9,7.02,0.0079,1990.0,2140.0,2200.0
46.1,26.6,19.0,1.33,0.564,0.243,1.98,0.91,1.68,20600.0,13500.0,12700.0,910.0,326.0,173.0,1580.0,522.0,0.7,9.2,9.58,9.29,0.0036,2181.0,2250.0,2487.0
42.1,26.7,22.3,0.994,0.349,0.0945,0.889,1.94,1.53,11900.0,8580.0,9460.0,431.0,128.0,42.5,450.0,705.0,0.628,5.9,6.07,5.88,0.0034,2680.0,2750.0,2800.0
53.7,26.5,8.14,1.05,1.36,0.446,3.05,1.54,1.38,100000.0,55900.0,22700.0,3000.0,3280.0,1320.0,10100.0,3670.0,0.559,39.3,39.9,33.7,0.019,2200.0,2320.0,2400.0
42.2,14.7,33.5,1.41,0.515,0.311,1.68,1.27,2.5,8560.0,3390.0,10200.0,439.0,135.0,99.9,608.0,330.0,1.03,4.2,4.34,9.3,0.014,1970.0,2060.0,2150.0
35.5,22.4,31.4,2.21,0.396,0.207,1.05,0.931,3.32,19900.0,13100.0,16900.0,1190.0,267.0,138.0,1180.0,676.0,1.38,9.85,10.3,10.53,0.0273,2187.0,2287.0,2364.0
32.0,21.0,31.9,3.17,1.06,0.27,2.43,0.702,4.2,10300.0,7670.0,15400.0,1560.0,443.0,138.0,1400.0,291.0,1.71,6.8,6.92,6.1,0.034,1860.0,2000.0,2090.0
50.4,28.5,12.8,0.83,0.797,0.554,1.28,1.29,1.35,22500.0,14400.0,8550.0,566.0,458.0,392.0,1020.0,736.0,0.543,9.5,9.55,8.96,0.012,2660.0,2720.0,2800.0
23.7,14.1,40.5,6.13,0.727,1.34,0.204,0.547,8.94,7400.0,4380.0,16000.0,2720.0,245.0,535.0,123.0,194.0,3.74,5.72,5.93,5.29,0.0301,1896.0,1979.0,2114.0
42.9,29.2,18.4,2.1,0.299,1.04,0.5,1.6,3.4,5640.0,4340.0,3620.0,422.0,50.6,217.0,117.0,269.0,1.42,2.7,2.81,2.9,0.018,2495.0,2590.0,2695.0
46.1,23.0,18.7,0.96,0.631,0.162,2.56,1.08,1.27,24800.0,14000.0,15000.0,789.0,437.0,138.0,2450.0,743.0,0.513,11.4,11.5,11.05,0.0048,2140.0,2460.0,2560.0
24.3,19.9,45.0,3.11,0.515,0.5,0.901,0.569,3.93,5640.0,5210.0,15600.0,1100.0,154.0,184.0,372.0,169.0,1.59,4.9,4.96,4.51,0.015,1960.0,2160.0,2410.0
21.8,13.3,56.9,1.93,0.249,0.149,0.805,0.736,2.53,6160.0,4240.0,24000.0,833.0,90.6,66.4,404.0,266.0,1.03,5.9,6.04,6.07,0.017,1890.0,2040.0,2090.0
53.4,28.7,3.32,1.92,0.93,0.338,2.34,1.04,1.43,12800.0,7810.0,1190.0,704.0,288.0,128.0,1000.0,318.0,0.574,5.1,5.14,5.5,0.008,2800.0,2800.0,2800.0
55.0,27.8,6.44,0.882,0.697,0.594,2.2,1.64,0.45,34400.0,19700.0,6030.0,844.0,563.0,589.0,2450.0,1310.0,0.183,13.2,13.4,11.79,0.014,2650.0,2770.0,2800.0
40.8,18.6,23.7,1.1,0.614,0.176,1.7,1.0,1.8,15800.0,8170.0,13800.0,652.0,307.0,108.0,1170.0,496.0,0.738,8.1,8.3,8.0,0.013,2115.0,2225.0,2330.0
49.4,28.9,10.7,0.91,0.714,0.473,2.61,1.52,1.75,31500.0,20800.0,10200.0,885.0,585.0,477.0,2950.0,1240.0,0.717,13.3,13.6,13.2,0.011,2800.0,2800.0,2800.0
52.9,31.4,6.5,1.3,1.39,0.905,2.2,1.5,2.4,22100.0,14900.0,4070.0,832.0,753.0,600.0,1640.0,804.0,1.0,8.6,8.96,9.0,0.022,2800.0,2800.0,2800.0
27.8,19.0,21.0,8.1,0.813,0.594,1.4,0.93,7.2,8720.0,6750.0,9860.0,3880.0,329.0,295.0,782.0,373.0,2.93,6.6,6.71,6.4,0.026,2115.0,2215.0,2320.0
40.4,27.1,3.04,2.69,2.82,6.77,0.716,1.01,3.84,13500.0,10200.0,1490.0,1380.0,1230.0,3520.0,416.0,428.0,1.61,6.8,7.12,6.03,0.0146,2169.0,2312.0,2468.0
55.6,32.7,3.19,0.532,0.863,0.243,2.64,1.07,0.675,54000.0,35900.0,4630.0,789.0,1080.0,374.0,4570.0,1330.0,0.272,20.6,20.8,20.67,0.0084,2800.0,2800.0,2800.0
46.5,24.8,19.6,0.76,0.581,0.149,2.06,1.33,1.18,48200.0,29100.0,30400.0,1200.0,776.0,244.0,3800.0,1760.0,0.474,22.1,22.2,21.65,0.024,2440.0,2530.0,2640.0
38.1,27.2,15.0,4.8,0.249,0.27,3.13,0.886,3.13,18000.0,14600.0,10600.0,3470.0,152.0,202.0,2630.0,536.0,1.26,10.0,10.1,11.7,0.025,2110.0,2200.0,2310.0
45.8,14.2,21.6,3.17,2.32,0.527,2.08,0.836,4.03,34200.0,12000.0,24100.0,3610.0,2230.0,622.0,2760.0,798.0,1.63,15.8,16.0,15.76,0.015,2000.0,2060.0,2100.0
42.8,14.4,30.3,4.33,0.83,0.243,1.8,0.686,4.5,45600.0,17400.0,48300.0,7040.0,1140.0,410.0,3420.0,934.0,1.81,22.6,22.8,18.6,0.043,2060.0,2150.0,2260.0
37.5,23.4,31.2,0.938,0.78,0.459,1.74,0.903,1.48,15900.0,11300.0,19900.0,610.0,428.0,310.0,1320.0,492.0,0.597,9.0,9.11,9.4,0.025,2110.0,2140.0,2460.0
46.6,27.6,15.2,1.97,0.531,0.594,1.59,1.49,2.8,19500.0,13100.0,9510.0,1260.0,287.0,395.0,1180.0,798.0,1.13,8.9,8.97,8.38,0.0092,2350.0,2490.0,2580.0
29.3,15.3,46.8,0.392,0.548,0.0945,1.81,0.719,0.925,24000.0,14200.0,57300.0,491.0,578.0,123.0,2650.0,753.0,0.381,17.0,17.5,13.67,0.024,2030.0,2070.0,2160.0
26.1,29.5,3.52,6.54,1.03,0.459,2.0,0.953,3.0,15500.0,19900.0,3130.0,5950.0,790.0,433.0,2120.0,726.0,1.21,12.6,12.7,12.0,0.035,2360.0,2470.0,2560.0
28.2,14.9,39.6,3.68,0.996,0.405,1.69,0.686,7.75,6600.0,3950.0,13800.0,1320.0,300.0,150.0,705.0,205.0,3.16,4.9,5.0,4.4,0.093,1955.0,2065.0,2165.0
47.0,23.3,15.3,3.1,1.15,0.216,2.43,1.12,4.75,24300.0,13700.0,11900.0,2450.0,765.0,177.0,2240.0,743.0,1.97,10.7,11.1,10.5,0.017,2150.0,2300.0,2390.0
41.8,28.4,14.5,2.81,0.85,0.284,2.4,1.06,2.34,36900.0,25200.0,11300.0,1820.0,1090.0,405.0,4020.0,1190.0,0.975,15.9,16.6,14.92,0.0181,2440.0,2478.0,2538.0
25.3,18.6,17.2,17.6,1.39,0.378,1.02,0.702,8.1,8150.0,6790.0,8290.0,8710.0,581.0,194.0,587.0,290.0,3.29,6.8,6.91,5.6,0.053,2000.0,2050.0,290.0
46.3,26.1,15.9,0.63,0.88,0.203,2.78,1.55,1.29,54700.0,34900.0,28100.0,1140.0,1340.0,379.0,5850.0,2340.0,0.526,24.8,25.3,23.8,0.013,2070.0,2110.0,2150.0
41.1,27.4,4.69,9.5,2.32,0.365,1.44,0.619,7.8,17400.0,13100.0,2970.0,6130.0,1270.0,244.0,1090.0,335.0,3.14,9.0,9.05,8.1,0.052,2420.0,2510.0,2620.0
50.0,26.0,1.6,0.38,0.73,0.419,2.8,1.2,0.43,28200.0,16600.0,1350.0,328.0,532.0,375.0,2810.0,867.0,0.179,11.6,12.1,8.4,0.0108,2910.0,2910.0,2910.0
50.3,26.8,11.7,0.616,1.15,0.324,2.88,1.15,0.9,26700.0,16100.0,9310.0,500.0,784.0,273.0,2730.0,784.0,0.365,11.2,11.4,10.34,0.012,2640.0,2700.0,2730.0
36.4,18.1,33.9,2.76,0.465,0.284,1.02,1.77,3.88,10900.0,6150.0,15200.0,1260.0,179.0,134.0,544.0,679.0,1.58,6.3,6.4,6.2,0.017,1810.0,1900.0,1990.0
52.6,29.9,4.5,0.67,1.01,0.473,4.3,1.2,1.0,43400.0,27900.0,5550.0,844.0,1080.0,618.0,6310.0,1270.0,0.406,17.4,17.6,10.5,0.016,2800.0,2800.0,2800.0
53.6,26.6,5.92,0.826,1.36,0.459,5.38,1.02,1.75,33500.0,18800.0,5530.0,788.0,1100.0,454.0,5990.0,815.0,0.709,13.2,13.4,9.2,0.019,2480.0,2570.0,2700.0
23.3,13.1,56.1,1.18,0.232,0.135,0.745,0.585,1.7,15800.0,10100.0,56900.0,1220.0,203.0,145.0,899.0,508.0,0.685,14.4,14.5,12.21,0.013,2030.0,2050.0,2160.0
53.1,30.1,6.94,0.36,0.847,0.135,1.72,2.74,0.7,49400.0,31700.0,9670.0,512.0,1020.0,199.0,2850.0,3260.0,0.285,19.6,19.9,12.16,0.0091,2800.0,2800.0,2800.0
51.9,35.7,2.2,2.5,0.963,0.77,2.9,1.7,1.9,21000.0,16300.0,1330.0,1540.0,501.0,493.0,2090.0,879.0,0.792,8.3,8.65,13.1,0.011,2910.0,2910.0,2910.0
43.2,27.1,6.7,3.2,0.963,0.797,1.8,1.3,6.0,7390.0,5250.0,1720.0,837.0,212.0,216.0,549.0,285.0,2.44,3.6,3.66,4.4,0.012,2655.0,2755.0,2800.0
47.6,30.6,12.7,0.714,0.365,0.27,1.44,1.55,0.95,21100.0,15300.0,8420.0,483.0,209.0,190.0,1140.0,879.0,0.383,9.4,9.48,9.02,0.0073,2680.0,2710.0,2780.0
48.0,20.6,22.2,0.407,0.561,0.331,1.78,1.01,0.743,23800.0,11600.0,16600.0,311.0,359.0,259.0,1580.0,642.0,0.309,10.2,10.6,9.74,0.00876,2232.0,2300.0,2406.0
42.2,26.3,18.2,1.89,0.631,0.446,1.11,1.37,2.2,19800.0,13900.0,12700.0,1350.0,381.0,331.0,923.0,823.0,0.892,9.9,10.0,11.21,0.0097,2420.0,2500.0,2600.0
33.0,20.8,30.0,3.57,0.913,0.419,1.61,1.07,4.63,11600.0,8250.0,15800.0,1910.0,413.0,233.0,1010.0,480.0,1.88,7.4,7.5,7.12,0.03,2080.0,2170.0,2380.0
41.5,24.8,24.0,1.72,0.797,0.203,2.07,1.17,1.98,18100.0,12200.0,15600.0,1150.0,447.0,140.0,1600.0,652.0,0.809,9.1,9.31,8.81,0.017,2080.0,2210.0,2320.0
43.5,27.5,14.3,1.75,0.88,0.905,2.1,0.953,1.93,6140.0,4390.0,3020.0,378.0,160.0,202.0,529.0,172.0,0.776,3.0,3.02,3.1,0.0098,2260.0,2350.0,2450.0
51.0,25.0,7.8,0.92,0.515,0.539,2.1,1.3,1.4,23800.0,13200.0,5450.0,657.0,310.0,399.0,1750.0,777.0,0.583,9.6,10.0,10.9,0.0148,2630.0,2680.0,2910.0
38.0,9.0,20.0,6.7,2.66,0.284,1.1,0.5,18.0,37300.0,10000.0,29400.0,10100.0,3360.0,441.0,1920.0,628.0,8.09,18.7,21.0,11.4,0.182,1980.0,2030.0,2080.0
48.0,28.0,5.6,0.3,0.88,0.216,2.3,1.9,0.66,36700.0,24200.0,6400.0,350.0,867.0,262.0,3130.0,1860.0,0.275,15.7,16.4,16.7,0.0147,2910.0,2910.0,2910.0
49.6,25.1,12.7,1.1,0.5,0.355,1.58,1.71,0.704,30700.0,17600.0,10800.0,1130.0,431.0,340.0,2000.0,1370.0,0.283,13.1,13.1,11.29,0.0119,2455.0,2562.0,2653.0
52.2,33.0,5.26,0.79,1.05,1.12,4.09,1.32,1.83,23900.0,17200.0,3620.0,512.0,624.0,830.0,3390.0,790.0,0.762,9.42,9.81,8.58,0.012,2775.0,2796.0,2800.0
55.2,31.6,2.63,1.11,0.73,0.176,2.08,1.99,1.68,31500.0,20400.0,2250.0,965.0,537.0,159.0,2110.0,1450.0,0.688,11.9,12.2,10.98,0.0051,2800.0,2800.0,2800.0
31.4,16.0,36.4,6.2,0.813,0.675,1.1,0.7,4.9,22200.0,12800.0,38400.0,6690.0,740.0,755.0,1380.0,632.0,2.04,14.5,15.1,13.3,0.062,1900.0,1990.0,2020.0
49.0,35.0,4.0,0.42,0.0531,0.0324,1.4,2.5,0.26,17000.0,13700.0,2080.0,223.0,23.8,17.8,865.0,1110.0,0.107,7.2,7.42,5.8,0.0167,2910.0,2910.0,2910.0
28.6,17.0,46.3,1.27,0.863,0.338,2.36,0.635,2.1,22900.0,15400.0,55500.0,1560.0,890.0,428.0,3360.0,651.0,0.851,16.9,17.1,16.4,0.01,2000.0,2090.0,2180.0
46.4,33.5,7.47,1.32,0.548,0.108,1.13,1.27,0.6,23200.0,18900.0,5580.0,1010.0,353.0,85.5,1000.0,811.0,0.256,10.0,10.7,8.8,0.01,2910.0,2910.0,2910.0
17.3,11.5,50.1,4.08,0.614,0.432,0.95,0.585,3.6,5420.0,4090.0,23500.0,1960.0,249.0,215.0,531.0,235.0,1.47,6.6,6.72,6.14,0.034,1960.0,2150.0,2230.0
45.0,29.0,12.0,0.89,1.44,0.135,1.9,2.7,3.7,29400.0,21400.0,11700.0,887.0,1210.0,140.0,2210.0,2250.0,1.54,13.4,14.0,13.2,0.0131,2910.0,2910.0,2910.0
37.9,26.3,21.6,2.68,0.683,0.467,2.49,0.907,2.93,24600.0,18800.0,17400.0,2090.0,577.0,471.0,2970.0,744.0,1.22,12.5,13.0,14.56,0.0264,2290.0,2345.0,2422.0
53.3,28.1,1.82,4.13,0.614,1.76,1.43,1.98,0.92,27000.0,16100.0,1380.0,3190.0,401.0,1410.0,1290.0,1280.0,0.383,10.4,10.8,9.69,0.011,2399.0,2574.0,2768.0
13.9,6.2,28.3,17.6,2.16,0.149,0.81,0.37,14.1,5690.0,2870.0,17300.0,11000.0,1140.0,96.4,590.0,194.0,5.68,8.7,8.76,7.4,0.043,2055.0,2165.0,2255.0
27.1,15.8,46.6,3.22,0.448,0.365,1.55,0.75,3.14,11700.0,7740.0,30100.0,2120.0,249.0,249.0,1190.0,414.0,1.28,9.09,9.24,9.3,0.037,2155.0,2250.0,2360.0
33.0,20.2,32.7,2.72,0.647,0.311,1.62,0.987,3.25,8900.0,6190.0,13200.0,1120.0,225.0,133.0,780.0,341.0,1.32,5.7,5.78,5.6,0.015,2000.0,2110.0,2200.0
32.5,21.6,43.6,1.01,0.315,0.149,0.793,0.836,1.4,9310.0,6980.0,18700.0,441.0,116.0,67.4,404.0,306.0,0.562,6.1,6.12,6.0,0.0083,2320.0,2410.0,2520.0
42.4,25.8,22.9,1.0,0.664,0.689,2.1,1.0,2.9,18800.0,12900.0,15200.0,677.0,379.0,483.0,1660.0,567.0,1.21,9.1,9.48,8.9,0.013,2105.0,2235.0,2320.0
52.9,33.1,2.72,0.504,0.78,0.338,2.4,1.67,0.55,31900.0,22600.0,2450.0,465.0,607.0,323.0,2580.0,1290.0,0.222,12.8,12.9,12.59,0.0062,2800.0,2800.0,2800.0
24.1,16.4,45.5,1.41,0.434,0.212,0.522,0.627,2.71,9370.0,7290.0,27500.0,831.0,217.0,132.0,363.0,305.0,1.13,8.18,8.52,8.62,0.0228,2066.0,2133.0,2266.0
37.3,18.4,35.5,2.29,0.598,0.189,1.81,0.991,2.61,35200.0,19700.0,50200.0,3300.0,728.0,283.0,3040.0,1200.0,1.09,19.4,20.2,18.73,0.0067,2069.0,2284.0,2404.0
57.4,23.5,9.24,0.46,1.16,0.149,3.11,1.16,1.12,109000.0,50600.0,26300.0,1340.0,2850.0,448.0,10500.0,2820.0,0.474,38.5,40.7,36.7,0.01,2250.0,2350.0,2760.0
49.2,26.2,12.7,0.55,0.847,0.419,2.36,1.21,1.71,23700.0,14300.0,9150.0,405.0,526.0,320.0,2020.0,746.0,0.691,10.2,10.3,10.13,0.0062,2450.0,2620.0,2800.0
44.7,19.5,21.6,0.8,0.531,0.216,2.3,1.1,1.1,34300.0,16900.0,24800.0,938.0,525.0,263.0,3140.0,1080.0,0.446,16.2,16.4,16.1,0.019,2165.0,2255.0,2360.0
13.7,8.4,69.1,1.8,0.564,0.581,0.4,0.5,3.2,4330.0,3010.0,32700.0,870.0,230.0,291.0,225.0,202.0,1.33,6.5,6.77,6.2,0.02,2000.0,2105.0,2180.0
48.3,33.5,7.11,1.92,0.647,0.108,1.94,1.66,1.93,15100.0,11800.0,3320.0,914.0,260.0,53.4,1070.0,661.0,0.779,6.6,6.67,6.2,0.0033,2800.0,2800.0,2800.0
39.4,21.7,20.6,3.54,1.2,0.378,2.92,1.09,2.6,32100.0,20100.0,25100.0,4420.0,1260.0,489.0,4240.0,1140.0,1.06,17.2,17.5,23.9,0.044,2080.0,2220.0,2340.0
55.6,25.3,5.11,0.434,1.33,0.486,4.12,1.47,1.15,48500.0,25000.0,6660.0,578.0,1490.0,672.0,6400.0,1640.0,0.467,18.4,18.7,16.49,0.013,2650.0,2750.0,2800.0
40.2,31.2,13.0,2.55,0.73,0.891,0.974,1.32,2.35,5680.0,4990.0,2750.0,550.0,133.0,199.0,245.0,239.0,0.947,3.0,3.02,3.19,0.013,2470.0,2540.0,2750.0
