Sample_ID,Ash_Deformation,Ash_Softening,Ash_Fluid,SiO2,Al2O3,Fe2O3,CaO,MgO,Na2O,K2O,TiO2,SO3,Si,Al,Fe,Ca,Mg,Na,K,Ti,TS,GSAsh,GSAsh_Dry,Standard_Ash,MnO
D173510,1980.0,2030.0,2120.0,37.0,21.0,28.0,3.2,0.64,0.46,1.6,0.91,3.1,17500.0,11200.0,19800.0,2310.0,389.0,344.0,1340.0,550.0,1.27,9.9,10.1,9.6,0.05
D173511,2130.0,2180.0,2240.0,28.0,24.0,33.0,3.2,0.3,0.28,0.9,1.2,2.6,9750.0,9460.0,17200.0,1700.0,135.0,154.0,558.0,535.0,1.06,7.3,7.45,7.1,0.016
D173512,2090.0,2140.0,2190.0,25.0,22.0,38.0,2.6,0.3,0.23,0.84,0.9,2.8,9770.0,9740.0,22200.0,1550.0,151.0,143.0,585.0,450.0,1.14,8.2,8.37,8.4,0.024
D173513,2090.0,2140.0,2190.0,28.0,23.0,34.0,3.4,0.34,0.5,1.2,1.3,2.8,11500.0,10700.0,20900.0,2130.0,180.0,325.0,877.0,683.0,1.14,8.6,8.78,9.1,0.042
D173514,2120.0,2170.0,2230.0,24.0,21.0,42.0,2.5,0.33,0.26,0.88,0.96,2.6,11000.0,10900.0,28800.0,1750.0,195.0,189.0,718.0,563.0,1.06,9.6,9.81,9.5,0.13
D173515,2000.0,2050.0,2100.0,30.0,21.0,32.0,2.3,0.55,0.79,1.1,0.78,2.7,13800.0,11000.0,22100.0,1620.0,327.0,577.0,902.0,460.0,1.1,9.7,9.86,9.6,0.04
D173516,2000.0,2050.0,2100.0,37.0,21.0,27.0,2.4,0.7,0.47,1.8,0.87,2.4,21700.0,13900.0,23700.0,2150.0,529.0,437.0,1880.0,652.0,0.979,12.3,12.5,12.3,0.038
D173517,2000.0,2050.0,2100.0,34.0,22.0,31.0,2.5,0.53,0.51,1.2,0.86,2.9,15700.0,11500.0,21400.0,1760.0,315.0,373.0,985.0,507.0,1.18,9.7,9.87,10.4,0.049
D173518,1980.0,2030.0,2080.0,35.0,22.0,27.0,3.0,0.57,0.61,1.4,0.89,2.8,16800.0,12000.0,19400.0,2200.0,353.0,464.0,1200.0,547.0,1.14,10.1,10.3,10.5,0.047
D173519,1970.0,2020.0,2070.0,37.0,21.0,29.0,2.2,0.58,0.53,1.4,0.93,2.5,19200.0,12300.0,22500.0,1740.0,387.0,435.0,1290.0,617.0,1.02,10.9,11.1,11.2,0.042
D173520,1990.0,2040.0,2090.0,33.0,20.0,30.0,4.6,0.59,0.42,1.3,0.8,3.3,14700.0,10100.0,20100.0,3140.0,340.0,298.0,1030.0,457.0,1.34,9.4,9.56,10.1,0.049
D173521,1980.0,2030.0,2080.0,32.0,18.0,37.0,3.4,0.52,0.35,1.2,0.81,2.9,16800.0,10700.0,29000.0,2720.0,351.0,291.0,1120.0,543.0,1.18,11.0,11.2,10.6,0.039
D174477,2040.0,2090.0,2190.0,34.0,24.0,27.0,2.8,0.52,0.48,1.4,0.8,3.1,21300.0,17100.0,25400.0,2690.0,421.0,478.0,1560.0,643.0,1.26,13.2,13.4,8.8,0.015
D174478,2040.0,2090.0,2200.0,30.0,19.0,35.0,3.6,0.48,0.36,1.2,0.72,3.8,14700.0,10500.0,25600.0,2690.0,303.0,279.0,1050.0,451.0,1.55,10.3,10.5,11.0,0.014
D174479,2040.0,2090.0,2140.0,34.0,19.0,33.0,2.7,0.67,0.37,1.7,0.77,2.8,19000.0,12000.0,27600.0,2300.0,482.0,327.0,1690.0,550.0,1.13,11.8,11.9,11.8,0.0055
D174480,2040.0,2090.0,2140.0,37.0,19.0,29.0,2.4,0.84,0.39,2.1,0.76,2.4,15000.0,8700.0,17500.0,1480.0,438.0,250.0,1510.0,393.0,0.977,8.5,8.65,13.1,0.097
D245434,2150.0,2220.0,2440.0,42.4,12.5,5.43,8.87,3.32,3.51,1.63,0.518,16.0,23200.0,7760.0,4450.0,7420.0,2340.0,3050.0,1590.0,363.0,7.09,10.6,11.7,8.22,0.019
D245435,2070.0,2260.0,2440.0,51.1,14.7,6.58,5.04,2.49,4.19,2.48,0.552,8.68,47600.0,15500.0,9160.0,7170.0,2990.0,6170.0,4100.0,657.0,3.82,18.1,19.9,12.88,0.027
D245436,2080.0,2440.0,2520.0,52.9,13.7,5.29,4.66,1.99,5.67,1.49,0.97,7.35,43800.0,12800.0,6560.0,5910.0,2130.0,7450.0,2200.0,1030.0,3.24,16.1,17.8,12.57,0.0074
D246842,2020.0,2090.0,2160.0,28.0,9.07,4.0,14.8,4.15,13.0,0.529,0.502,18.6,7470.0,2740.0,1600.0,6030.0,1430.0,5470.0,251.0,171.0,8.5,5.0,5.7,3.66,0.018
D246843,2140.0,2200.0,2280.0,55.0,17.7,4.72,3.42,2.49,3.65,2.96,0.702,18.6,52000.0,19000.0,6680.0,4940.0,3040.0,5470.0,4980.0,850.0,8.2,18.4,20.3,16.88,0.0082
D246946,2630.0,2750.0,2790.0,45.8,33.5,2.29,7.93,0.764,0.891,0.577,1.72,2.95,66200.0,54800.0,4950.0,17500.0,1420.0,2040.0,1490.0,3190.0,1.3,28.0,30.8,21.26,0.03
D246947,2650.0,2780.0,2800.0,48.4,30.1,3.86,6.33,1.61,0.824,0.673,1.32,5.03,82300.0,57900.0,9830.0,16500.0,3530.0,2220.0,2040.0,2880.0,2.15,34.1,36.5,28.43,0.025
D246948,2160.0,2350.0,2400.0,32.8,16.8,4.0,24.4,1.16,3.11,0.24,0.803,8.38,18500.0,10700.0,3370.0,21000.0,843.0,2770.0,241.0,578.0,3.7,10.9,12.0,7.32,0.14
W184939,2910.0,2910.0,2910.0,54.0,35.0,1.2,0.17,0.0415,0.0284,2.3,1.6,0.1,17700.0,13000.0,588.0,85.1,17.5,14.7,1340.0,671.0,0.042,6.8,7.01,6.8,0.00366
W184940,2910.0,2910.0,2910.0,49.0,33.0,3.6,1.1,0.0797,0.0297,2.6,2.3,1.2,19800.0,15100.0,2180.0,680.0,41.6,19.1,1870.0,1190.0,0.495,8.4,8.66,9.7,0.00656
W184941,2910.0,2910.0,2910.0,48.0,44.0,1.8,0.69,0.0282,0.0135,0.81,1.7,0.29,12900.0,13400.0,727.0,284.0,9.81,5.77,389.0,587.0,0.12,5.6,5.77,5.9,0.00551
W184942,2910.0,2910.0,2910.0,56.0,32.0,3.6,0.29,0.242,0.0567,3.5,1.5,0.31,66600.0,43100.0,6410.0,527.0,372.0,107.0,7420.0,2280.0,0.128,24.7,25.5,23.1,0.0277
W184944,2910.0,2910.0,2910.0,42.0,40.0,3.1,1.5,0.174,0.266,1.9,2.0,0.72,41700.0,44900.0,4600.0,2270.0,223.0,418.0,3360.0,2540.0,0.297,20.6,21.2,11.1,0.00991
W184945,2630.0,2720.0,2780.0,44.0,28.0,2.1,4.0,0.234,0.0999,2.6,2.4,2.4,28400.0,20500.0,2030.0,3950.0,195.0,102.0,2990.0,1980.0,0.99,13.4,13.8,13.2,0.0465
W184949,2910.0,2910.0,2910.0,24.0,20.0,11.0,15.0,0.397,0.0392,1.1,1.1,7.2,14500.0,13600.0,9910.0,13800.0,308.0,37.4,1180.0,848.0,2.97,12.5,12.9,10.4,0.0235
W184950,2910.0,2910.0,2910.0,46.0,30.0,6.4,0.31,0.0481,0.0338,1.9,1.6,0.31,18800.0,13900.0,3920.0,194.0,25.4,21.9,1390.0,838.0,0.128,8.5,8.76,8.1,0.00785
W184951,2910.0,2910.0,2910.0,49.0,35.0,4.0,0.42,0.0531,0.0324,1.4,2.5,0.26,17000.0,13700.0,2080.0,223.0,23.8,17.8,865.0,1110.0,0.107,7.2,7.42,5.8,0.0167
W184952,2430.0,2560.0,2910.0,39.0,34.0,4.4,3.9,0.146,0.0743,1.8,2.2,3.1,16900.0,16700.0,2850.0,2580.0,81.6,51.0,1390.0,1220.0,1.28,9.0,9.28,9.9,0.0263
W184953,2910.0,2910.0,2910.0,42.0,34.0,4.1,1.8,0.078,0.124,1.7,1.9,1.4,17800.0,16300.0,2600.0,1170.0,42.6,83.5,1280.0,1030.0,0.577,8.8,9.07,8.8,0.00892
W184954,2910.0,2910.0,2910.0,48.0,17.0,1.2,0.11,0.0432,0.0203,0.43,1.3,0.1,30100.0,12100.0,1120.0,105.0,34.8,20.1,479.0,1040.0,0.042,13.0,13.4,9.9,0.000698
W184955,2910.0,2910.0,2910.0,50.0,33.0,1.9,0.54,0.0564,0.0446,2.1,2.0,0.15,27000.0,20200.0,1530.0,445.0,39.3,38.1,2020.0,1380.0,0.0619,11.2,11.5,11.1,0.00453
W184958,2730.0,2790.0,2910.0,32.0,21.0,6.8,0.33,0.0299,0.0216,0.85,1.4,0.1,10900.0,8130.0,3480.0,172.0,13.2,11.7,518.0,613.0,0.042,7.1,7.32,7.0,0.0066
W184960,2910.0,2910.0,2910.0,46.0,46.0,2.2,0.3,0.0465,0.0297,2.0,3.1,0.1,22200.0,25100.0,1590.0,221.0,28.9,22.7,1720.0,1910.0,0.042,10.0,10.3,10.6,0.0276
W187010,2580.0,2720.0,2870.0,48.0,23.0,9.7,1.1,0.996,0.513,2.1,1.1,2.0,14000.0,7600.0,4240.0,491.0,375.0,238.0,1090.0,411.0,0.833,6.0,6.25,6.1,0.0104
W187011,2080.0,2130.0,2190.0,28.0,17.0,23.0,5.1,0.747,0.648,1.6,0.77,5.7,11200.0,7680.0,13700.0,3110.0,384.0,410.0,1140.0,393.0,2.38,8.2,8.54,7.5,0.0238
W187014,2910.0,2910.0,2910.0,53.0,33.0,1.6,0.23,0.78,0.203,3.4,2.0,1.4,55500.0,39100.0,2510.0,368.0,1050.0,336.0,6340.0,2680.0,0.583,21.5,22.4,22.1,0.00676
W187015,2910.0,2910.0,2910.0,56.0,31.0,1.2,0.44,0.598,0.257,1.4,1.8,1.1,31900.0,20000.0,1020.0,383.0,439.0,232.0,1420.0,1310.0,0.458,11.7,12.2,10.7,0.00517
W187020,2910.0,2910.0,2910.0,47.0,33.0,7.8,0.31,0.581,0.189,2.0,1.4,0.84,28800.0,22900.0,7160.0,291.0,459.0,184.0,2180.0,1100.0,0.35,12.6,13.1,11.8,0.011
W187021,2250.0,2350.0,2450.0,52.0,25.0,6.6,5.6,1.08,0.338,2.6,1.4,4.0,26800.0,14600.0,5100.0,4410.0,718.0,276.0,2390.0,924.0,1.67,10.6,11.0,10.7,0.0401
W187022,2910.0,2910.0,2910.0,45.0,21.0,3.3,0.29,0.913,0.648,3.8,1.2,0.6,34200.0,18100.0,3750.0,336.0,894.0,780.0,5140.0,1170.0,0.25,15.6,16.3,28.5,0.018
W187024,2910.0,2910.0,2910.0,64.0,28.0,5.4,0.89,0.548,0.257,2.0,2.3,1.6,26800.0,13300.0,3380.0,569.0,296.0,170.0,1490.0,1230.0,0.667,8.6,8.96,8.8,0.00627
W187025,2910.0,2910.0,2910.0,49.0,30.0,2.8,1.7,0.88,0.338,2.0,1.5,1.8,19600.0,13600.0,1670.0,1040.0,453.0,214.0,1420.0,766.0,0.75,8.2,8.54,9.0,0.0166
W187026,2140.0,2190.0,2420.0,45.0,27.0,11.0,1.1,0.996,0.432,3.1,1.4,2.2,18000.0,12200.0,6570.0,671.0,513.0,273.0,2200.0,715.0,0.917,8.2,8.54,9.5,0.0114
W187031,2910.0,2910.0,2910.0,46.0,27.0,11.0,0.61,0.631,0.149,2.3,1.9,1.1,28200.0,18700.0,10100.0,572.0,499.0,144.0,2510.0,1490.0,0.458,12.6,13.1,15.2,0.155
W187033,2460.0,2520.0,2680.0,51.0,22.0,6.8,0.87,1.15,0.351,2.4,1.2,1.2,17400.0,8490.0,3470.0,453.0,503.0,190.0,1460.0,523.0,0.5,7.0,7.29,5.5,0.0158
W187034,2910.0,2910.0,2910.0,57.0,24.0,1.8,0.2,0.747,0.419,2.4,1.6,0.08,44400.0,21200.0,2100.0,238.0,750.0,517.0,3330.0,1590.0,0.0333,16.0,16.7,15.7,0.0068
W187035,2910.0,2910.0,2910.0,50.0,26.0,1.6,0.38,0.73,0.419,2.8,1.2,0.43,28200.0,16600.0,1350.0,328.0,532.0,375.0,2810.0,867.0,0.179,11.6,12.1,8.4,0.0108
W187036,2910.0,2910.0,2910.0,46.0,26.0,3.5,0.5,0.78,0.783,1.8,1.3,0.78,14300.0,9170.0,1630.0,238.0,313.0,387.0,998.0,518.0,0.325,6.4,6.67,6.4,0.00813
W187037,2620.0,2670.0,2720.0,41.0,27.0,4.7,3.4,1.05,0.756,2.4,1.1,4.4,6190.0,4610.0,1060.0,784.0,203.0,181.0,645.0,212.0,1.83,3.1,3.23,3.2,0.0104
W187038,2910.0,2910.0,2910.0,45.0,26.0,2.7,0.97,0.863,0.878,3.8,1.8,1.2,18000.0,11700.0,1610.0,592.0,444.0,555.0,2700.0,919.0,0.5,8.2,8.54,7.2,0.0116
W187039,2840.0,2890.0,2910.0,49.0,25.0,6.8,1.1,0.963,0.243,2.5,1.2,1.6,16000.0,9230.0,3320.0,548.0,405.0,126.0,1450.0,501.0,0.667,6.7,6.98,9.6,0.011
W187040,2680.0,2730.0,2790.0,47.0,28.0,9.0,1.9,1.08,0.351,1.5,1.3,2.9,22900.0,15400.0,6560.0,1410.0,677.0,271.0,1300.0,810.0,1.21,10.0,10.4,9.4,0.0206
W187041,2080.0,2130.0,2180.0,43.0,19.0,7.2,8.0,1.99,0.702,0.54,1.9,7.2,14200.0,7120.0,3570.0,4050.0,850.0,368.0,318.0,805.0,3.0,6.8,7.08,6.4,0.0177
W187043,2250.0,2350.0,2650.0,30.0,31.0,11.0,4.5,1.99,0.648,1.5,1.3,8.7,4670.0,5470.0,2560.0,1070.0,400.0,160.0,416.0,259.0,3.63,3.2,3.33,4.8,0.0833
W187047,2030.0,2080.0,2140.0,27.0,22.0,32.0,1.4,0.332,0.122,0.76,1.0,2.5,15500.0,14300.0,27500.0,1230.0,246.0,111.0,777.0,735.0,1.04,11.8,12.3,16.3,0.00895
W187048,1990.0,2040.0,2090.0,35.0,19.0,24.0,3.9,0.647,0.567,1.5,0.69,3.3,15800.0,9740.0,16300.0,2700.0,378.0,407.0,1210.0,400.0,1.38,9.3,9.69,10.6,0.0194
W187049,2000.0,2050.0,2100.0,28.0,15.0,33.0,1.5,0.498,0.513,1.5,0.56,2.1,18500.0,11200.0,32700.0,1520.0,425.0,538.0,1770.0,474.0,0.875,13.6,14.2,12.4,0.0324
W187053,2700.0,2750.0,2800.0,51.0,28.0,5.2,2.0,0.896,0.297,3.4,1.4,3.0,37200.0,23100.0,5680.0,2230.0,844.0,344.0,4420.0,1310.0,1.25,15.0,15.6,16.4,0.0364
W187055,2450.0,2520.0,2580.0,51.0,27.0,14.0,0.8,0.963,0.23,4.1,1.5,1.4,55600.0,33300.0,22800.0,1330.0,1350.0,397.0,7960.0,2090.0,0.583,22.4,23.3,21.4,0.0159
W187056,2090.0,2140.0,2190.0,38.0,31.0,8.1,1.1,4.98,4.32,2.0,0.86,0.52,7770.0,7170.0,2480.0,344.0,1310.0,1400.0,728.0,225.0,0.217,4.2,4.38,4.0,0.0472
W188856,2620.0,2680.0,2800.0,38.0,24.0,19.0,2.1,0.714,0.608,1.8,1.8,4.3,16800.0,12000.0,12600.0,1420.0,408.0,427.0,1420.0,1020.0,1.79,9.1,9.48,7.8,0.0155
W188861,2470.0,2520.0,2580.0,48.0,22.0,14.0,2.5,0.747,0.243,1.8,1.3,4.4,24800.0,12900.0,10800.0,1970.0,497.0,199.0,1650.0,858.0,1.83,10.6,11.0,9.9,0.289
W188862,2790.0,2910.0,2910.0,52.0,23.0,7.9,0.89,0.764,0.338,2.2,1.5,1.3,32400.0,16200.0,7370.0,847.0,613.0,333.0,2440.0,1200.0,0.542,12.8,13.3,12.2,0.137
W188863,2120.0,2170.0,2470.0,26.0,19.0,41.0,1.9,0.382,0.27,0.48,0.83,3.5,10400.0,8590.0,24500.0,1160.0,196.0,171.0,341.0,424.0,1.46,8.2,8.54,8.1,0.0142
W188864,2100.0,2170.0,2470.0,39.0,20.0,26.0,0.84,0.548,0.257,1.4,1.4,2.0,20300.0,11800.0,20300.0,668.0,368.0,212.0,1300.0,933.0,0.833,10.7,11.1,10.5,0.0168
W188865,2190.0,2280.0,2480.0,49.0,24.0,18.0,0.75,0.697,0.351,1.9,1.3,1.8,26200.0,14500.0,14400.0,614.0,481.0,298.0,1810.0,891.0,0.75,11.0,11.5,9.6,0.0135
W188866,1970.0,2010.0,2050.0,26.0,16.0,30.0,6.9,1.39,0.149,1.1,0.94,13.0,10600.0,7410.0,18400.0,4310.0,735.0,96.3,801.0,492.0,5.42,8.4,8.75,8.2,0.0345
W188871,2910.0,2910.0,2910.0,48.0,30.0,6.2,2.1,0.88,0.54,2.2,1.6,2.9,18200.0,12900.0,3520.0,1220.0,431.0,325.0,1490.0,777.0,1.21,7.8,8.13,8.2,0.012
W188872,2680.0,2770.0,2910.0,51.0,26.0,12.0,0.51,0.847,0.338,3.2,1.4,0.86,59100.0,34100.0,20800.0,903.0,1260.0,620.0,6600.0,2080.0,0.358,23.8,24.8,20.8,0.00975
W188873,2800.0,2910.0,2910.0,57.0,23.0,8.2,0.4,0.631,0.311,2.3,1.7,0.51,48000.0,21900.0,10300.0,515.0,685.0,414.0,3450.0,1830.0,0.213,17.3,18.0,16.3,0.00967
W188874,1940.0,2020.0,2320.0,28.0,16.0,37.0,1.1,0.531,0.297,0.85,0.74,1.7,14600.0,9430.0,28800.0,875.0,357.0,245.0,788.0,493.0,0.708,10.7,11.1,8.7,0.00736
W188875,2470.0,2520.0,2570.0,45.0,26.0,18.0,0.67,0.83,0.621,2.8,1.3,1.4,29400.0,19200.0,17600.0,668.0,698.0,642.0,3250.0,1090.0,0.583,13.4,14.0,9.5,0.0081
W188876,2065.0,2127.0,2198.0,36.0,24.0,23.0,2.9,0.681,0.284,1.3,0.86,2.8,13700.0,10300.0,13100.0,1680.0,333.0,171.0,879.0,418.0,1.17,7.8,8.13,7.3,0.00916
W188877,2130.0,2160.0,2190.0,43.0,21.0,24.0,0.7,0.697,0.23,2.1,1.2,1.3,37700.0,20800.0,31500.0,937.0,788.0,319.0,3280.0,1350.0,0.542,18.0,18.8,22.7,0.00679
W188878,2030.0,2130.0,2225.0,40.0,20.0,28.0,0.34,0.647,0.23,1.7,1.1,0.73,47500.0,26900.0,49800.0,617.0,991.0,432.0,3590.0,1670.0,0.304,24.4,25.4,22.2,0.0215
W188881,2030.0,2080.0,2160.0,36.0,9.8,14.0,11.0,3.32,0.297,1.2,0.54,23.0,32100.0,9900.0,18700.0,15000.0,3820.0,420.0,1910.0,617.0,10.3,17.0,19.1,12.3,0.288
W188882,2070.0,2120.0,2170.0,20.0,7.6,28.0,9.1,3.49,0.176,0.41,0.46,23.0,9030.0,3880.0,18900.0,6280.0,2030.0,126.0,330.0,266.0,10.3,8.6,9.66,5.3,0.289
W188883,2030.0,2080.0,2130.0,41.0,13.0,11.0,7.3,3.15,0.203,1.1,0.64,12.0,28400.0,10200.0,11400.0,7730.0,2820.0,222.0,1360.0,568.0,5.39,13.2,14.8,8.7,0.0767
W188884,1980.0,2030.0,2080.0,38.0,9.0,20.0,6.7,2.66,0.284,1.1,0.5,18.0,37300.0,10000.0,29400.0,10100.0,3360.0,441.0,1920.0,628.0,8.09,18.7,21.0,11.4,0.182
W188919,2030.0,2080.0,2130.0,33.0,15.0,43.0,0.38,0.432,0.189,1.4,0.65,0.96,17000.0,8760.0,33200.0,300.0,287.0,155.0,1290.0,429.0,0.4,10.6,11.0,10.3,0.0184
W188920,2910.0,2910.0,2910.0,61.0,28.0,3.5,0.23,1.1,0.284,2.6,1.4,0.47,40700.0,21100.0,3490.0,234.0,942.0,300.0,3090.0,1190.0,0.196,13.7,14.3,13.0,0.0128
W188921,2910.0,2910.0,2910.0,58.0,27.0,3.9,0.26,1.16,0.243,2.6,1.4,0.4,43200.0,22800.0,4350.0,296.0,1120.0,287.0,3450.0,1330.0,0.167,15.3,15.9,14.7,0.0133
W188922,2910.0,2910.0,2910.0,58.0,27.0,3.6,0.54,1.1,0.257,2.5,1.5,0.32,36100.0,19000.0,3360.0,514.0,880.0,253.0,2770.0,1200.0,0.133,12.8,13.3,15.6,0.0146
W188923,2020.0,2050.0,2080.0,26.0,14.0,48.0,0.43,0.398,0.203,1.5,0.67,0.92,10900.0,6630.0,30100.0,275.0,215.0,134.0,1120.0,359.0,0.383,8.6,8.96,9.3,0.0121
W188924,2130.0,2180.0,2250.0,43.0,21.0,28.0,0.47,0.631,0.27,2.1,1.0,1.2,17800.0,9840.0,17300.0,297.0,336.0,177.0,1550.0,529.0,0.5,8.5,8.85,8.7,0.0183
W188925,2020.0,2050.0,2080.0,29.0,14.0,48.0,0.19,0.415,0.149,1.3,0.8,1.1,27500.0,15000.0,68200.0,276.0,508.0,223.0,2200.0,972.0,0.458,19.5,20.3,18.2,0.0123
W188926,2860.0,2910.0,2910.0,57.0,28.0,6.2,0.13,0.963,0.216,3.1,1.1,0.36,62400.0,34700.0,10200.0,218.0,1360.0,375.0,6050.0,1540.0,0.15,22.5,23.4,20.9,0.0129
W188927,2420.0,2470.0,2520.0,48.0,25.0,15.0,0.28,0.863,0.189,2.7,1.0,0.71,37600.0,22200.0,17600.0,335.0,872.0,235.0,3770.0,1000.0,0.296,16.1,16.8,15.6,0.0134
W188928,2110.0,2140.0,2170.0,18.0,9.9,53.0,1.2,0.714,0.189,1.2,0.51,2.2,6830.0,4260.0,30100.0,696.0,349.0,114.0,811.0,248.0,0.917,7.8,8.13,7.5,0.126
W188930,2110.0,2140.0,2170.0,44.0,24.0,15.0,6.7,0.714,0.27,2.0,1.1,0.45,14300.0,8860.0,7320.0,3340.0,300.0,140.0,1160.0,459.0,0.188,6.7,6.98,6.4,0.0228
W188931,2120.0,2170.0,2410.0,42.0,24.0,23.0,2.0,0.797,0.284,2.1,1.1,1.3,17000.0,11000.0,13900.0,1230.0,415.0,182.0,1510.0,569.0,0.542,8.3,8.65,8.3,0.0179
W188932,2290.0,2340.0,2440.0,53.0,25.0,11.0,0.58,1.46,0.419,3.8,1.0,0.96,32000.0,17100.0,9940.0,535.0,1140.0,400.0,4080.0,772.0,0.4,12.4,12.9,13.0,0.0194
W188933,2525.0,2625.0,2715.0,53.0,25.0,8.6,0.56,1.46,0.446,3.7,1.1,1.3,31000.0,16500.0,7520.0,500.0,1100.0,413.0,3850.0,822.0,0.542,12.0,12.5,12.2,0.0198
W188934,1895.0,1960.0,2005.0,35.0,16.0,29.0,3.9,1.03,0.324,1.5,1.3,6.7,4940.0,2560.0,6130.0,841.0,187.0,72.5,377.0,235.0,2.79,2.9,3.02,2.8,0.0171
W188935,1960.0,1980.0,2000.0,20.0,10.0,60.0,1.5,0.448,0.149,0.61,0.51,2.2,4280.0,2420.0,19200.0,491.0,124.0,50.4,233.0,140.0,0.917,4.4,4.58,4.3,0.0725
W188936,2010.0,2075.0,2105.0,14.0,10.0,69.0,1.1,0.315,0.189,0.26,0.27,1.8,5110.0,4130.0,37700.0,614.0,148.0,109.0,169.0,126.0,0.75,7.5,7.81,7.8,0.0831
W188937,2080.0,2160.0,2490.0,34.0,26.0,36.0,1.0,0.515,0.216,0.86,0.62,2.0,12200.0,10600.0,19400.0,550.0,239.0,123.0,552.0,286.0,0.833,7.4,7.71,7.5,0.031
W188938,2160.0,2250.0,2310.0,41.0,24.0,28.0,0.49,0.531,0.132,0.75,1.3,0.77,13000.0,8600.0,13300.0,237.0,217.0,66.4,423.0,526.0,0.321,6.5,6.77,6.8,0.0099
W188939,2330.0,2380.0,2430.0,44.0,24.0,23.0,0.55,0.398,0.116,0.86,1.4,0.71,16500.0,10200.0,12900.0,315.0,193.0,69.0,574.0,672.0,0.296,7.7,8.02,6.8,0.0122
W188940,2030.0,2080.0,2130.0,23.0,14.0,55.0,0.85,0.432,0.135,0.83,0.74,1.5,8510.0,5860.0,30400.0,480.0,206.0,79.2,547.0,350.0,0.625,7.6,7.92,7.0,0.0162
W188941,1960.0,2010.0,2060.0,34.0,21.0,37.0,1.1,0.664,0.176,1.2,0.97,1.4,10600.0,7410.0,17200.0,524.0,267.0,86.7,666.0,387.0,0.583,6.4,6.67,6.1,0.0164
W188942,2000.0,2050.0,2100.0,34.0,19.0,39.0,0.66,0.598,0.135,1.2,0.69,1.2,16700.0,10600.0,28700.0,496.0,379.0,105.0,1050.0,434.0,0.5,10.1,10.5,9.6,0.0175
W188943,1990.0,2040.0,2150.0,34.0,18.0,37.0,1.1,0.797,0.216,1.0,0.79,2.3,14700.0,8830.0,24000.0,728.0,445.0,148.0,771.0,438.0,0.958,8.9,9.27,8.2,0.0163
W188944,2040.0,2090.0,2250.0,49.0,22.0,19.0,0.72,0.896,0.243,2.1,0.89,1.1,18600.0,9460.0,10800.0,418.0,439.0,146.0,1420.0,432.0,0.458,7.8,8.13,7.1,0.0219
W188945,2030.0,2080.0,2130.0,46.0,21.0,24.0,0.87,0.797,0.216,1.8,0.88,1.9,14600.0,7520.0,11400.0,421.0,325.0,108.0,1010.0,356.0,0.792,6.5,6.77,6.3,0.0326
W188946,1960.0,2010.0,2060.0,34.0,18.0,41.0,0.55,0.664,0.23,1.9,0.8,1.2,11100.0,6650.0,20000.0,274.0,279.0,119.0,1100.0,334.0,0.5,6.7,6.98,6.3,0.0166
W188947,2040.0,2090.0,2140.0,38.0,19.0,32.0,2.3,0.73,0.216,2.2,0.84,0.74,14100.0,7960.0,17700.0,1300.0,348.0,127.0,1450.0,398.0,0.308,7.6,7.92,7.0,0.0329
W188948,2040.0,2130.0,2350.0,44.0,21.0,24.0,2.3,0.83,0.297,2.2,0.98,2.0,19700.0,10600.0,16100.0,1570.0,479.0,211.0,1750.0,562.0,0.833,9.2,9.58,8.3,0.0194
W188949,2180.0,2230.0,2280.0,48.0,22.0,12.0,4.5,1.01,0.392,2.6,1.0,1.7,21700.0,11300.0,8130.0,3110.0,591.0,281.0,2100.0,579.0,0.708,9.3,9.69,9.0,0.0461
W188950,2040.0,2130.0,2340.0,38.0,17.0,32.0,3.6,0.73,0.756,1.8,0.76,3.7,25900.0,13100.0,32600.0,3750.0,642.0,817.0,2180.0,663.0,1.54,14.0,14.6,12.9,0.0575
W188951,2020.0,2070.0,2120.0,42.0,19.0,18.0,7.6,1.03,0.824,2.5,0.85,5.0,47000.0,24100.0,30200.0,13000.0,1490.0,1460.0,4980.0,1220.0,2.08,23.0,24.0,21.5,0.1
W188952,2090.0,2140.0,2200.0,48.0,22.0,16.0,3.2,1.05,0.756,2.8,1.0,2.2,50000.0,25900.0,24900.0,5090.0,1400.0,1250.0,5190.0,1330.0,0.917,21.4,22.3,20.0,0.0276
W188953,2350.0,2410.0,2630.0,52.0,25.0,10.0,1.6,1.16,0.932,3.0,1.1,1.6,36400.0,19800.0,10500.0,1710.0,1050.0,1040.0,3740.0,987.0,0.667,14.4,15.0,12.6,0.0247
W188954,2910.0,2910.0,2910.0,41.0,28.0,3.7,2.3,1.18,0.324,2.9,1.1,0.43,47100.0,36400.0,6360.0,4040.0,1750.0,590.0,5930.0,1620.0,0.179,23.6,24.6,19.6,0.00582
W188955,2300.0,2400.0,2620.0,37.0,24.0,13.0,4.2,1.31,0.432,2.8,1.0,1.1,12600.0,9260.0,6630.0,2190.0,576.0,233.0,1700.0,436.0,0.458,7.0,7.29,4.9,0.0363
W188956,2090.0,2140.0,2340.0,33.0,20.0,26.0,4.5,1.31,0.446,2.1,0.71,5.3,7710.0,5290.0,9090.0,1610.0,395.0,165.0,874.0,212.0,2.21,4.8,5.0,3.5,0.0133
W188957,2430.0,2480.0,2590.0,39.0,25.0,7.3,3.9,1.44,0.365,2.5,1.0,0.73,14400.0,10500.0,4040.0,2200.0,689.0,214.0,1650.0,473.0,0.304,7.6,7.92,4.9,0.012
W188958,2450.0,2550.0,2730.0,54.0,22.0,4.3,2.6,1.18,0.702,2.3,1.3,1.4,31000.0,14300.0,3700.0,2280.0,873.0,639.0,2350.0,956.0,0.583,11.8,12.3,11.4,0.0133
W188959,1980.0,2030.0,2080.0,36.0,18.0,35.0,1.2,0.548,0.567,1.2,0.76,2.1,12400.0,7040.0,18100.0,634.0,244.0,311.0,738.0,336.0,0.875,7.1,7.4,5.3,0.0161
W188960,2140.0,2320.0,2460.0,45.0,24.0,18.0,2.8,1.05,0.189,1.3,0.55,1.9,8760.0,5290.0,5240.0,833.0,263.0,58.3,451.0,137.0,0.792,4.0,4.17,2.6,0.0169
W188961,2090.0,2120.0,2150.0,22.0,13.0,49.0,2.9,0.681,0.127,0.88,0.66,5.6,9740.0,6520.0,32500.0,1960.0,389.0,89.1,694.0,374.0,2.33,9.1,9.48,8.8,0.0149
W188962,2350.0,2550.0,2910.0,41.0,29.0,11.0,2.1,1.21,0.378,3.0,1.0,1.4,23900.0,19200.0,9620.0,1870.0,913.0,350.0,3120.0,748.0,0.583,12.0,12.5,11.2,0.0147
W188963,2080.0,2120.0,2160.0,20.0,19.0,42.0,4.1,0.963,0.189,0.83,0.62,7.4,4580.0,4920.0,14400.0,1430.0,284.0,68.5,338.0,182.0,3.08,4.7,4.9,4.4,0.0142
W188964,2130.0,2180.0,2410.0,46.0,24.0,19.0,1.2,0.946,0.216,2.7,1.2,2.3,39600.0,23400.0,24500.0,1580.0,1050.0,295.0,4140.0,1320.0,0.958,17.7,18.4,15.9,0.0138
W188973,1980.0,2030.0,2130.0,26.0,17.0,41.0,3.3,0.332,0.459,1.1,0.87,2.4,37700.0,27900.0,89000.0,7310.0,621.0,1060.0,2840.0,1610.0,1.0,29.8,31.0,8.4,0.0383
W188983,2070.0,2110.0,2150.0,43.0,17.0,32.0,0.7,0.647,0.351,1.7,0.78,1.6,20700.0,9270.0,23100.0,515.0,402.0,268.0,1460.0,481.0,0.667,9.9,10.3,9.3,0.0136
W188990,2910.0,2910.0,2910.0,45.0,29.0,12.0,0.89,1.44,0.135,1.9,2.7,3.7,29400.0,21400.0,11700.0,887.0,1210.0,140.0,2210.0,2250.0,1.54,13.4,14.0,13.2,0.0131
W188992,2910.0,2910.0,2910.0,56.0,28.0,4.0,0.19,1.1,0.216,2.9,2.1,0.4,68700.0,38900.0,7340.0,356.0,1730.0,420.0,6330.0,3300.0,0.167,25.2,26.3,27.5,0.0141
W188993,2580.0,2680.0,2910.0,53.0,27.0,9.3,0.28,0.963,0.189,2.6,1.8,0.66,49300.0,28400.0,12900.0,398.0,1150.0,279.0,4300.0,2140.0,0.275,19.1,19.9,19.1,0.0362
W188994,2910.0,2910.0,2910.0,48.0,28.0,5.6,0.3,0.88,0.216,2.3,1.9,0.66,36700.0,24200.0,6400.0,350.0,867.0,262.0,3130.0,1860.0,0.275,15.7,16.4,16.7,0.0147
W188995,2030.0,2080.0,2130.0,35.0,18.0,32.0,3.3,0.631,0.392,1.4,0.71,3.1,16700.0,9720.0,22800.0,2410.0,388.0,296.0,1190.0,433.0,1.29,9.8,10.2,9.9,0.015
W188996,2020.0,2070.0,2120.0,31.0,19.0,37.0,1.9,0.432,0.459,1.2,1.1,2.6,13900.0,9630.0,24800.0,1300.0,249.0,326.0,957.0,630.0,1.08,9.2,9.58,9.0,0.0203
W188997,2140.0,2190.0,2310.0,36.0,27.0,24.0,1.8,0.764,0.446,2.0,1.1,2.4,12800.0,10900.0,12800.0,977.0,350.0,251.0,1270.0,500.0,1.0,7.3,7.6,7.9,0.0154
W188998,2100.0,2150.0,2200.0,31.0,22.0,24.0,4.1,0.481,0.378,1.3,1.3,4.5,10700.0,8610.0,12400.0,2170.0,214.0,207.0,800.0,575.0,1.88,7.1,7.4,6.7,0.0168
W189001,1980.0,2080.0,2180.0,45.0,20.0,22.0,1.8,0.797,0.432,1.8,0.94,1.7,31500.0,15900.0,23100.0,1930.0,720.0,480.0,2250.0,843.0,0.708,14.4,15.0,13.4,0.0179
W189002,2190.0,2280.0,2380.0,51.0,23.0,20.0,0.83,0.664,0.284,1.9,0.89,1.4,23800.0,12200.0,14000.0,593.0,400.0,210.0,1580.0,532.0,0.583,9.6,10.0,9.1,0.0155
W189003,2480.0,2530.0,2640.0,52.0,23.0,16.0,0.37,0.83,0.27,2.0,1.2,0.74,26300.0,13200.0,12100.0,286.0,542.0,217.0,1800.0,777.0,0.308,10.4,10.8,10.1,0.0122
W189004,2050.0,2080.0,2110.0,26.0,12.0,33.0,8.3,0.631,0.23,1.2,0.54,6.1,13900.0,7270.0,26400.0,6790.0,435.0,195.0,1140.0,370.0,2.54,11.0,11.5,9.9,0.057
W189005,2910.0,2910.0,2910.0,50.0,28.0,8.1,0.23,0.978,0.351,3.9,1.1,0.4,96100.0,60900.0,23300.0,676.0,2420.0,1070.0,13400.0,2710.0,0.167,39.5,41.1,39.3,0.0934
W189006,2360.0,2410.0,2640.0,49.0,22.0,16.0,0.28,1.03,0.243,2.7,0.99,0.94,56500.0,28700.0,27600.0,494.0,1530.0,444.0,5550.0,1460.0,0.392,23.7,24.7,24.9,0.0181
W189007,2720.0,2760.0,2800.0,46.0,27.0,9.5,0.95,0.797,0.257,2.1,1.3,1.7,26200.0,17400.0,8100.0,827.0,585.0,232.0,2130.0,947.0,0.708,11.7,12.2,13.8,0.0093
W189008,2910.0,2910.0,2910.0,56.0,29.0,2.8,0.97,0.828,0.257,2.1,1.5,1.5,39500.0,23200.0,2960.0,1050.0,754.0,287.0,2640.0,1350.0,0.625,14.5,15.1,14.4,0.01
W189009,2740.0,2790.0,2910.0,56.0,27.0,6.8,1.3,0.797,0.284,1.6,1.8,1.2,39000.0,21300.0,7080.0,1380.0,715.0,313.0,1980.0,1600.0,0.5,14.3,14.9,14.7,0.011
W189010,2130.0,2180.0,2410.0,40.0,20.0,25.0,1.7,1.16,0.62,1.8,0.87,3.2,20200.0,11500.0,18900.0,1310.0,757.0,497.0,1620.0,564.0,1.33,10.4,10.8,10.7,0.0316
W189011,2480.0,2580.0,2890.0,54.0,24.0,8.6,1.0,0.564,0.297,2.4,1.3,0.9,73100.0,36800.0,17400.0,2070.0,985.0,637.0,5780.0,2250.0,0.375,27.8,29.0,25.7,0.0261
W189012,2910.0,2910.0,2910.0,55.0,32.0,6.3,0.46,0.579,0.809,2.1,1.8,0.87,19800.0,13000.0,3400.0,253.0,269.0,462.0,1350.0,830.0,0.363,7.4,7.71,7.3,0.00826
W189013,2850.0,2910.0,2910.0,48.0,31.0,13.0,0.69,0.73,0.324,2.2,1.2,1.1,16600.0,12100.0,6720.0,364.0,325.0,178.0,1350.0,531.0,0.458,7.1,7.4,6.7,0.021
W189014,2360.0,2410.0,2590.0,57.0,22.0,14.0,0.37,0.828,0.338,2.8,1.1,0.65,35000.0,15300.0,12800.0,347.0,655.0,328.0,3060.0,863.0,0.271,12.6,13.1,12.8,0.0185
W189015,2910.0,2910.0,2910.0,61.0,28.0,3.1,0.24,0.714,0.0918,3.1,1.4,0.2,38600.0,20100.0,2940.0,232.0,582.0,92.1,3490.0,1130.0,0.084,13.0,13.5,12.6,0.00805
W189016,2730.0,2780.0,2910.0,54.0,27.0,9.1,0.48,0.745,0.103,2.5,1.3,0.69,15000.0,8480.0,3780.0,203.0,267.0,45.1,1240.0,462.0,0.288,5.7,5.94,5.7,0.012
W189023,2080.0,2130.0,2180.0,41.0,14.0,13.0,7.4,4.32,0.216,1.8,0.69,12.0,30300.0,11700.0,14400.0,8370.0,4120.0,253.0,2370.0,653.0,5.0,15.2,15.8,13.9,0.0375
W189176,2140.0,2190.0,2460.0,34.0,23.0,25.0,1.9,0.481,0.189,1.1,1.1,2.3,12100.0,9250.0,13300.0,1030.0,221.0,106.0,696.0,500.0,0.958,7.3,7.6,6.8,0.0115
W189178,2110.0,2160.0,2240.0,48.0,22.0,21.0,0.4,0.631,0.324,1.7,1.2,0.96,42300.0,21900.0,27700.0,538.0,716.0,453.0,2670.0,1350.0,0.4,18.1,18.9,16.3,0.028
W189179,2090.0,2140.0,2190.0,48.0,18.0,20.0,0.51,1.03,0.351,2.5,0.97,1.8,44400.0,18800.0,27700.0,721.0,1230.0,515.0,4120.0,1150.0,0.75,19.0,19.8,18.7,0.0153
W189208,2080.0,2130.0,2180.0,41.0,21.0,29.0,0.6,0.697,0.338,2.0,0.9,0.93,43500.0,25200.0,46100.0,973.0,954.0,568.0,3780.0,1220.0,0.388,21.8,22.7,24.1,0.0297
W189223,2380.0,2430.0,2480.0,42.0,25.0,21.0,0.68,0.515,0.13,1.2,1.0,0.55,35800.0,24100.0,26800.0,885.0,565.0,175.0,1820.0,1090.0,0.229,17.5,18.2,16.1,0.012
W189224,2020.0,2070.0,2290.0,28.0,17.0,43.0,0.73,0.382,0.081,0.94,0.77,1.4,23200.0,15900.0,53200.0,923.0,407.0,106.0,1380.0,815.0,0.583,17.0,17.7,16.4,0.0136
W189225,2030.0,2080.0,2290.0,24.0,16.0,49.0,0.55,0.249,0.132,0.56,0.96,1.3,20400.0,15400.0,62500.0,716.0,273.0,179.0,849.0,1050.0,0.542,17.5,18.2,16.3,0.00865
W189226,2910.0,2910.0,2910.0,51.0,29.0,8.5,0.56,0.647,0.162,1.9,1.5,0.99,34300.0,22100.0,8540.0,575.0,561.0,173.0,2270.0,1290.0,0.413,13.8,14.4,12.6,0.0252
W189227,2410.0,2460.0,2520.0,37.0,25.0,29.0,0.39,0.349,0.0783,1.0,1.6,0.99,41100.0,31400.0,48200.0,661.0,499.0,138.0,1980.0,2270.0,0.413,22.8,23.8,22.4,0.00509
W189228,2630.0,2680.0,2730.0,43.0,31.0,12.0,0.94,0.714,0.216,1.6,1.5,2.0,19900.0,16200.0,8300.0,664.0,426.0,158.0,1320.0,888.0,0.833,9.5,9.9,8.9,0.0387
W189229,2620.0,2670.0,2730.0,48.0,30.0,15.0,0.55,0.598,0.112,1.5,1.7,1.1,41800.0,29600.0,19600.0,732.0,671.0,155.0,2330.0,1900.0,0.458,17.9,18.6,18.7,0.0292
W189230,2910.0,2910.0,2910.0,51.0,35.0,2.5,1.1,0.647,0.176,1.7,1.3,1.2,21100.0,16400.0,1550.0,695.0,345.0,115.0,1250.0,688.0,0.5,8.5,8.85,7.6,0.00795
W189231,2190.0,2240.0,2300.0,50.0,31.0,5.1,0.92,0.963,0.284,2.2,1.6,1.9,31400.0,22000.0,4790.0,883.0,779.0,282.0,2460.0,1290.0,0.792,12.9,13.4,6.3,0.0204
W189238,2246.0,2300.0,2417.0,41.0,17.0,28.0,1.9,0.88,0.176,1.5,0.96,3.5,24700.0,11600.0,25300.0,1750.0,685.0,168.0,1610.0,742.0,1.46,12.4,12.9,17.9,0.144
W189240,1980.0,2030.0,2080.0,28.0,16.0,44.0,0.13,0.531,0.112,1.4,0.73,1.4,39900.0,25800.0,93900.0,283.0,977.0,253.0,3560.0,1330.0,0.583,29.3,30.5,45.2,0.0456
W189243,2400.0,2450.0,2510.0,49.0,26.0,12.0,1.5,1.11,0.216,2.1,0.92,1.8,27000.0,16200.0,9880.0,1260.0,789.0,188.0,2060.0,648.0,0.75,11.3,11.8,8.8,0.0138
W189244,2200.0,2280.0,2380.0,51.0,30.0,4.1,2.0,0.913,0.243,1.8,1.4,2.7,21100.0,14100.0,2540.0,1260.0,487.0,159.0,1330.0,741.0,1.13,8.5,8.85,8.7,0.23
W189247,2450.0,2590.0,2740.0,47.0,21.0,7.6,1.2,1.33,0.311,2.8,0.99,1.8,22900.0,11600.0,5540.0,892.0,833.0,240.0,2430.0,617.0,0.75,10.0,10.4,9.4,0.0893
W189248,2520.0,2570.0,2690.0,52.0,26.0,13.0,0.67,0.432,0.0864,0.65,1.6,0.99,33700.0,19100.0,12600.0,663.0,360.0,88.7,749.0,1330.0,0.413,13.3,13.9,12.6,0.0233
W189250,2330.0,2380.0,2430.0,42.0,19.0,21.0,0.46,0.448,0.0743,0.64,1.4,0.47,27400.0,14000.0,20500.0,458.0,377.0,76.8,743.0,1170.0,0.196,13.4,14.0,18.8,0.0197
W189251,2090.0,2140.0,2190.0,33.0,18.0,31.0,2.1,0.797,0.203,1.1,1.1,3.8,7070.0,4360.0,9940.0,687.0,220.0,68.8,419.0,301.0,1.58,4.4,4.58,4.8,0.0323
W189252,2910.0,2910.0,2910.0,55.0,26.0,4.5,0.63,0.531,0.714,2.2,1.4,0.79,25200.0,13500.0,3080.0,440.0,313.0,518.0,1790.0,820.0,0.329,9.4,9.79,10.3,0.0133
W189258,2630.0,2680.0,2910.0,56.0,25.0,4.4,0.6,0.945,0.849,3.2,1.2,1.2,33800.0,17100.0,3970.0,553.0,735.0,812.0,3440.0,927.0,0.5,12.4,12.9,13.3,0.0249
W189260,2250.0,2350.0,2470.0,36.0,26.0,14.0,0.69,0.911,0.404,2.4,1.2,2.6,15400.0,12600.0,8970.0,452.0,503.0,274.0,1830.0,658.0,1.08,8.8,9.17,9.6,0.0176
W189261,2630.0,2680.0,2910.0,51.0,25.0,7.8,0.92,0.515,0.539,2.1,1.3,1.4,23800.0,13200.0,5450.0,657.0,310.0,399.0,1750.0,777.0,0.583,9.6,10.0,10.9,0.0148
W189280,2050.0,2160.0,2220.0,49.4,23.5,18.0,1.9,1.21,0.77,2.4,1.0,2.6,39000.0,21000.0,21200.0,2290.0,1230.0,962.0,3370.0,1010.0,1.08,16.2,16.9,14.5,0.062
W189281,1955.0,2085.0,2155.0,32.1,18.5,39.5,1.9,1.03,0.918,1.6,0.9,3.6,17300.0,11300.0,31900.0,1570.0,717.0,786.0,1540.0,622.0,1.5,11.1,11.6,10.3,0.022
W189282,2090.0,2185.0,2250.0,47.9,23.4,15.7,3.0,1.56,1.03,2.4,1.2,3.8,19100.0,10600.0,9380.0,1830.0,803.0,649.0,1710.0,613.0,1.58,8.2,8.54,7.8,0.35
W189284,2345.0,2460.0,2540.0,47.9,25.6,17.1,2.2,1.15,1.09,1.7,1.2,2.6,20500.0,12400.0,11000.0,1440.0,633.0,743.0,1300.0,658.0,1.08,8.8,9.17,7.8,0.029
W189285,2260.0,2385.0,2450.0,40.9,23.6,15.1,5.3,0.93,0.891,1.2,1.2,5.7,18300.0,12000.0,10100.0,3630.0,537.0,633.0,957.0,688.0,2.38,9.2,9.58,8.8,0.029
W189286,2620.0,2715.0,2780.0,44.7,31.1,15.8,1.7,0.813,1.11,1.9,1.1,2.1,23100.0,18200.0,12200.0,1340.0,541.0,905.0,1750.0,726.0,0.875,10.6,11.0,10.4,0.011
W189287,2235.0,2440.0,2535.0,51.9,25.9,11.5,1.4,1.53,1.28,3.1,1.4,2.4,27000.0,15300.0,8960.0,1110.0,1030.0,1060.0,2870.0,933.0,1.0,10.7,11.1,11.4,0.17
W189288,2530.0,2610.0,2680.0,52.1,25.9,14.1,0.5,0.996,1.07,2.7,1.3,1.2,38300.0,21600.0,15500.0,562.0,944.0,1240.0,3530.0,1220.0,0.5,15.1,15.7,14.4,0.018
W189291,2800.0,2800.0,2800.0,58.2,28.0,4.6,0.5,1.31,0.986,3.9,1.8,1.2,55500.0,30200.0,6570.0,729.0,1610.0,1490.0,6620.0,2200.0,0.5,19.6,20.4,19.5,0.0078
W189292,2800.0,2800.0,2800.0,56.8,30.4,4.1,0.8,1.49,1.89,2.1,1.9,1.7,27600.0,16800.0,2990.0,595.0,938.0,1460.0,1820.0,1180.0,0.708,10.0,10.4,9.8,0.015
W189293,2610.0,2695.0,2780.0,48.6,27.1,6.7,3.2,1.99,2.43,2.2,1.5,5.4,9940.0,6270.0,2050.0,1000.0,525.0,788.0,801.0,392.0,2.25,4.2,4.38,4.1,0.038
W189294,2695.0,2785.0,2800.0,49.9,29.3,6.0,1.7,1.05,2.43,3.3,1.3,4.5,13400.0,8880.0,2400.0,695.0,361.0,1030.0,1570.0,445.0,1.88,5.5,5.73,5.8,0.025
W189295,2420.0,2510.0,2595.0,46.4,26.1,18.4,1.2,1.24,1.16,1.7,1.3,3.0,20300.0,12900.0,12100.0,803.0,703.0,806.0,1330.0,729.0,1.25,9.0,9.38,8.5,0.02
W189296,2800.0,2800.0,2800.0,51.2,35.8,3.2,0.8,1.56,2.03,3.0,1.4,1.7,47400.0,37500.0,4430.0,1130.0,1860.0,2970.0,4940.0,1660.0,0.708,19.0,19.8,8.6,0.025
W189297,2450.0,2525.0,2595.0,51.9,24.9,10.4,1.5,1.44,1.01,3.0,1.4,2.4,24500.0,13300.0,7350.0,1080.0,879.0,758.0,2520.0,846.0,1.0,9.7,10.1,10.1,0.15
W189336,2080.0,2130.0,2180.0,40.0,22.0,6.4,6.0,1.61,2.57,2.3,0.95,8.8,15000.0,9330.0,3590.0,3440.0,778.0,1520.0,1530.0,456.0,3.67,7.7,8.02,9.0,0.0158
W189337,2910.0,2910.0,2910.0,49.0,25.0,6.6,0.92,0.681,0.932,1.5,1.7,1.0,22900.0,13200.0,4620.0,657.0,410.0,690.0,1250.0,1020.0,0.417,9.6,10.0,9.3,0.00736
W189338,2910.0,2910.0,2910.0,60.0,26.0,2.7,0.58,0.548,1.2,1.4,1.6,0.58,27700.0,13600.0,1870.0,410.0,327.0,881.0,1150.0,947.0,0.242,9.5,9.9,11.0,0.00534
W189348,2700.0,2750.0,2900.0,56.0,24.0,3.0,2.6,1.11,1.35,2.1,1.5,3.4,21000.0,10200.0,1680.0,1490.0,537.0,802.0,1400.0,719.0,1.42,7.7,8.02,11.1,0.0102
W189349,2180.0,2240.0,2440.0,55.0,23.0,2.9,2.7,1.44,0.905,2.1,1.5,3.5,42800.0,20300.0,3380.0,3210.0,1450.0,1120.0,2910.0,1500.0,1.46,16.0,16.7,16.1,0.0148
W189745,1875.0,2010.0,2090.0,41.0,18.0,25.0,4.9,0.714,0.284,1.6,0.83,1.8,23300.0,11600.0,21300.0,4260.0,524.0,256.0,1620.0,605.0,0.75,11.7,12.2,10.9,0.0157
W189750,2110.0,2230.0,2310.0,48.0,20.0,11.0,5.8,1.03,0.648,2.1,0.89,3.1,40700.0,19200.0,13900.0,7510.0,1120.0,870.0,3170.0,965.0,1.29,17.4,18.1,17.1,0.0177
W189755,1975.0,2070.0,2145.0,20.0,16.0,51.0,2.31,0.614,0.27,0.85,0.53,3.2,5740.0,5200.0,21900.0,1010.0,227.0,123.0,435.0,195.0,1.33,5.9,6.15,5.6,0.0132
W189756,2800.0,2910.0,2910.0,47.0,33.0,7.5,0.52,0.78,0.405,3.5,1.8,0.32,32900.0,26200.0,7870.0,557.0,705.0,450.0,4370.0,1610.0,0.133,14.4,15.0,13.8,0.00668
W189757,2660.0,2755.0,2800.0,51.0,28.0,11.0,0.84,0.73,0.54,2.1,1.4,0.76,40200.0,25000.0,13000.0,1010.0,743.0,675.0,2950.0,1410.0,0.317,16.2,16.9,15.8,0.00621
W189758,2800.0,2910.0,2910.0,54.0,30.0,5.3,0.88,0.863,0.149,2.4,1.4,0.74,37600.0,23600.0,5520.0,936.0,775.0,164.0,2970.0,1250.0,0.308,14.3,14.9,13.5,0.00708
W189763,1940.0,2000.0,2025.0,27.0,14.0,48.0,3.6,0.365,0.419,1.1,0.62,1.8,13500.0,7950.0,36000.0,2760.0,236.0,333.0,982.0,398.0,0.75,10.3,10.7,10.0,0.0128
W190528,1910.0,1970.0,2015.0,36.0,14.0,25.0,3.4,0.664,1.11,1.6,0.61,2.5,15400.0,6790.0,16000.0,2230.0,367.0,752.0,1220.0,334.0,1.04,8.8,9.17,8.6,0.0272
W190529,2015.0,2150.0,2210.0,26.0,12.0,35.0,3.6,0.697,0.702,1.4,0.56,2.9,15100.0,7870.0,30300.0,3190.0,521.0,645.0,1440.0,415.0,1.21,11.9,12.4,11.1,0.0601
W190530,1965.0,2085.0,2155.0,29.0,13.0,28.0,4.2,0.78,0.378,1.4,0.55,6.2,13300.0,6730.0,19200.0,2940.0,460.0,274.0,1140.0,322.0,2.58,9.4,9.79,9.1,0.0317
W190531,2035.0,2145.0,2260.0,29.0,15.0,20.0,5.6,0.797,0.473,1.5,0.6,3.9,11700.0,6860.0,12100.0,3460.0,415.0,303.0,1080.0,310.0,1.63,8.3,8.65,8.1,0.0479
W190532,1925.0,2045.0,2110.0,40.0,16.0,21.0,3.6,0.664,0.203,1.8,0.75,2.5,16700.0,7580.0,13200.0,2300.0,358.0,134.0,1340.0,402.0,1.04,8.6,8.96,8.0,0.0416
W190533,2800.0,2910.0,2910.0,31.0,14.0,26.0,1.3,0.647,0.203,1.6,0.66,1.1,13900.0,7100.0,17400.0,890.0,374.0,144.0,1280.0,378.0,0.458,9.2,9.58,4.2,0.0174
W190536,2050.0,2200.0,2320.0,35.0,16.0,20.0,0.95,0.515,0.216,0.95,0.99,1.5,12600.0,6520.0,10800.0,523.0,239.0,123.0,609.0,456.0,0.625,7.4,7.71,6.2,0.0155
W190537,1945.0,2045.0,2110.0,41.0,13.0,16.0,1.4,0.913,0.311,1.5,0.86,1.9,21000.0,7520.0,12200.0,1090.0,602.0,252.0,1370.0,562.0,0.792,10.5,10.9,10.5,0.0401
W190544,2350.0,2400.0,2500.0,41.0,17.0,15.0,1.0,0.299,0.176,0.77,1.2,0.51,12000.0,5620.0,6560.0,446.0,113.0,81.3,400.0,449.0,0.213,6.0,6.25,5.9,0.0184
W190545,2030.0,2080.0,2130.0,50.0,21.0,9.7,0.85,0.631,0.203,1.1,1.3,0.77,14400.0,6830.0,4170.0,373.0,234.0,92.2,562.0,478.0,0.321,5.9,6.15,9.9,0.017
W190546,2370.0,2420.0,2640.0,36.0,20.0,21.0,2.6,0.73,0.257,1.9,0.73,1.3,18600.0,11700.0,16200.0,2050.0,486.0,210.0,1750.0,482.0,0.542,10.6,11.0,6.1,0.0221
W190547,1955.0,2060.0,2115.0,33.0,17.0,21.0,4.0,0.481,0.257,0.82,0.43,2.2,20100.0,11700.0,19100.0,3720.0,378.0,247.0,888.0,335.0,0.917,12.5,13.0,11.4,0.045
W190548,2460.0,2600.0,2620.0,43.0,25.0,13.0,0.52,0.896,0.257,2.5,1.1,0.85,31000.0,20400.0,14000.0,572.0,833.0,293.0,3210.0,1010.0,0.354,14.8,15.4,13.6,0.0103
W190556,2030.0,2080.0,2170.0,32.0,16.0,31.0,5.8,1.01,0.608,2.0,0.68,3.7,42800.0,24200.0,62100.0,11900.0,1750.0,1290.0,4770.0,1160.0,1.54,27.5,28.6,26.4,0.0745
W190559,2090.0,2180.0,2370.0,43.0,20.0,21.0,0.37,0.979,0.257,2.6,0.91,0.33,57800.0,30400.0,42200.0,760.0,1700.0,546.0,6220.0,1560.0,0.138,27.6,28.8,26.8,0.0133
W190573,2140.0,2250.0,2370.0,45.0,19.0,18.0,0.69,1.03,0.446,2.6,0.97,0.49,44000.0,21000.0,26400.0,1030.0,1300.0,691.0,4530.0,1210.0,0.204,20.1,20.9,19.0,0.0157
W190574,2350.0,2410.0,2450.0,40.0,25.0,20.0,0.66,0.631,0.378,1.9,1.1,0.39,36200.0,25600.0,27100.0,913.0,736.0,543.0,3060.0,1270.0,0.163,18.6,19.4,17.9,0.0116
W190575,2460.0,2520.0,2620.0,45.0,28.0,13.0,0.61,0.581,0.554,2.1,1.1,0.1,17500.0,12300.0,7580.0,363.0,292.0,342.0,1460.0,548.0,0.042,8.0,8.33,7.8,0.00802
W190576,2910.0,2910.0,2910.0,45.0,30.0,5.5,0.79,0.564,0.581,2.0,1.0,0.1,19900.0,15000.0,3650.0,535.0,322.0,408.0,1580.0,567.0,0.042,9.1,9.48,8.8,0.0113
W190579,2140.0,2250.0,2340.0,30.0,26.0,30.0,1.5,0.515,0.243,1.4,1.1,1.2,10200.0,10000.0,15300.0,781.0,226.0,131.0,849.0,480.0,0.5,7.0,7.29,6.8,0.00591
W190580,2140.0,2250.0,2340.0,22.0,20.0,43.0,1.5,0.315,0.203,0.61,0.95,1.1,9640.0,9920.0,28200.0,1000.0,178.0,141.0,476.0,533.0,0.458,9.0,9.38,8.1,0.00519
W190604,2800.0,2890.0,2910.0,61.2,28.0,4.6,0.6,0.664,0.203,1.4,1.5,1.0,34000.0,17600.0,3820.0,509.0,475.0,178.0,1380.0,1070.0,0.417,11.4,11.9,9.5,0.005
W190605,2910.0,2910.0,2910.0,61.5,29.3,3.8,0.6,0.448,0.54,0.8,1.9,1.2,29600.0,16000.0,2740.0,442.0,278.0,413.0,686.0,1170.0,0.5,9.9,10.3,12.2,0.0059
W190606,2910.0,2910.0,2910.0,51.9,35.7,2.2,2.5,0.963,0.77,2.9,1.7,1.9,21000.0,16300.0,1330.0,1540.0,501.0,493.0,2090.0,879.0,0.792,8.3,8.65,13.1,0.011
W190607,2910.0,2910.0,2910.0,54.2,36.1,1.8,1.2,0.764,0.284,2.0,2.1,1.0,63600.0,47900.0,3160.0,2150.0,1150.0,527.0,4180.0,3150.0,0.417,24.1,25.1,19.3,0.011
W190608,2910.0,2910.0,2910.0,57.8,34.0,1.4,0.7,0.564,0.905,1.4,2.3,1.4,32400.0,21500.0,1170.0,599.0,407.0,803.0,1400.0,1650.0,0.583,11.5,12.0,10.5,0.01
W190609,2910.0,2910.0,2910.0,59.7,32.6,1.2,0.7,0.581,0.203,1.5,2.4,1.3,34300.0,21200.0,1030.0,614.0,430.0,184.0,1530.0,1760.0,0.542,11.8,12.3,12.2,0.0067
W190610,2910.0,2910.0,2910.0,56.3,35.0,3.0,1.1,0.681,0.77,1.2,2.2,1.9,23300.0,16400.0,1860.0,695.0,363.0,505.0,884.0,1160.0,0.792,8.5,8.85,6.1,0.016
W190611,2910.0,2910.0,2910.0,56.4,34.0,2.5,0.7,0.647,0.608,1.5,2.5,1.2,36800.0,25100.0,2440.0,698.0,544.0,628.0,1740.0,2090.0,0.5,13.4,14.0,9.4,0.0061
W190612,2350.0,2450.0,2590.0,42.8,29.0,21.4,1.2,0.664,0.702,1.6,2.2,2.6,26900.0,20600.0,20100.0,1150.0,538.0,699.0,1790.0,1770.0,1.08,12.9,13.4,13.1,0.0086
W190613,2910.0,2910.0,2910.0,54.0,33.8,4.0,1.3,0.896,0.716,1.5,3.4,1.1,20000.0,14200.0,2210.0,735.0,428.0,420.0,988.0,1610.0,0.458,7.6,7.92,10.9,0.005
W190614,2910.0,2910.0,2910.0,44.9,41.6,3.4,2.1,1.05,1.01,1.8,1.7,2.5,56400.0,59100.0,6390.0,4030.0,1690.0,2020.0,4020.0,2730.0,1.04,25.8,26.9,5.2,0.0073
W190615,2910.0,2910.0,2910.0,58.7,31.8,2.7,0.8,1.01,0.959,2.8,1.7,1.5,31100.0,19100.0,2140.0,649.0,693.0,806.0,2650.0,1150.0,0.625,10.9,11.4,8.8,0.0057
W190616,2910.0,2910.0,2910.0,52.3,36.8,3.8,0.7,0.78,0.5,2.5,1.3,1.5,22900.0,18300.0,2490.0,469.0,441.0,347.0,1950.0,729.0,0.625,9.0,9.38,15.8,0.007
W190618,2910.0,2910.0,2910.0,57.7,32.6,2.9,0.7,0.946,1.32,2.1,1.8,1.4,25000.0,16000.0,1880.0,463.0,528.0,909.0,1620.0,998.0,0.583,8.9,9.27,5.8,0.016
W190619,2370.0,2480.0,2660.0,49.9,27.1,15.4,1.6,0.664,1.2,0.8,2.5,3.1,10900.0,6720.0,5050.0,536.0,188.0,417.0,312.0,701.0,1.29,4.5,4.69,9.0,0.016
W190621,2910.0,2910.0,2910.0,54.7,34.6,2.8,0.8,0.614,0.743,1.4,2.5,1.6,19200.0,13700.0,1470.0,428.0,278.0,413.0,874.0,1120.0,0.667,7.2,7.5,10.0,0.0073
W190623,2840.0,2910.0,2910.0,51.8,32.4,2.3,1.4,1.18,0.635,2.7,1.2,2.6,14100.0,10000.0,938.0,583.0,414.0,274.0,1310.0,419.0,1.08,5.6,5.83,7.9,0.016
W190624,2910.0,2910.0,2910.0,59.7,30.7,1.9,1.5,0.73,0.905,1.0,2.4,1.9,29400.0,17100.0,1400.0,1130.0,463.0,705.0,875.0,1510.0,0.792,10.1,10.5,9.2,0.0081
W190625,2440.0,2530.0,2630.0,52.2,29.3,7.2,3.3,1.43,1.49,1.7,1.4,4.9,8130.0,5170.0,1680.0,785.0,287.0,367.0,471.0,279.0,2.04,3.2,3.33,2.0,0.029
W190628,2910.0,2910.0,2910.0,51.9,32.9,4.2,1.7,0.498,0.338,1.2,1.8,2.0,21500.0,15400.0,2600.0,1070.0,266.0,221.0,884.0,953.0,0.833,8.5,8.85,8.6,0.0073
W190629,2410.0,2460.0,2570.0,47.8,29.8,8.8,4.0,1.21,1.09,1.3,1.5,5.9,12300.0,8700.0,3400.0,1580.0,403.0,447.0,597.0,495.0,2.46,5.3,5.52,5.0,0.025
W190630,2400.0,2450.0,2650.0,48.3,28.6,6.8,4.8,0.847,0.689,1.6,1.5,5.7,16900.0,11300.0,3570.0,2570.0,383.0,383.0,998.0,673.0,2.38,7.2,7.5,7.9,0.02
W190631,2680.0,2730.0,2890.0,47.9,33.6,10.7,1.8,0.664,0.621,1.1,1.4,3.2,61600.0,48900.0,20600.0,3530.0,1100.0,1270.0,2520.0,2300.0,1.33,26.4,27.5,5.6,0.0064
W190632,2910.0,2910.0,2910.0,56.4,33.8,4.6,0.7,0.913,0.891,1.7,1.1,1.7,25300.0,17100.0,3080.0,479.0,527.0,633.0,1360.0,630.0,0.708,9.2,9.58,9.5,0.057
W190633,2910.0,2910.0,2910.0,65.1,31.0,0.8,0.3,0.349,0.257,1.1,2.6,0.7,43700.0,23600.0,804.0,308.0,302.0,273.0,1320.0,2240.0,0.292,13.8,14.4,13.6,0.0066
W190634,2910.0,2910.0,2910.0,41.0,34.0,10.1,2.2,1.31,1.03,2.1,1.0,4.0,7780.0,7310.0,2870.0,638.0,321.0,309.0,710.0,243.0,1.67,3.9,4.06,4.0,0.12
W190635,2910.0,2910.0,2910.0,53.1,33.0,3.6,1.5,1.15,0.54,2.5,1.6,2.6,23300.0,16400.0,2360.0,1000.0,647.0,375.0,1950.0,897.0,1.08,9.0,9.38,7.5,0.08
W190636,2250.0,2450.0,2520.0,37.5,25.3,20.5,2.0,0.93,0.635,1.8,0.9,2.5,13300.0,10200.0,10900.0,1090.0,426.0,357.0,1140.0,409.0,1.04,7.3,7.6,6.8,0.017
W190641,2030.0,2080.0,2190.0,56.1,29.0,8.0,0.8,1.05,0.662,2.7,1.7,1.6,27000.0,15800.0,5770.0,589.0,650.0,505.0,2320.0,1050.0,0.667,9.9,10.3,8.3,0.085
W190642,2090.0,2190.0,2390.0,36.4,23.1,30.5,1.1,0.515,0.405,1.1,0.8,1.8,19500.0,14000.0,24400.0,900.0,355.0,344.0,1050.0,548.0,0.75,11.0,11.5,13.1,0.011
W190648,2230.0,2280.0,2490.0,47.8,24.2,13.9,4.6,1.33,1.35,2.2,1.2,3.8,30200.0,17300.0,13200.0,4450.0,1080.0,1350.0,2480.0,972.0,1.58,13.0,13.5,13.5,0.039
W190649,2060.0,2110.0,2540.0,37.6,24.2,24.7,3.3,1.15,0.986,1.5,1.0,4.0,21200.0,15500.0,20900.0,2850.0,834.0,882.0,1510.0,723.0,1.67,11.6,12.1,11.5,0.031
W190650,2170.0,2220.0,2540.0,44.1,25.3,19.4,3.0,1.38,1.26,2.2,1.2,3.5,39700.0,25800.0,26100.0,4130.0,1600.0,1790.0,3530.0,1380.0,1.46,18.5,19.3,16.0,0.027
W190651,2180.0,2280.0,2500.0,46.3,23.4,18.1,2.7,1.43,0.783,2.4,1.2,3.3,53000.0,30300.0,31000.0,4720.0,2110.0,1420.0,4890.0,1760.0,1.38,23.5,24.5,22.0,0.032
W190664,2410.0,2515.0,2570.0,39.2,30.4,22.3,2.6,0.83,0.0338,0.5,1.0,3.2,11300.0,9880.0,9580.0,1140.0,307.0,15.4,256.0,368.0,1.33,5.9,6.15,5.2,0.024
W190667,2210.0,2310.0,2390.0,46.3,9.7,9.5,5.5,2.32,1.62,1.8,0.8,9.7,6080.0,1440.0,1870.0,1100.0,394.0,338.0,421.0,135.0,4.04,2.7,2.81,2.2,0.07
W190668,2800.0,2800.0,2800.0,61.8,25.2,1.7,2.4,0.681,0.459,0.8,3.0,1.2,48400.0,22400.0,1990.0,2870.0,688.0,570.0,1120.0,3010.0,0.5,16.1,16.8,12.8,0.0089
W190669,2800.0,2800.0,2800.0,52.4,35.3,2.0,2.8,1.08,0.446,0.5,2.8,3.2,13000.0,9920.0,743.0,1060.0,345.0,175.0,221.0,890.0,1.33,5.1,5.31,6.6,0.0026
W190670,1955.0,2030.0,2085.0,52.1,21.7,17.3,0.7,1.1,0.405,3.0,0.9,1.5,44600.0,21000.0,22200.0,916.0,1210.0,550.0,4580.0,987.0,0.625,17.6,18.3,13.2,0.0081
W190671,2800.0,2800.0,2800.0,58.0,32.5,2.6,1.0,0.764,0.54,0.4,2.2,1.7,24000.0,15200.0,1610.0,632.0,407.0,354.0,295.0,1160.0,0.708,8.5,8.85,8.9,0.0033
W190673,2780.0,2800.0,2910.0,53.9,26.7,9.4,1.1,0.979,0.756,1.5,2.0,2.3,27000.0,15200.0,7050.0,843.0,633.0,601.0,1340.0,1280.0,0.958,10.3,10.7,8.5,0.0068
W190674,2630.0,2755.0,2800.0,38.8,22.6,25.3,1.9,1.33,0.837,2.2,1.0,4.3,19500.0,12800.0,19000.0,1460.0,858.0,665.0,1960.0,642.0,1.79,10.3,10.7,7.0,0.52
W190675,2800.0,2800.0,2800.0,52.9,31.4,6.5,1.3,1.39,0.905,2.2,1.5,2.4,22100.0,14900.0,4070.0,832.0,753.0,600.0,1640.0,804.0,1.0,8.6,8.96,9.0,0.022
W190676,1990.0,2100.0,2160.0,31.4,23.6,27.5,3.7,1.58,1.04,0.8,1.1,6.5,6730.0,5720.0,8810.0,1210.0,435.0,353.0,305.0,301.0,2.71,4.4,4.58,3.8,0.26
W190680,2800.0,2800.0,2800.0,52.9,36.7,4.0,1.3,0.83,0.689,1.1,1.0,2.4,40200.0,31500.0,4550.0,1510.0,813.0,829.0,1490.0,972.0,1.0,15.6,16.3,12.4,0.072
W190681,2800.0,2800.0,2800.0,53.1,35.6,2.9,0.6,1.08,0.932,3.1,1.3,1.2,49900.0,37900.0,4080.0,861.0,1310.0,1390.0,5190.0,1560.0,0.5,19.3,20.1,16.3,0.015
W190682,2800.0,2800.0,2800.0,54.3,33.7,2.7,1.6,0.913,0.675,1.1,1.6,1.7,24800.0,17500.0,1850.0,1120.0,539.0,490.0,896.0,937.0,0.708,9.4,9.79,5.9,0.0057
W190683,2250.0,2350.0,2480.0,50.1,23.5,16.7,1.4,1.26,0.891,2.0,1.1,2.9,18300.0,9710.0,9120.0,781.0,594.0,516.0,1300.0,514.0,1.21,7.5,7.81,6.6,0.01
W190684,2090.0,2140.0,2260.0,43.2,19.8,29.6,1.2,0.847,0.608,1.6,0.9,2.6,20200.0,10500.0,20700.0,857.0,510.0,450.0,1330.0,538.0,1.08,9.6,10.0,8.2,0.013
W190685,2570.0,2690.0,2770.0,59.7,24.9,6.9,1.3,1.01,0.797,1.4,2.4,2.8,21500.0,10200.0,3720.0,715.0,470.0,455.0,898.0,1110.0,1.17,7.4,7.71,8.3,0.0056
W190686,2180.0,2230.0,2290.0,45.9,25.0,7.3,6.8,1.99,1.76,1.6,1.4,10.9,19700.0,12100.0,4680.0,4450.0,1100.0,1190.0,1220.0,767.0,4.54,8.8,9.17,7.7,0.032
W190687,2430.0,2480.0,2780.0,53.4,28.5,3.5,4.5,0.93,1.28,1.5,1.9,5.5,23700.0,14300.0,2320.0,3050.0,531.0,901.0,1180.0,1080.0,2.29,9.1,9.48,9.9,0.01
W190922,2910.0,2910.0,2910.0,54.9,34.0,3.1,0.2,1.05,0.864,3.6,1.1,0.9,85500.0,60000.0,7230.0,476.0,2100.0,2130.0,9980.0,2190.0,0.375,32.0,33.3,48.6,0.005
W190924,2040.0,2140.0,2360.0,48.1,34.7,7.1,2.0,1.29,0.621,2.8,1.2,2.6,46800.0,38200.0,10300.0,2980.0,1630.0,958.0,4850.0,1500.0,1.08,20.0,20.8,12.3,0.007
W190925,2910.0,2910.0,2910.0,53.2,26.4,10.0,0.7,0.88,0.77,4.6,1.0,1.9,23800.0,13400.0,6700.0,479.0,508.0,546.0,3670.0,573.0,0.792,9.2,9.58,12.6,0.007
W190926,1990.0,2040.0,2090.0,25.4,18.7,49.2,1.5,0.332,0.459,1.1,0.8,2.8,16300.0,13600.0,47300.0,1470.0,275.0,468.0,1260.0,658.0,1.17,13.2,13.8,16.9,0.0065
W190931,2105.0,2215.0,2315.0,41.2,21.4,31.1,0.5,1.21,0.257,2.1,1.1,1.9,15400.0,9080.0,17400.0,286.0,585.0,152.0,1400.0,527.0,0.791,7.7,8.02,6.9,0.014
W190932,1900.0,1995.0,2090.0,30.0,13.8,37.6,6.4,0.963,0.351,1.6,0.7,7.5,20500.0,10700.0,38400.0,6670.0,847.0,380.0,1940.0,611.0,3.15,13.9,14.6,12.5,0.04
W190933,2065.0,2160.0,2255.0,36.4,17.2,23.7,7.6,1.39,0.405,2.1,0.8,7.8,20900.0,11200.0,20400.0,6680.0,1030.0,369.0,2150.0,589.0,3.23,11.9,12.3,10.4,0.043
W190934,1955.0,2055.0,2155.0,34.6,22.0,36.4,0.8,0.764,0.392,1.6,0.9,2.2,14400.0,10400.0,22600.0,508.0,409.0,258.0,1180.0,479.0,0.91,8.6,8.89,7.4,0.015
W191030,2025.0,2135.0,2255.0,40.1,19.0,11.6,7.4,2.16,1.26,1.8,0.9,9.5,15800.0,8480.0,6840.0,4460.0,1100.0,785.0,1260.0,454.0,3.96,8.1,8.44,6.5,0.32
W191031,2510.0,2625.0,2735.0,55.1,27.3,8.0,0.9,1.66,0.648,4.6,0.8,2.5,48300.0,27100.0,10500.0,1200.0,1880.0,900.0,7180.0,897.0,1.04,18.0,18.8,19.2,0.012
W191032,2180.0,2265.0,2380.0,47.4,29.5,12.1,1.7,1.66,1.11,3.5,1.3,3.2,12700.0,8940.0,4850.0,695.0,573.0,470.0,1670.0,445.0,1.33,5.5,5.73,3.4,0.017
W191033,2130.0,2240.0,2370.0,38.9,26.5,21.8,1.5,1.56,1.24,2.8,1.1,3.4,10800.0,8320.0,9050.0,636.0,558.0,546.0,1380.0,391.0,1.42,5.7,5.94,5.2,0.012
W191034,2050.0,2110.0,2180.0,42.1,22.6,29.4,0.5,0.813,0.392,1.3,1.3,1.6,19500.0,11800.0,20300.0,353.0,485.0,287.0,1070.0,769.0,0.667,9.5,9.9,8.8,0.0062
W191035,2035.0,2290.0,2415.0,45.9,24.5,22.8,0.6,0.764,0.419,1.5,1.2,1.8,23000.0,13900.0,17100.0,460.0,494.0,333.0,1340.0,770.0,0.75,10.3,10.7,10.0,0.0064
W191036,2060.0,2280.0,2355.0,48.1,22.5,22.4,0.5,0.764,0.554,1.1,1.3,1.3,31600.0,16700.0,22000.0,502.0,647.0,577.0,1290.0,1090.0,0.542,13.5,14.1,12.7,0.0071
W191037,2145.0,2260.0,2380.0,44.9,26.3,17.2,1.4,1.21,0.621,1.3,1.6,3.6,16000.0,10600.0,9150.0,760.0,555.0,350.0,822.0,728.0,1.5,7.3,7.6,6.6,0.014
W191038,2065.0,2230.0,2400.0,44.8,24.2,21.9,0.8,0.996,0.392,1.6,1.1,2.0,10000.0,6130.0,7340.0,274.0,287.0,139.0,638.0,315.0,0.833,4.6,4.79,4.4,0.012
W191039,1965.0,2045.0,2075.0,34.9,15.7,37.0,5.8,0.83,0.459,1.6,0.8,3.3,21200.0,10800.0,33700.0,5390.0,651.0,443.0,1730.0,623.0,1.38,12.5,13.0,11.6,0.04
W191040,2165.0,2250.0,2285.0,42.3,21.1,13.3,9.5,0.979,0.608,1.9,1.0,3.9,18900.0,10700.0,8910.0,6500.0,565.0,431.0,1510.0,573.0,1.63,9.2,9.58,8.1,0.07
W191041,1950.0,2045.0,2085.0,22.6,14.2,55.3,0.8,0.631,0.783,0.6,0.4,2.4,8470.0,6030.0,31000.0,458.0,305.0,465.0,400.0,192.0,1.0,7.7,8.02,6.9,0.036
W191043,1915.0,1985.0,2045.0,37.9,15.9,33.4,3.3,0.863,0.419,1.5,0.8,3.6,22000.0,10400.0,29000.0,2920.0,645.0,384.0,1550.0,593.0,1.5,11.9,12.4,10.5,0.04
W191044,1935.0,2025.0,2080.0,44.1,18.8,19.2,4.6,1.15,0.662,2.3,0.9,3.0,18500.0,8910.0,12000.0,2940.0,618.0,439.0,1710.0,482.0,1.25,8.6,8.96,7.8,0.03
W191045,2015.0,2115.0,2160.0,48.7,21.4,20.2,2.9,1.24,0.675,2.6,0.9,2.7,23900.0,11900.0,14900.0,2180.0,789.0,526.0,2280.0,566.0,1.13,10.1,10.5,9.0,0.02
W191047,2050.0,2110.0,2180.0,39.2,21.4,29.6,0.8,0.996,0.567,1.5,1.0,1.8,9730.0,6010.0,11000.0,303.0,319.0,223.0,663.0,318.0,0.75,5.1,5.31,4.7,0.014
W191048,1990.0,2095.0,2140.0,16.1,9.9,66.3,0.6,0.614,0.5,0.5,0.5,1.9,5880.0,4090.0,36200.0,335.0,289.0,289.0,325.0,234.0,0.792,7.5,7.81,6.6,0.017
W191050,2000.0,2105.0,2180.0,13.7,8.4,69.1,1.8,0.564,0.581,0.4,0.5,3.2,4330.0,3010.0,32700.0,870.0,230.0,291.0,225.0,202.0,1.33,6.5,6.77,6.2,0.02
W191051,1885.0,2160.0,2280.0,36.9,21.9,28.6,3.2,1.01,0.729,1.9,1.1,3.0,20300.0,13600.0,23500.0,2690.0,718.0,636.0,1860.0,774.0,1.25,11.3,11.8,10.1,0.022
W191052,2180.0,2270.0,2375.0,16.7,9.1,14.8,27.1,0.797,0.446,0.7,0.4,14.5,12800.0,7870.0,16900.0,31600.0,785.0,540.0,952.0,391.0,6.04,15.7,16.4,13.2,0.026
W191053,1900.0,1960.0,1995.0,31.2,14.1,34.1,4.5,1.1,0.446,1.9,0.7,3.2,22000.0,11300.0,36000.0,4850.0,997.0,498.0,2390.0,632.0,1.33,14.5,15.1,13.6,0.027
W191054,1995.0,2070.0,2125.0,36.6,17.8,24.9,7.1,0.979,0.486,1.4,0.8,3.3,23200.0,12800.0,23600.0,6860.0,799.0,488.0,1580.0,648.0,1.38,13.0,13.5,11.5,0.069
W191055,1925.0,2060.0,2190.0,36.9,20.3,35.4,0.6,0.863,0.567,1.6,0.9,2.1,16200.0,10100.0,23200.0,402.0,488.0,394.0,1250.0,505.0,0.875,9.0,9.38,8.1,0.011
W191056,2480.0,2575.0,2635.0,49.6,28.1,12.7,0.3,0.979,0.405,2.2,1.2,1.1,17400.0,11100.0,6660.0,161.0,443.0,225.0,1370.0,538.0,0.458,7.2,7.5,6.1,0.0071
W191057,1865.0,1935.0,1985.0,22.8,13.3,35.0,8.9,0.813,0.392,1.4,0.6,5.6,10900.0,7180.0,25000.0,6490.0,500.0,296.0,1190.0,366.0,2.33,9.8,10.2,8.9,0.042
W191058,1895.0,1980.0,2020.0,39.2,18.2,27.4,4.6,1.05,0.689,1.9,0.9,4.7,18100.0,9530.0,19000.0,3250.0,623.0,505.0,1560.0,533.0,1.96,9.5,9.9,8.6,0.033
W191059,1900.0,1990.0,2020.0,31.4,16.0,36.4,6.2,0.813,0.675,1.1,0.7,4.9,22200.0,12800.0,38400.0,6690.0,740.0,755.0,1380.0,632.0,2.04,14.5,15.1,13.3,0.062
W191060,2090.0,2175.0,2260.0,21.0,10.6,17.6,22.8,0.764,0.23,0.8,0.4,16.0,21900.0,12500.0,27400.0,36300.0,1030.0,379.0,1480.0,533.0,6.67,21.4,22.3,18.6,0.072
W191061,1930.0,2010.0,2110.0,41.9,18.6,23.3,4.8,1.15,0.729,2.2,0.9,4.0,20400.0,10200.0,17000.0,3570.0,719.0,563.0,1910.0,561.0,1.67,10.0,10.4,9.1,0.034
W191062,1900.0,1995.0,2130.0,28.3,18.8,46.6,0.6,0.581,0.635,0.5,0.4,2.1,10100.0,7560.0,24800.0,326.0,266.0,357.0,316.0,182.0,0.875,7.3,7.6,6.7,0.032
W191063,2045.0,2145.0,2225.0,26.7,19.4,42.9,1.6,0.697,0.918,1.7,0.8,3.6,8840.0,7270.0,21300.0,809.0,298.0,482.0,1000.0,339.0,1.5,6.8,7.08,6.3,0.029
W191064,1930.0,2030.0,2220.0,53.1,27.8,8.7,2.0,1.33,0.783,1.5,1.5,3.3,15500.0,9190.0,3800.0,893.0,500.0,363.0,780.0,561.0,1.38,6.0,6.25,6.7,0.13
W191065,2400.0,2535.0,2655.0,42.8,13.9,32.3,2.1,1.46,1.3,1.7,0.5,5.0,14200.0,5210.0,16000.0,1060.0,623.0,680.0,1000.0,212.0,2.08,6.8,7.08,6.3,0.0011
W191066,2605.0,2735.0,2800.0,58.6,29.0,3.9,1.5,0.896,0.743,1.5,1.5,2.2,29100.0,16300.0,2900.0,1140.0,574.0,584.0,1330.0,953.0,0.917,10.2,10.6,8.4,0.008
W191067,2800.0,2800.0,2800.0,59.1,29.1,2.3,1.1,1.05,0.729,2.2,1.4,1.5,44300.0,24700.0,2580.0,1260.0,1010.0,866.0,2940.0,1340.0,0.625,15.4,16.0,14.5,0.008
W191068,2010.0,2105.0,2215.0,18.9,16.8,53.6,2.0,0.614,1.2,0.9,0.8,4.3,5240.0,5280.0,22300.0,848.0,220.0,528.0,445.0,284.0,1.79,5.7,5.94,5.5,0.018
W191069,1995.0,2085.0,2160.0,25.1,10.4,52.6,1.1,1.18,0.851,1.5,0.4,3.9,8430.0,3950.0,26400.0,565.0,510.0,453.0,897.0,172.0,1.63,6.9,7.19,5.5,0.028
W191070,2485.0,2605.0,2710.0,52.1,28.5,8.6,2.3,1.53,1.04,2.9,1.4,2.4,70800.0,43800.0,17500.0,4770.0,2670.0,2240.0,7010.0,2430.0,1.0,27.9,29.1,23.9,0.011
W191071,2030.0,2155.0,2260.0,41.2,23.6,26.0,1.2,1.23,0.635,1.3,1.5,2.2,16000.0,10400.0,15200.0,714.0,617.0,392.0,901.0,748.0,0.917,8.0,8.33,7.5,0.013
W191072,2800.0,2910.0,2910.0,56.2,31.3,5.5,0.9,1.11,0.648,1.3,1.8,1.4,58000.0,36600.0,8490.0,1420.0,1480.0,1060.0,2390.0,2380.0,0.583,21.2,22.1,19.0,0.006
W191073,2045.0,2180.0,2290.0,43.1,25.4,21.5,2.2,0.813,0.608,2.4,1.3,4.0,23900.0,16000.0,17900.0,1870.0,582.0,534.0,2370.0,923.0,1.67,11.4,11.9,10.6,0.01
W191074,2160.0,2275.0,2465.0,31.8,29.7,22.4,3.1,1.01,1.35,0.9,1.1,5.4,7890.0,8350.0,8320.0,1180.0,324.0,531.0,398.0,349.0,2.25,5.1,5.31,5.8,0.023
W191075,2755.0,2800.0,2910.0,50.6,28.9,13.3,0.8,0.946,0.743,1.5,1.7,1.6,42900.0,27700.0,16900.0,1040.0,1030.0,997.0,2260.0,1840.0,0.667,17.4,18.1,17.9,0.0064
W191076,2800.0,2800.0,2800.0,46.8,33.6,12.3,0.9,0.913,1.03,2.1,1.4,1.7,14100.0,11500.0,5560.0,415.0,355.0,491.0,1130.0,541.0,0.708,6.2,6.46,5.4,0.0044
W191077,2095.0,2305.0,2490.0,42.8,24.8,23.2,1.9,1.05,0.662,0.9,1.7,1.9,29400.0,19300.0,23800.0,1990.0,925.0,720.0,1100.0,1490.0,0.792,14.1,14.7,12.6,0.014
W191078,2565.0,2690.0,2790.0,43.9,29.0,15.7,1.7,1.06,0.648,1.7,1.4,1.8,15800.0,11800.0,8460.0,936.0,493.0,370.0,1090.0,645.0,0.75,7.4,7.71,7.2,0.013
W191107,2240.0,2445.0,2565.0,43.3,30.3,14.5,1.3,1.46,1.62,3.6,1.0,3.7,10300.0,8180.0,5180.0,474.0,449.0,613.0,1530.0,305.0,1.54,4.9,5.1,5.7,0.011
W191110,2485.0,2575.0,2695.0,40.5,32.8,18.0,1.9,0.73,1.76,1.5,1.1,3.5,7290.0,6690.0,4850.0,523.0,170.0,501.0,481.0,254.0,1.46,3.7,3.85,3.8,0.0066
W191111,2130.0,2190.0,2260.0,26.3,19.8,47.1,1.3,0.714,1.35,2.0,0.6,2.4,7170.0,6110.0,19200.0,541.0,251.0,583.0,971.0,209.0,1.0,5.6,5.83,4.7,0.005
W191116,2630.0,2680.0,2800.0,47.7,29.4,8.9,2.1,1.23,1.34,2.2,0.8,3.9,10900.0,7610.0,3050.0,734.0,362.0,485.0,896.0,234.0,1.63,4.7,4.9,9.2,0.039
W191125,2910.0,2910.0,2910.0,52.4,34.8,2.2,0.4,0.73,0.945,2.9,1.6,1.3,25300.0,19000.0,1590.0,295.0,454.0,722.0,2490.0,987.0,0.542,9.9,10.3,9.4,0.0029
W191126,2780.0,2800.0,2800.0,64.4,28.3,0.6,0.3,0.681,0.567,2.6,1.4,1.0,44500.0,22100.0,621.0,317.0,606.0,621.0,3200.0,1240.0,0.417,14.2,14.8,11.8,0.0038
W191129,2580.0,2630.0,2740.0,47.8,30.1,13.8,0.5,0.996,1.01,2.3,1.5,2.2,32100.0,22900.0,13900.0,513.0,863.0,1080.0,2750.0,1290.0,0.917,13.8,14.4,19.1,0.0088
W191130,2160.0,2360.0,2480.0,45.0,26.7,14.6,2.0,1.49,1.76,2.8,1.0,4.5,5700.0,3830.0,2770.0,387.0,244.0,352.0,631.0,162.0,1.88,2.6,2.71,2.7,0.019
W191131,2190.0,2390.0,2500.0,30.1,20.3,36.0,1.0,0.78,1.26,2.0,0.8,2.6,6740.0,5150.0,12100.0,342.0,225.0,446.0,797.0,229.0,1.08,4.6,4.79,6.4,0.0063
W191132,2580.0,2680.0,2890.0,56.1,28.0,8.3,0.4,0.996,0.797,2.4,1.3,1.8,81400.0,46000.0,18000.0,887.0,1860.0,1830.0,6200.0,2410.0,0.75,29.8,31.0,27.7,0.0086
W191134,2560.0,2650.0,2910.0,58.2,25.1,6.3,1.4,1.28,0.905,2.6,1.1,2.9,16100.0,7880.0,2620.0,594.0,457.0,398.0,1280.0,391.0,1.21,5.7,5.94,7.6,0.013
W191135,2090.0,2260.0,2410.0,43.9,24.2,22.4,1.4,1.13,0.945,2.1,1.2,2.2,23900.0,14900.0,18300.0,1170.0,793.0,817.0,2040.0,837.0,0.917,11.2,11.7,11.4,0.0064
W191136,2910.0,2910.0,2910.0,47.9,35.7,5.61,1.66,0.896,1.08,0.86,1.4,2.7,8390.0,7080.0,1470.0,444.0,203.0,300.0,268.0,314.0,1.13,3.6,3.75,2.8,0.022
W191202,2460.0,2545.0,2635.0,49.8,28.8,9.5,2.3,1.33,1.28,2.2,1.4,4.6,7510.0,4920.0,2150.0,530.0,258.0,307.0,591.0,270.0,1.92,3.1,3.23,2.5,0.017
W191290,2800.0,2800.0,2800.0,57.1,30.5,2.8,0.3,1.01,0.648,2.5,1.5,1.1,36100.0,21800.0,2650.0,290.0,826.0,650.0,2820.0,1210.0,0.458,13.0,13.5,12.6,0.0077
W191291,2585.0,2700.0,2785.0,54.2,28.7,9.8,0.7,0.614,0.959,2.7,1.5,1.4,29800.0,17900.0,8070.0,588.0,436.0,836.0,2640.0,1060.0,0.583,11.3,11.8,9.7,0.012
W191292,2800.0,2800.0,2800.0,54.6,28.0,6.4,0.4,0.996,0.851,2.3,1.4,1.5,43900.0,25500.0,7690.0,491.0,1030.0,1080.0,3290.0,1440.0,0.625,16.5,17.2,15.7,0.012
W191293,2800.0,2800.0,2800.0,56.7,29.5,5.7,0.6,0.465,0.797,2.3,1.4,1.3,40300.0,23700.0,6060.0,652.0,426.0,897.0,2910.0,1270.0,0.542,14.6,15.2,14.3,0.009
W191294,2745.0,2800.0,2910.0,41.0,35.0,9.3,1.8,0.515,0.999,1.5,1.9,2.0,28700.0,27800.0,9760.0,1930.0,465.0,1110.0,1870.0,1700.0,0.833,14.4,15.0,13.4,0.0077
W191298,2030.0,2080.0,2140.0,22.0,12.7,59.4,0.8,0.232,0.851,0.7,0.6,2.7,10400.0,6790.0,42000.0,577.0,141.0,637.0,588.0,363.0,1.13,9.7,10.1,10.2,0.014
W191306,2080.0,2130.0,2180.0,41.9,23.7,27.0,0.7,0.946,0.729,1.8,1.3,2.2,38500.0,24700.0,37200.0,984.0,1120.0,1060.0,2950.0,1530.0,0.917,18.9,19.7,20.9,0.004
W191307,2130.0,2190.0,2320.0,31.4,17.3,37.0,0.7,0.614,0.959,1.7,1.0,2.6,19100.0,11900.0,33700.0,651.0,482.0,924.0,1840.0,779.0,1.08,12.5,13.0,10.1,0.012
W191311,1990.0,2040.0,2090.0,44.3,19.2,30.4,0.2,1.08,0.635,1.7,1.0,1.4,44200.0,21700.0,45400.0,305.0,1390.0,1000.0,3020.0,1280.0,0.583,20.5,21.4,20.2,0.013
W191321,2910.0,2910.0,2910.0,65.3,23.0,3.6,0.7,0.631,0.554,1.2,2.3,1.3,41600.0,16600.0,3440.0,682.0,519.0,559.0,1360.0,1880.0,0.542,13.1,13.6,11.7,0.0077
W191322,2910.0,2910.0,2910.0,51.6,29.1,10.5,1.2,1.05,0.986,1.7,1.6,1.9,28100.0,18000.0,8570.0,1000.0,735.0,852.0,1650.0,1120.0,0.792,11.2,11.7,10.4,0.0084
W191323,2520.0,2570.0,2620.0,48.3,27.9,15.6,1.3,0.581,1.07,1.5,1.4,2.7,12200.0,7990.0,5910.0,503.0,190.0,428.0,676.0,453.0,1.13,5.2,5.42,5.5,0.01
W191326,2300.0,2360.0,2410.0,20.0,11.4,63.8,0.8,1.18,0.891,1.0,0.5,1.7,7690.0,4960.0,36700.0,470.0,584.0,543.0,685.0,246.0,0.708,7.9,8.23,7.2,0.038
W191332,2105.0,2210.0,2275.0,25.0,18.6,41.7,2.9,0.681,1.09,1.2,1.0,6.0,6810.0,5740.0,17000.0,1210.0,239.0,473.0,582.0,349.0,2.5,5.6,5.83,6.1,0.027
W191333,2495.0,2590.0,2695.0,42.9,29.2,18.4,2.1,0.299,1.04,0.5,1.6,3.4,5640.0,4340.0,3620.0,422.0,50.6,217.0,117.0,269.0,1.42,2.7,2.81,2.9,0.018
W191334,2085.0,2205.0,2240.0,29.9,17.0,45.8,1.3,0.315,0.81,0.7,1.5,2.4,15700.0,10100.0,36000.0,1040.0,214.0,675.0,655.0,1010.0,1.0,10.8,11.3,10.4,0.012
W191335,2010.0,2125.0,2200.0,34.4,20.8,28.6,2.4,1.03,1.89,2.5,0.7,7.7,5020.0,3440.0,6250.0,535.0,194.0,438.0,650.0,131.0,3.21,3.0,3.13,2.5,0.012
W191336,2015.0,2185.0,2270.0,28.3,13.9,41.4,3.4,0.93,1.62,1.4,0.5,8.2,3310.0,1840.0,7240.0,607.0,140.0,300.0,291.0,74.8,3.42,2.4,2.5,2.2,0.025
W191337,2060.0,2150.0,2240.0,30.8,14.5,37.1,2.9,2.99,1.23,1.9,0.5,7.7,5700.0,3040.0,10300.0,820.0,713.0,360.0,626.0,118.0,3.21,3.8,3.96,3.6,0.073
W191338,2100.0,2270.0,2310.0,36.9,19.2,35.1,1.3,0.365,0.648,2.0,1.0,2.3,24800.0,14600.0,35300.0,1330.0,316.0,690.0,2390.0,860.0,0.958,13.8,14.4,10.5,0.022
W191520,2520.0,2615.0,2680.0,48.6,28.7,13.0,0.6,1.56,1.05,3.1,1.1,1.9,40000.0,26700.0,16000.0,754.0,1650.0,1370.0,4540.0,1160.0,0.792,16.9,17.6,13.8,0.012
W191521,2350.0,2410.0,2510.0,40.0,26.7,14.6,2.8,1.56,0.986,1.8,1.1,1.4,10500.0,7940.0,5740.0,1120.0,529.0,411.0,842.0,370.0,0.583,5.4,5.63,4.3,0.012
W191522,2460.0,2560.0,2720.0,52.1,22.7,6.6,1.6,0.963,0.378,2.1,1.5,1.0,27400.0,13500.0,5190.0,1290.0,653.0,315.0,1970.0,1010.0,0.417,10.8,11.3,11.4,0.011
W191844,2800.0,2800.0,2800.0,56.2,30.1,3.4,0.5,0.963,0.729,3.3,1.5,1.4,70600.0,42800.0,6390.0,959.0,1560.0,1450.0,7380.0,2410.0,0.583,25.8,26.9,24.8,0.009
W191845,2140.0,2255.0,2365.0,36.6,28.3,24.2,2.6,0.432,0.756,0.6,1.0,3.8,8200.0,7170.0,8110.0,890.0,125.0,268.0,239.0,287.0,1.58,4.6,4.79,5.8,0.0037
W191846,2800.0,2800.0,2800.0,59.7,30.9,2.3,0.3,0.432,0.635,2.2,2.0,1.1,54300.0,31800.0,3130.0,417.0,506.0,916.0,3570.0,2330.0,0.458,18.7,19.5,18.4,0.0067
W191847,2800.0,2800.0,2800.0,49.5,37.1,4.8,1.2,0.332,0.851,1.1,1.6,2.8,16900.0,14300.0,2450.0,625.0,146.0,459.0,667.0,698.0,1.17,7.0,7.29,6.5,0.0072
W191848,2800.0,2800.0,2800.0,48.0,38.4,5.3,1.2,0.382,1.32,1.5,1.8,2.5,11700.0,10600.0,1930.0,446.0,120.0,510.0,650.0,561.0,1.04,5.0,5.21,4.9,0.0038
W191849,2505.0,2615.0,2705.0,50.2,28.3,5.4,4.2,0.896,0.837,1.8,1.2,7.1,20500.0,13100.0,3300.0,2620.0,473.0,543.0,1310.0,628.0,2.96,8.4,8.75,8.2,0.081
W191850,2105.0,2235.0,2320.0,42.4,25.8,22.9,1.0,0.664,0.689,2.1,1.0,2.9,18800.0,12900.0,15200.0,677.0,379.0,483.0,1660.0,567.0,1.21,9.1,9.48,8.9,0.013
W191851,2020.0,2140.0,2240.0,38.8,24.0,28.4,1.4,0.747,0.756,1.9,1.1,3.1,17600.0,12300.0,19200.0,968.0,436.0,543.0,1530.0,637.0,1.29,9.3,9.69,9.0,0.024
W191852,2495.0,2620.0,2725.0,45.2,29.7,13.6,1.1,0.78,1.05,2.3,1.4,2.9,19100.0,14200.0,8620.0,712.0,426.0,707.0,1730.0,759.0,1.21,8.7,9.06,8.0,0.0082
W191855,2765.0,2800.0,2800.0,45.9,33.7,7.9,1.6,0.78,1.09,3.2,1.2,4.0,14100.0,11700.0,3630.0,750.0,308.0,532.0,1750.0,471.0,1.67,6.3,6.56,5.8,0.01
W191864,2090.0,2160.0,2360.0,48.5,23.7,20.1,0.2,1.41,0.297,3.8,0.9,2.3,60200.0,33300.0,37300.0,379.0,2260.0,584.0,8400.0,1430.0,0.958,25.5,26.6,27.5,0.018
W191868,2520.0,2580.0,2680.0,47.4,29.8,13.4,1.3,0.581,1.07,1.4,1.6,3.0,15700.0,11200.0,6640.0,657.0,248.0,560.0,825.0,678.0,1.25,6.8,7.08,6.6,0.01
W191871,2190.0,2240.0,2460.0,39.0,27.3,18.4,1.7,0.863,2.16,2.2,0.9,3.8,6070.0,4810.0,4290.0,405.0,173.0,533.0,610.0,179.0,1.58,3.2,3.33,2.6,0.011
W191872,2710.0,2910.0,2910.0,50.2,30.2,4.8,1.4,0.83,1.15,1.9,1.8,2.4,18600.0,12600.0,2660.0,791.0,396.0,673.0,1250.0,852.0,1.0,7.6,7.92,6.3,0.0047
W191873,2720.0,2810.0,2910.0,49.7,28.4,1.1,0.8,0.963,0.986,2.8,1.5,1.5,31900.0,20700.0,1060.0,785.0,798.0,1000.0,3200.0,1230.0,0.625,13.2,13.8,10.2,0.0094
W191874,2580.0,2680.0,2890.0,49.7,26.2,7.5,1.1,0.681,0.837,0.9,1.8,0.7,23000.0,13700.0,5190.0,777.0,406.0,614.0,741.0,1070.0,0.292,9.5,9.9,8.0,0.011
W191878,2080.0,2280.0,2500.0,35.9,23.8,30.9,1.5,0.73,0.756,1.5,1.3,3.9,13100.0,9840.0,16900.0,837.0,344.0,438.0,975.0,607.0,1.63,7.5,7.81,7.4,0.016
W191880,2800.0,2800.0,2800.0,55.6,35.5,2.0,0.4,0.681,1.13,2.2,2.0,1.5,23800.0,17200.0,1280.0,262.0,376.0,770.0,1680.0,1100.0,0.625,8.8,9.17,8.0,0.0029
W191881,2800.0,2800.0,2800.0,52.2,36.0,3.6,0.4,0.664,0.878,2.4,2.4,1.1,26700.0,20800.0,2750.0,312.0,438.0,711.0,2180.0,1570.0,0.458,10.5,10.9,11.4,0.0029
W191884,2800.0,2800.0,2800.0,65.1,27.3,0.7,0.3,0.432,0.635,1.2,2.4,0.9,52000.0,24700.0,836.0,366.0,444.0,803.0,1710.0,2450.0,0.375,16.4,17.1,17.4,0.0035
W191887,2680.0,2785.0,2800.0,50.3,33.6,8.2,0.9,0.664,1.35,2.4,1.6,1.9,12000.0,9070.0,2930.0,328.0,204.0,510.0,1020.0,488.0,0.792,4.9,5.1,5.0,0.0035
W191888,2800.0,2800.0,2800.0,59.8,32.0,0.7,0.2,0.531,0.324,2.0,2.1,0.7,61100.0,37000.0,1070.0,312.0,700.0,525.0,3640.0,2750.0,0.292,21.0,21.9,18.2,0.0025
W191893,1985.0,2070.0,2120.0,62.8,28.1,2.5,0.3,0.664,0.837,1.1,2.5,1.0,48300.0,24500.0,2880.0,353.0,658.0,1020.0,1510.0,2460.0,0.417,15.8,16.5,16.4,0.017
W191899,2800.0,2800.0,2800.0,48.8,33.4,2.8,0.5,0.896,1.35,3.6,0.9,1.7,22600.0,17500.0,1940.0,353.0,534.0,990.0,2960.0,533.0,0.708,9.5,9.9,11.8,0.007
W191900,2800.0,2800.0,2800.0,60.0,29.2,0.9,0.3,0.349,1.01,0.9,2.5,0.9,27200.0,15000.0,610.0,208.0,203.0,727.0,725.0,1450.0,0.375,9.3,9.69,9.2,0.0063
W191901,2445.0,2540.0,2620.0,46.3,27.9,18.6,1.0,0.631,0.972,1.8,1.5,2.4,18300.0,12500.0,11000.0,602.0,321.0,608.0,1260.0,757.0,1.0,8.1,8.44,8.1,0.01
W191902,2800.0,2800.0,2800.0,49.4,34.2,2.0,1.8,0.896,1.07,1.8,0.9,3.8,8900.0,6970.0,539.0,495.0,208.0,304.0,577.0,207.0,1.58,3.7,3.85,11.35,0.0098
W191936,2800.0,2800.0,2800.0,56.0,30.5,5.8,0.5,0.564,1.08,1.4,1.5,1.1,56700.0,35000.0,8790.0,774.0,737.0,1730.0,2520.0,1940.0,0.458,20.8,20.8,15.6,0.0063
W191937,2800.0,2800.0,2800.0,46.2,34.5,10.3,0.7,0.896,1.01,2.4,1.7,1.2,49500.0,41800.0,16500.0,1150.0,1240.0,1720.0,4580.0,2330.0,0.5,22.0,22.9,20.4,0.0081
W191938,2410.0,2530.0,2645.0,47.3,29.1,17.3,0.7,0.598,1.28,1.8,1.2,1.6,18200.0,12700.0,9960.0,411.0,296.0,782.0,1230.0,591.0,0.667,7.9,8.23,7.6,0.0097
W191939,2180.0,2400.0,2580.0,44.2,27.6,19.7,1.5,0.664,1.01,1.4,1.5,2.6,20000.0,14100.0,13300.0,1040.0,388.0,727.0,1130.0,869.0,1.08,9.3,9.69,8.7,0.0075
W191940,2550.0,2680.0,2800.0,52.0,28.9,10.9,0.8,0.764,1.05,1.4,1.8,1.8,34700.0,21800.0,10900.0,815.0,656.0,1110.0,1660.0,1540.0,0.75,13.7,14.3,13.9,0.012
W191941,2740.0,2800.0,2910.0,48.2,32.8,11.0,0.5,0.664,0.864,2.0,2.0,1.1,35400.0,27300.0,12100.0,562.0,629.0,1010.0,2620.0,1880.0,0.458,15.1,15.7,13.4,0.009
W192264,2090.0,2140.0,2240.0,48.8,23.3,18.1,1.5,0.664,1.01,2.3,1.1,1.8,22800.0,12300.0,12700.0,1070.0,400.0,750.0,1910.0,658.0,0.75,9.6,10.0,14.2,0.009
W192265,2430.0,2480.0,2740.0,46.9,27.8,11.2,2.7,1.11,1.35,1.8,1.3,2.4,14800.0,9960.0,5300.0,1310.0,454.0,677.0,1010.0,526.0,1.0,6.5,6.77,6.2,0.013
W192266,2080.0,2180.0,2280.0,15.7,12.2,64.0,1.9,0.515,1.19,0.6,0.3,2.6,11200.0,9820.0,68100.0,2060.0,471.0,1340.0,759.0,273.0,1.08,14.6,15.2,8.9,0.014
W192586,2135.0,2255.0,2410.0,46.8,22.2,17.4,0.65,1.24,0.878,3.8,0.98,1.1,42800.0,23000.0,23800.0,909.0,1470.0,1270.0,6190.0,1150.0,0.458,18.8,19.6,16.2,0.01
W192588,2030.0,2115.0,2235.0,40.6,16.2,22.6,1.9,0.946,1.89,2.5,0.56,4.0,6720.0,3040.0,5600.0,480.0,202.0,496.0,737.0,119.0,1.67,3.4,3.54,3.8,0.021
W192590,2100.0,2195.0,2290.0,13.1,8.0,47.9,6.6,1.99,1.08,0.93,0.43,13.2,8670.0,6000.0,47500.0,6680.0,1700.0,1130.0,1100.0,364.0,5.5,13.6,14.2,10.5,0.023
W192592,2695.0,2790.0,2800.0,56.1,24.8,7.5,1.2,0.946,1.35,1.8,1.6,1.5,26200.0,13100.0,5240.0,857.0,570.0,1000.0,1500.0,957.0,0.625,9.6,10.0,8.6,0.013
W192601,2410.0,2530.0,2630.0,44.5,29.5,6.0,2.2,0.847,3.11,1.4,1.7,4.4,5420.0,4060.0,1090.0,409.0,133.0,599.0,303.0,265.0,1.83,2.5,2.6,2.1,0.032
W192602,2770.0,2800.0,2800.0,55.7,26.7,5.9,1.0,0.681,0.77,4.6,1.9,1.2,26800.0,14600.0,4250.0,736.0,423.0,588.0,3950.0,1170.0,0.5,9.9,10.3,9.0,0.014
W192603,2005.0,2115.0,2155.0,30.3,18.7,28.2,4.1,1.39,1.62,1.9,1.0,6.9,7520.0,5260.0,10500.0,1560.0,446.0,637.0,840.0,318.0,2.88,5.1,5.31,5.0,0.045
W192604,2480.0,2605.0,2695.0,42.0,26.6,12.9,2.3,0.332,0.662,1.1,1.1,3.1,8790.0,6300.0,4040.0,736.0,89.6,219.0,410.0,295.0,1.29,4.3,4.48,4.9,0.029
W192605,2470.0,2585.0,2655.0,48.5,25.4,9.1,3.0,0.432,0.756,1.5,2.3,2.9,18200.0,10800.0,5100.0,1720.0,209.0,449.0,1000.0,1100.0,1.21,7.7,8.02,7.6,0.032
W192606,2385.0,2510.0,2630.0,53.3,21.5,8.5,1.2,1.83,0.648,5.0,1.1,1.8,57600.0,26300.0,13700.0,1980.0,2540.0,1110.0,9620.0,1520.0,0.75,22.2,23.1,19.3,0.032
W192607,2410.0,2520.0,2625.0,48.6,22.8,10.3,3.1,1.64,0.54,3.5,1.4,4.1,22200.0,11800.0,7050.0,2170.0,969.0,392.0,2850.0,820.0,1.71,9.4,9.79,8.5,0.025
W192608,1995.0,2145.0,2215.0,52.7,30.1,4.1,1.5,0.498,0.635,1.8,1.4,2.7,10800.0,6970.0,1250.0,469.0,131.0,206.0,655.0,366.0,1.13,4.2,4.38,3.8,0.009
W192609,1940.0,2040.0,2125.0,31.5,13.6,42.0,1.9,0.481,0.473,1.1,1.1,1.8,11500.0,5620.0,22900.0,1060.0,227.0,273.0,715.0,514.0,0.75,7.5,7.81,6.4,0.025
W192610,2465.0,2575.0,2700.0,41.3,34.4,8.8,1.9,0.631,1.89,1.3,1.4,3.4,4020.0,3790.0,1280.0,283.0,79.2,292.0,225.0,174.0,1.42,2.0,2.08,2.3,0.02
W192611,2000.0,2110.0,2170.0,24.9,16.2,38.9,1.6,0.598,0.567,1.5,1.0,2.6,5450.0,4020.0,12800.0,536.0,169.0,197.0,585.0,280.0,1.08,4.5,4.69,4.7,0.02
W192703,2800.0,2800.0,2800.0,49.0,28.1,6.4,2.9,0.515,0.5,2.2,1.2,5.0,11800.0,7660.0,2310.0,1070.0,160.0,191.0,943.0,370.0,2.02,5.1,5.15,5.1,0.0098
W192706,2415.0,2555.0,2605.0,46.3,17.8,4.6,12.5,0.797,0.176,1.4,1.7,5.4,38300.0,16700.0,5700.0,15800.0,851.0,230.0,2060.0,1800.0,2.18,17.6,17.7,16.1,0.059
W192707,2710.0,2780.0,2800.0,57.3,23.0,4.0,3.6,0.232,0.338,3.4,1.4,2.2,77300.0,35100.0,8070.0,7420.0,404.0,722.0,8170.0,2420.0,0.888,28.6,28.9,29.6,0.013
W192708,2215.0,2345.0,2410.0,38.3,18.2,5.7,15.3,1.83,0.891,0.91,1.4,8.8,24900.0,13400.0,5550.0,15200.0,1530.0,918.0,1050.0,1160.0,3.55,13.8,13.9,13.8,0.05
W192709,2305.0,2385.0,2415.0,41.6,17.8,6.5,10.0,1.08,1.07,2.3,0.94,8.0,22400.0,10800.0,5230.0,8210.0,748.0,909.0,2200.0,647.0,3.23,11.4,11.5,12.2,0.032
W192712,2000.0,2085.0,2115.0,24.6,15.4,37.8,2.4,0.847,1.76,0.45,0.94,3.8,3830.0,2720.0,8810.0,571.0,170.0,433.0,125.0,187.0,1.58,3.2,3.33,3.6,0.39
W192713,2515.0,2605.0,2725.0,47.4,23.2,12.9,0.99,1.44,1.24,4.5,1.2,1.4,14800.0,8180.0,6010.0,471.0,580.0,613.0,2500.0,478.0,0.583,6.4,6.67,4.5,0.014
W192714,2135.0,2220.0,2315.0,42.1,29.8,12.1,1.9,1.13,1.76,1.6,1.4,0.37,8810.0,7060.0,3790.0,608.0,305.0,582.0,596.0,375.0,0.154,4.3,4.48,6.1,0.0094
W192715,2035.0,2195.0,2300.0,37.6,26.8,18.4,1.6,0.979,1.76,2.8,1.0,2.4,10200.0,8270.0,7510.0,666.0,344.0,758.0,1360.0,349.0,1.0,5.6,5.83,6.4,0.0072
W192716,2405.0,2490.0,2575.0,46.4,26.3,9.8,1.3,0.697,1.28,3.3,1.4,1.9,10200.0,6520.0,3210.0,435.0,197.0,445.0,1290.0,392.0,0.792,4.5,4.69,3.0,0.0069
W192717,2800.0,2800.0,2800.0,54.6,25.4,5.8,2.0,0.564,0.999,1.7,2.0,0.93,39900.0,21000.0,6340.0,2230.0,531.0,1160.0,2210.0,1870.0,0.388,15.0,15.6,15.9,0.014
W192718,2245.0,2410.0,2515.0,41.1,25.4,16.5,1.4,0.83,1.76,3.8,1.0,1.4,15000.0,10500.0,9010.0,781.0,391.0,1020.0,2470.0,467.0,0.583,7.5,7.81,7.4,0.011
W192719,2440.0,2565.0,2685.0,52.9,22.4,6.4,3.6,0.515,0.797,0.69,2.6,0.33,31700.0,15200.0,5730.0,3290.0,397.0,756.0,736.0,1990.0,0.138,12.3,12.8,10.6,0.042
W192720,2280.0,2405.0,2495.0,44.5,25.9,9.7,5.4,1.18,0.972,0.37,1.4,2.7,11700.0,7710.0,3820.0,2170.0,399.0,405.0,173.0,471.0,1.13,5.4,5.63,5.1,0.041
W192721,2605.0,2730.0,2800.0,58.6,22.6,6.1,0.77,0.365,0.621,0.42,3.1,0.86,23100.0,10100.0,3600.0,464.0,186.0,388.0,295.0,1560.0,0.358,8.1,8.44,9.2,0.006
W192722,2480.0,2590.0,2710.0,42.9,31.5,9.9,1.5,1.11,1.49,1.7,1.1,2.2,12900.0,10800.0,4470.0,692.0,433.0,710.0,913.0,425.0,0.917,6.2,6.46,4.6,0.031
W192723,2150.0,2255.0,2345.0,38.6,25.9,17.3,2.0,1.11,1.35,2.1,1.1,2.8,7470.0,5670.0,5010.0,591.0,278.0,414.0,724.0,272.0,1.13,4.1,4.14,3.3,0.011
W192732,2065.0,2245.0,2395.0,37.3,22.2,16.3,3.7,1.66,2.03,0.53,1.9,6.0,5630.0,3790.0,3680.0,853.0,323.0,484.0,142.0,367.0,2.5,3.1,3.23,2.9,0.029
W192934,1960.0,2045.0,2095.0,31.0,12.3,36.8,6.3,0.398,0.797,1.0,0.7,5.8,20100.0,9040.0,35700.0,6250.0,333.0,819.0,1160.0,581.0,2.42,13.3,13.9,12.5,0.017
W193121,1955.0,2055.0,2130.0,24.8,10.8,38.4,6.4,0.515,0.608,1.1,0.64,5.0,14200.0,7020.0,33000.0,5610.0,381.0,553.0,1120.0,470.0,2.06,11.9,12.3,10.3,0.1
W193636,2315.0,2405.0,2505.0,30.0,22.3,17.8,6.7,1.83,0.257,0.9,1.1,11.0,5980.0,5040.0,5310.0,2040.0,470.0,81.1,320.0,281.0,4.47,4.2,4.27,3.7,0.067
W193637,2500.0,2605.0,2710.0,44.1,24.5,15.8,2.0,0.581,0.189,2.0,1.3,2.8,21000.0,13200.0,11300.0,1460.0,357.0,143.0,1700.0,794.0,1.13,10.1,10.2,9.6,0.0076
W193638,2255.0,2345.0,2405.0,40.5,22.7,9.4,6.5,2.16,0.351,1.3,1.2,12.2,5960.0,3780.0,2070.0,1460.0,410.0,81.9,341.0,226.0,4.96,3.1,3.15,3.2,0.079
W193639,2745.0,2800.0,2800.0,52.6,28.5,3.0,2.7,0.432,0.135,2.5,1.3,2.1,20400.0,12500.0,1740.0,1600.0,216.0,83.1,1730.0,646.0,0.851,8.2,8.31,7.7,0.0079
W193640,2710.0,2800.0,2800.0,40.2,31.2,8.0,4.0,0.863,0.689,1.4,1.4,4.7,5150.0,4520.0,1530.0,783.0,143.0,140.0,319.0,230.0,1.91,2.7,2.74,2.7,0.018
W193641,2335.0,2435.0,2545.0,23.1,18.8,28.5,6.2,1.66,0.243,1.1,0.66,12.2,2610.0,2410.0,4830.0,1070.0,242.0,43.6,222.0,95.6,4.93,2.4,2.42,2.4,0.016
W193642,2725.0,2800.0,2800.0,51.0,28.5,5.3,2.2,0.697,0.132,2.8,1.4,1.1,18100.0,11400.0,2810.0,1190.0,319.0,74.3,1770.0,635.0,0.445,7.5,7.58,7.2,0.0076
W193643,2800.0,2800.0,2800.0,50.7,27.1,8.6,1.3,0.415,0.117,2.3,1.4,1.5,21700.0,13100.0,5500.0,849.0,229.0,79.6,1750.0,766.0,0.61,9.0,9.15,8.7,0.0062
W193644,2545.0,2620.0,2700.0,39.4,24.9,7.1,6.4,1.58,0.189,0.68,1.9,10.1,2620.0,1870.0,706.0,650.0,135.0,19.9,80.5,162.0,4.11,1.4,1.42,1.6,0.027
W193645,2615.0,2730.0,2800.0,53.8,26.0,5.9,1.6,0.697,0.176,4.0,1.2,1.1,44500.0,24300.0,7300.0,2020.0,743.0,230.0,5890.0,1270.0,0.445,17.5,17.7,19.2,0.011
W193646,2455.0,2555.0,2655.0,37.1,31.2,7.7,6.2,1.06,0.257,0.97,1.2,6.5,4770.0,4540.0,1480.0,1220.0,176.0,52.3,222.0,198.0,2.65,2.7,2.75,2.5,0.011
W193648,2330.0,2425.0,2525.0,45.7,21.2,15.3,1.2,1.34,0.338,3.3,1.2,2.4,52000.0,27300.0,26000.0,2090.0,1970.0,609.0,6680.0,1750.0,0.978,23.9,24.3,22.0,0.02
W193649,2310.0,2405.0,2510.0,31.3,25.2,19.4,4.0,0.581,0.203,2.8,1.0,6.6,3720.0,3390.0,3450.0,727.0,89.1,38.2,593.0,152.0,2.69,2.5,2.55,2.1,0.014
W193650,2455.0,2525.0,2605.0,35.4,24.1,25.1,0.87,0.183,0.162,2.2,1.0,1.4,18600.0,14400.0,19800.0,700.0,124.0,135.0,2060.0,674.0,0.573,11.0,11.3,9.6,0.0045
W193651,2095.0,2210.0,2305.0,29.8,19.3,34.1,1.8,0.382,0.176,1.5,1.0,2.9,13400.0,9860.0,23000.0,1240.0,222.0,126.0,1210.0,578.0,1.17,9.6,9.66,19.0,0.011
W193652,2695.0,2800.0,2800.0,53.9,27.0,7.2,1.6,0.481,0.149,2.3,1.4,1.8,24000.0,13600.0,4800.0,1090.0,277.0,105.0,1820.0,798.0,0.73,9.4,9.53,8.9,0.0099
W193653,2165.0,2265.0,2385.0,44.2,23.8,10.6,4.5,0.647,0.162,1.7,1.5,7.2,7590.0,4630.0,2720.0,1180.0,143.0,44.1,520.0,330.0,2.94,3.6,3.68,3.4,0.012
W193655,2800.0,2800.0,2800.0,47.0,31.2,5.3,1.8,0.432,0.284,4.4,1.3,1.9,36600.0,27500.0,6180.0,2140.0,434.0,350.0,6110.0,1300.0,0.773,16.4,16.7,15.5,0.01
W193656,2130.0,2215.0,2305.0,40.0,27.2,17.7,2.3,0.465,0.257,1.5,1.5,3.3,18000.0,13900.0,11900.0,1580.0,270.0,183.0,1200.0,864.0,1.34,9.5,9.64,9.0,0.017
W193659,2255.0,2350.0,2415.0,44.0,25.0,16.3,1.9,0.266,0.311,2.4,1.4,3.0,26500.0,17100.0,14700.0,1750.0,206.0,297.0,2570.0,1080.0,1.22,12.7,12.9,11.7,0.013
W193660,2060.0,2155.0,2220.0,19.3,14.2,46.7,2.3,0.465,0.135,0.7,0.43,3.8,2780.0,2320.0,10100.0,507.0,86.5,30.9,180.0,79.4,1.56,3.0,3.09,2.8,0.011
W193662,2545.0,2655.0,2745.0,33.0,32.9,9.0,6.7,1.33,0.351,0.66,1.2,8.7,3620.0,4080.0,1480.0,1120.0,188.0,61.0,129.0,168.0,3.55,2.3,2.34,2.3,0.012
W193663,2600.0,2670.0,2735.0,51.5,28.7,9.0,0.85,0.714,0.176,2.1,1.5,1.3,26000.0,16400.0,6800.0,655.0,464.0,140.0,1890.0,969.0,0.525,10.7,10.8,11.7,0.049
W193664,2205.0,2300.0,2385.0,40.5,19.6,7.0,13.5,1.11,0.243,0.69,1.4,9.1,28800.0,15800.0,7460.0,14700.0,1020.0,274.0,875.0,1280.0,3.67,15.1,15.2,15.0,0.031
W193665,2505.0,2625.0,2730.0,53.0,24.8,6.2,2.8,1.36,0.351,2.7,1.3,3.5,34700.0,18400.0,6070.0,2800.0,1150.0,364.0,3150.0,1090.0,1.41,13.9,14.0,15.4,0.023
W193666,2770.0,2800.0,2800.0,52.1,29.5,2.9,3.0,0.681,0.297,3.5,1.8,1.6,69400.0,44500.0,5780.0,6110.0,1170.0,627.0,8300.0,3070.0,0.645,28.3,28.5,29.3,0.017
W193673,2060.0,2140.0,2250.0,43.6,16.9,27.3,0.88,0.647,0.297,2.2,0.64,2.2,24900.0,10900.0,23300.0,767.0,476.0,269.0,2240.0,467.0,0.888,12.1,12.2,12.3,0.015
W193674,2055.0,2145.0,2265.0,20.8,11.3,26.2,19.2,0.448,0.113,0.998,0.401,7.1,16600.0,10200.0,31300.0,23500.0,462.0,144.0,1420.0,411.0,2.95,16.5,17.1,15.2,0.101
W193675,2205.0,2315.0,2415.0,28.5,19.1,39.6,0.801,0.598,0.135,1.69,0.803,1.7,15700.0,11900.0,32600.0,674.0,424.0,118.0,1660.0,565.0,0.71,11.3,11.8,10.2,0.0387
W193676,2100.0,2220.0,2310.0,22.5,15.5,51.5,0.901,0.299,0.124,0.968,0.662,1.8,9750.0,7610.0,33400.0,597.0,167.0,85.4,747.0,368.0,0.752,8.9,9.29,8.1,0.062
W193677,2065.0,2165.0,2255.0,27.0,18.3,40.8,2.0,0.498,0.23,1.39,0.783,3.3,10600.0,8180.0,24100.0,1210.0,253.0,143.0,979.0,395.0,1.38,8.1,8.44,7.3,0.031
W193678,1915.0,2030.0,2140.0,19.9,7.81,60.1,1.4,0.349,0.124,0.489,0.462,2.21,4250.0,1890.0,19200.0,457.0,96.0,42.1,186.0,126.0,0.92,4.4,4.57,4.2,0.0465
W193679,2015.0,2125.0,2235.0,25.9,11.0,23.7,16.1,0.963,0.203,1.79,0.562,6.9,17300.0,8330.0,23800.0,16500.0,830.0,215.0,2130.0,481.0,2.86,13.8,14.3,12.1,0.101
W193680,2055.0,2150.0,2270.0,44.1,18.7,21.5,2.1,0.78,0.27,2.39,1.1,2.0,36200.0,17400.0,26300.0,2630.0,825.0,351.0,3490.0,1160.0,0.823,17.1,17.6,16.5,0.0238
W193681,2015.0,2115.0,2215.0,47.9,17.2,14.9,6.61,0.863,0.297,2.6,0.853,2.9,14300.0,5820.0,6650.0,3020.0,333.0,141.0,1380.0,326.0,1.2,6.2,6.4,7.7,0.0387
W193682,2655.0,2800.0,2800.0,29.1,18.5,36.8,2.3,0.681,0.189,2.2,0.742,2.3,11700.0,8390.0,22000.0,1410.0,352.0,120.0,1570.0,381.0,0.963,8.2,8.61,5.3,0.031
W193683,2505.0,2605.0,2695.0,49.9,29.9,7.81,1.6,0.647,0.124,1.9,1.3,1.6,14800.0,10000.0,3460.0,722.0,247.0,58.3,1000.0,494.0,0.677,6.0,6.34,9.4,0.0155
W193684,2615.0,2710.0,2800.0,54.4,24.2,12.0,1.0,0.913,0.162,2.9,1.2,1.2,27500.0,13900.0,9100.0,775.0,597.0,130.0,2610.0,780.0,0.502,10.4,10.9,12.8,0.0232
W193685,2015.0,2110.0,2215.0,36.6,21.0,29.6,0.941,0.979,0.162,2.39,1.2,1.4,24500.0,15900.0,29700.0,963.0,845.0,172.0,2850.0,1030.0,0.587,13.7,14.4,6.0,0.0387
W193686,2015.0,2105.0,2195.0,53.7,23.8,10.3,0.591,0.631,0.162,3.39,1.3,0.78,15500.0,7770.0,4440.0,260.0,234.0,74.0,1740.0,480.0,0.326,5.9,6.18,5.7,0.0232
W193687,2055.0,2155.0,2245.0,30.8,11.8,48.9,0.57,0.299,0.0864,0.868,0.732,1.3,15500.0,6730.0,36800.0,438.0,194.0,68.9,777.0,471.0,0.544,10.3,10.8,8.9,0.0232
W193688,1955.0,2055.0,2155.0,35.1,14.3,26.0,9.22,0.598,0.338,1.5,0.712,7.2,19500.0,9000.0,21600.0,7820.0,428.0,297.0,1490.0,506.0,2.98,11.5,11.9,11.1,0.062
W193689,1985.0,2075.0,2165.0,40.0,17.5,25.3,4.01,0.664,0.419,2.09,1.0,3.0,14800.0,7350.0,14000.0,2270.0,317.0,246.0,1380.0,476.0,1.25,7.6,7.95,7.4,0.031
W193690,2000.0,2105.0,2205.0,31.9,10.5,23.9,13.6,0.382,0.311,1.1,0.672,7.0,18800.0,7010.0,21100.0,12300.0,290.0,290.0,1150.0,507.0,2.92,12.1,12.6,10.8,0.062
W193691,2115.0,2210.0,2310.0,32.7,21.9,31.5,0.852,0.515,0.0864,1.5,0.903,1.4,14000.0,10600.0,20200.0,558.0,284.0,58.7,1150.0,495.0,0.578,8.9,9.17,7.9,0.0232
W193692,1955.0,2055.0,2165.0,40.2,15.9,29.2,3.21,0.598,0.162,1.69,1.0,2.3,16500.0,7390.0,17900.0,2010.0,316.0,105.0,1240.0,527.0,0.963,8.4,8.81,7.4,0.031
W193693,2055.0,2165.0,2250.0,46.0,18.4,25.7,0.69,0.697,0.124,2.0,1.2,1.3,17300.0,7820.0,14400.0,396.0,337.0,73.8,1330.0,577.0,0.543,7.7,8.03,15.0,0.0232
W193694,2145.0,2265.0,2355.0,55.2,18.4,15.2,1.3,0.813,0.284,3.09,1.0,1.1,39600.0,14900.0,16300.0,1430.0,752.0,322.0,3940.0,921.0,0.454,14.9,15.3,13.9,0.0232
W193695,2015.0,2135.0,2235.0,44.1,18.4,20.9,3.11,0.747,0.203,2.3,1.2,1.7,12800.0,6040.0,9060.0,1380.0,279.0,93.1,1190.0,446.0,0.704,6.0,6.2,5.3,0.031
W193696,2045.0,2145.0,2265.0,47.1,19.8,18.3,3.0,0.93,0.189,2.6,1.1,2.2,28300.0,13500.0,16500.0,2750.0,721.0,180.0,2780.0,848.0,0.915,12.4,12.9,11.2,0.031
W193697,2005.0,2125.0,2215.0,43.0,21.0,24.5,2.0,0.564,0.311,1.79,1.1,1.1,16100.0,8900.0,13700.0,1150.0,273.0,184.0,1200.0,529.0,0.459,7.7,8.02,7.0,0.0387
W193698,2410.0,2510.0,2615.0,51.8,25.1,12.5,1.2,0.996,0.162,2.79,1.2,1.0,30600.0,16800.0,11100.0,1090.0,759.0,152.0,2940.0,910.0,0.415,12.2,12.7,11.1,0.0232
W193699,2400.0,2510.0,2615.0,43.4,28.5,18.3,0.5,0.813,0.113,2.3,1.1,0.86,24500.0,18200.0,15400.0,430.0,591.0,101.0,2300.0,795.0,0.364,11.4,12.1,10.1,0.0232
W193700,2165.0,2260.0,2360.0,51.6,18.1,14.0,2.9,0.93,0.162,2.99,0.983,2.6,31100.0,12300.0,12600.0,2670.0,722.0,155.0,3210.0,758.0,1.08,12.4,12.9,11.7,0.031
W193701,2005.0,2115.0,2225.0,45.8,17.6,21.5,2.7,0.813,0.149,2.79,1.0,2.1,38500.0,16700.0,27000.0,3470.0,882.0,198.0,4170.0,1080.0,0.87,17.4,18.0,16.0,0.0465
W193702,2075.0,2165.0,2270.0,38.5,18.7,30.7,0.78,0.481,0.0864,1.69,1.1,1.1,14600.0,8040.0,17500.0,453.0,236.0,52.0,1150.0,536.0,0.459,7.8,8.13,7.3,0.0232
W193703,2010.0,2115.0,2225.0,50.3,20.8,19.0,0.581,0.847,0.162,2.9,0.973,1.1,40600.0,19000.0,23000.0,718.0,882.0,208.0,4170.0,1010.0,0.459,16.6,17.3,15.4,0.0387
W193704,2065.0,2165.0,2255.0,43.2,16.6,26.2,2.0,0.531,0.216,1.79,0.963,0.88,17200.0,7500.0,15600.0,1220.0,273.0,137.0,1270.0,491.0,0.366,8.2,8.53,7.5,0.0232
W193705,1910.0,2010.0,2110.0,33.8,12.6,36.5,5.7,0.465,0.135,1.39,0.712,2.2,17700.0,7450.0,28500.0,4550.0,313.0,112.0,1300.0,476.0,0.92,10.7,11.2,10.7,0.031
W193706,2610.0,2710.0,2800.0,47.1,28.2,12.1,0.801,1.06,0.134,2.5,1.2,0.8,17600.0,11900.0,6760.0,457.0,511.0,79.1,1660.0,574.0,0.332,7.7,7.99,8.8,0.0155
W193707,2115.0,2210.0,2315.0,48.8,19.8,14.6,4.4,0.498,0.392,2.0,1.1,1.6,17300.0,7970.0,7740.0,2380.0,228.0,220.0,1260.0,500.0,0.666,7.3,7.59,6.7,0.031
W193708,1965.0,2060.0,2175.0,36.6,19.1,34.2,0.801,0.598,0.103,1.79,1.0,1.2,12000.0,7100.0,16800.0,402.0,253.0,53.4,1050.0,422.0,0.497,6.8,7.03,6.2,0.031
W193709,2065.0,2160.0,2250.0,38.5,14.5,35.3,0.881,0.631,0.311,2.0,1.0,1.2,20400.0,8700.0,28000.0,714.0,431.0,261.0,1880.0,681.0,0.496,11.0,11.3,10.3,0.0232
W193710,2010.0,2130.0,2215.0,33.8,20.2,29.2,3.4,0.631,0.135,2.0,1.1,1.8,11700.0,7920.0,15100.0,1800.0,281.0,74.0,1230.0,488.0,0.751,7.1,7.4,6.6,0.0387
W193711,2075.0,2165.0,2255.0,43.7,20.8,21.3,1.9,0.896,0.297,2.69,1.0,2.1,42700.0,23000.0,31200.0,2850.0,1130.0,460.0,4690.0,1260.0,0.875,20.1,20.9,17.9,0.031
W193712,1945.0,2055.0,2155.0,34.0,14.1,31.2,7.51,0.448,0.189,1.5,0.773,2.8,15800.0,7430.0,21700.0,5340.0,269.0,139.0,1240.0,460.0,1.16,9.6,9.96,8.8,0.0542
W193713,1925.0,2030.0,2125.0,32.3,17.3,38.2,0.951,0.481,0.162,1.79,0.993,1.5,10700.0,6480.0,18900.0,480.0,205.0,84.8,1050.0,420.0,0.625,6.8,7.07,6.4,0.031
W193714,2465.0,2555.0,2675.0,46.0,22.9,17.9,0.751,0.747,0.135,2.39,1.2,1.5,23200.0,13000.0,13500.0,577.0,485.0,108.0,2140.0,775.0,0.623,10.4,10.8,9.7,0.0232
W193715,2005.0,2110.0,2210.0,36.2,16.3,24.0,6.81,0.581,0.338,2.0,0.963,3.6,12300.0,6260.0,12200.0,3530.0,254.0,181.0,1200.0,418.0,1.49,7.0,7.26,6.6,0.0465
W193716,1905.0,2015.0,2130.0,23.5,12.8,45.8,4.01,0.415,0.189,1.2,0.552,3.5,15900.0,9770.0,46200.0,4130.0,361.0,202.0,1440.0,476.0,1.46,13.8,14.5,12.7,0.0697
W193717,2055.0,2145.0,2255.0,32.1,19.8,36.8,0.721,0.581,0.103,2.0,0.843,1.5,19400.0,13600.0,33200.0,666.0,452.0,98.2,2150.0,651.0,0.632,12.3,12.9,11.5,0.0155
W193718,2155.0,2265.0,2360.0,51.4,19.3,18.0,0.901,0.963,0.216,3.2,1.1,1.1,33300.0,14100.0,17500.0,892.0,804.0,222.0,3690.0,914.0,0.453,13.5,13.9,12.9,0.0232
W193719,2055.0,2145.0,2245.0,36.8,17.4,31.9,2.1,0.631,0.243,2.0,1.1,1.5,11900.0,6360.0,15400.0,1040.0,262.0,124.0,1150.0,455.0,0.619,6.7,6.91,6.1,0.0232
W193720,2210.0,2330.0,2420.0,51.4,18.6,11.1,5.31,0.896,0.23,3.09,1.1,2.0,37800.0,15500.0,12200.0,5970.0,851.0,268.0,4050.0,1040.0,0.825,15.3,15.8,14.1,0.0387
W193721,2025.0,2120.0,2215.0,42.4,16.9,29.3,0.681,0.647,0.135,2.0,1.1,1.2,17000.0,7680.0,17600.0,417.0,335.0,85.9,1430.0,566.0,0.498,8.3,8.59,7.3,0.0232
W193722,1990.0,2100.0,2210.0,45.2,17.0,24.0,0.721,1.03,0.189,2.6,1.0,1.3,31200.0,13300.0,24800.0,762.0,917.0,207.0,3190.0,887.0,0.539,14.3,14.8,13.3,0.0387
W193723,2040.0,2145.0,2230.0,47.9,16.8,20.7,1.5,1.01,0.284,2.9,1.0,1.9,28100.0,11100.0,18200.0,1340.0,764.0,263.0,3020.0,751.0,0.788,12.1,12.5,11.0,0.031
W193729,2230.0,2345.0,2655.0,39.9,28.1,19.4,1.44,0.979,0.918,0.41,0.68,2.37,7080.0,5640.0,5150.0,390.0,224.0,258.0,129.0,154.0,0.952,3.78,3.8,4.3,0.016
W193855,2690.0,2800.0,2800.0,47.7,27.1,12.4,1.8,0.664,0.918,2.2,1.3,3.2,18000.0,11600.0,6990.0,1040.0,323.0,548.0,1480.0,627.0,1.29,8.0,8.06,7.6,0.0025
W193856,2595.0,2705.0,2800.0,58.1,26.7,10.6,0.61,0.681,2.16,2.0,2.0,0.8,76400.0,39800.0,20900.0,1230.0,1150.0,4510.0,4690.0,3370.0,0.323,27.9,28.2,20.9,0.0052
W193857,1945.0,2050.0,2150.0,32.7,15.8,40.4,1.7,0.365,1.62,0.85,1.0,2.6,14600.0,8000.0,27100.0,1160.0,211.0,1150.0,677.0,573.0,1.05,9.5,9.58,8.2,0.0034
W193862,2300.0,2400.0,2515.0,21.4,15.7,49.1,2.9,0.199,0.459,0.37,0.36,3.0,13500.0,11200.0,46200.0,2790.0,162.0,458.0,414.0,290.0,1.21,13.3,13.5,11.5,0.0023
W193863,2910.0,2910.0,2910.0,54.0,30.0,4.5,0.57,1.33,0.702,4.4,1.2,0.91,54300.0,34100.0,6770.0,876.0,1720.0,1120.0,7880.0,1540.0,0.368,21.3,21.5,24.0,0.0088
W193866,2120.0,2170.0,2370.0,50.5,21.4,17.8,0.8,0.813,1.62,2.5,1.1,1.0,30000.0,14400.0,15800.0,726.0,623.0,1530.0,2640.0,836.0,0.417,12.2,12.7,17.9,0.05
W193881,2420.0,2520.0,2740.0,52.5,25.2,8.1,0.58,2.32,0.837,6.0,1.2,0.72,116000.0,63100.0,26800.0,1960.0,6630.0,2940.0,23600.0,3400.0,0.289,47.2,47.3,29.7,0.063
W193883,2300.0,2410.0,2720.0,51.2,25.3,7.71,0.96,2.32,0.999,5.5,1.24,0.97,102000.0,56900.0,22900.0,2910.0,5950.0,3140.0,19400.0,3150.0,0.4,41.2,42.5,20.98,0.079
W193932,2270.0,2355.0,2445.0,36.1,23.9,15.5,4.5,1.83,0.108,2.0,1.1,6.9,4940.0,3700.0,3170.0,940.0,322.0,23.4,487.0,193.0,2.79,2.9,2.93,3.3,0.036
W193933,2345.0,2425.0,2495.0,31.3,17.2,12.1,14.0,1.31,0.527,0.78,1.2,12.9,8370.0,5210.0,4840.0,5720.0,452.0,223.0,371.0,411.0,5.18,5.7,5.72,7.5,0.033
W193934,2210.0,2310.0,2400.0,27.9,12.8,9.1,19.6,1.64,0.635,0.72,0.88,15.8,15400.0,8020.0,7540.0,16600.0,1170.0,557.0,710.0,623.0,6.35,11.8,11.8,12.4,0.039
W193935,2725.0,2800.0,2800.0,42.1,28.4,3.6,4.0,0.614,0.648,1.6,1.3,0.32,33400.0,25500.0,4280.0,4850.0,628.0,815.0,2260.0,1320.0,0.129,16.9,17.0,16.0,0.013
W193936,2555.0,2645.0,2715.0,49.6,22.6,8.3,2.9,1.2,0.149,2.6,1.4,4.1,35400.0,18300.0,8870.0,3170.0,1100.0,168.0,3310.0,1280.0,1.66,15.1,15.3,15.1,0.022
W193937,2005.0,2115.0,2205.0,23.3,13.2,49.8,1.1,0.365,0.0878,1.1,0.74,1.8,6120.0,3930.0,19600.0,442.0,124.0,36.6,515.0,249.0,0.75,5.4,5.63,5.3,0.019
W193938,2800.0,2800.0,2800.0,47.7,33.8,5.35,2.31,0.498,0.216,2.56,1.24,2.85,10000.0,8020.0,1680.0,741.0,135.0,71.8,956.0,333.0,1.16,4.4,4.49,4.2,0.012
W193939,2800.0,2800.0,2800.0,44.5,31.6,5.6,1.8,0.498,0.203,2.7,1.1,2.3,11500.0,9220.0,2160.0,709.0,165.0,82.7,1240.0,363.0,0.94,5.4,5.52,5.4,0.01
W193940,2115.0,2205.0,2315.0,29.5,21.4,35.9,3.65,0.299,0.176,1.11,0.87,5.41,5170.0,4250.0,9410.0,977.0,67.5,48.8,346.0,195.0,2.25,3.6,3.75,3.4,0.034
W193947,2800.0,2800.0,2800.0,52.9,29.6,4.4,1.3,0.315,0.162,1.8,1.8,1.6,15500.0,9830.0,1930.0,583.0,119.0,75.3,940.0,676.0,0.648,6.2,6.28,6.2,0.018
W193950,2365.0,2490.0,2610.0,42.7,25.1,13.1,2.3,0.979,0.5,3.6,0.83,3.8,20400.0,13600.0,9370.0,1680.0,604.0,379.0,3060.0,508.0,1.54,10.1,10.2,11.3,0.014
W193953,2345.0,2445.0,2535.0,45.6,24.6,9.2,1.9,1.33,0.689,2.4,0.88,5.2,8200.0,5010.0,2480.0,522.0,308.0,196.0,768.0,202.0,2.11,3.8,3.85,4.8,0.032
W193954,2800.0,2800.0,2800.0,62.9,23.8,1.9,0.83,0.332,0.918,0.59,2.3,1.1,13700.0,5860.0,618.0,276.0,93.0,316.0,228.0,640.0,0.445,4.6,4.65,4.0,0.0031
W193955,2800.0,2800.0,2800.0,57.9,28.5,3.0,1.1,0.747,0.189,2.0,1.9,1.4,41200.0,22900.0,3190.0,1200.0,685.0,213.0,2530.0,1730.0,0.576,14.8,15.2,14.0,0.011
W193956,2800.0,2800.0,2800.0,59.2,27.7,1.9,0.66,0.83,0.23,2.9,1.5,0.5,64000.0,33900.0,3070.0,1090.0,1160.0,393.0,5580.0,2080.0,0.207,22.4,23.1,21.7,0.0083
W193957,2800.0,2800.0,2800.0,55.9,29.0,3.4,0.51,1.29,0.378,3.9,1.4,0.75,48700.0,28600.0,4430.0,679.0,1450.0,522.0,6050.0,1560.0,0.309,18.1,18.6,6.0,0.011
W193967,2615.0,2730.0,2800.0,45.8,28.5,10.1,0.66,1.11,0.554,3.5,1.1,1.2,17700.0,12500.0,5840.0,390.0,554.0,339.0,2410.0,544.0,0.484,8.2,8.27,8.1,0.013
W193968,2800.0,2800.0,2800.0,45.1,29.5,7.6,1.1,0.697,1.15,2.0,1.8,1.6,8520.0,6310.0,2150.0,317.0,170.0,343.0,672.0,435.0,0.647,4.0,4.04,5.6,0.0058
W193969,2725.0,2800.0,2800.0,52.3,27.3,6.0,0.7,1.28,0.932,3.4,1.3,1.0,29300.0,17300.0,5030.0,600.0,924.0,828.0,3390.0,933.0,0.403,11.9,12.0,10.9,0.012
W193973,2315.0,2400.0,2515.0,51.1,19.7,7.2,6.8,1.26,0.716,0.69,2.2,2.5,16400.0,7140.0,3450.0,3330.0,521.0,363.0,394.0,902.0,1.01,6.8,6.86,8.3,0.039
W193976,2345.0,2460.0,2560.0,34.2,20.5,8.6,13.5,1.63,1.09,0.27,1.6,5.2,8210.0,5570.0,3090.0,4950.0,503.0,416.0,115.0,491.0,2.09,5.1,5.14,7.3,0.048
W193980,2385.0,2510.0,2625.0,47.8,24.8,9.7,0.79,1.48,0.581,3.9,0.89,1.5,20500.0,12000.0,6220.0,517.0,816.0,394.0,2970.0,488.0,0.604,9.1,9.16,9.6,0.017
W193981,2800.0,2800.0,2800.0,40.3,30.3,8.7,2.3,1.03,0.905,0.61,1.4,3.0,4940.0,4210.0,1600.0,431.0,163.0,176.0,133.0,220.0,1.21,2.6,2.62,3.4,0.019
W193982,2535.0,2645.0,2735.0,53.3,24.8,4.7,3.1,0.73,0.878,0.32,2.0,2.3,17000.0,8970.0,2250.0,1510.0,301.0,444.0,182.0,817.0,0.925,6.8,6.83,7.0,0.016
W193983,2205.0,2315.0,2405.0,37.9,22.1,9.75,8.95,2.32,1.49,0.43,1.36,6.6,8190.0,5410.0,3150.0,2950.0,647.0,509.0,165.0,376.0,2.65,4.6,4.62,4.6,0.046
W193987,2535.0,2650.0,2765.0,56.7,23.6,8.1,1.4,0.847,0.824,0.49,2.1,2.4,16500.0,7780.0,3530.0,623.0,318.0,380.0,254.0,783.0,0.965,6.2,6.23,4.8,0.043
W193988,2800.0,2800.0,2800.0,58.3,25.1,4.3,0.7,0.631,1.03,0.75,2.1,0.78,24900.0,12200.0,2750.0,458.0,348.0,696.0,571.0,1150.0,0.314,9.1,9.16,8.1,0.0081
W193989,2425.0,2505.0,2605.0,38.6,23.8,6.2,8.4,1.99,0.567,1.5,1.2,7.9,14100.0,9870.0,3400.0,4700.0,941.0,329.0,978.0,563.0,3.18,7.8,7.84,9.6,0.042
W193990,2405.0,2475.0,2575.0,37.3,23.8,6.6,9.1,1.99,0.608,0.62,1.8,7.7,12100.0,8740.0,3200.0,4510.0,833.0,312.0,358.0,747.0,3.1,6.9,6.94,8.4,0.027
W193994,2545.0,2650.0,2755.0,41.8,31.3,12.9,1.5,1.26,0.743,2.5,0.86,2.7,10800.0,9140.0,4980.0,591.0,420.0,304.0,1150.0,284.0,1.08,5.5,5.52,6.1,0.011
W194001,2455.0,2565.0,2655.0,50.5,24.3,11.2,1.6,1.03,0.54,1.6,1.2,1.7,22600.0,12300.0,7500.0,1090.0,594.0,383.0,1270.0,687.0,0.686,9.5,9.58,9.4,0.019
W194002,2455.0,2565.0,2655.0,45.7,28.8,8.8,0.83,1.39,1.13,3.6,1.4,1.2,13600.0,9690.0,3910.0,377.0,534.0,534.0,1900.0,532.0,0.484,6.3,6.36,6.3,0.026
W194003,2460.0,2555.0,2665.0,46.2,26.7,9.4,0.95,1.2,0.932,3.8,1.5,1.1,20900.0,13700.0,6370.0,658.0,698.0,669.0,3070.0,870.0,0.444,9.6,9.7,10.0,0.0092
W194010,2800.0,2800.0,2800.0,55.4,26.2,4.9,0.73,1.16,0.608,1.9,1.4,0.79,23400.0,12600.0,3100.0,472.0,634.0,408.0,1430.0,758.0,0.318,9.0,9.06,8.9,0.012
W194011,2255.0,2355.0,2450.0,37.0,20.7,7.2,12.0,1.58,1.49,0.33,1.6,4.2,9370.0,5940.0,2730.0,4650.0,515.0,596.0,149.0,519.0,1.69,5.4,5.42,6.6,0.057
W194015,2545.0,2650.0,2755.0,52.5,26.4,7.6,0.63,1.56,0.594,4.3,1.0,1.3,34600.0,19700.0,7490.0,634.0,1330.0,620.0,5040.0,843.0,0.524,14.0,14.1,17.9,0.016
W194019,2615.0,2715.0,2800.0,49.0,26.4,7.0,0.94,1.26,0.662,3.0,1.1,1.1,18200.0,11100.0,3900.0,535.0,605.0,390.0,1990.0,524.0,0.444,7.9,7.96,6.4,0.019
W194020,2515.0,2605.0,2715.0,52.6,23.8,9.7,0.92,1.11,0.392,3.0,1.1,1.4,23500.0,12000.0,6480.0,628.0,640.0,277.0,2390.0,629.0,0.563,9.5,9.56,11.5,0.15
W194021,2800.0,2800.0,2800.0,48.3,30.4,5.4,0.84,0.913,1.03,2.5,1.1,1.1,14300.0,10200.0,2400.0,381.0,349.0,483.0,1320.0,418.0,0.458,6.1,6.35,6.6,0.0077
W194292,2800.0,2800.0,2800.0,55.5,27.9,4.4,0.92,0.664,0.243,2.2,1.7,0.6,43200.0,24600.0,5120.0,1090.0,666.0,300.0,3050.0,1690.0,0.242,16.5,16.7,16.1,0.0059
W194300,2800.0,2800.0,2800.0,52.0,31.7,4.5,1.1,0.465,0.554,0.76,1.7,0.77,16400.0,11300.0,2130.0,531.0,189.0,277.0,428.0,687.0,0.311,6.7,6.76,19.3,0.0089
W194301,2800.0,2800.0,2800.0,56.7,25.5,8.3,0.7,0.564,0.297,2.1,2.5,0.58,31000.0,15800.0,6780.0,584.0,397.0,257.0,2040.0,1750.0,0.234,11.6,11.7,17.0,0.0092
W194302,2765.0,2800.0,2800.0,45.9,29.0,10.0,0.64,1.16,0.702,5.0,0.91,0.78,26900.0,19200.0,8760.0,572.0,876.0,651.0,5210.0,681.0,0.318,12.3,12.5,20.0,0.0073
W194305,2370.0,2455.0,2555.0,47.0,22.3,13.8,0.77,1.66,0.54,3.9,1.2,1.2,57500.0,30900.0,25300.0,1440.0,2620.0,1050.0,8490.0,1880.0,0.485,25.9,26.2,14.9,0.022
W194306,2005.0,2115.0,2215.0,30.6,12.8,38.4,0.86,0.481,0.149,1.3,0.81,1.4,14600.0,6920.0,27400.0,627.0,296.0,112.0,1100.0,495.0,0.572,10.0,10.2,10.5,0.011
W194307,2115.0,2225.0,2330.0,40.8,18.6,23.7,1.1,0.614,0.176,1.7,1.0,1.8,15800.0,8170.0,13800.0,652.0,307.0,108.0,1170.0,496.0,0.738,8.1,8.3,8.0,0.013
W194308,2005.0,2105.0,2210.0,38.3,19.7,22.6,1.6,0.697,0.176,2.3,1.0,2.1,16500.0,9580.0,14500.0,1050.0,386.0,120.0,1760.0,550.0,0.868,8.9,9.2,9.0,0.02
W194309,2165.0,2270.0,2365.0,40.3,24.2,18.8,0.56,0.946,0.127,3.0,0.95,1.0,33100.0,22500.0,23100.0,703.0,1000.0,165.0,4390.0,999.0,0.414,17.0,17.6,16.5,0.012
W194310,2015.0,2125.0,2235.0,34.8,18.5,30.0,0.7,0.581,0.135,1.9,0.92,1.0,20300.0,12200.0,26100.0,623.0,436.0,125.0,1970.0,686.0,0.412,12.1,12.5,12.3,0.016
W194311,2365.0,2455.0,2555.0,44.4,21.6,15.4,2.8,0.481,0.203,1.1,1.3,2.9,13300.0,7320.0,6900.0,1280.0,186.0,96.1,586.0,498.0,1.2,6.2,6.41,6.1,0.02
W194312,2095.0,2205.0,2315.0,35.6,19.2,27.8,0.94,0.481,0.176,1.7,1.0,1.4,12700.0,7730.0,14800.0,511.0,221.0,98.9,1080.0,455.0,0.576,7.4,7.61,7.9,0.011
W194313,2120.0,2215.0,2305.0,39.7,22.0,22.1,1.1,0.564,0.0945,1.3,1.1,1.8,12700.0,7940.0,10500.0,536.0,232.0,47.8,738.0,449.0,0.756,6.5,6.81,6.3,0.0098
W194314,2005.0,2095.0,2205.0,38.4,12.6,27.4,3.1,0.581,0.243,1.9,0.88,3.9,18900.0,7030.0,20200.0,2330.0,369.0,190.0,1670.0,555.0,1.63,10.1,10.6,12.1,0.016
W194315,2055.0,2135.0,2245.0,42.0,14.5,24.6,0.9,0.764,0.23,2.3,0.97,1.7,19100.0,7480.0,16800.0,627.0,449.0,166.0,1870.0,566.0,0.713,9.3,9.72,9.4,0.015
W194316,1950.0,2050.0,2125.0,20.7,10.1,48.3,0.91,0.448,0.117,1.1,0.8,2.0,10100.0,5570.0,35200.0,677.0,281.0,90.6,953.0,498.0,0.833,10.0,10.4,9.7,0.015
W194317,2075.0,2170.0,2265.0,32.2,18.2,30.5,0.94,0.598,0.0581,1.9,0.76,1.6,10900.0,7000.0,15500.0,488.0,262.0,31.3,1150.0,331.0,0.675,6.9,7.27,6.4,0.019
W194318,2065.0,2155.0,2245.0,22.9,6.5,49.0,1.8,0.465,0.0648,0.4,0.46,2.4,4510.0,1450.0,14400.0,542.0,118.0,20.2,140.0,116.0,1.01,4.0,4.22,3.4,0.029
W194319,2115.0,2205.0,2315.0,15.4,5.5,59.0,0.87,0.365,0.189,0.81,0.41,1.6,6290.0,2540.0,36000.0,543.0,192.0,122.0,589.0,214.0,0.666,8.4,8.74,8.2,0.043
W194320,2055.0,2145.0,2255.0,28.2,16.6,37.2,0.67,0.465,0.176,1.2,1.3,1.0,9150.0,6090.0,18100.0,332.0,194.0,90.2,693.0,540.0,0.421,6.6,6.93,6.5,0.0043
W194321,2155.0,2260.0,2355.0,40.8,20.6,21.8,0.95,0.797,0.243,2.2,1.1,1.8,10100.0,5750.0,8040.0,358.0,253.0,94.9,965.0,347.0,0.759,5.0,5.27,4.6,0.018
W194322,2060.0,2160.0,2250.0,27.8,13.9,37.9,1.3,0.598,0.149,1.2,0.66,2.5,11200.0,6360.0,22900.0,803.0,311.0,95.2,864.0,341.0,1.04,8.3,8.66,5.6,0.026
W194323,2005.0,2115.0,2215.0,36.2,13.2,35.1,0.49,0.465,0.109,1.3,0.89,1.0,22700.0,9370.0,32900.0,469.0,376.0,109.0,1450.0,714.0,0.419,12.8,13.4,11.7,0.015
W194325,2665.0,2765.0,2800.0,49.7,26.2,10.1,0.67,0.349,0.0608,0.76,1.3,0.82,7600.0,4540.0,2310.0,157.0,68.7,14.7,207.0,254.0,0.346,3.1,3.27,3.8,0.0046
W194326,1955.0,2055.0,2155.0,41.3,15.8,25.0,0.96,0.73,0.257,2.3,1.0,1.4,15100.0,6560.0,13700.0,538.0,345.0,149.0,1500.0,469.0,0.571,7.7,7.85,7.5,0.017
W194327,1905.0,2005.0,2110.0,34.7,12.0,22.5,9.3,0.548,0.122,1.7,0.76,4.7,18300.0,7150.0,17700.0,7480.0,372.0,101.0,1590.0,512.0,1.94,10.9,11.3,11.1,0.037
W194328,2050.0,2160.0,2245.0,45.0,18.1,21.2,0.93,0.631,0.783,2.0,1.1,1.3,17800.0,8120.0,12600.0,563.0,322.0,492.0,1410.0,558.0,0.552,8.0,8.48,8.3,0.016
W194329,2045.0,2145.0,2255.0,38.9,15.2,17.8,7.1,0.78,0.149,2.0,0.89,3.8,24700.0,10900.0,16900.0,6880.0,638.0,149.0,2260.0,722.0,1.6,12.9,13.6,12.1,0.033
W194330,2015.0,2125.0,2225.0,22.7,10.2,15.5,18.5,2.82,0.162,0.92,0.54,12.9,15000.0,7650.0,15400.0,18700.0,2410.0,170.0,1090.0,458.0,5.46,13.4,14.2,10.1,0.07
W194331,2455.0,2555.0,2655.0,46.1,26.3,11.3,1.2,1.01,0.203,2.8,1.1,2.2,26400.0,17100.0,9690.0,1050.0,748.0,184.0,2860.0,807.0,0.914,11.8,12.3,11.3,0.01
W194332,1955.0,2055.0,2155.0,37.9,16.3,28.1,0.76,0.498,0.0729,1.3,1.0,1.2,10800.0,5270.0,12000.0,332.0,183.0,33.0,661.0,366.0,0.506,5.8,6.11,5.9,0.013
W194333,2135.0,2245.0,2345.0,39.5,20.4,24.4,0.51,0.398,0.0797,1.4,1.1,0.8,19600.0,11400.0,18100.0,386.0,255.0,62.6,1240.0,698.0,0.339,10.0,10.6,10.3,0.0048
W194334,2165.0,2255.0,2355.0,36.7,19.6,23.7,0.46,0.282,0.0972,0.73,0.97,0.6,16700.0,10100.0,16200.0,321.0,166.0,70.3,593.0,566.0,0.252,9.3,9.73,7.5,0.0082
W194337,2055.0,2155.0,2245.0,38.6,19.2,25.0,0.55,0.664,0.128,1.8,0.87,1.3,24500.0,13800.0,23700.0,533.0,543.0,129.0,2030.0,706.0,0.538,13.1,13.6,13.2,0.015
W194338,2455.0,2555.0,2655.0,44.5,25.7,9.2,2.8,0.88,0.23,1.4,1.4,4.5,5000.0,3270.0,1550.0,481.0,127.0,40.9,280.0,201.0,1.88,2.3,2.41,2.5,0.021
W194339,2155.0,2250.0,2350.0,38.9,22.2,22.4,0.82,0.681,0.116,2.1,1.1,1.3,7770.0,5020.0,6700.0,250.0,175.0,36.8,747.0,281.0,0.556,4.0,4.3,4.0,0.016
W194341,2105.0,2210.0,2315.0,46.2,19.1,18.4,0.74,1.05,0.23,2.6,1.1,1.7,32000.0,15000.0,19100.0,783.0,934.0,252.0,3210.0,975.0,0.71,14.2,14.9,15.3,0.019
W194342,2015.0,2105.0,2205.0,39.7,13.9,23.6,4.8,0.647,0.189,1.7,0.88,2.9,17100.0,6790.0,15200.0,3160.0,360.0,129.0,1310.0,486.0,1.22,8.8,9.2,8.7,0.035
W194343,1955.0,2055.0,2155.0,29.3,13.9,38.4,0.97,0.581,0.122,1.4,0.78,1.9,10200.0,5460.0,19900.0,514.0,260.0,66.8,865.0,346.0,0.795,7.1,7.46,6.8,0.019
W194344,2105.0,2205.0,2315.0,36.0,22.6,22.8,1.1,0.896,0.162,2.3,1.1,1.9,12000.0,8530.0,11400.0,560.0,385.0,85.6,1370.0,469.0,0.798,6.8,7.11,7.0,0.031
W194345,2005.0,2110.0,2215.0,33.4,16.0,27.4,0.55,0.481,0.176,1.5,0.81,3.8,9030.0,4900.0,11100.0,227.0,168.0,75.2,722.0,280.0,1.6,5.5,5.78,4.9,0.011
W194347,2605.0,2705.0,2800.0,50.3,25.1,11.6,0.72,0.598,0.149,2.0,1.3,1.0,19900.0,11300.0,6870.0,436.0,305.0,93.2,1410.0,659.0,0.418,8.1,8.51,7.6,0.0079
W194348,2005.0,2100.0,2195.0,26.9,12.5,31.1,8.4,0.515,0.405,1.4,0.73,6.0,14800.0,7760.0,25500.0,7040.0,364.0,352.0,1370.0,512.0,2.56,11.0,11.8,10.7,0.031
W194349,2065.0,2165.0,2265.0,15.7,8.8,28.4,17.7,0.365,0.0864,0.59,0.42,10.0,7190.0,4560.0,19500.0,12400.0,216.0,62.7,481.0,246.0,4.26,9.2,9.81,8.2,0.063
W194350,1995.0,2105.0,2215.0,22.0,11.8,38.6,5.8,0.448,0.135,0.93,0.62,6.8,8730.0,5300.0,22900.0,3520.0,229.0,85.0,657.0,315.0,2.85,8.1,8.47,7.8,0.034
W194351,2315.0,2410.0,2525.0,43.4,20.9,19.4,1.1,0.515,0.23,1.5,1.1,1.2,20400.0,11100.0,13600.0,790.0,312.0,171.0,1260.0,662.0,0.503,9.6,10.0,9.0,0.0077
W194386,2555.0,2655.0,2800.0,42.3,23.6,8.6,2.6,1.01,0.216,2.8,1.1,0.9,23200.0,14700.0,7070.0,2180.0,717.0,188.0,2740.0,774.0,0.375,11.3,11.8,6.9,0.013
W194387,2800.0,2800.0,2800.0,63.1,22.4,3.3,0.52,0.548,0.122,0.59,2.3,0.1,43300.0,17400.0,3390.0,545.0,484.0,132.0,720.0,2020.0,0.0402,14.6,14.7,12.6,0.012
W194388,2445.0,2555.0,2655.0,49.6,21.9,13.6,0.74,0.647,0.149,2.1,1.1,0.93,21200.0,10600.0,8690.0,483.0,357.0,101.0,1600.0,601.0,0.386,8.8,9.14,8.6,0.018
W194395,2800.0,2800.0,2800.0,50.5,29.0,6.6,0.42,1.06,0.297,3.5,1.3,0.8,101000.0,65700.0,19800.0,1280.0,2740.0,943.0,12500.0,3330.0,0.327,41.9,42.8,44.9,0.027
W194396,2330.0,2425.0,2535.0,39.9,21.9,23.3,0.43,0.764,0.176,2.3,1.0,1.0,25500.0,15900.0,22300.0,420.0,630.0,178.0,2620.0,818.0,0.415,13.2,13.7,15.8,0.024
W194397,2115.0,2215.0,2320.0,32.2,13.6,30.9,4.7,0.614,0.162,2.0,0.79,1.9,20600.0,9860.0,29600.0,4600.0,507.0,164.0,2280.0,648.0,0.795,13.1,13.8,12.7,0.024
W194412,2570.0,2660.0,2755.0,45.9,28.7,8.9,1.9,0.979,1.49,1.6,1.7,3.9,7380.0,5220.0,2140.0,467.0,203.0,378.0,458.0,350.0,1.58,3.4,3.44,5.5,0.027
W194466,2455.0,2555.0,2650.0,33.7,29.6,6.8,6.3,1.33,0.162,2.3,1.3,9.8,15300.0,15200.0,4630.0,4380.0,779.0,117.0,1860.0,757.0,4.29,8.9,9.73,8.7,0.044
W194467,2505.0,2605.0,2695.0,46.7,24.9,14.3,0.53,0.73,0.176,2.5,1.8,0.57,51200.0,30900.0,23500.0,888.0,1030.0,305.0,4880.0,2530.0,0.23,23.3,23.5,22.7,0.0068
W194468,2560.0,2655.0,2745.0,46.7,27.5,13.7,0.43,0.847,0.203,2.6,1.5,0.76,65600.0,43700.0,28800.0,923.0,1530.0,451.0,6500.0,2700.0,0.308,29.7,30.1,29.3,0.007
W194469,2455.0,2565.0,2655.0,53.9,20.4,11.6,0.93,1.34,0.189,2.7,1.2,2.0,59000.0,25300.0,19000.0,1560.0,1900.0,328.0,5270.0,1680.0,0.833,22.5,23.4,25.5,0.021
W194471,2495.0,2605.0,2700.0,40.7,21.4,23.4,1.8,0.647,0.149,0.54,1.1,2.9,7070.0,4210.0,6090.0,478.0,145.0,40.9,167.0,245.0,1.17,3.7,3.72,25.4,0.088
W194472,2415.0,2515.0,2615.0,52.5,28.5,6.3,0.94,0.73,0.189,2.9,1.4,1.0,66500.0,40800.0,11900.0,1820.0,1190.0,379.0,6540.0,2270.0,0.403,26.9,27.1,21.0,0.0042
W194473,2755.0,2800.0,2800.0,50.7,23.1,12.3,0.72,0.664,0.176,2.6,1.4,1.0,34400.0,17700.0,12500.0,746.0,581.0,189.0,3140.0,1220.0,0.403,14.4,14.5,18.4,0.0039
W194474,2305.0,2405.0,2500.0,57.8,22.8,8.5,0.88,0.448,0.203,1.6,1.9,0.4,76900.0,34300.0,16900.0,1790.0,768.0,427.0,3790.0,3230.0,0.161,28.2,28.5,10.5,0.0053
W194853,2800.0,2800.0,2800.0,52.6,29.9,4.5,0.67,1.01,0.473,4.3,1.2,1.0,43400.0,27900.0,5550.0,844.0,1080.0,618.0,6310.0,1270.0,0.406,17.4,17.6,10.5,0.016
W194854,2800.0,2800.0,2800.0,41.7,32.8,5.8,2.8,0.813,0.446,3.2,1.5,3.2,16700.0,14900.0,3470.0,1710.0,420.0,283.0,2280.0,768.0,1.31,8.4,8.57,9.3,0.014
W194855,2445.0,2545.0,2655.0,49.3,24.0,8.3,2.8,0.88,1.16,0.38,2.0,4.2,5850.0,3230.0,1470.0,508.0,135.0,219.0,80.3,304.0,1.71,2.5,2.54,3.1,0.053
W194951,1940.0,2060.0,2380.0,33.8,21.9,24.7,1.5,1.06,0.27,1.5,0.95,2.5,12300.0,9050.0,13500.0,837.0,500.0,156.0,975.0,444.0,1.04,7.5,7.81,5.8,0.028
W194952,2545.0,2645.0,2755.0,42.2,29.5,10.1,3.2,0.847,0.297,2.5,1.2,3.2,31200.0,24700.0,11200.0,3620.0,807.0,348.0,3290.0,1140.0,1.3,15.6,15.8,15.3,0.013
W194953,2800.0,2800.0,2800.0,53.5,27.2,5.0,0.67,1.08,0.311,2.9,2.0,0.8,71500.0,41200.0,10000.0,1370.0,1860.0,658.0,6900.0,3420.0,0.324,28.3,28.6,19.7,0.0092
W194954,2125.0,2245.0,2355.0,38.2,20.7,21.5,3.3,0.797,0.257,1.7,1.3,3.8,25700.0,15800.0,21600.0,3390.0,691.0,273.0,2040.0,1120.0,1.54,14.2,14.4,14.7,0.02
W194956,2800.0,2800.0,2800.0,53.4,34.0,2.6,0.69,0.365,0.162,1.3,2.2,0.6,36100.0,26000.0,2630.0,714.0,319.0,174.0,1570.0,1910.0,0.245,14.2,14.5,13.0,0.013
W194957,2800.0,2800.0,2800.0,47.6,37.4,2.7,0.59,0.78,0.257,2.9,2.1,0.53,40900.0,36400.0,3470.0,775.0,865.0,350.0,4440.0,2310.0,0.216,18.1,18.4,14.3,0.0069
W194958,2155.0,2245.0,2355.0,40.2,20.1,19.6,2.4,0.647,0.756,1.2,1.2,2.2,13100.0,7430.0,9580.0,1200.0,273.0,392.0,698.0,502.0,0.892,6.9,6.99,6.0,0.017
W194959,2055.0,2155.0,2265.0,30.2,14.9,34.9,1.5,0.581,0.338,1.6,0.85,2.4,12000.0,6690.0,20700.0,910.0,297.0,212.0,1130.0,432.0,0.971,8.4,8.49,7.4,0.024
W194960,2155.0,2255.0,2365.0,34.4,17.8,29.1,1.8,0.498,0.473,1.0,1.1,2.7,13900.0,8130.0,17600.0,1110.0,259.0,302.0,718.0,568.0,1.1,8.5,8.63,8.5,0.033
W194961,2105.0,2210.0,2350.0,40.2,21.7,19.6,2.2,0.764,0.311,1.8,1.3,2.7,18300.0,11200.0,13400.0,1530.0,448.0,224.0,1460.0,758.0,1.1,9.6,9.75,8.7,0.026
W194962,2435.0,2545.0,2650.0,45.1,23.2,13.3,2.5,0.83,0.23,2.1,1.3,3.0,14600.0,8480.0,6430.0,1230.0,346.0,118.0,1210.0,537.0,1.22,6.8,6.91,6.3,0.018
W194963,1955.0,2055.0,2150.0,26.0,15.6,31.6,4.6,0.813,0.675,0.77,0.9,7.5,12400.0,8440.0,22600.0,3360.0,501.0,511.0,655.0,550.0,3.04,10.1,10.2,10.7,0.037
W194964,2045.0,2150.0,2255.0,40.3,20.8,23.6,1.7,0.797,0.257,1.7,1.0,2.7,18700.0,10900.0,16400.0,1210.0,478.0,189.0,1410.0,595.0,1.1,9.8,9.95,9.4,0.025
W194965,1960.0,2055.0,2175.0,35.1,19.9,25.4,2.2,0.647,0.567,1.3,1.1,3.7,12800.0,8220.0,13900.0,1230.0,305.0,328.0,845.0,514.0,1.5,7.7,7.81,9.4,0.021
W194968,2305.0,2405.0,2515.0,45.7,20.9,14.6,2.1,0.681,0.365,1.5,1.5,3.5,14200.0,7330.0,6770.0,994.0,272.0,179.0,827.0,595.0,1.43,6.5,6.63,6.4,0.017
W194969,2120.0,2215.0,2305.0,36.6,18.0,14.5,8.2,0.88,0.621,1.1,1.1,6.2,14800.0,8260.0,8800.0,5080.0,460.0,399.0,794.0,571.0,2.5,8.6,8.68,7.5,0.026
W194970,2205.0,2320.0,2415.0,39.3,24.6,21.7,1.7,0.531,0.189,1.5,0.9,2.5,14000.0,9900.0,11500.0,924.0,243.0,107.0,950.0,409.0,1.01,7.5,7.61,8.0,0.015
W194971,2145.0,2235.0,2330.0,44.4,16.7,20.0,3.0,0.73,0.216,2.3,0.88,3.5,30700.0,13100.0,20700.0,3170.0,652.0,237.0,2830.0,779.0,1.42,14.6,14.8,13.0,0.055
W194972,2165.0,2255.0,2365.0,41.0,23.3,17.1,2.7,0.797,0.243,1.7,1.3,3.8,12600.0,8140.0,7890.0,1270.0,317.0,119.0,934.0,513.0,1.54,6.5,6.6,7.3,0.014
W194973,2795.0,2800.0,2800.0,49.8,25.6,6.6,1.9,0.564,0.513,1.8,1.5,1.9,14900.0,8690.0,2960.0,870.0,218.0,244.0,961.0,576.0,0.774,6.3,6.42,6.1,0.0079
W194974,2045.0,2135.0,2215.0,29.6,16.9,26.4,4.7,0.697,0.27,1.5,1.1,6.7,10500.0,6800.0,14000.0,2550.0,319.0,152.0,949.0,500.0,2.72,7.5,7.61,6.7,0.029
W194975,2205.0,2315.0,2415.0,39.7,21.9,15.7,5.4,0.797,0.27,1.8,1.1,4.0,14000.0,8710.0,8260.0,2900.0,361.0,150.0,1130.0,495.0,1.63,7.4,7.52,7.7,0.03
W194976,2155.0,2245.0,2355.0,36.7,21.9,18.3,4.6,0.697,0.378,1.3,1.0,5.4,15000.0,10100.0,11200.0,2870.0,366.0,244.0,944.0,522.0,2.19,8.6,8.72,10.1,0.041
W194977,2115.0,2215.0,2320.0,27.8,19.0,21.0,8.1,0.813,0.594,1.4,0.93,7.2,8720.0,6750.0,9860.0,3880.0,329.0,295.0,782.0,373.0,2.93,6.6,6.71,6.4,0.026
W194978,2165.0,2255.0,2360.0,44.7,19.5,21.6,0.8,0.531,0.216,2.3,1.1,1.1,34300.0,16900.0,24800.0,938.0,525.0,263.0,3140.0,1080.0,0.446,16.2,16.4,16.1,0.019
W194979,2255.0,2355.0,2460.0,49.3,19.3,14.5,1.8,0.83,0.351,2.5,1.2,2.5,28500.0,12700.0,12600.0,1590.0,620.0,322.0,2580.0,889.0,1.02,12.1,12.4,11.1,0.02
W194980,2105.0,2195.0,2305.0,32.5,20.7,22.3,4.1,1.01,0.783,2.1,0.97,6.0,9730.0,7020.0,9990.0,1880.0,391.0,372.0,1120.0,372.0,2.44,6.3,6.41,6.3,0.02
W194981,2055.0,2140.0,2255.0,30.0,17.1,28.6,3.8,0.764,0.351,1.4,0.87,5.6,10600.0,6820.0,15100.0,2040.0,347.0,196.0,878.0,392.0,2.28,7.4,7.54,7.6,0.025
W194982,2005.0,2115.0,2225.0,24.1,14.8,31.2,7.6,0.764,0.189,1.3,0.74,8.5,7220.0,5020.0,14000.0,3480.0,295.0,89.7,693.0,284.0,3.46,6.3,6.41,6.8,0.059
W194983,1995.0,2105.0,2230.0,29.5,14.7,30.4,4.4,0.78,0.203,1.5,0.85,6.0,11200.0,6340.0,17300.0,2560.0,383.0,122.0,1020.0,415.0,2.45,8.0,8.16,7.7,0.038
W194984,2505.0,2615.0,2705.0,58.5,21.4,6.6,0.83,0.88,0.27,2.4,1.2,1.3,26000.0,10800.0,4390.0,564.0,504.0,190.0,1900.0,683.0,0.526,9.4,9.52,11.6,0.0093
W194985,2705.0,2795.0,2800.0,55.3,22.8,4.9,1.2,0.946,0.446,2.7,1.6,1.6,19700.0,9190.0,2610.0,653.0,434.0,251.0,1710.0,729.0,0.65,7.5,7.62,6.3,0.013
W194986,2655.0,2750.0,2800.0,50.0,28.6,6.8,0.74,0.979,0.446,3.3,1.2,1.1,19100.0,12300.0,3880.0,431.0,481.0,269.0,2240.0,585.0,0.443,8.1,8.16,7.4,0.0093
W194987,2245.0,2345.0,2460.0,41.1,26.1,15.0,1.6,1.16,0.567,3.3,1.1,2.4,6000.0,4320.0,3280.0,357.0,219.0,131.0,858.0,206.0,0.968,3.1,3.13,4.9,0.011
W194988,2550.0,2650.0,2765.0,44.1,28.1,7.8,2.8,1.03,1.62,0.77,1.6,5.0,6700.0,4840.0,1770.0,650.0,202.0,390.0,208.0,311.0,2.03,3.2,3.25,3.4,0.055
W194989,2800.0,2800.0,2800.0,50.3,28.2,8.8,1.2,0.365,0.581,0.72,1.4,1.6,11400.0,7200.0,2970.0,414.0,106.0,208.0,289.0,404.0,0.644,4.8,4.83,4.6,0.0057
W194990,2245.0,2355.0,2475.0,42.3,22.4,16.9,1.0,0.797,0.743,2.8,1.1,1.5,8580.0,5140.0,5130.0,310.0,208.0,239.0,1010.0,285.0,0.606,4.3,4.34,4.2,0.0099
W195005,2800.0,2800.0,2800.0,56.3,30.0,2.9,0.43,0.531,0.162,2.5,2.1,0.33,37900.0,22800.0,2920.0,442.0,461.0,173.0,2990.0,1810.0,0.136,14.0,14.4,13.2,0.0046
W195009,2105.0,2205.0,2315.0,42.6,12.9,25.8,1.8,0.714,0.216,2.0,0.52,2.8,14700.0,5050.0,13400.0,951.0,318.0,118.0,1230.0,230.0,1.15,7.2,7.4,8.6,0.19
W195012,2105.0,2210.0,2315.0,34.7,20.3,22.6,4.2,0.465,0.149,1.7,0.62,6.8,4840.0,3210.0,4720.0,896.0,83.7,32.9,423.0,111.0,2.8,2.9,2.99,2.9,0.0055
W195013,1955.0,2060.0,2155.0,37.6,16.0,23.3,4.2,1.29,0.432,2.7,0.68,5.4,8100.0,3900.0,7510.0,1380.0,360.0,148.0,1040.0,188.0,2.21,4.5,4.61,4.2,0.14
W195016,2800.0,2800.0,2800.0,58.9,27.3,4.1,0.96,0.847,0.351,2.5,1.5,0.84,57800.0,30300.0,6020.0,1440.0,1070.0,546.0,4370.0,1880.0,0.343,20.6,21.0,20.9,0.024
W195017,2055.0,2165.0,2255.0,46.0,21.8,17.9,1.4,0.515,0.189,1.7,1.8,2.2,23200.0,12500.0,13500.0,1080.0,335.0,151.0,1530.0,1160.0,0.897,10.6,10.8,9.4,0.0078
W195020,1955.0,2060.0,2160.0,20.6,14.8,21.6,16.3,0.647,0.297,0.96,1.0,14.4,3810.0,3100.0,5980.0,4610.0,154.0,87.1,316.0,237.0,5.85,3.9,3.96,3.3,0.014
W195021,2055.0,2150.0,2265.0,45.4,26.1,12.3,2.6,0.631,0.851,1.0,1.8,3.2,7340.0,4780.0,2980.0,642.0,131.0,218.0,288.0,372.0,1.3,3.4,3.46,3.7,0.0064
W195024,2800.0,2800.0,2800.0,56.6,30.5,3.0,1.2,0.714,0.486,1.9,2.2,1.2,12300.0,7530.0,979.0,400.0,201.0,168.0,738.0,614.0,0.487,4.6,4.67,4.3,0.0063
W195029,2800.0,2800.0,2800.0,55.0,27.5,3.1,2.1,0.664,0.77,1.5,2.0,2.8,16200.0,9160.0,1370.0,944.0,252.0,359.0,786.0,753.0,1.16,6.1,6.3,6.0,0.0087
W195030,2800.0,2800.0,2800.0,64.2,22.1,2.7,1.5,0.365,0.189,0.6,2.8,1.8,19800.0,7700.0,1240.0,705.0,145.0,92.2,329.0,1100.0,0.741,6.4,6.59,7.1,0.009
W195031,2800.0,2800.0,2800.0,49.9,36.2,2.6,1.6,0.481,0.54,1.6,1.1,1.7,10800.0,8870.0,842.0,529.0,134.0,185.0,617.0,305.0,0.7,4.5,4.63,5.1,0.0059
W195032,2800.0,2800.0,2800.0,56.7,29.2,2.7,0.85,0.465,0.675,1.4,2.0,0.7,30700.0,17900.0,2190.0,704.0,325.0,580.0,1350.0,1390.0,0.288,11.3,11.6,10.3,0.0046
W195033,2675.0,2785.0,2800.0,45.0,29.6,7.0,1.8,1.13,0.729,4.1,0.96,2.7,15000.0,11200.0,3500.0,919.0,486.0,386.0,2440.0,410.0,1.12,6.9,7.15,6.7,0.013
W195036,2365.0,2465.0,2555.0,40.5,28.0,4.9,5.4,1.13,1.89,1.4,1.7,9.2,3290.0,2580.0,596.0,671.0,118.0,243.0,203.0,177.0,3.76,1.7,1.74,1.7,0.02
W195037,2655.0,2760.0,2800.0,51.6,26.7,4.0,3.1,0.83,0.864,0.45,2.4,4.3,7900.0,4630.0,917.0,725.0,164.0,210.0,123.0,470.0,1.76,3.2,3.28,3.4,0.0059
W195038,2755.0,2800.0,2800.0,46.5,35.5,3.7,2.0,0.531,0.662,1.6,1.6,2.6,9480.0,8190.0,1130.0,623.0,140.0,214.0,581.0,417.0,1.05,4.3,4.36,4.0,0.0061
W195039,2655.0,2745.0,2745.0,47.3,28.0,8.2,1.5,0.797,1.12,3.1,1.4,2.2,10800.0,7200.0,2790.0,521.0,233.0,404.0,1250.0,407.0,0.892,4.8,4.86,7.1,0.0065
W195044,2425.0,2540.0,2645.0,45.3,26.0,16.4,1.4,0.415,0.527,0.95,1.8,1.5,28200.0,18300.0,15300.0,1330.0,333.0,520.0,1050.0,1440.0,0.606,13.2,13.3,12.6,0.02
W195045,2800.0,2800.0,2800.0,56.1,27.2,2.7,3.6,0.498,0.216,0.69,2.8,3.0,26300.0,14400.0,1890.0,2570.0,300.0,160.0,575.0,1680.0,1.23,9.8,10.0,10.2,0.029
W195046,2800.0,2800.0,2800.0,47.4,32.2,6.6,1.1,0.714,0.338,2.9,1.3,1.2,17700.0,13600.0,3680.0,627.0,343.0,199.0,1930.0,620.0,0.491,7.8,7.98,8.8,0.0062
W195047,2800.0,2800.0,2800.0,50.5,31.3,3.2,0.92,0.78,0.392,4.0,1.4,1.9,13300.0,9360.0,1260.0,371.0,266.0,164.0,1880.0,473.0,0.767,5.6,5.65,5.4,0.0077
W195048,2045.0,2160.0,2260.0,36.8,23.2,20.2,1.6,0.498,1.3,1.6,1.1,2.5,4170.0,2980.0,3430.0,277.0,72.8,233.0,323.0,160.0,1.01,2.4,2.43,4.2,0.021
W195054,2655.0,2755.0,2800.0,43.2,27.1,6.7,3.2,0.963,0.797,1.8,1.3,6.0,7390.0,5250.0,1720.0,837.0,212.0,216.0,549.0,285.0,2.44,3.6,3.66,4.4,0.012
W195055,2415.0,2540.0,2615.0,40.3,28.1,8.6,4.1,0.963,0.716,1.9,1.1,6.4,4260.0,3360.0,1360.0,662.0,131.0,120.0,357.0,149.0,2.63,2.2,2.26,2.4,0.015
W195056,2195.0,2305.0,2425.0,42.8,23.1,20.9,1.3,0.481,0.297,1.5,1.3,1.6,17600.0,10800.0,12900.0,817.0,255.0,194.0,1100.0,685.0,0.648,8.7,8.81,9.4,0.0089
W195057,2665.0,2765.0,2800.0,52.9,27.9,6.8,1.1,0.515,0.27,2.1,1.7,1.6,24800.0,14800.0,4780.0,789.0,311.0,201.0,1750.0,1020.0,0.649,9.9,10.0,9.0,0.0043
W195058,2425.0,2540.0,2615.0,48.6,28.0,3.8,6.6,0.647,0.432,1.6,1.4,5.2,10100.0,6620.0,1190.0,2110.0,174.0,143.0,595.0,374.0,2.11,4.4,4.47,5.5,0.021
W195060,2800.0,2800.0,2800.0,53.9,30.9,4.9,1.1,0.697,0.527,1.7,1.8,1.3,16100.0,10400.0,2190.0,502.0,268.0,249.0,904.0,688.0,0.527,6.3,6.39,5.1,0.0045
W195061,2800.0,2800.0,2800.0,65.4,24.5,2.6,0.82,0.382,0.338,1.7,1.9,0.83,24000.0,10200.0,1430.0,459.0,180.0,196.0,1110.0,891.0,0.338,7.7,7.84,7.1,0.002
W195062,2800.0,2800.0,2800.0,59.8,26.0,4.3,0.69,0.581,0.311,1.5,2.1,0.82,35500.0,17500.0,3820.0,625.0,444.0,292.0,1580.0,1590.0,0.333,12.5,12.7,13.3,0.005
W195066,2510.0,2610.0,2715.0,48.0,27.4,4.9,2.9,0.697,0.392,1.9,1.5,4.0,6830.0,4410.0,1040.0,630.0,128.0,88.2,481.0,273.0,1.62,3.0,3.04,3.4,0.0032
W195067,2465.0,2580.0,2665.0,48.2,28.8,6.0,1.6,1.03,0.567,4.1,1.5,2.3,23100.0,15600.0,4300.0,1170.0,635.0,430.0,3490.0,919.0,0.933,10.1,10.2,10.3,0.0093
W195068,2345.0,2455.0,2575.0,48.9,26.9,8.9,2.0,0.614,0.594,1.7,1.6,3.2,17000.0,10600.0,4630.0,1060.0,275.0,327.0,1050.0,711.0,1.3,7.3,7.44,7.0,0.015
W195133,2305.0,2405.0,2495.0,50.0,24.3,3.9,6.5,0.963,0.216,0.64,2.3,3.4,36700.0,20200.0,4280.0,7290.0,911.0,251.0,837.0,2160.0,1.37,15.6,15.7,12.6,0.044
W195134,2505.0,2615.0,2715.0,50.5,23.4,6.4,0.99,1.66,0.311,5.2,1.1,1.8,33400.0,17500.0,6330.0,1000.0,1410.0,325.0,6120.0,930.0,0.727,14.0,14.1,10.4,0.02
W195135,2055.0,2165.0,2255.0,13.9,6.2,28.3,17.6,2.16,0.149,0.81,0.37,14.1,5690.0,2870.0,17300.0,11000.0,1140.0,96.4,590.0,194.0,5.68,8.7,8.76,7.4,0.043
W195137,2255.0,2360.0,2465.0,56.4,21.1,5.3,3.7,1.16,0.23,2.3,1.4,3.1,57900.0,24500.0,8140.0,5800.0,1540.0,373.0,4200.0,1840.0,1.25,21.8,22.0,15.3,0.033
W195439,2545.0,2655.0,2755.0,45.6,28.5,9.2,1.8,1.58,0.365,3.2,1.1,3.1,11300.0,8020.0,3420.0,684.0,505.0,144.0,1420.0,350.0,1.27,5.2,5.32,4.6,0.032
W195440,2800.0,2800.0,2800.0,62.7,25.7,3.0,0.56,0.747,0.189,2.8,2.6,0.49,90300.0,41900.0,6460.0,1230.0,1390.0,431.0,7180.0,4790.0,0.198,30.5,30.8,30.9,0.0056
W195441,2800.0,2800.0,2800.0,51.8,31.0,4.0,1.3,0.598,0.446,2.4,1.5,2.1,14500.0,9830.0,1680.0,556.0,216.0,198.0,1200.0,537.0,0.853,5.9,5.99,5.7,0.0056
W195442,2800.0,2800.0,2800.0,55.2,30.2,4.3,0.65,1.29,0.216,4.0,1.2,0.76,37300.0,23100.0,4350.0,672.0,1130.0,232.0,4820.0,1040.0,0.31,14.2,14.5,17.0,0.0098
W195443,2800.0,2800.0,2800.0,57.7,26.5,5.2,0.67,0.963,0.473,3.4,1.2,0.97,36500.0,19000.0,4920.0,647.0,784.0,473.0,3820.0,970.0,0.394,13.3,13.5,14.0,0.0075
W195444,2155.0,2255.0,2355.0,43.2,25.0,12.3,2.4,1.38,0.527,2.4,1.1,4.0,10400.0,6810.0,4430.0,882.0,427.0,201.0,1030.0,339.0,1.62,5.1,5.15,4.4,0.032
W196283,2105.0,2215.0,2305.0,52.6,30.4,5.6,0.69,0.681,0.324,2.7,1.8,0.79,19400.0,12700.0,3100.0,389.0,324.0,190.0,1780.0,851.0,0.32,7.8,7.91,6.0,0.0073
W196287,2095.0,2205.0,2315.0,26.0,14.8,41.3,1.2,0.664,0.338,1.4,0.86,2.1,13100.0,8470.0,31200.0,927.0,433.0,270.0,1260.0,556.0,0.849,10.7,10.8,11.2,0.017
W196288,2715.0,2800.0,2800.0,55.7,26.4,3.8,1.4,0.946,0.716,2.5,1.5,2.1,20400.0,10900.0,2080.0,782.0,446.0,415.0,1630.0,702.0,0.854,7.7,7.83,8.2,0.0066
W196289,2545.0,2655.0,2755.0,48.3,26.7,3.9,4.3,0.664,0.797,1.2,1.7,3.1,11700.0,7300.0,1410.0,1590.0,207.0,305.0,516.0,525.0,1.26,5.1,5.17,4.9,0.0059
W196290,2515.0,2615.0,2755.0,55.7,24.0,6.6,0.52,2.16,0.284,5.4,1.2,0.73,45000.0,21900.0,7970.0,641.0,2250.0,363.0,7760.0,1240.0,0.295,17.1,17.3,16.6,0.025
W196439,2000.0,2120.0,2240.0,43.6,19.7,21.8,1.2,0.598,0.419,2.6,1.1,1.7,18000.0,9230.0,13500.0,759.0,319.0,274.0,1920.0,582.0,0.708,8.5,8.85,8.2,0.014
W196594,2800.0,2800.0,2800.0,54.9,28.1,2.8,2.0,0.398,0.257,1.5,1.5,1.0,25500.0,14800.0,1950.0,1420.0,239.0,189.0,1240.0,893.0,0.41,9.7,9.95,9.1,0.018
W196654,2560.0,2610.0,2730.0,74.3,7.7,5.2,3.9,0.813,0.176,0.88,1.1,5.9,153000.0,18000.0,16000.0,12300.0,2160.0,573.0,3230.0,2900.0,2.72,38.2,42.9,23.9,0.074
W197299,2080.0,2260.0,2460.0,42.0,22.2,27.2,1.49,0.681,0.324,1.78,1.14,2.69,10800.0,6450.0,10400.0,584.0,225.0,132.0,813.0,374.0,1.09,5.4,5.49,6.4,0.02
W197300,2910.0,2910.0,2910.0,54.2,30.4,6.28,1.31,0.448,0.446,0.88,1.83,1.7,12100.0,7650.0,2090.0,446.0,129.0,157.0,349.0,522.0,0.69,4.7,4.77,6.2,0.0052
W197303,2250.0,2300.0,2350.0,38.7,23.7,8.97,8.95,1.61,0.972,3.59,1.0,8.28,15400.0,10700.0,5330.0,5430.0,825.0,612.0,2540.0,508.0,3.35,8.4,8.5,6.1,0.053
W197304,2140.0,2190.0,2350.0,32.8,21.2,14.7,9.49,1.99,1.2,2.28,0.85,13.1,6680.0,4890.0,4480.0,2950.0,522.0,387.0,826.0,221.0,5.28,4.3,4.35,4.4,0.086
W197305,2080.0,2180.0,2280.0,34.1,20.8,18.9,17.2,1.83,0.581,2.47,0.94,11.1,6590.0,4560.0,5470.0,5080.0,456.0,178.0,851.0,233.0,4.48,4.1,4.14,2.9,0.18
W197306,2180.0,2230.0,2330.0,41.5,22.3,10.2,7.91,1.49,0.621,2.55,1.16,9.85,12300.0,7490.0,4540.0,3590.0,573.0,293.0,1350.0,441.0,3.98,6.3,6.36,6.0,0.046
W197308,2300.0,2350.0,2530.0,43.0,23.0,8.19,8.9,1.66,0.311,1.64,1.2,5.76,17400.0,10600.0,4980.0,5520.0,869.0,200.0,1190.0,623.0,2.33,8.6,8.69,9.4,0.028
W198542,2080.0,2180.0,2400.0,38.7,23.3,28.0,2.2,0.681,0.243,1.05,1.29,2.87,11700.0,8010.0,12700.0,1020.0,266.0,117.0,567.0,500.0,1.16,6.4,6.48,5.7,0.0083
W198543,2780.0,2910.0,2910.0,62.2,25.1,3.28,0.59,0.797,0.203,2.9,2.41,0.59,81000.0,37000.0,6390.0,1170.0,1340.0,418.0,6730.0,4020.0,0.237,27.7,27.9,6.9,0.006
W198978,2155.0,2260.0,2355.0,43.3,17.4,28.2,2.48,0.697,0.351,1.87,0.82,3.57,21100.0,9580.0,20500.0,1840.0,437.0,270.0,1620.0,510.0,1.47,10.1,10.4,8.5,0.018
W198979,2105.0,2205.0,2315.0,48.7,19.4,27.2,0.8,0.531,0.23,1.56,0.96,0.08,26900.0,12200.0,22500.0,676.0,379.0,201.0,1540.0,680.0,0.0327,11.6,11.8,10.4,0.0079
W198980,2080.0,2130.0,2300.0,41.5,22.0,29.5,0.7,0.531,0.23,1.67,0.9,1.27,19000.0,11400.0,20200.0,491.0,314.0,167.0,1360.0,528.0,0.53,9.4,9.84,7.2,0.0093
W198981,2800.0,2800.0,2800.0,56.6,26.3,8.89,0.75,1.1,0.365,2.46,1.24,1.18,88800.0,46800.0,20900.0,1800.0,2220.0,907.0,6880.0,2490.0,0.481,33.0,33.6,35.1,0.0089
W198984,2155.0,2255.0,2355.0,49.7,23.6,19.8,0.82,0.664,0.257,1.79,1.16,1.42,25600.0,13700.0,15300.0,646.0,441.0,210.0,1640.0,765.0,0.58,10.8,11.0,9.6,0.011
W198985,2605.0,2715.0,2800.0,48.9,20.9,16.7,2.32,0.548,0.284,2.14,1.13,4.89,19800.0,9550.0,10100.0,1430.0,286.0,182.0,1540.0,585.0,1.99,8.5,8.66,31.5,0.015
W198986,2030.0,2130.0,2330.0,48.0,21.1,23.4,0.74,0.847,0.189,2.58,0.92,1.35,47700.0,23700.0,34800.0,1120.0,1080.0,297.0,4560.0,1170.0,0.554,20.7,21.2,8.2,0.012
W198987,1990.0,2040.0,2260.0,42.1,15.1,18.6,7.55,2.99,0.203,1.94,0.74,5.65,34200.0,13800.0,22600.0,9360.0,3120.0,260.0,2800.0,768.0,2.32,16.9,17.4,9.7,0.039
W198988,2190.0,2270.0,2490.0,50.8,23.6,15.3,0.87,0.93,0.243,2.84,1.05,1.56,42400.0,22300.0,19100.0,1110.0,1000.0,321.0,4220.0,1120.0,0.64,17.4,17.9,16.1,0.012
W198990,2005.0,2100.0,2210.0,45.5,22.0,27.0,1.22,0.664,0.257,1.82,1.08,2.03,19700.0,10800.0,17500.0,809.0,372.0,176.0,1410.0,600.0,0.829,9.1,9.29,11.5,0.019
W198991,2005.0,2115.0,2205.0,21.1,14.8,53.1,2.6,0.382,0.297,0.37,0.39,4.91,7700.0,6100.0,29000.0,1450.0,180.0,172.0,241.0,182.0,2.05,7.5,7.81,11.7,0.067
W199000,2800.0,2800.0,2800.0,49.8,34.7,5.19,0.94,0.481,1.16,1.43,1.04,1.5,16500.0,13000.0,2570.0,475.0,205.0,609.0,843.0,441.0,0.625,6.8,7.08,5.4,0.004
W199001,2800.0,2800.0,2800.0,48.8,34.3,5.91,0.98,0.548,1.09,1.27,0.97,1.41,15700.0,12500.0,2840.0,481.0,227.0,557.0,726.0,399.0,0.588,6.6,6.88,6.4,0.0054
W199004,2300.0,2420.0,2515.0,36.1,28.1,11.4,4.64,1.83,0.27,1.91,0.61,9.3,22300.0,19600.0,10500.0,4380.0,1460.0,265.0,2100.0,483.0,3.88,12.7,13.2,11.2,0.24
W199007,2800.0,2800.0,2800.0,44.6,32.1,7.47,2.57,0.714,0.81,1.96,1.02,2.95,15600.0,12700.0,3920.0,1380.0,323.0,450.0,1220.0,457.0,1.23,7.2,7.5,6.6,0.014
W199008,2800.0,2800.0,2800.0,49.4,35.9,3.62,0.83,0.614,0.351,1.48,1.5,0.47,36600.0,30100.0,4010.0,938.0,586.0,412.0,1950.0,1420.0,0.196,15.2,15.8,14.8,0.03
W199009,2800.0,2800.0,2800.0,52.5,35.1,2.42,0.61,0.664,0.257,1.47,1.57,0.7,42400.0,32100.0,2930.0,753.0,692.0,329.0,2110.0,1620.0,0.292,16.6,17.3,14.3,0.0059
W199011,2405.0,2510.0,2615.0,43.0,27.3,15.7,2.19,0.73,0.405,2.78,0.89,3.47,25300.0,18200.0,13800.0,1970.0,555.0,378.0,2920.0,671.0,1.45,12.1,12.6,5.8,0.23
W199012,2340.0,2460.0,2580.0,41.0,29.6,15.0,2.13,0.963,0.743,2.76,0.92,3.27,13600.0,11100.0,7430.0,1080.0,411.0,390.0,1630.0,390.0,1.36,6.8,7.08,5.1,0.086
W199013,2110.0,2160.0,2260.0,34.6,19.1,18.4,8.44,1.11,0.189,1.22,0.74,13.9,16000.0,9980.0,12700.0,5960.0,663.0,139.0,1000.0,438.0,5.8,9.5,9.9,7.3,0.34
W199014,2550.0,2650.0,2910.0,31.5,42.1,11.1,1.78,0.465,0.554,1.3,0.59,6.17,14300.0,21600.0,7510.0,1230.0,271.0,397.0,1050.0,342.0,2.57,9.3,9.69,7.3,0.027
W199015,2910.0,2910.0,2910.0,41.7,34.6,3.89,4.28,1.18,0.675,1.53,0.85,7.28,11200.0,10500.0,1560.0,1750.0,407.0,286.0,729.0,291.0,3.03,5.5,5.73,4.9,0.022
W199016,2910.0,2910.0,2910.0,43.0,33.2,3.23,4.97,1.23,0.567,1.38,0.97,7.45,17600.0,15400.0,1980.0,3110.0,648.0,368.0,1000.0,508.0,3.1,8.4,8.75,7.8,0.073
W199017,2910.0,2910.0,2910.0,44.1,32.7,3.34,5.04,0.93,0.5,1.44,1.0,8.43,15000.0,12600.0,1700.0,2620.0,408.0,270.0,874.0,436.0,3.51,7.0,7.29,6.7,0.076
W199018,2180.0,2280.0,2500.0,36.2,25.1,13.1,6.82,1.83,0.54,1.85,0.78,11.4,22400.0,17600.0,12100.0,6440.0,1460.0,529.0,2040.0,617.0,4.76,12.7,13.2,9.2,1.1
W199022,2910.0,2910.0,2910.0,45.8,30.9,13.7,0.91,0.913,0.675,2.57,0.95,1.71,19000.0,14500.0,8480.0,575.0,487.0,443.0,1890.0,503.0,0.713,8.5,8.85,9.1,0.021
W199023,2910.0,2910.0,2910.0,45.5,34.8,9.42,1.26,0.797,0.945,2.18,0.9,2.08,13100.0,11300.0,4050.0,553.0,295.0,430.0,1110.0,331.0,0.867,5.9,6.15,6.5,0.014
W199024,2620.0,2720.0,2910.0,40.1,26.6,23.2,1.06,0.797,0.473,2.02,1.29,1.99,13700.0,10300.0,11800.0,552.0,350.0,255.0,1230.0,562.0,0.829,7.0,7.29,5.7,0.019
W199324,2260.0,2310.0,2490.0,36.1,30.8,13.8,4.91,1.05,1.76,1.4,0.66,7.84,3950.0,3820.0,2260.0,821.0,148.0,304.0,273.0,92.4,3.19,2.3,2.34,1.9,0.014
W199325,2910.0,2910.0,2910.0,44.3,34.9,3.83,3.68,0.681,0.81,0.41,1.2,5.36,5390.0,4810.0,697.0,684.0,107.0,156.0,88.8,187.0,2.23,2.5,2.6,2.5,0.0063
W199326,2910.0,2910.0,2910.0,47.7,38.2,3.62,1.75,0.88,0.284,2.8,0.89,2.14,15400.0,14000.0,1750.0,865.0,367.0,145.0,1610.0,369.0,0.872,6.8,6.93,10.2,0.0089
W199418,2910.0,2910.0,2910.0,53.7,34.4,2.71,2.38,0.531,0.27,2.8,2.03,0.81,43100.0,31300.0,3260.0,2920.0,550.0,344.0,4010.0,2090.0,0.33,16.9,17.2,15.7,0.0061
W199419,2910.0,2910.0,2910.0,58.1,30.8,2.02,1.88,0.266,0.189,1.56,2.18,2.18,34800.0,20900.0,1810.0,1720.0,205.0,179.0,1660.0,1670.0,0.908,12.3,12.8,11.6,0.0067
W199420,2910.0,2910.0,2910.0,51.9,32.4,8.72,0.86,0.249,0.162,1.17,2.71,0.95,28300.0,20000.0,7110.0,716.0,175.0,140.0,1140.0,1890.0,0.385,11.5,11.7,11.1,0.0085
W199421,2410.0,2530.0,2830.0,49.0,25.4,17.8,1.39,0.415,0.189,0.98,1.41,1.77,16500.0,9640.0,8930.0,713.0,180.0,101.0,586.0,606.0,0.738,6.9,7.19,6.9,0.038
W199422,2080.0,2200.0,2410.0,38.9,21.2,22.8,6.32,0.913,0.702,1.26,1.01,6.48,15000.0,9230.0,13100.0,3720.0,453.0,429.0,864.0,498.0,2.61,8.2,8.24,8.9,0.023
W199423,2000.0,2080.0,2280.0,34.7,19.3,32.3,5.16,0.78,0.756,0.98,0.75,5.08,13900.0,8710.0,19300.0,3150.0,401.0,478.0,696.0,383.0,2.12,8.2,8.54,7.9,0.027
W199424,2040.0,2090.0,2410.0,45.5,20.7,22.8,3.88,0.979,1.31,1.08,1.21,4.25,17300.0,8910.0,13000.0,2250.0,479.0,788.0,730.0,588.0,1.77,7.8,8.13,8.4,0.018
W199425,2910.0,2910.0,2910.0,56.4,32.8,3.94,0.64,0.515,0.149,2.25,2.67,0.63,35300.0,23300.0,3700.0,613.0,416.0,148.0,2510.0,2140.0,0.256,13.2,13.4,12.9,0.0059
W199465,2410.0,2460.0,2780.0,40.4,26.4,13.5,6.37,0.88,0.392,0.52,1.13,9.69,7690.0,5690.0,3860.0,1850.0,216.0,118.0,176.0,276.0,3.95,4.0,4.08,3.8,0.026
W199466,1980.0,2030.0,2150.0,39.1,23.2,19.5,5.49,0.764,0.608,0.8,1.01,9.35,4280.0,2880.0,3190.0,918.0,108.0,105.0,156.0,141.0,3.81,2.3,2.34,2.2,0.028
W199467,2160.0,2240.0,2440.0,35.4,28.2,20.9,3.54,0.88,1.49,1.12,1.47,6.57,5890.0,5310.0,5190.0,898.0,188.0,391.0,331.0,312.0,2.67,3.5,3.55,2.8,0.016
W199468,2520.0,2540.0,2540.0,47.8,25.6,11.8,1.24,0.913,0.527,3.29,1.07,2.06,13800.0,8400.0,5110.0,550.0,341.0,242.0,1700.0,397.0,0.838,6.1,6.21,5.6,0.0096
W199561,2140.0,2190.0,2470.0,36.7,24.1,33.0,1.17,0.531,0.103,1.08,0.92,1.72,14200.0,10600.0,19100.0,691.0,265.0,62.9,744.0,455.0,0.73,7.8,8.28,7.7,0.032
W199562,2130.0,2230.0,2580.0,30.3,18.3,46.3,1.03,0.448,0.126,1.31,0.78,1.63,18200.0,12400.0,41600.0,944.0,347.0,119.0,1400.0,599.0,0.686,12.2,12.8,9.4,0.0094
W199563,2140.0,2260.0,2440.0,39.2,22.6,30.0,1.57,0.498,0.243,1.1,1.12,2.39,20000.0,13100.0,22900.0,1230.0,328.0,197.0,1000.0,733.0,0.996,10.5,10.9,10.1,0.028
W199564,2120.0,2170.0,2350.0,45.4,17.4,29.8,0.95,0.847,0.135,2.18,0.91,1.76,38100.0,16600.0,37500.0,1220.0,918.0,180.0,3260.0,979.0,0.736,17.2,18.1,15.0,0.028
W199565,2140.0,2240.0,2540.0,34.1,21.3,40.2,0.83,0.398,0.176,1.07,0.64,1.42,26100.0,18500.0,46000.0,969.0,393.0,213.0,1460.0,626.0,0.592,15.7,16.4,14.7,0.014
W199566,2130.0,2180.0,2520.0,39.3,22.1,33.0,0.79,0.531,0.13,1.91,1.07,1.11,38200.0,24300.0,48100.0,1180.0,667.0,200.0,3310.0,1330.0,0.467,19.8,20.8,11.6,0.014
W199567,2000.0,2140.0,2330.0,34.5,21.3,36.2,1.56,0.448,0.324,0.93,0.66,2.17,20800.0,14600.0,32700.0,1440.0,349.0,310.0,999.0,510.0,0.904,12.4,12.9,13.9,0.019
W199571,2130.0,2250.0,2540.0,38.3,28.3,23.0,3.36,0.382,0.405,0.58,0.68,3.39,21900.0,18300.0,19700.0,2940.0,282.0,367.0,591.0,498.0,1.42,11.7,12.3,15.9,0.016
W199572,1960.0,2140.0,2530.0,30.4,19.3,45.2,0.69,0.332,0.243,1.09,0.55,1.23,28800.0,20700.0,64000.0,998.0,405.0,365.0,1840.0,666.0,0.514,19.4,20.3,19.2,0.011
W199573,2150.0,2300.0,2520.0,43.6,26.1,22.5,1.22,0.847,0.162,1.81,0.94,1.57,13300.0,9030.0,10300.0,569.0,333.0,78.4,984.0,367.0,0.673,6.1,6.51,5.4,0.016
W199574,1940.0,1990.0,2280.0,37.1,17.5,39.2,1.0,0.847,0.107,1.89,0.84,1.87,22400.0,12000.0,35400.0,922.0,659.0,102.0,2030.0,649.0,0.792,12.2,12.9,11.8,0.034
W199575,1960.0,2010.0,2240.0,36.8,16.5,38.7,1.05,0.813,0.13,2.04,0.83,2.0,24000.0,12100.0,37600.0,1040.0,682.0,134.0,2360.0,691.0,0.844,13.2,13.9,11.8,0.034
W199576,2020.0,2070.0,2380.0,45.6,21.5,25.1,1.54,0.664,0.243,1.67,1.0,2.32,24200.0,12900.0,19900.0,1250.0,454.0,204.0,1580.0,679.0,0.975,10.8,11.3,9.2,0.022
W199577,1980.0,2030.0,2450.0,36.7,19.2,36.7,1.43,0.614,0.13,1.43,1.15,2.19,22700.0,13500.0,34000.0,1350.0,490.0,127.0,1580.0,911.0,0.921,12.6,13.2,9.5,0.021
W199578,2410.0,2460.0,2880.0,43.5,26.6,21.0,0.97,0.847,0.203,2.73,1.15,1.69,27100.0,18700.0,19500.0,922.0,679.0,200.0,3020.0,916.0,0.72,12.5,13.3,10.5,0.01
W199579,1940.0,1990.0,2200.0,31.8,14.4,47.3,1.55,0.415,0.116,0.87,0.95,2.39,13000.0,6660.0,28900.0,967.0,218.0,75.1,632.0,496.0,1.01,8.3,8.73,7.6,0.025
W199580,1980.0,2070.0,2450.0,44.5,20.6,25.3,1.59,0.664,0.176,1.87,1.49,2.67,41900.0,21900.0,35600.0,2290.0,805.0,262.0,3130.0,1790.0,1.12,19.2,20.1,17.4,0.019
W199581,2070.0,2110.0,2150.0,46.3,26.1,15.9,0.63,0.88,0.203,2.78,1.55,1.29,54700.0,34900.0,28100.0,1140.0,1340.0,379.0,5850.0,2340.0,0.526,24.8,25.3,23.8,0.013
W199582,2910.0,2910.0,2910.0,51.4,26.8,13.6,0.7,0.598,0.189,1.97,1.14,0.94,29700.0,17500.0,11700.0,618.0,445.0,173.0,2030.0,843.0,0.381,12.2,12.4,11.9,0.0032
W199583,2070.0,2120.0,2180.0,20.4,13.8,58.2,1.35,0.448,0.126,0.81,0.4,2.05,9120.0,6950.0,38900.0,921.0,258.0,88.8,644.0,229.0,0.833,9.4,9.55,9.0,0.044
W199584,2910.0,2910.0,2910.0,49.1,35.8,5.3,0.99,0.365,0.189,1.41,1.38,0.62,20800.0,17200.0,3360.0,641.0,199.0,127.0,1060.0,748.0,0.258,8.7,9.06,8.1,0.0084
W199585,2910.0,2910.0,2910.0,59.3,27.9,4.14,0.64,0.664,0.162,2.18,1.3,0.7,40600.0,21600.0,4240.0,669.0,586.0,176.0,2660.0,1140.0,0.283,14.5,14.6,13.8,0.0057
W199586,2460.0,2530.0,2910.0,40.9,29.9,7.13,4.36,1.26,0.351,2.3,0.8,8.3,17600.0,14600.0,4600.0,2870.0,701.0,240.0,1770.0,441.0,3.56,8.6,9.2,6.7,0.068
W199587,2910.0,2910.0,2910.0,51.2,29.0,10.5,0.78,0.631,0.162,2.05,1.1,1.06,26400.0,16900.0,8100.0,613.0,418.0,132.0,1880.0,724.0,0.428,10.9,11.0,10.4,0.0075
W199588,2200.0,2250.0,2500.0,39.5,24.2,6.05,7.64,1.99,0.513,1.62,1.13,13.8,6750.0,4670.0,1550.0,1990.0,439.0,139.0,493.0,247.0,5.78,3.5,3.66,4.5,0.061
W199589,2745.0,2855.0,2910.0,52.9,25.3,13.5,0.74,0.498,0.189,1.69,1.18,1.04,27200.0,14700.0,10400.0,581.0,330.0,154.0,1550.0,776.0,0.42,10.9,11.0,11.2,0.0049
W199590,2015.0,2120.0,2205.0,40.8,20.7,28.5,1.28,0.515,0.189,1.16,1.6,1.88,21000.0,12000.0,22000.0,1010.0,342.0,154.0,1060.0,1050.0,0.761,10.9,11.0,10.0,0.013
W199591,2455.0,2555.0,2645.0,51.1,27.5,11.6,1.05,0.946,0.216,2.56,1.12,1.54,26400.0,16100.0,8980.0,828.0,630.0,177.0,2350.0,740.0,0.624,10.9,11.0,6.8,0.013
W199592,2715.0,2810.0,2900.0,54.9,28.0,8.27,0.64,0.681,0.203,2.38,1.42,0.87,37100.0,21400.0,8350.0,660.0,592.0,217.0,2860.0,1230.0,0.352,14.3,14.4,14.7,0.006
W199593,2910.0,2910.0,2910.0,49.7,34.2,4.67,1.29,0.631,0.216,2.05,1.3,1.73,20400.0,15900.0,2870.0,810.0,334.0,141.0,1500.0,684.0,0.708,8.6,8.8,7.3,0.1
W199594,2015.0,2115.0,2205.0,28.8,17.0,47.1,0.8,0.432,0.23,1.68,0.87,1.27,22700.0,15200.0,55500.0,964.0,439.0,287.0,2360.0,878.0,0.513,16.7,16.9,14.4,0.0094
W199595,2315.0,2415.0,2505.0,36.9,30.9,11.5,3.91,1.29,0.203,2.53,1.42,7.56,8500.0,8070.0,3970.0,1380.0,385.0,74.0,1040.0,419.0,3.17,4.7,4.92,3.9,0.051
W199596,2910.0,2910.0,2910.0,53.0,36.2,1.2,0.77,0.332,0.13,1.42,1.82,1.01,28700.0,22100.0,971.0,636.0,231.0,111.0,1370.0,1260.0,0.41,11.4,11.6,10.7,0.0042
W199597,2255.0,2355.0,2465.0,42.0,22.5,25.5,1.4,0.398,0.162,0.83,1.27,1.97,16300.0,9860.0,14800.0,829.0,199.0,99.5,573.0,630.0,0.797,8.2,8.29,8.1,0.0084
W199599,2040.0,2140.0,2250.0,41.2,22.4,26.9,0.84,0.614,0.23,2.55,1.1,1.33,25800.0,15900.0,25300.0,805.0,496.0,228.0,2850.0,883.0,0.541,13.2,13.4,12.6,0.012
W199600,2080.0,2340.0,2580.0,33.7,25.5,30.1,1.38,0.465,0.107,1.12,1.28,1.97,13900.0,12000.0,18600.0,873.0,248.0,70.0,826.0,678.0,0.803,8.7,8.86,8.5,0.0077
W199601,2070.0,2120.0,2400.0,20.3,14.0,56.6,1.7,0.515,0.134,0.71,0.56,2.71,6180.0,4810.0,25800.0,790.0,202.0,64.5,385.0,218.0,1.1,6.4,6.51,5.4,0.022
W199602,2910.0,2910.0,2910.0,47.7,37.8,3.41,0.39,0.614,0.257,3.47,1.82,0.44,45500.0,40700.0,4860.0,568.0,754.0,387.0,5880.0,2220.0,0.178,20.2,20.4,18.6,0.006
W199603,2910.0,2910.0,2910.0,51.7,37.8,1.57,0.81,0.481,0.149,2.29,1.73,0.9,28400.0,23500.0,1290.0,680.0,341.0,129.0,2240.0,1220.0,0.365,11.6,11.8,11.9,0.0052
W199604,2250.0,2360.0,2640.0,43.3,26.4,17.0,1.77,0.83,0.284,1.41,0.8,2.87,8970.0,6200.0,5270.0,561.0,222.0,93.2,521.0,212.0,1.19,4.3,4.44,4.2,0.013
W199605,2140.0,2190.0,2460.0,43.1,24.4,20.3,1.16,0.498,0.162,1.39,1.23,1.07,34200.0,21900.0,24000.0,1410.0,509.0,204.0,1960.0,1250.0,0.438,16.6,17.0,15.9,0.004
W199606,2530.0,2580.0,2910.0,52.4,26.3,7.5,1.04,0.896,0.203,3.09,1.24,1.46,36600.0,20800.0,7850.0,1110.0,808.0,225.0,3850.0,1110.0,0.611,14.3,15.0,12.9,0.0042
W199608,2910.0,2910.0,2910.0,47.2,30.4,9.03,1.17,1.29,0.216,4.17,0.99,1.33,24200.0,17600.0,6930.0,917.0,856.0,176.0,3810.0,650.0,0.546,10.7,11.0,10.2,0.05
W199609,2910.0,2910.0,2910.0,54.6,28.7,3.51,1.81,0.714,0.959,2.11,1.95,2.05,26700.0,15900.0,2570.0,1350.0,450.0,743.0,1840.0,1220.0,0.833,10.3,10.5,8.6,0.025
W199610,2430.0,2480.0,2730.0,49.3,26.7,13.3,0.79,0.681,0.176,2.75,1.51,1.0,34800.0,21300.0,14000.0,851.0,618.0,196.0,3450.0,1360.0,0.405,14.9,15.1,13.9,0.0055
W199611,2910.0,2910.0,2910.0,47.2,29.4,14.0,0.64,0.647,0.203,2.46,1.26,0.75,28600.0,20200.0,12700.0,593.0,506.0,195.0,2660.0,978.0,0.304,12.8,13.0,11.6,0.006
W199612,2350.0,2400.0,2890.0,46.0,25.4,17.7,0.78,0.83,0.189,2.85,1.2,0.92,36700.0,23000.0,21200.0,952.0,854.0,239.0,4050.0,1230.0,0.372,16.9,17.1,14.8,0.0086
W199613,2620.0,2790.0,2910.0,46.3,24.3,18.7,0.79,0.813,0.243,2.8,1.19,1.1,19500.0,11600.0,11800.0,508.0,441.0,162.0,2100.0,641.0,0.445,8.9,9.01,8.0,0.0087
W199614,2350.0,2410.0,2570.0,46.2,25.3,19.3,0.97,0.664,0.203,1.96,1.45,1.21,28000.0,17400.0,17500.0,898.0,519.0,195.0,2110.0,1120.0,0.49,12.8,13.0,12.9,0.0065
W199615,2005.0,2115.0,2205.0,22.0,14.1,54.3,1.75,0.382,0.107,0.66,0.76,2.47,10400.0,7570.0,38600.0,1270.0,234.0,80.4,559.0,462.0,1.03,9.79,10.2,12.4,0.018
W199620,1905.0,2015.0,2115.0,27.3,17.3,47.4,1.39,0.398,0.203,1.11,0.71,2.06,11600.0,8330.0,30200.0,904.0,219.0,137.0,841.0,387.0,0.85,8.83,9.11,8.5,0.034
W199621,1905.0,2005.0,2115.0,31.0,19.6,40.8,1.16,0.681,0.176,1.64,0.69,1.68,21000.0,15000.0,41300.0,1200.0,594.0,188.0,1980.0,598.0,0.696,14.0,14.5,10.0,0.024
W199622,1915.0,2010.0,2115.0,27.6,14.8,46.0,2.93,0.448,0.243,1.04,0.69,3.48,10900.0,6630.0,27200.0,1770.0,229.0,152.0,732.0,349.0,1.44,8.18,8.47,8.7,0.046
W199623,1955.0,2055.0,2160.0,35.9,17.1,38.2,1.16,0.631,0.189,1.68,0.85,1.81,18300.0,9850.0,29200.0,904.0,415.0,153.0,1530.0,555.0,0.752,10.5,10.9,9.3,0.017
W199627,1905.0,2005.0,2110.0,30.2,14.5,47.0,0.82,0.531,0.203,1.39,0.69,1.38,28400.0,15400.0,66200.0,1180.0,644.0,302.0,2330.0,830.0,0.57,19.5,20.1,17.3,0.02
W199628,2105.0,2210.0,2305.0,40.5,22.0,28.3,1.3,0.581,0.176,1.36,0.93,1.79,22100.0,13600.0,23100.0,1090.0,409.0,152.0,1320.0,650.0,0.741,11.3,11.7,9.9,0.022
W199629,2350.0,2570.0,2730.0,40.1,24.6,24.2,1.69,0.664,0.23,1.38,0.79,2.42,26600.0,18500.0,24000.0,1710.0,568.0,241.0,1630.0,671.0,1.0,13.7,14.2,10.9,0.021
W199630,2005.0,2115.0,2205.0,31.7,17.3,41.7,1.02,0.598,0.176,1.34,0.68,1.59,20600.0,12700.0,40700.0,1010.0,501.0,181.0,1550.0,566.0,0.656,13.5,13.9,10.9,0.018
W199631,2005.0,2105.0,2205.0,28.2,30.4,44.5,0.8,0.199,0.124,0.41,0.6,0.95,18100.0,22000.0,42600.0,782.0,164.0,126.0,467.0,491.0,0.394,13.2,13.7,11.9,0.0093
W199632,2405.0,2505.0,2605.0,40.2,25.2,25.0,1.42,0.515,0.149,1.17,0.98,1.68,12200.0,8650.0,11300.0,657.0,201.0,71.3,631.0,380.0,0.7,6.22,6.48,6.3,0.015
W199633,2910.0,2910.0,2910.0,50.8,28.3,12.9,0.99,0.448,0.107,1.1,1.38,0.89,39900.0,25200.0,15200.0,1190.0,454.0,133.0,1540.0,1390.0,0.379,15.8,16.8,13.9,0.0064
W199634,2800.0,2800.0,2800.0,41.7,32.7,17.5,0.92,0.432,0.105,0.71,1.56,1.09,21300.0,18900.0,13400.0,717.0,284.0,85.2,645.0,1020.0,0.449,10.6,10.9,10.4,0.0083
W199635,2005.0,2115.0,2205.0,42.0,22.8,23.5,1.45,0.946,0.27,1.93,1.08,2.31,23700.0,14600.0,19800.0,1250.0,689.0,242.0,1940.0,781.0,0.954,11.7,12.1,10.2,0.032
W199636,2110.0,2210.0,2310.0,29.9,22.9,34.8,2.01,0.631,0.216,1.4,0.99,2.89,7790.0,6760.0,13600.0,800.0,212.0,89.2,649.0,330.0,1.2,5.35,5.58,4.6,0.01
W199639,2680.0,2910.0,2910.0,57.6,29.2,4.93,0.84,0.498,0.0149,1.25,1.67,0.89,23200.0,13300.0,2970.0,517.0,259.0,9.48,897.0,861.0,0.38,8.08,8.65,4.8,0.0067
W199680,2680.0,2840.0,2910.0,45.8,30.2,15.1,1.33,0.266,0.162,0.64,2.16,2.14,20000.0,15000.0,9880.0,890.0,150.0,113.0,499.0,1210.0,0.892,9.0,9.38,10.1,0.0098
W199687,2910.0,2910.0,2910.0,51.6,28.8,11.0,0.47,0.515,0.162,1.9,1.39,0.24,49100.0,31000.0,15600.0,684.0,632.0,245.0,3220.0,1690.0,0.0974,20.1,20.4,21.9,0.0036
W199695,2790.0,2910.0,2910.0,43.9,25.0,23.3,1.2,0.465,0.176,1.42,1.18,1.27,14500.0,9370.0,11600.0,608.0,199.0,92.2,838.0,501.0,0.515,7.0,7.09,7.8,0.012
W199741,2055.0,2155.0,2255.0,47.2,18.8,27.5,1.85,0.398,0.351,1.17,1.13,1.76,28900.0,13000.0,25200.0,1730.0,315.0,341.0,1280.0,887.0,0.716,12.9,13.1,12.0,0.0096
W199742,2155.0,2250.0,2360.0,27.1,15.8,46.6,3.22,0.448,0.365,1.55,0.75,3.14,11700.0,7740.0,30100.0,2120.0,249.0,249.0,1190.0,414.0,1.28,9.09,9.24,9.3,0.037
W199914,2000.0,2050.0,2330.0,40.2,18.8,28.5,2.5,0.681,0.419,1.7,0.85,3.33,29100.0,15500.0,30900.0,2770.0,636.0,481.0,2200.0,789.0,1.39,14.9,15.5,16.7,0.018
W199915,2130.0,2230.0,2410.0,26.4,15.5,46.5,4.06,0.415,0.297,1.3,0.72,2.98,12900.0,8540.0,33900.0,3020.0,260.0,229.0,1130.0,449.0,1.24,10.0,10.4,11.7,0.044
W199916,2110.0,2210.0,2320.0,45.0,23.0,21.8,1.75,0.747,0.365,2.31,1.05,1.86,34400.0,19900.0,24900.0,2040.0,736.0,442.0,3140.0,1030.0,0.775,15.7,16.4,14.6,0.02
W199917,2080.0,2110.0,2140.0,28.4,15.2,50.7,1.11,0.232,0.311,0.76,0.75,2.09,27500.0,16600.0,73500.0,1640.0,290.0,477.0,1310.0,930.0,0.871,19.9,20.7,23.1,0.011
W199918,2070.0,2100.0,2130.0,32.8,17.1,43.2,1.3,0.382,0.216,1.5,1.01,2.02,28900.0,17100.0,57000.0,1750.0,434.0,302.0,2350.0,1140.0,0.842,18.1,18.9,23.2,0.013
W199919,2150.0,2210.0,2510.0,31.9,21.9,27.7,3.03,0.415,0.284,1.28,0.92,5.92,14700.0,11400.0,19100.0,2130.0,247.0,207.0,1050.0,543.0,2.47,9.47,9.86,9.3,0.026
W199920,2105.0,2215.0,2310.0,39.7,20.9,28.3,3.15,0.515,0.297,1.54,1.36,2.42,23800.0,14200.0,25300.0,2880.0,397.0,282.0,1640.0,1040.0,1.01,12.3,12.8,12.7,0.017
W199921,2355.0,2455.0,2555.0,50.8,23.8,16.0,0.64,0.896,0.392,2.32,1.31,1.18,52100.0,27600.0,24500.0,1000.0,1190.0,637.0,4240.0,1720.0,0.492,21.1,22.0,19.7,0.013
W199922,2005.0,2105.0,2205.0,31.1,19.5,40.6,2.18,0.448,0.297,1.47,0.99,2.43,18200.0,12900.0,35500.0,1950.0,338.0,275.0,1530.0,740.0,1.01,12.0,12.5,12.3,0.031
W199923,2090.0,2140.0,2510.0,29.6,19.1,42.7,2.34,0.465,0.257,1.4,0.82,2.55,11900.0,8720.0,25800.0,1440.0,242.0,164.0,1000.0,423.0,1.06,8.28,8.63,10.8,0.034
W199924,2800.0,2800.0,2800.0,54.3,28.6,6.11,0.37,1.21,0.635,3.95,1.04,0.78,121000.0,72300.0,20400.0,1260.0,3480.0,2240.0,15700.0,2970.0,0.325,45.8,47.7,47.2,0.021
W199926,2140.0,2240.0,2420.0,23.1,11.3,53.7,4.12,0.299,0.162,0.61,0.51,3.99,12700.0,7040.0,44200.0,3460.0,212.0,141.0,597.0,359.0,1.66,11.3,11.8,13.2,0.018
W199927,2140.0,2190.0,2390.0,26.8,25.2,31.0,0.82,0.631,0.5,1.85,0.76,1.46,19900.0,21100.0,34300.0,927.0,602.0,586.0,2440.0,720.0,0.608,15.2,15.8,14.8,0.075
W199928,2405.0,2510.0,2610.0,51.9,26.3,10.8,1.53,0.88,0.392,2.44,1.32,1.92,42400.0,24400.0,13200.0,1910.0,928.0,508.0,3550.0,1380.0,0.8,16.8,17.5,15.7,0.019
W199929,2415.0,2505.0,2605.0,50.1,22.7,18.2,0.46,0.73,0.324,2.36,1.29,1.12,78600.0,40300.0,42700.0,1100.0,1480.0,805.0,6590.0,2590.0,0.467,32.2,33.5,31.5,0.0092
W199933,2205.0,2305.0,2405.0,32.4,20.7,34.5,1.82,0.382,0.257,1.01,0.87,1.31,13600.0,9830.0,21700.0,1170.0,207.0,171.0,755.0,467.0,0.533,8.83,8.98,9.3,0.022
W199934,2105.0,2205.0,2315.0,40.4,21.1,21.6,3.45,0.697,0.297,1.84,0.95,2.75,32800.0,19400.0,26200.0,4270.0,728.0,382.0,2660.0,985.0,1.12,17.1,17.3,17.3,0.033
W199935,2560.0,2650.0,2755.0,46.7,23.9,16.9,0.79,0.863,0.392,2.54,1.2,0.76,38500.0,22300.0,20800.0,996.0,918.0,512.0,3730.0,1270.0,0.308,17.4,17.6,15.8,0.016
W199936,2110.0,2210.0,2305.0,39.2,21.2,28.5,1.14,0.531,0.311,1.67,0.9,1.06,35100.0,21600.0,38300.0,1560.0,614.0,441.0,2670.0,1030.0,0.428,19.0,19.2,24.8,0.014
W199937,2560.0,2655.0,2745.0,46.5,27.0,10.7,3.01,0.93,0.365,2.49,1.25,1.0,27800.0,18300.0,9600.0,2750.0,717.0,346.0,2650.0,957.0,0.407,12.6,12.8,11.0,0.016
W199939,2155.0,2255.0,2355.0,22.8,15.3,51.9,2.29,0.299,0.216,0.31,0.37,2.21,10300.0,7830.0,35100.0,1580.0,174.0,155.0,250.0,214.0,0.897,9.54,9.68,9.2,0.019
W199940,2055.0,2155.0,2255.0,36.4,24.2,26.2,2.38,0.581,0.338,1.66,1.18,1.92,13500.0,10200.0,14500.0,1350.0,278.0,199.0,1100.0,561.0,0.78,7.83,7.95,9.2,0.019
W199941,2105.0,2215.0,2315.0,44.5,19.6,26.6,0.43,0.548,0.23,1.78,0.89,0.32,38700.0,19300.0,34600.0,571.0,614.0,316.0,2750.0,990.0,0.13,18.3,18.6,17.1,0.013
W199942,2515.0,2605.0,2705.0,48.6,23.3,16.2,0.96,0.813,0.365,2.38,1.19,0.76,47500.0,25800.0,23700.0,1430.0,1020.0,565.0,4140.0,1490.0,0.309,20.6,20.9,20.4,0.02
W199943,2115.0,2205.0,2305.0,41.2,19.1,26.1,1.64,0.714,0.338,2.18,0.95,2.2,36600.0,19200.0,34800.0,2230.0,818.0,476.0,3450.0,1080.0,0.891,18.8,19.0,20.3,0.021
W199944,2415.0,2515.0,2610.0,51.0,24.8,9.08,1.76,1.03,0.473,2.57,1.29,1.66,44500.0,24500.0,11900.0,2350.0,1160.0,653.0,3990.0,1440.0,0.674,18.4,18.7,15.6,0.02
W199945,2455.0,2555.0,2650.0,51.3,25.3,9.67,1.34,0.564,0.311,1.92,1.66,1.25,31800.0,17800.0,8980.0,1270.0,451.0,305.0,2120.0,1320.0,0.507,13.1,13.3,14.8,0.013
W199946,2205.0,2305.0,2405.0,37.1,22.2,28.9,0.28,0.631,0.405,2.65,1.05,0.49,54900.0,37100.0,63900.0,633.0,1200.0,949.0,6980.0,1990.0,0.199,31.2,31.6,19.2,0.014
W199947,2505.0,2615.0,2705.0,47.1,26.8,9.17,3.08,0.896,0.419,2.97,1.0,2.56,56600.0,36500.0,16500.0,5660.0,1390.0,798.0,6360.0,1540.0,1.04,25.3,25.7,26.5,0.019
W199948,2055.0,2155.0,2255.0,40.5,17.6,21.1,5.47,0.515,0.392,1.22,0.73,5.65,21800.0,10700.0,17000.0,4500.0,357.0,334.0,1170.0,503.0,2.3,11.3,11.5,10.5,0.016
W199949,2140.0,2190.0,2490.0,43.0,23.3,24.1,1.57,0.564,0.0945,0.99,1.03,2.83,9680.0,5940.0,8120.0,540.0,164.0,33.7,397.0,297.0,1.21,4.5,4.79,3.2,0.012
W199950,2140.0,2250.0,2850.0,40.9,26.2,22.6,1.86,0.813,0.243,1.88,1.06,3.26,15900.0,11500.0,13100.0,1100.0,406.0,149.0,1300.0,525.0,1.37,7.9,8.26,6.9,0.03
W199951,1940.0,1990.0,2220.0,33.1,18.9,40.3,1.36,0.365,0.122,0.74,0.96,2.22,18500.0,11900.0,33800.0,1160.0,263.0,108.0,737.0,688.0,0.933,11.4,12.0,11.9,0.0097
W199952,1920.0,1960.0,2000.0,26.2,13.5,53.6,1.09,0.498,0.081,1.45,0.68,2.1,16700.0,9760.0,51100.0,1060.0,409.0,81.8,1640.0,554.0,0.887,12.9,13.6,11.4,0.026
W199953,2250.0,2350.0,2760.0,57.4,23.5,9.24,0.46,1.16,0.149,3.11,1.16,1.12,109000.0,50600.0,26300.0,1340.0,2850.0,448.0,10500.0,2820.0,0.474,38.5,40.7,36.7,0.01
W199954,2140.0,2250.0,2600.0,42.9,26.4,21.2,1.06,0.813,0.149,2.18,0.97,1.76,17300.0,12100.0,12800.0,654.0,424.0,95.1,1570.0,501.0,0.751,8.1,8.67,6.9,0.0066
W199955,1980.0,2060.0,2410.0,26.0,16.5,50.5,0.52,0.498,0.081,0.27,0.46,0.5,19600.0,14200.0,57100.0,601.0,486.0,97.1,364.0,445.0,0.21,15.4,16.2,13.2,0.0042
W199956,2140.0,2260.0,2460.0,29.8,21.0,36.4,1.91,0.432,0.081,0.9,0.79,1.75,8920.0,7120.0,16300.0,873.0,166.0,38.4,479.0,302.0,0.747,6.0,6.42,5.6,0.0051
W199957,2330.0,2430.0,2750.0,41.4,27.1,21.3,0.73,0.481,0.149,1.82,1.38,0.61,30700.0,22800.0,23600.0,828.0,461.0,175.0,2410.0,1310.0,0.257,15.1,15.9,11.7,0.017
W199958,1930.0,1980.0,2180.0,31.4,15.0,45.1,1.05,0.481,0.081,1.22,0.74,1.22,22600.0,12300.0,48500.0,1150.0,447.0,92.4,1560.0,682.0,0.518,14.5,15.4,14.0,0.017
W199959,2140.0,2190.0,2350.0,34.8,20.1,20.7,8.0,0.564,0.122,1.13,0.88,10.9,16500.0,10800.0,14700.0,5800.0,345.0,91.4,955.0,535.0,4.76,9.3,10.2,11.0,0.015
W199960,2910.0,2910.0,2910.0,46.4,33.5,7.47,1.32,0.548,0.108,1.13,1.27,0.6,23200.0,18900.0,5580.0,1010.0,353.0,85.5,1000.0,811.0,0.256,10.0,10.7,8.8,0.01
W199961,2120.0,2170.0,2490.0,46.3,24.1,17.4,1.28,0.631,0.108,1.91,1.35,1.14,17000.0,10000.0,9560.0,719.0,299.0,62.9,1250.0,635.0,0.485,7.4,7.87,8.2,0.0051
W199962,2020.0,2130.0,2590.0,35.1,17.7,35.5,1.59,0.581,0.0945,1.37,1.11,2.12,22800.0,13000.0,34500.0,1580.0,487.0,97.3,1580.0,923.0,0.893,13.2,13.9,12.6,0.013
W199963,1940.0,2020.0,2250.0,39.3,14.2,34.4,1.83,0.797,0.162,1.52,0.79,2.0,18500.0,7570.0,24300.0,1320.0,485.0,121.0,1280.0,477.0,0.842,9.6,10.1,11.1,0.02
W199964,2080.0,2180.0,2460.0,38.5,19.7,28.7,1.81,0.747,0.149,1.65,0.96,2.5,24200.0,14000.0,27000.0,1740.0,605.0,148.0,1840.0,771.0,1.04,12.9,13.4,14.0,0.016
W199965,2190.0,2360.0,2630.0,45.7,22.9,20.5,1.05,0.465,0.135,1.32,1.08,1.01,21300.0,12100.0,14300.0,749.0,280.0,99.9,1100.0,645.0,0.429,9.4,9.99,11.5,0.015
W199966,2080.0,2130.0,2310.0,24.0,16.8,50.4,0.94,0.282,0.108,0.46,0.59,0.98,13700.0,10800.0,42900.0,818.0,207.0,97.5,466.0,430.0,0.408,11.7,12.2,10.6,0.0055
W199967,2020.0,2120.0,2590.0,30.3,18.9,39.5,1.45,0.465,0.203,1.3,0.74,1.68,10900.0,7660.0,21200.0,793.0,214.0,115.0,828.0,339.0,0.705,7.3,7.63,7.2,0.022
W199968,1900.0,1940.0,2250.0,43.0,13.5,28.1,2.86,0.614,0.108,1.55,0.9,3.67,18600.0,6620.0,18200.0,1890.0,343.0,74.2,1200.0,499.0,1.53,8.9,9.27,9.3,0.02
W199969,2020.0,2102.0,2250.0,28.7,16.0,43.4,1.78,0.349,0.176,1.03,0.67,1.86,16700.0,10600.0,37900.0,1590.0,263.0,163.0,1070.0,501.0,0.775,12.0,12.5,10.3,0.022
W199970,2910.0,2910.0,2910.0,39.6,29.1,3.13,1.51,1.13,0.122,1.53,0.9,1.65,16700.0,13900.0,1980.0,973.0,614.0,81.3,1150.0,486.0,0.718,8.3,9.03,9.1,0.036
W199971,2080.0,2160.0,2460.0,33.2,18.3,38.2,1.24,0.365,0.0675,0.91,0.8,1.76,16300.0,10200.0,28100.0,931.0,231.0,52.6,797.0,503.0,0.733,10.1,10.5,10.6,0.017
W199972,2300.0,2330.0,2360.0,14.6,5.17,19.8,18.0,6.31,0.122,0.63,0.21,28.4,14100.0,5650.0,28600.0,26600.0,7850.0,186.0,1080.0,259.0,11.9,19.8,20.7,16.2,0.17
W199973,1910.0,1950.0,1990.0,22.3,8.99,30.0,15.2,0.498,0.203,0.79,0.44,16.1,17200.0,7830.0,34600.0,17800.0,494.0,247.0,1080.0,433.0,6.74,15.7,16.4,12.6,0.19
W199974,2270.0,2390.0,2530.0,24.8,25.4,28.7,5.21,1.83,0.189,1.48,0.65,8.03,2800.0,3250.0,4840.0,899.0,266.0,33.8,298.0,93.9,3.23,2.4,2.42,2.3,0.096
W199975,2080.0,2200.0,2280.0,27.5,17.4,43.6,2.2,0.78,0.27,1.3,0.76,2.94,12800.0,9160.0,30400.0,1570.0,469.0,199.0,1080.0,453.0,1.18,9.9,9.97,6.9,0.016
W199976,2410.0,2490.0,2570.0,40.9,29.2,15.4,2.14,1.13,0.176,3.09,0.93,2.83,11900.0,9650.0,6700.0,954.0,425.0,81.2,1610.0,347.0,1.14,6.2,6.24,5.7,0.024
W199977,2720.0,2800.0,2800.0,52.8,26.0,10.1,1.06,0.714,0.112,1.95,1.23,0.76,27600.0,15400.0,7920.0,847.0,481.0,92.9,1820.0,823.0,0.306,11.1,11.2,10.7,0.01
W199978,2100.0,2210.0,2310.0,14.3,7.3,70.1,2.22,0.531,0.0729,0.56,0.3,3.46,4450.0,2570.0,32600.0,1050.0,213.0,35.9,310.0,119.0,1.4,6.6,6.65,5.8,0.016
W199979,2110.0,2200.0,2310.0,13.0,10.9,53.4,3.13,1.99,0.0729,0.6,0.33,7.52,5800.0,5480.0,35600.0,2130.0,1140.0,51.4,476.0,188.0,3.11,9.2,9.53,7.9,0.56
W199980,2800.0,2800.0,2800.0,51.5,32.3,2.24,0.61,0.78,0.126,2.41,1.41,1.16,28800.0,20400.0,1870.0,521.0,562.0,111.0,2400.0,1010.0,0.478,11.6,12.0,11.7,0.018
W199981,2250.0,2330.0,2450.0,11.9,8.74,67.4,2.85,0.365,0.162,0.21,0.53,4.74,4590.0,3820.0,38900.0,1680.0,182.0,99.1,144.0,262.0,1.91,8.2,8.26,7.6,0.017
W199982,2290.0,2370.0,2470.0,32.2,23.6,18.4,6.31,1.99,0.149,1.3,0.75,8.32,3650.0,3020.0,3110.0,1090.0,291.0,26.6,262.0,109.0,3.36,2.4,2.42,2.5,0.025
W199983,2800.0,2800.0,2800.0,42.3,33.5,7.2,2.5,0.93,0.284,1.97,0.97,2.8,6970.0,6250.0,1770.0,629.0,197.0,74.0,578.0,204.0,1.13,3.5,3.52,3.1,0.01
W199986,2260.0,2380.0,2490.0,32.4,25.5,18.4,4.53,1.31,0.662,1.61,0.94,7.17,3350.0,2990.0,2850.0,716.0,175.0,108.0,296.0,124.0,2.89,2.2,2.21,2.2,0.013
W199987,2800.0,2800.0,2800.0,52.2,31.3,2.81,1.01,1.05,0.513,3.34,1.23,0.97,19900.0,13500.0,1600.0,588.0,513.0,310.0,2260.0,599.0,0.39,8.1,8.15,7.4,0.0087
W199988,2310.0,2400.0,2490.0,25.4,27.5,23.9,5.78,1.08,0.5,0.84,0.72,8.66,2510.0,3070.0,3530.0,873.0,137.0,78.3,148.0,91.1,3.49,2.1,2.11,2.1,0.016
W199989,2790.0,2800.0,2800.0,49.4,27.4,10.3,0.93,1.05,0.243,3.53,1.28,1.07,23500.0,14800.0,7360.0,676.0,641.0,183.0,2990.0,779.0,0.431,10.1,10.2,9.3,0.011
W199992,2450.0,2540.0,2620.0,34.4,31.6,10.8,6.18,1.38,0.432,2.26,1.18,9.97,3400.0,3530.0,1590.0,932.0,175.0,67.6,397.0,149.0,4.01,2.1,2.11,2.0,0.03
W199993,2800.0,2800.0,2800.0,46.8,34.9,6.27,1.32,0.681,0.311,2.41,1.24,2.22,23500.0,19900.0,4720.0,1020.0,442.0,248.0,2160.0,799.0,0.92,10.4,10.8,6.7,0.02
W199994,2320.0,2410.0,2500.0,33.6,28.6,22.5,4.04,1.13,0.27,1.85,0.97,5.92,5690.0,5490.0,5720.0,1050.0,247.0,72.6,559.0,211.0,2.39,3.6,3.63,3.6,0.018
W199995,2650.0,2760.0,2800.0,53.4,27.2,10.2,1.17,0.913,0.216,2.71,1.2,1.5,25700.0,14800.0,7330.0,861.0,567.0,165.0,2320.0,739.0,0.606,10.2,10.3,9.2,0.012
W199996,2480.0,2560.0,2670.0,53.1,23.8,10.9,1.79,0.979,0.23,3.28,1.09,2.64,12300.0,6210.0,3760.0,631.0,291.0,84.0,1350.0,322.0,1.06,4.9,4.94,5.3,0.019
W200123,2305.0,2400.0,2475.0,36.4,26.9,8.38,6.91,1.28,0.473,2.72,1.08,0.99,14900.0,12500.0,5130.0,4320.0,674.0,306.0,1980.0,565.0,0.413,8.4,8.75,6.7,0.043
W200125,2015.0,2245.0,2415.0,29.3,23.4,29.0,3.17,0.797,1.76,1.42,0.89,5.18,4560.0,4130.0,6760.0,754.0,160.0,433.0,394.0,177.0,2.16,3.2,3.33,3.2,0.017
W200126,2225.0,2310.0,2365.0,43.0,23.7,8.63,5.38,1.99,0.419,2.67,1.19,6.1,22200.0,13900.0,6690.0,4260.0,1330.0,343.0,2460.0,788.0,2.48,10.9,11.1,9.9,0.026
W200130,2220.0,2300.0,2385.0,47.4,16.4,6.95,11.5,0.979,0.243,1.73,0.91,7.35,20700.0,8080.0,4540.0,7660.0,551.0,168.0,1350.0,509.0,2.95,9.3,9.35,13.0,0.039
W200132,2195.0,2395.0,2490.0,37.8,30.2,21.0,1.02,0.647,0.365,3.03,0.91,1.46,9750.0,8810.0,8110.0,402.0,215.0,149.0,1390.0,300.0,0.608,5.3,5.52,5.3,0.011
W200133,2290.0,2495.0,2570.0,47.6,27.1,15.0,0.53,0.631,0.216,2.6,1.24,0.84,25500.0,16400.0,12000.0,434.0,435.0,183.0,2480.0,850.0,0.35,11.0,11.5,11.6,0.008
W200449,2120.0,2230.0,2350.0,42.8,21.6,26.0,0.73,0.299,0.149,0.99,2.08,1.25,35000.0,20000.0,31800.0,912.0,315.0,192.0,1440.0,2180.0,0.506,17.3,17.5,17.7,0.0086
W200450,2410.0,2500.0,2620.0,39.4,23.7,27.7,0.97,0.365,0.135,0.92,1.26,1.58,25100.0,17100.0,26300.0,944.0,300.0,136.0,1040.0,1030.0,0.638,13.5,13.6,12.3,0.0097
W200451,2760.0,2800.0,2800.0,44.8,30.9,11.3,0.59,0.415,0.162,1.74,1.83,0.83,40200.0,31400.0,15200.0,808.0,479.0,230.0,2780.0,2100.0,0.335,19.0,19.2,18.0,0.0051
W200484,2620.0,2910.0,2910.0,50.6,27.2,6.56,2.56,0.515,0.392,1.42,1.47,2.03,11800.0,7160.0,2290.0,911.0,154.0,144.0,589.0,438.0,0.826,4.9,4.98,5.4,0.006
W200485,2130.0,2420.0,2580.0,52.3,21.0,10.2,2.59,0.78,0.405,1.17,1.71,4.65,14000.0,6380.0,4100.0,1060.0,270.0,172.0,558.0,587.0,1.91,5.6,5.74,6.2,0.051
W200486,2060.0,2110.0,2310.0,30.9,20.5,13.4,6.34,1.99,1.89,1.2,1.05,14.7,6280.0,4710.0,4080.0,1970.0,522.0,609.0,435.0,273.0,5.96,4.3,4.35,4.1,0.026
W200567,2130.0,2180.0,2300.0,51.3,27.5,9.7,0.85,1.21,0.203,2.53,1.13,0.89,47100.0,28700.0,13300.0,1190.0,1440.0,295.0,4140.0,1330.0,0.361,19.4,19.7,4.1,0.014
W200568,2670.0,2760.0,2910.0,34.5,20.9,22.9,4.79,1.23,0.689,1.71,0.98,6.76,6380.0,4370.0,6340.0,1350.0,293.0,202.0,563.0,232.0,2.82,3.8,3.96,18.2,0.043
W200569,2060.0,2110.0,2180.0,17.3,17.2,46.9,5.7,1.13,1.35,0.56,0.66,10.2,2050.0,2310.0,8340.0,1030.0,173.0,254.0,118.0,100.0,4.15,2.5,2.54,3.8,0.088
W200570,2300.0,2450.0,2550.0,44.1,25.3,13.9,3.17,1.1,0.797,1.54,0.91,4.49,9850.0,6390.0,4660.0,1080.0,316.0,282.0,613.0,260.0,1.83,4.7,4.78,2.4,0.039
W200571,2480.0,2520.0,2560.0,14.3,12.0,55.2,4.95,0.78,0.77,0.43,0.48,7.6,1900.0,1810.0,11000.0,1010.0,134.0,162.0,102.0,81.8,3.09,2.8,2.85,2.5,0.054
W200572,2910.0,2910.0,2910.0,48.3,33.3,4.28,1.82,0.714,0.324,1.39,0.91,1.74,5520.0,4310.0,733.0,318.0,105.0,58.7,283.0,133.0,0.71,2.4,2.45,2.3,0.0058
W200573,2120.0,2170.0,2290.0,36.3,24.3,15.9,5.44,1.48,0.203,1.02,1.57,7.43,4360.0,3300.0,2860.0,1000.0,229.0,38.6,219.0,242.0,3.06,2.5,2.58,2.3,0.047
W200975,2040.0,2090.0,2410.0,42.3,25.6,24.4,0.75,0.83,0.419,2.04,1.26,1.41,45000.0,30800.0,38800.0,1220.0,1140.0,706.0,3860.0,1720.0,0.573,22.4,22.8,22.2,0.022
W200976,1980.0,2030.0,2080.0,29.8,13.4,47.4,1.16,0.432,0.284,0.96,1.0,1.67,16400.0,8370.0,39000.0,976.0,306.0,247.0,941.0,705.0,0.684,11.5,11.8,10.0,0.038
W200977,2140.0,2190.0,2350.0,30.3,24.8,25.6,6.53,0.515,0.527,0.55,0.64,6.67,8560.0,7930.0,10800.0,2820.0,187.0,236.0,276.0,231.0,2.73,5.9,6.04,5.7,0.046
W200978,2910.0,2910.0,2910.0,49.2,34.1,5.66,0.71,0.73,0.446,1.89,1.06,0.85,24000.0,18900.0,4130.0,530.0,460.0,345.0,1640.0,662.0,0.352,10.1,10.4,11.9,0.0039
W200979,2040.0,2090.0,2490.0,25.2,17.7,50.9,1.17,0.382,0.23,0.85,0.58,1.78,12100.0,9620.0,36600.0,860.0,237.0,175.0,728.0,357.0,0.733,10.0,10.3,8.8,0.024
W200980,2040.0,2140.0,2350.0,29.3,19.5,41.1,2.38,0.465,0.419,1.27,0.88,2.82,12800.0,9680.0,27000.0,1600.0,263.0,291.0,993.0,495.0,1.15,9.2,9.4,11.9,0.023
W200981,2010.0,2060.0,2120.0,30.7,22.0,35.3,2.65,0.598,0.473,1.02,0.76,3.39,11800.0,9590.0,20300.0,1560.0,296.0,288.0,698.0,374.0,1.39,8.0,8.22,12.8,0.026
W200982,2850.0,2910.0,2910.0,52.5,29.0,6.94,1.44,0.764,0.446,2.69,1.23,0.98,25100.0,15700.0,4950.0,1050.0,470.0,337.0,2280.0,751.0,0.404,9.9,10.2,10.3,0.0072
W200983,2010.0,2130.0,2350.0,36.4,19.0,37.3,1.48,0.465,0.284,1.33,1.16,1.8,17200.0,10200.0,26500.0,1070.0,284.0,213.0,1120.0,704.0,0.739,9.9,10.2,8.3,0.021
W200984,2120.0,2200.0,2350.0,23.8,18.9,35.9,8.21,0.448,0.446,0.3,0.69,8.65,5990.0,5390.0,13600.0,3160.0,146.0,178.0,135.0,223.0,3.52,5.3,5.4,5.5,0.063
W200988,2150.0,2240.0,2410.0,39.1,22.6,25.9,1.77,0.614,0.365,1.77,0.96,1.47,22400.0,14600.0,22200.0,1550.0,454.0,331.0,1810.0,704.0,0.606,11.9,12.3,10.4,0.015
W200989,2250.0,2310.0,2710.0,41.1,23.2,16.4,3.84,0.73,0.446,1.36,0.96,2.98,27100.0,17300.0,16200.0,3870.0,621.0,466.0,1600.0,810.0,1.22,13.8,14.1,17.0,0.031
W201155,2180.0,2460.0,2660.0,30.8,24.8,32.9,1.79,0.315,0.128,0.28,0.56,2.84,11100.0,10100.0,17800.0,985.0,146.0,73.2,180.0,258.0,1.18,7.4,7.71,7.4,0.018
W201156,1940.0,2090.0,2190.0,32.1,23.0,31.3,2.57,0.415,0.351,0.68,1.04,3.17,4150.0,3380.0,6060.0,509.0,69.3,72.1,157.0,172.0,1.3,2.7,2.77,2.4,0.0054
W201157,2050.0,2150.0,2330.0,38.3,22.6,27.6,1.42,0.515,0.176,1.54,0.91,2.26,12500.0,8330.0,13500.0,708.0,216.0,90.7,894.0,380.0,0.942,6.7,6.98,7.6,0.015
W201158,2910.0,2910.0,2910.0,51.0,39.3,2.28,0.61,0.432,0.162,1.38,1.34,0.83,17100.0,14900.0,1150.0,313.0,187.0,86.3,825.0,576.0,0.346,6.9,7.19,6.7,0.0056
W201159,2020.0,2090.0,2330.0,31.5,16.1,39.7,0.6,0.664,0.101,1.85,0.59,1.85,49700.0,28800.0,93700.0,1450.0,1350.0,253.0,5200.0,1190.0,0.757,33.0,33.8,26.7,0.034
W201160,2180.0,2270.0,2310.0,48.5,24.3,14.7,1.08,0.714,0.176,2.54,1.17,1.57,24100.0,13700.0,10900.0,819.0,457.0,138.0,2250.0,743.0,0.654,10.2,10.6,11.0,0.013
W201161,2630.0,2680.0,2910.0,50.0,26.2,13.0,0.88,1.05,0.473,2.8,1.18,1.21,65800.0,39000.0,25500.0,1770.0,1770.0,984.0,6550.0,1980.0,0.504,27.0,28.1,24.6,0.033
W201164,1940.0,1990.0,2170.0,30.8,15.4,43.5,0.34,0.631,0.101,2.06,0.54,2.0,56700.0,32000.0,120000.0,956.0,1500.0,295.0,6750.0,1270.0,0.833,37.8,39.4,37.8,0.012
W201274,2910.0,2910.0,2910.0,50.2,32.8,6.7,1.1,0.664,0.135,2.0,0.74,1.8,33800.0,25000.0,6750.0,1130.0,576.0,144.0,2400.0,637.0,0.73,14.2,14.4,12.2,0.043
W201275,2040.0,2090.0,2150.0,18.6,11.4,60.5,1.1,0.183,0.0918,0.28,0.19,2.0,11200.0,7770.0,54500.0,1010.0,142.0,87.6,300.0,146.0,0.811,12.7,12.9,11.3,0.014
W201276,2080.0,2180.0,2510.0,32.8,24.2,29.9,1.7,0.332,0.131,0.67,1.0,2.1,12900.0,10800.0,17600.0,1020.0,168.0,81.6,469.0,503.0,0.851,8.3,8.41,9.1,0.0079
W201284,2380.0,2430.0,2630.0,47.2,20.0,25.5,0.75,0.12,0.077,0.06,3.02,1.15,37800.0,18100.0,30600.0,919.0,124.0,97.8,85.6,3100.0,0.464,17.0,17.2,14.3,0.0055
W201285,2150.0,2290.0,2590.0,29.0,23.2,35.2,2.28,0.382,0.176,0.41,0.95,3.24,12200.0,11000.0,22100.0,1460.0,206.0,117.0,306.0,510.0,1.31,8.9,8.97,8.3,0.0097
W201519,2115.0,2215.0,2315.0,17.2,11.6,59.0,1.87,0.282,0.257,0.53,0.57,3.1,6760.0,5170.0,34700.0,1120.0,143.0,160.0,370.0,286.0,1.26,8.3,8.4,7.4,0.03
W201523,2910.0,2910.0,2910.0,48.5,35.0,4.04,0.73,0.647,0.446,2.65,2.22,0.54,27600.0,22600.0,3440.0,635.0,475.0,402.0,2680.0,1620.0,0.217,12.1,12.2,10.1,0.011
W201525,2020.0,2190.0,2410.0,39.6,21.0,29.8,0.44,0.448,0.115,2.1,0.92,0.76,35500.0,21300.0,39900.0,602.0,518.0,163.0,3350.0,1050.0,0.307,19.0,19.2,18.2,0.0098
W201526,2730.0,2840.0,2910.0,53.9,27.9,8.24,0.63,0.697,0.27,2.73,1.27,0.88,36300.0,21300.0,8320.0,649.0,606.0,289.0,3280.0,1100.0,0.355,14.3,14.4,13.1,0.0046
W201527,2680.0,2760.0,2910.0,39.1,31.1,11.6,3.56,0.747,0.419,1.05,1.17,5.36,5560.0,5010.0,2470.0,774.0,137.0,94.4,266.0,213.0,2.18,3.0,3.05,3.0,0.03
W201530,2910.0,2910.0,2910.0,51.3,38.1,3.27,0.25,0.515,0.189,2.02,1.91,0.24,75600.0,63600.0,7220.0,564.0,979.0,442.0,5310.0,3610.0,0.0978,31.0,31.6,31.5,0.004
W201531,2910.0,2910.0,2910.0,48.1,35.7,8.19,0.41,0.448,0.149,1.24,0.98,0.5,41900.0,35300.0,10700.0,547.0,504.0,205.0,1930.0,1090.0,0.205,18.2,18.7,20.1,0.0034
W201532,2910.0,2910.0,2910.0,55.5,29.0,5.98,0.29,0.797,0.189,2.75,1.21,0.52,69800.0,41400.0,11300.0,558.0,1290.0,377.0,6160.0,1950.0,0.215,26.1,26.9,23.1,0.005
W201533,2180.0,2280.0,2530.0,34.8,21.6,16.5,5.56,1.99,0.392,1.99,0.93,9.58,16600.0,11700.0,11800.0,4060.0,1230.0,297.0,1690.0,569.0,4.17,9.4,10.2,8.4,0.057
W201534,2090.0,2280.0,2530.0,28.6,21.2,39.6,1.43,0.349,0.162,0.72,0.51,2.41,6610.0,5560.0,13700.0,506.0,104.0,59.5,297.0,151.0,0.995,4.8,4.96,4.2,0.0066
W201580,2910.0,2910.0,2910.0,48.8,32.7,6.21,0.21,1.08,0.608,4.5,1.3,0.25,102000.0,77500.0,19400.0,672.0,2910.0,2020.0,16800.0,3490.0,0.101,44.2,44.8,42.9,0.0047
W201581,1940.0,2040.0,2130.0,30.0,11.8,30.2,6.61,0.249,0.243,1.21,0.635,11.6,20200.0,8990.0,30400.0,6800.0,216.0,259.0,1450.0,547.0,4.72,14.2,14.4,14.1,0.11
W201582,1930.0,2010.0,2100.0,40.4,19.5,27.2,1.11,0.913,0.405,2.3,0.97,1.8,40300.0,22000.0,40500.0,1680.0,1170.0,640.0,4070.0,1240.0,0.731,21.0,21.3,23.8,0.016
W201583,2000.0,2100.0,2190.0,41.7,21.2,26.0,0.938,0.631,0.324,2.0,0.886,1.2,52000.0,29900.0,48500.0,1790.0,1010.0,640.0,4430.0,1410.0,0.489,26.2,26.7,26.9,0.036
W201584,2050.0,2160.0,2240.0,46.7,18.5,21.2,2.41,0.747,0.459,2.2,1.0,2.6,44600.0,20000.0,30300.0,3520.0,920.0,695.0,3740.0,1230.0,1.06,20.1,20.5,31.1,0.018
W201585,1950.0,2070.0,2170.0,35.5,19.3,33.9,2.1,0.432,0.23,1.3,1.0,1.9,16000.0,9840.0,22900.0,1450.0,251.0,164.0,1040.0,579.0,0.772,9.5,9.65,9.6,0.038
W201586,1975.0,2065.0,2140.0,32.1,22.1,20.2,6.11,0.714,0.378,1.3,0.786,4.7,17300.0,13500.0,16300.0,5040.0,497.0,323.0,1250.0,543.0,1.91,11.4,11.6,19.0,0.026
W201587,2910.0,2910.0,2910.0,70.2,7.75,15.9,1.69,0.113,0.149,0.252,0.234,1.1,46800.0,5850.0,15800.0,1730.0,97.0,157.0,299.0,200.0,0.445,14.1,14.3,25.7,0.015
W201592,2060.0,2150.0,2260.0,36.8,20.0,31.7,0.98,0.465,0.23,1.6,1.2,1.0,20000.0,12400.0,25900.0,816.0,326.0,198.0,1550.0,839.0,0.405,11.5,11.7,11.0,0.026
W201593,2470.0,2580.0,2660.0,52.9,24.4,10.7,0.854,1.03,0.419,2.9,1.3,1.1,52800.0,27600.0,16000.0,1300.0,1330.0,663.0,5150.0,1670.0,0.446,21.1,21.4,22.0,0.012
W201594,2000.0,2080.0,2160.0,37.5,18.4,30.2,3.4,0.432,0.203,1.09,0.786,2.5,23100.0,12800.0,27800.0,3200.0,343.0,198.0,1200.0,619.0,1.01,13.0,13.2,13.0,0.032
W201595,2040.0,2150.0,2230.0,46.2,20.8,21.2,0.826,0.88,0.432,2.5,1.2,1.3,44000.0,22400.0,30200.0,1200.0,1080.0,653.0,4240.0,1470.0,0.528,20.1,20.4,19.4,0.016
W201598,1990.0,2100.0,2190.0,37.2,20.8,31.6,1.6,0.415,0.27,1.3,0.903,1.7,16100.0,10200.0,20500.0,1060.0,231.0,185.0,1000.0,500.0,0.692,9.1,9.26,10.4,0.02
W201599,2170.0,2260.0,2350.0,56.9,18.3,10.9,1.9,1.83,0.635,2.39,1.1,2.5,36800.0,13400.0,10500.0,1880.0,1520.0,651.0,2750.0,913.0,1.02,13.6,13.8,14.8,0.014
W201600,2000.0,2120.0,2200.0,47.1,16.4,16.0,5.7,0.979,0.621,2.3,0.803,5.0,52900.0,20900.0,27000.0,9800.0,1420.0,1110.0,4600.0,1160.0,2.03,23.7,24.1,23.1,0.065
W201601,1955.0,2055.0,2145.0,44.7,14.4,12.5,6.2,0.232,0.783,2.69,0.769,10.8,51500.0,18800.0,21500.0,10900.0,345.0,1430.0,5520.0,1130.0,4.41,24.2,24.6,29.9,0.074
W201629,2040.0,2140.0,2350.0,37.2,18.6,32.6,1.29,0.548,0.203,1.23,1.09,1.75,13100.0,7440.0,17200.0,695.0,249.0,113.0,773.0,492.0,0.724,7.3,7.55,7.1,0.035
W201713,2680.0,2780.0,2910.0,47.4,29.6,13.9,1.1,0.448,0.365,1.48,1.36,1.27,26100.0,18400.0,11400.0,925.0,318.0,318.0,1450.0,958.0,0.516,11.6,11.8,12.5,0.0055
W201714,1940.0,2020.0,2350.0,46.4,14.9,24.1,3.09,0.83,0.5,1.99,0.81,2.95,36100.0,13100.0,28100.0,3670.0,833.0,616.0,2760.0,807.0,1.21,16.3,16.7,17.8,0.043
W201715,2140.0,2170.0,2200.0,44.2,21.1,24.4,0.64,0.979,0.365,2.6,0.83,1.28,44300.0,23900.0,36600.0,979.0,1260.0,579.0,4640.0,1060.0,0.522,21.0,21.4,21.2,0.013
W201716,2130.0,2150.0,2190.0,36.6,18.2,24.9,5.35,0.498,0.243,1.54,0.93,5.55,25800.0,14500.0,26200.0,5760.0,453.0,272.0,1930.0,839.0,2.26,14.8,15.1,14.4,0.03
W201717,2300.0,2570.0,2670.0,35.9,23.5,25.9,2.49,0.664,0.284,1.54,0.9,2.69,15700.0,11600.0,16900.0,1660.0,374.0,196.0,1200.0,503.0,1.09,9.2,9.35,10.8,0.018
W201718,2320.0,2370.0,2470.0,14.0,11.3,63.4,2.11,0.249,0.115,0.2,0.2,3.48,7230.0,6580.0,49000.0,1670.0,166.0,94.0,184.0,132.0,1.41,10.9,11.1,11.4,0.14
W201719,2910.0,2910.0,2910.0,42.2,34.3,14.5,1.0,0.349,0.284,0.87,2.19,1.05,28600.0,26300.0,14700.0,1040.0,305.0,305.0,1050.0,1900.0,0.426,14.3,14.5,15.7,0.0069
W201720,1920.0,1970.0,2340.0,26.8,13.5,45.4,3.22,0.531,0.257,1.06,0.63,3.33,14300.0,8160.0,36200.0,2620.0,365.0,216.0,1000.0,429.0,1.36,11.2,11.4,11.8,0.038
W201721,1900.0,1920.0,2020.0,25.3,14.1,45.9,3.7,0.398,0.23,0.78,0.54,4.19,11900.0,7480.0,32200.0,2650.0,241.0,171.0,651.0,324.0,1.7,9.9,10.0,11.4,0.04
W201722,2150.0,2200.0,2340.0,41.3,21.5,17.7,5.02,0.714,0.284,1.81,0.89,6.21,38100.0,22400.0,24400.0,7070.0,849.0,414.0,2970.0,1050.0,2.51,19.5,19.7,18.9,0.037
W201765,2180.0,2350.0,2590.0,42.3,27.7,21.9,0.5,0.813,0.243,2.56,0.85,0.97,28600.0,21200.0,22200.0,517.0,709.0,261.0,3080.0,736.0,0.404,13.9,14.5,12.2,0.0039
W201935,2410.0,2520.0,2610.0,44.2,25.5,12.5,5.12,0.73,0.351,1.92,1.14,4.89,20400.0,13300.0,8610.0,3600.0,434.0,256.0,1570.0,672.0,2.01,9.6,9.86,8.7,0.034
W201936,2060.0,2170.0,2260.0,30.9,21.4,39.7,1.4,0.232,0.243,0.35,0.61,1.82,12000.0,9420.0,23100.0,830.0,116.0,150.0,242.0,303.0,0.747,8.1,8.31,8.9,0.015
W201937,2110.0,2200.0,2310.0,36.6,23.5,29.9,1.31,0.415,0.176,0.94,1.1,1.91,11000.0,7980.0,13400.0,601.0,161.0,83.6,503.0,423.0,0.792,6.2,6.43,5.7,0.011
W201938,2120.0,2210.0,2320.0,37.1,25.4,29.8,1.07,0.432,0.116,1.04,0.65,1.75,18800.0,14600.0,22600.0,828.0,282.0,93.3,938.0,422.0,0.723,10.5,10.8,9.9,0.011
W201939,2510.0,2620.0,2710.0,36.6,29.8,24.5,1.25,0.365,0.116,0.62,1.34,2.01,16000.0,14800.0,16100.0,837.0,206.0,80.7,484.0,752.0,0.829,9.1,9.38,8.9,0.0079
W201940,2100.0,2210.0,2300.0,29.2,22.7,42.1,0.73,0.249,0.0878,0.6,0.5,1.3,17400.0,15300.0,37500.0,665.0,191.0,82.9,636.0,381.0,0.535,12.4,12.8,13.1,0.0072
W201941,1955.0,2055.0,2155.0,32.5,18.8,38.4,1.39,0.498,0.128,1.03,0.8,2.31,24600.0,16100.0,43400.0,1610.0,486.0,154.0,1390.0,775.0,0.953,15.7,16.2,7.1,0.022
W201942,1950.0,2060.0,2160.0,41.2,24.8,23.9,1.34,0.564,0.128,1.23,0.94,2.06,14400.0,9780.0,12400.0,713.0,253.0,70.8,763.0,419.0,0.853,7.2,7.45,4.8,0.005
W201943,2150.0,2250.0,2340.0,24.2,17.0,48.0,2.03,0.365,0.176,0.44,0.47,3.6,12100.0,9640.0,36100.0,1560.0,236.0,140.0,393.0,302.0,1.47,10.5,10.7,9.1,0.017
W201946,2010.0,2120.0,2210.0,25.1,20.4,47.6,0.61,0.163,0.0864,0.28,0.14,1.9,25000.0,23000.0,70900.0,928.0,209.0,136.0,497.0,178.0,0.775,20.9,21.3,22.9,0.025
W201947,2510.0,2620.0,2710.0,40.2,28.7,24.3,0.61,0.498,0.176,2.09,0.93,1.08,26600.0,21500.0,24100.0,618.0,426.0,184.0,2470.0,789.0,0.444,13.8,14.2,13.5,0.0067
W201948,2910.0,2910.0,2910.0,41.9,32.7,9.27,2.37,0.88,0.135,1.84,1.06,3.02,6470.0,5720.0,2140.0,559.0,175.0,33.0,505.0,209.0,1.25,3.2,3.3,3.3,0.016
W201949,2100.0,2210.0,2320.0,36.8,23.5,38.3,0.65,0.183,0.115,0.45,0.9,1.09,26700.0,19300.0,41600.0,721.0,171.0,132.0,582.0,836.0,0.446,15.2,15.5,13.8,0.0051
W201950,2060.0,2160.0,2250.0,41.7,15.0,38.4,0.7,0.946,0.203,2.32,0.8,1.94,40600.0,16500.0,56000.0,1040.0,1190.0,313.0,4030.0,998.0,0.793,20.4,20.9,19.1,0.021
W201951,2120.0,2210.0,2300.0,41.7,21.2,31.7,0.95,0.697,0.162,1.7,0.98,1.8,27800.0,16000.0,31600.0,968.0,600.0,171.0,2020.0,837.0,0.745,13.8,14.3,14.5,0.02
W201952,2560.0,2650.0,2750.0,42.3,32.3,19.5,0.52,0.531,0.176,2.35,0.98,0.71,25800.0,22300.0,17800.0,485.0,418.0,170.0,2550.0,765.0,0.294,12.6,13.1,13.0,0.0039
W201953,2110.0,2200.0,2310.0,26.9,17.6,50.6,2.3,0.432,0.162,0.78,1.19,3.66,5960.0,4420.0,16800.0,779.0,123.0,56.9,308.0,337.0,1.51,4.6,4.74,4.7,0.026
W201954,2110.0,2200.0,2320.0,48.2,24.2,22.6,0.98,0.498,0.0864,1.32,0.83,1.49,15700.0,8900.0,11000.0,486.0,209.0,44.5,763.0,345.0,0.618,6.7,6.95,6.9,0.019
W201955,2150.0,2260.0,2350.0,36.3,18.7,40.8,1.36,0.531,0.324,1.92,0.7,2.26,22500.0,13200.0,37900.0,1290.0,426.0,319.0,2120.0,557.0,0.932,12.9,13.3,10.7,0.013
W201956,2060.0,2170.0,2260.0,25.3,19.8,53.9,1.11,0.349,0.112,1.16,0.54,1.96,16100.0,14200.0,51100.0,1080.0,285.0,113.0,1310.0,438.0,0.812,13.1,13.6,12.1,0.02
W201959,2420.0,2510.0,2600.0,46.0,27.7,20.4,1.12,0.216,0.176,1.56,1.29,1.46,21100.0,14400.0,14000.0,785.0,128.0,128.0,1270.0,757.0,0.603,9.5,9.81,9.8,0.011
W202077,2010.0,2110.0,2220.0,20.3,13.7,55.6,0.994,0.166,0.0608,0.216,0.351,1.0,11700.0,8950.0,48000.0,877.0,123.0,55.6,222.0,259.0,0.402,12.3,12.3,12.7,0.026
W202122,1910.0,2000.0,2110.0,29.1,11.8,36.2,6.8,0.0465,0.216,0.84,0.49,8.0,21800.0,10000.0,40600.0,7780.0,44.9,256.0,1120.0,470.0,3.25,15.8,16.0,12.5,0.049
W202123,2000.0,2100.0,2200.0,20.3,8.9,33.3,13.7,0.0232,0.149,0.33,0.37,14.9,14700.0,7320.0,36200.0,15200.0,21.8,171.0,427.0,344.0,6.05,15.3,15.5,12.9,0.069
W202124,2100.0,2210.0,2300.0,45.2,21.4,21.0,1.3,0.0797,0.432,1.5,0.77,2.0,25700.0,13800.0,17900.0,1130.0,58.4,390.0,1520.0,560.0,0.811,12.0,12.2,10.7,0.017
W202125,2090.0,2200.0,2310.0,30.2,16.0,39.9,2.5,0.332,0.216,0.68,0.82,3.2,17500.0,10500.0,34600.0,2210.0,248.0,198.0,701.0,607.0,1.3,12.2,12.4,12.0,0.031
W202126,1900.0,2010.0,2120.0,36.2,13.8,35.3,2.1,0.631,0.27,1.4,0.57,2.5,30900.0,13300.0,45100.0,2740.0,694.0,365.0,2130.0,622.0,1.01,18.0,18.3,18.3,0.02
W202127,2110.0,2200.0,2310.0,28.8,15.4,43.6,1.5,0.199,0.27,0.7,0.53,2.2,15100.0,9160.0,34300.0,1200.0,135.0,225.0,655.0,356.0,0.892,11.1,11.2,9.5,0.041
W202128,2050.0,2150.0,2255.0,27.8,15.1,40.2,3.0,0.548,0.351,0.84,0.52,3.8,12500.0,7680.0,27000.0,2060.0,317.0,250.0,672.0,299.0,1.54,9.5,9.62,9.7,0.043
W202129,2130.0,2180.0,2380.0,43.3,24.2,13.5,3.57,1.66,0.378,2.14,1.27,5.56,14400.0,9100.0,6730.0,1810.0,712.0,199.0,1270.0,540.0,2.26,7.0,7.12,6.3,0.016
W202130,2080.0,2300.0,2380.0,32.1,22.2,31.0,1.7,0.896,0.405,2.72,0.89,3.4,12800.0,9990.0,18500.0,1040.0,461.0,256.0,1930.0,454.0,1.38,8.4,8.53,8.9,0.018
W202650,2000.0,2110.0,2200.0,48.4,19.1,27.5,0.546,0.647,0.257,1.98,1.0,1.33,27800.0,12400.0,23600.0,479.0,479.0,233.0,2030.0,737.0,0.542,12.0,12.3,12.3,0.011
W202651,2050.0,2150.0,2260.0,35.7,15.0,44.8,0.714,0.531,0.216,1.48,0.736,1.58,18600.0,8830.0,34800.0,567.0,356.0,178.0,1370.0,489.0,0.642,10.9,11.1,10.4,0.012
W202652,2400.0,2510.0,2600.0,45.6,17.8,21.2,3.32,2.32,0.23,1.84,0.886,6.75,32000.0,14100.0,22200.0,3560.0,2100.0,255.0,2300.0,796.0,2.76,14.7,15.0,10.4,0.045
W202653,2000.0,2120.0,2210.0,41.1,18.9,36.5,0.77,0.598,0.23,1.79,0.886,1.63,22400.0,11700.0,29700.0,641.0,420.0,198.0,1740.0,618.0,0.664,11.4,11.7,11.0,0.013
W202654,2360.0,2450.0,2560.0,54.1,24.6,12.6,1.23,0.697,0.27,3.06,1.35,1.48,24500.0,12600.0,8550.0,852.0,407.0,194.0,2470.0,785.0,0.608,9.4,9.69,9.4,0.032
W202655,2060.0,2150.0,2250.0,31.0,16.1,49.8,1.39,0.498,0.23,1.12,0.819,2.35,15300.0,9020.0,36700.0,1050.0,317.0,180.0,982.0,517.0,0.954,10.4,10.6,10.8,0.018
W202656,2060.0,2150.0,2250.0,31.1,17.8,44.3,2.2,0.415,0.176,1.55,0.652,1.93,27500.0,17800.0,58600.0,2970.0,473.0,246.0,2440.0,737.0,0.783,18.6,18.9,17.4,0.019
W202657,2060.0,2170.0,2260.0,56.5,19.7,5.25,0.532,0.963,0.392,2.61,1.0,1.33,54400.0,21400.0,7560.0,783.0,1190.0,597.0,4470.0,1240.0,0.541,20.2,20.6,20.4,0.02
W202658,2060.0,2150.0,2270.0,61.6,24.4,5.25,0.784,0.847,0.311,2.63,1.15,1.33,21600.0,9650.0,2750.0,419.0,382.0,172.0,1640.0,516.0,0.543,7.3,7.48,7.5,0.0085
W202659,2650.0,2760.0,2910.0,49.6,23.1,21.7,0.714,0.581,0.243,1.9,1.07,1.35,24900.0,13100.0,16300.0,548.0,376.0,193.0,1700.0,687.0,0.552,10.5,10.7,12.1,0.0081
W202660,2055.0,2160.0,2260.0,48.4,20.0,27.0,0.406,0.598,0.176,2.15,0.97,1.08,62800.0,29500.0,52500.0,806.0,1000.0,361.0,4970.0,1610.0,0.439,27.2,27.8,25.2,0.011
W202661,2050.0,2160.0,2250.0,56.3,23.4,4.48,3.15,1.31,0.351,2.48,1.05,4.25,26400.0,12400.0,3140.0,2260.0,792.0,261.0,2070.0,632.0,1.76,9.7,10.0,9.1,0.016
W202662,2010.0,2120.0,2210.0,40.7,19.1,38.6,0.672,0.498,0.203,1.29,0.769,1.5,20400.0,10800.0,29000.0,515.0,322.0,161.0,1150.0,494.0,0.613,10.5,10.7,9.9,0.013
W202663,2650.0,2760.0,2910.0,61.0,25.7,3.8,0.644,0.913,0.324,3.09,1.27,0.875,22400.0,10700.0,2100.0,362.0,433.0,189.0,2020.0,599.0,0.358,7.7,7.88,7.3,0.0085
W202664,2000.0,2110.0,2200.0,24.0,10.5,9.67,17.1,11.0,0.162,0.913,0.418,18.5,26700.0,13300.0,16100.0,29100.0,15700.0,286.0,1810.0,596.0,7.57,23.3,23.8,20.2,0.11
W202665,2560.0,2660.0,2750.0,46.4,22.3,18.7,2.72,0.747,0.243,1.75,0.936,2.2,24200.0,13200.0,14600.0,2160.0,502.0,201.0,1630.0,624.0,0.9,10.9,11.1,9.6,0.017
W202666,2010.0,2120.0,2210.0,37.0,17.5,34.5,2.56,0.432,0.23,0.974,0.819,2.5,14400.0,7700.0,20100.0,1520.0,217.0,142.0,675.0,408.0,1.02,8.2,8.33,8.6,0.018
W202667,2320.0,2410.0,2500.0,54.4,26.3,5.36,2.1,0.681,0.176,2.58,1.27,3.75,21300.0,11700.0,3150.0,1260.0,345.0,109.0,1810.0,639.0,1.6,7.9,8.41,7.8,0.0049
W202668,2420.0,2510.0,2600.0,44.7,19.7,14.6,5.21,2.32,0.243,1.61,0.886,7.75,26500.0,13200.0,13000.0,4720.0,1780.0,229.0,1700.0,673.0,3.17,12.4,12.7,10.3,0.083
W202671,2615.0,2720.0,2800.0,55.2,26.7,6.71,1.61,0.764,0.297,2.02,1.2,2.0,31100.0,17000.0,5650.0,1390.0,554.0,265.0,2020.0,868.0,0.817,11.8,12.0,10.8,0.021
W202672,2420.0,2510.0,2610.0,51.1,24.2,14.4,0.602,0.714,0.23,2.4,1.1,0.85,48700.0,26100.0,20600.0,877.0,877.0,347.0,4080.0,1350.0,0.345,20.1,20.4,20.4,0.016
W202673,2320.0,2410.0,2520.0,53.9,22.1,13.7,0.406,1.06,0.324,3.37,0.987,1.48,83500.0,38800.0,31700.0,961.0,2120.0,796.0,9280.0,1960.0,0.6,32.6,33.1,34.8,0.014
W202674,2060.0,2170.0,2260.0,47.7,18.2,2.43,0.812,0.764,0.284,2.39,0.903,1.4,33100.0,14300.0,2520.0,861.0,682.0,312.0,2950.0,801.0,0.573,14.5,14.8,13.5,0.021
W202675,2020.0,2110.0,2220.0,40.7,20.0,29.7,0.91,0.564,0.23,1.65,0.836,1.73,20500.0,11400.0,22400.0,700.0,366.0,183.0,1470.0,538.0,0.701,10.6,10.8,11.6,0.014
W202676,2300.0,2410.0,2500.0,39.2,15.9,20.4,5.91,3.32,0.203,1.35,0.886,10.5,29200.0,13400.0,22800.0,6740.0,3190.0,239.0,1790.0,846.0,4.27,15.7,16.0,16.0,0.039
W202677,2555.0,2655.0,2745.0,53.1,26.3,11.5,0.63,0.813,0.216,2.73,1.19,0.925,39500.0,22100.0,12700.0,716.0,780.0,255.0,3610.0,1130.0,0.375,15.7,15.9,16.2,0.0092
W202678,2060.0,2150.0,2260.0,48.4,22.3,19.0,1.9,0.581,0.297,1.67,0.836,2.17,22200.0,11600.0,13100.0,1340.0,344.0,216.0,1370.0,492.0,0.883,9.7,9.84,9.0,0.015
W202679,2210.0,2320.0,2410.0,54.6,22.3,12.7,0.91,1.1,0.378,2.79,0.97,1.23,53700.0,24800.0,18700.0,1370.0,1390.0,590.0,4880.0,1220.0,0.496,20.8,21.1,20.3,0.018
W202680,2910.0,2910.0,2910.0,55.6,27.8,7.65,0.798,0.681,0.216,2.04,1.35,1.05,57800.0,32700.0,11900.0,1270.0,911.0,356.0,3780.0,1800.0,0.428,21.8,22.2,21.5,0.0063
W202681,2100.0,2210.0,2320.0,46.9,20.6,24.7,0.504,0.797,0.176,2.44,0.92,1.53,52100.0,25900.0,41100.0,856.0,1140.0,309.0,4830.0,1310.0,0.623,23.3,23.8,19.7,0.015
W202682,2515.0,2615.0,2715.0,59.3,25.7,8.94,0.672,0.78,0.203,2.38,1.27,1.02,73800.0,36200.0,16700.0,1280.0,1250.0,400.0,5280.0,2030.0,0.42,26.0,26.7,28.0,0.0075
W202683,2060.0,2150.0,2250.0,52.0,22.1,18.6,0.756,0.764,0.189,2.62,1.04,1.53,60200.0,29000.0,32200.0,1340.0,1140.0,347.0,5400.0,1540.0,0.62,24.4,24.8,20.4,0.014
W202684,2510.0,2620.0,2710.0,48.4,19.8,21.6,0.91,0.813,0.216,2.72,0.97,2.17,51800.0,24100.0,34600.0,1490.0,1120.0,367.0,5180.0,1330.0,0.89,22.4,22.9,22.3,0.018
W202685,2010.0,2120.0,2210.0,45.2,20.8,25.2,1.54,0.614,0.257,1.75,0.936,1.8,20100.0,10500.0,16800.0,1050.0,353.0,181.0,1390.0,534.0,0.73,9.4,9.53,9.2,0.017
W202686,2160.0,2260.0,2350.0,44.5,20.8,25.9,1.08,0.598,0.23,1.97,1.02,1.88,22400.0,11800.0,19400.0,828.0,387.0,183.0,1760.0,656.0,0.768,10.5,10.8,9.8,0.0092
W202687,2220.0,2310.0,2420.0,53.1,21.4,16.0,0.854,0.896,0.216,2.19,0.936,1.48,27400.0,12500.0,12300.0,673.0,596.0,177.0,2010.0,618.0,0.597,10.9,11.0,11.4,0.0069
W202688,2540.0,2650.0,2760.0,52.6,26.5,11.6,0.658,0.863,0.189,2.72,1.17,1.08,39700.0,22600.0,13100.0,758.0,839.0,226.0,3650.0,1130.0,0.451,15.4,16.1,15.2,0.0073
W202689,2060.0,2140.0,2250.0,43.2,20.2,20.0,3.11,2.16,0.243,1.74,1.02,6.0,23400.0,12400.0,16200.0,2570.0,1500.0,208.0,1680.0,705.0,2.43,11.4,11.6,11.2,0.016
W202690,2060.0,2140.0,2260.0,37.0,14.4,23.6,5.77,3.49,0.203,1.85,0.669,10.0,22100.0,9720.0,21100.0,5270.0,2680.0,192.0,1970.0,511.0,4.09,12.5,12.8,13.7,0.062
W202691,2000.0,2120.0,2210.0,46.9,24.4,21.0,0.602,0.548,0.257,1.89,1.17,0.8,23300.0,13700.0,15700.0,458.0,352.0,202.0,1670.0,746.0,0.328,10.4,10.7,15.3,0.013
W202692,2120.0,2210.0,2320.0,34.7,16.1,39.4,2.52,0.531,0.23,1.43,0.719,2.5,15900.0,8370.0,27100.0,1770.0,315.0,167.0,1170.0,423.0,1.03,9.6,9.84,9.4,0.019
W202693,2020.0,2110.0,2200.0,38.9,21.4,28.9,2.16,0.797,0.23,1.63,0.753,2.75,30000.0,18600.0,33300.0,2540.0,791.0,280.0,2240.0,742.0,1.13,16.1,16.5,14.5,0.027
W202694,2110.0,2210.0,2300.0,37.7,27.1,18.8,3.53,1.03,0.284,1.29,1.51,5.1,10100.0,8190.0,7520.0,1440.0,354.0,120.0,613.0,516.0,2.08,5.6,5.72,6.0,0.022
W202695,2010.0,2100.0,2210.0,26.7,11.0,44.1,5.49,0.813,0.257,1.9,0.48,6.79,38000.0,17700.0,93700.0,11900.0,1490.0,578.0,4810.0,873.0,2.75,30.0,30.4,27.6,0.075
W202696,2360.0,2450.0,2550.0,32.7,25.9,20.8,4.97,0.93,0.324,1.52,1.16,5.49,14600.0,13100.0,13900.0,3390.0,536.0,230.0,1210.0,663.0,2.23,9.4,9.56,15.2,0.031
W202697,2060.0,2150.0,2260.0,24.3,15.3,24.5,15.5,0.714,0.27,1.0,0.81,9.58,12000.0,8600.0,18200.0,11700.0,456.0,212.0,881.0,513.0,3.9,10.4,10.6,10.0,0.094
W202789,2660.0,2780.0,2800.0,46.4,29.9,15.0,0.47,0.581,0.27,3.25,1.2,0.76,23600.0,17200.0,11400.0,366.0,381.0,218.0,2950.0,782.0,0.307,10.8,10.9,10.8,0.018
W202790,2800.0,2800.0,2800.0,56.5,28.5,5.49,0.4,0.664,0.378,2.06,1.76,0.59,30400.0,17300.0,4420.0,329.0,461.0,322.0,1970.0,1210.0,0.238,11.4,11.5,10.9,0.011
W203384,2420.0,2510.0,2600.0,50.3,25.9,9.28,3.35,1.01,0.127,0.817,1.82,5.0,24600.0,14300.0,6780.0,2500.0,637.0,98.2,711.0,1140.0,2.03,10.3,10.4,10.8,0.028
W203385,2910.0,2910.0,2910.0,52.4,28.9,6.79,0.854,1.16,0.149,3.28,1.2,1.45,23200.0,14500.0,4500.0,578.0,663.0,104.0,2590.0,682.0,0.591,9.3,9.47,16.0,0.015
W203386,2410.0,2520.0,2610.0,33.4,32.1,19.9,3.89,1.24,0.351,1.75,1.34,7.0,4770.0,5190.0,4250.0,849.0,229.0,79.4,446.0,244.0,2.85,3.0,3.06,3.0,0.022
W203387,2910.0,2910.0,2910.0,57.1,28.9,4.78,0.448,1.33,0.189,3.87,1.35,0.9,43400.0,24900.0,5430.0,521.0,1300.0,228.0,5240.0,1320.0,0.366,16.0,16.3,11.0,0.012
W203389,2460.0,2550.0,2640.0,50.3,27.4,14.6,0.504,0.78,0.23,2.79,1.47,0.9,27800.0,17200.0,12100.0,426.0,557.0,201.0,2750.0,1040.0,0.364,11.7,11.8,10.7,0.01
W203390,2910.0,2910.0,2910.0,53.5,31.0,6.39,0.77,0.88,0.23,2.67,1.2,1.23,29700.0,19500.0,5320.0,654.0,631.0,202.0,2640.0,857.0,0.494,11.8,11.9,10.3,0.026
W203392,2530.0,2630.0,2740.0,46.9,30.1,10.7,2.3,0.515,1.32,0.938,2.59,2.4,10400.0,7570.0,3560.0,780.0,148.0,466.0,371.0,738.0,0.972,4.7,4.76,4.7,0.008
W203393,2030.0,2150.0,2320.0,35.7,17.6,42.3,0.588,0.581,0.108,1.9,0.936,1.05,21800.0,12100.0,38600.0,547.0,456.0,104.0,2060.0,730.0,0.424,12.9,13.0,12.7,0.0095
W203394,1970.0,2090.0,2160.0,30.8,17.5,48.9,1.01,0.382,0.103,1.39,1.0,1.65,14400.0,9250.0,34200.0,719.0,230.0,75.9,1160.0,599.0,0.666,9.9,9.99,10.6,0.012
W203395,2020.0,2160.0,2210.0,48.4,19.3,23.4,1.58,0.398,0.311,1.23,1.19,1.75,33400.0,15100.0,24200.0,1670.0,355.0,340.0,1510.0,1050.0,0.709,14.6,14.8,9.0,0.015
W203396,2200.0,2320.0,2570.0,27.4,14.9,49.9,1.58,0.349,0.311,0.986,0.619,1.75,12100.0,7460.0,33000.0,1070.0,198.0,217.0,774.0,349.0,0.711,9.3,9.44,11.2,0.015
W203617,2160.0,2250.0,2340.0,17.8,8.17,58.6,3.17,1.24,0.203,1.07,0.452,7.75,6060.0,3150.0,29900.0,1650.0,547.0,109.0,649.0,197.0,3.14,7.2,7.29,9.9,0.36
W203618,1920.0,2010.0,2120.0,25.7,15.8,45.9,2.96,0.83,0.162,1.55,0.669,5.0,12600.0,8780.0,33800.0,2220.0,526.0,126.0,1360.0,421.0,2.02,10.4,10.5,11.1,0.052
W203619,2210.0,2320.0,2420.0,35.1,22.3,34.9,1.86,0.88,0.23,1.26,1.17,3.25,21900.0,15800.0,32600.0,1780.0,707.0,227.0,1400.0,934.0,1.31,13.2,13.3,11.3,0.029
W203620,2400.0,2510.0,2620.0,40.7,29.5,18.3,2.35,0.93,0.189,1.37,1.67,4.0,27200.0,22400.0,18300.0,2410.0,803.0,201.0,1630.0,1430.0,1.63,14.1,14.3,11.9,0.016
W203621,2510.0,2620.0,2710.0,48.4,29.9,15.2,0.994,0.73,0.176,1.13,1.91,1.65,51000.0,35700.0,23900.0,1600.0,993.0,293.0,2120.0,2570.0,0.671,22.2,22.6,19.1,0.0065
W203622,2410.0,2520.0,2610.0,43.9,31.2,14.6,2.09,0.896,0.297,1.25,1.52,3.0,25800.0,20800.0,12800.0,1880.0,680.0,277.0,1310.0,1150.0,1.22,12.4,12.6,10.5,0.013
W203623,2560.0,2660.0,2750.0,46.4,30.1,5.42,4.22,0.681,0.135,1.98,1.12,4.5,14400.0,10600.0,2520.0,2000.0,273.0,66.6,1100.0,446.0,1.84,6.5,6.66,6.7,0.031
W203624,2720.0,2800.0,2800.0,43.0,28.2,7.87,6.83,0.631,0.128,1.25,0.987,5.0,12100.0,8980.0,3310.0,2940.0,229.0,57.2,627.0,355.0,2.04,5.9,6.03,5.6,0.04
W203628,2800.0,2800.0,2800.0,43.7,33.8,13.4,1.4,0.498,0.117,1.24,1.02,1.43,12200.0,10700.0,5600.0,598.0,179.0,52.0,616.0,365.0,0.588,5.8,5.98,5.9,0.0063
W203629,2740.0,2800.0,2800.0,41.5,33.3,13.8,1.09,0.432,0.149,1.21,1.92,0.75,34200.0,31000.0,17000.0,1370.0,458.0,194.0,1780.0,2030.0,0.307,17.2,17.6,17.2,0.0046
W203630,2615.0,2715.0,2800.0,41.7,32.1,14.4,1.85,0.415,0.176,0.938,0.669,2.5,14300.0,12400.0,7380.0,966.0,183.0,95.2,571.0,293.0,1.02,7.2,7.32,7.1,0.0095
W203631,2615.0,2715.0,2800.0,37.7,33.6,5.46,5.11,1.16,0.959,1.38,0.987,8.25,2360.0,2380.0,512.0,489.0,93.8,95.1,154.0,79.0,3.4,1.3,1.34,1.6,0.014
W203632,2020.0,2110.0,2210.0,15.0,10.2,64.2,2.59,0.315,0.405,0.18,0.686,4.0,2930.0,2250.0,18700.0,771.0,79.2,125.0,62.5,171.0,1.63,4.1,4.17,4.7,0.032
W203633,2320.0,2410.0,2520.0,30.8,25.1,7.14,10.0,1.99,1.13,0.841,1.02,15.5,1460.0,1350.0,506.0,726.0,122.0,85.2,71.0,61.9,6.35,0.99,1.01,0.9,0.03
W203634,2360.0,2450.0,2560.0,38.5,30.1,7.19,9.01,1.2,1.16,0.276,1.61,16.3,1330.0,1180.0,372.0,475.0,53.2,63.6,17.0,71.0,6.67,0.72,0.739,0.9,0.017
W203652,2465.0,2555.0,2655.0,46.2,27.6,21.1,0.826,0.548,0.149,1.35,1.09,1.25,30400.0,20600.0,20800.0,831.0,465.0,155.0,1580.0,916.0,0.503,14.0,14.1,14.9,0.015
W203653,2800.0,2800.0,2800.0,51.4,31.0,7.56,0.784,0.93,0.176,2.49,1.34,0.85,48700.0,33300.0,10700.0,1140.0,1140.0,264.0,4200.0,1620.0,0.342,20.2,20.3,18.2,0.0084
W203654,2320.0,2410.0,2520.0,29.1,27.4,28.0,5.0,0.432,0.162,0.601,0.836,5.0,10300.0,10900.0,14800.0,2690.0,196.0,90.5,377.0,377.0,2.01,7.5,7.55,7.1,0.008
W203655,2320.0,2410.0,2520.0,38.1,21.7,36.8,0.7,0.365,0.149,0.913,1.07,1.18,13200.0,8540.0,19100.0,371.0,163.0,81.7,565.0,476.0,0.472,7.4,7.43,8.9,0.0071
W203656,2060.0,2150.0,2260.0,42.8,14.4,30.3,4.33,0.83,0.243,1.8,0.686,4.5,45600.0,17400.0,48300.0,7040.0,1140.0,410.0,3420.0,934.0,1.81,22.6,22.8,18.6,0.043
W203657,2510.0,2620.0,2710.0,53.5,24.8,14.3,0.532,0.598,0.378,1.94,1.2,0.95,30300.0,15900.0,12100.0,460.0,436.0,339.0,1950.0,872.0,0.383,12.0,12.1,14.2,0.0087
W203658,2000.0,2120.0,2210.0,43.4,20.0,25.5,3.5,0.581,0.162,1.8,0.886,3.0,19500.0,10200.0,17100.0,2400.0,336.0,115.0,1440.0,509.0,1.21,9.5,9.6,10.7,0.025
W203663,2800.0,2800.0,2800.0,52.4,32.1,6.48,0.714,0.88,0.756,2.33,1.61,1.25,36500.0,25300.0,6750.0,760.0,790.0,835.0,2890.0,1430.0,0.504,14.8,14.9,15.4,0.012
W203664,2320.0,2410.0,2520.0,32.5,21.6,43.6,1.01,0.315,0.149,0.793,0.836,1.4,9310.0,6980.0,18700.0,441.0,116.0,67.4,404.0,306.0,0.562,6.1,6.12,6.0,0.0083
W203665,2800.0,2800.0,2800.0,46.0,32.1,15.0,0.686,0.515,0.338,1.6,1.69,1.18,18400.0,14600.0,8990.0,419.0,265.0,214.0,1140.0,865.0,0.473,8.5,8.56,8.1,0.0065
W203666,2750.0,2800.0,2800.0,46.4,29.7,13.1,0.7,1.05,0.23,2.22,1.34,1.33,49800.0,36000.0,21100.0,1150.0,1450.0,390.0,4250.0,1840.0,0.534,22.8,23.0,23.2,0.01
W203667,2060.0,2150.0,2260.0,43.4,23.8,21.9,1.08,0.681,0.149,2.22,1.19,1.68,21900.0,13600.0,16500.0,829.0,441.0,118.0,1990.0,764.0,0.674,10.7,10.8,12.9,0.0099
W203668,2800.0,2800.0,2800.0,50.5,38.4,0.958,0.714,0.216,0.176,1.5,4.28,1.8,39500.0,34000.0,1120.0,854.0,218.0,218.0,2090.0,4290.0,0.73,16.5,16.7,16.2,0.0056
W203671,2060.0,2150.0,2260.0,32.1,19.8,42.0,0.994,0.315,0.0675,0.541,0.652,1.25,10300.0,7180.0,20100.0,485.0,130.0,34.2,308.0,267.0,0.518,6.6,6.83,6.3,0.0046
W203672,2160.0,2250.0,2355.0,36.2,21.0,33.8,1.22,0.581,0.135,1.37,0.87,1.75,17000.0,11100.0,23800.0,873.0,351.0,100.0,1140.0,522.0,0.724,9.7,10.0,8.9,0.019
W203673,2800.0,2800.0,2800.0,55.2,26.7,6.49,1.04,0.88,0.243,2.5,1.32,1.25,36500.0,20000.0,6430.0,1050.0,750.0,255.0,2940.0,1120.0,0.513,13.8,14.2,10.4,0.013
W203674,1930.0,2050.0,2170.0,31.5,16.3,36.7,4.08,0.548,0.405,1.25,0.87,3.75,13400.0,7820.0,23400.0,2650.0,300.0,273.0,946.0,473.0,1.53,8.9,9.1,6.9,0.032
W203675,1950.0,2050.0,2160.0,28.9,18.2,41.9,1.89,0.498,0.378,0.805,0.686,2.75,8700.0,6210.0,18900.0,870.0,193.0,181.0,432.0,264.0,1.13,6.3,6.45,6.3,0.019
W203676,1940.0,2060.0,2180.0,32.4,18.2,39.9,1.64,0.332,0.203,0.865,0.903,1.75,12400.0,7860.0,22800.0,957.0,164.0,123.0,589.0,442.0,0.716,8.0,8.18,8.4,0.016
W203677,2000.0,2120.0,2210.0,33.0,13.9,41.7,1.39,0.78,0.297,1.66,0.702,2.25,17800.0,8500.0,33600.0,1140.0,542.0,254.0,1590.0,484.0,0.918,11.3,11.5,10.9,0.02
W203678,1920.0,2020.0,2090.0,31.0,17.0,43.1,1.32,0.349,0.081,0.889,0.819,1.5,11800.0,7300.0,24500.0,765.0,171.0,48.8,602.0,399.0,0.618,7.9,8.14,7.1,0.0038
W203679,2010.0,2120.0,2210.0,28.7,22.5,38.2,2.13,0.382,0.149,0.505,0.435,2.75,7200.0,6390.0,14400.0,817.0,124.0,59.1,226.0,140.0,1.14,5.2,5.37,6.0,0.011
W203680,2150.0,2260.0,2350.0,39.8,24.0,24.3,1.74,0.581,0.162,1.43,1.0,2.0,16300.0,11100.0,14900.0,1090.0,307.0,105.0,1040.0,527.0,0.826,8.5,8.78,8.9,0.009
W203681,2120.0,2210.0,2300.0,23.1,11.8,56.9,1.67,0.481,0.284,1.24,0.552,2.5,10700.0,6170.0,39400.0,1180.0,287.0,208.0,1020.0,326.0,1.03,9.6,9.89,9.6,0.02
W203682,1950.0,2040.0,2130.0,23.3,12.5,59.5,0.952,0.232,0.108,0.613,0.769,1.25,12300.0,7440.0,46900.0,766.0,158.0,90.2,575.0,518.0,0.512,11.0,11.3,10.4,0.01
W203685,1840.0,1950.0,2070.0,33.0,16.7,32.2,5.07,0.481,0.162,1.3,0.819,3.5,11600.0,6640.0,16900.0,2720.0,218.0,90.1,811.0,368.0,1.44,7.3,7.51,6.8,0.036
W203686,1860.0,1970.0,2065.0,23.1,13.2,50.9,2.59,0.531,0.176,1.32,0.635,4.25,8750.0,5670.0,28900.0,1500.0,259.0,105.0,891.0,308.0,1.74,7.9,8.1,8.1,0.033
W203687,2800.0,2800.0,2800.0,49.4,28.9,10.7,0.91,0.714,0.473,2.61,1.52,1.75,31500.0,20800.0,10200.0,885.0,585.0,477.0,2950.0,1240.0,0.717,13.3,13.6,13.2,0.011
W203688,1920.0,2010.0,2100.0,25.5,18.1,49.0,2.04,0.515,0.311,0.998,0.585,3.5,7190.0,5770.0,20700.0,883.0,187.0,139.0,502.0,212.0,1.43,5.9,6.04,5.9,0.018
W203689,1900.0,2020.0,2130.0,25.5,18.1,49.0,1.58,0.465,0.351,1.17,0.786,3.5,9390.0,7530.0,27000.0,891.0,221.0,205.0,765.0,371.0,1.43,7.7,7.89,7.2,0.022
W203690,1920.0,2010.0,2120.0,44.1,18.1,27.7,1.37,0.93,0.446,2.34,0.936,2.75,22300.0,10400.0,21000.0,1060.0,606.0,357.0,2110.0,606.0,1.12,10.6,10.8,10.2,0.016
W203691,2410.0,2500.0,2610.0,51.8,20.8,17.4,1.43,0.664,0.27,1.89,1.15,2.5,45100.0,20500.0,22700.0,1900.0,745.0,373.0,2920.0,1290.0,1.02,18.2,18.6,17.1,0.022
W203692,1920.0,2010.0,2120.0,33.2,13.6,42.9,3.73,0.664,0.324,1.62,0.702,4.25,20800.0,9650.0,40100.0,3560.0,536.0,321.0,1810.0,562.0,1.74,13.1,13.4,11.5,0.027
W203693,2115.0,2205.0,2315.0,36.4,23.6,30.1,2.58,0.564,0.432,1.69,1.27,3.5,21400.0,15800.0,26500.0,2320.0,429.0,403.0,1780.0,958.0,1.43,12.3,12.6,12.2,0.018
W203694,2100.0,2210.0,2300.0,28.7,15.7,51.4,1.55,0.432,0.297,1.11,0.803,2.7,11000.0,6820.0,29500.0,912.0,214.0,181.0,756.0,394.0,1.11,8.0,8.21,8.7,0.019
W203695,1900.0,2020.0,2110.0,21.4,13.1,59.1,3.45,0.382,0.365,0.697,0.518,5.5,8910.0,6180.0,36900.0,2190.0,205.0,241.0,518.0,277.0,2.26,8.7,8.92,7.2,0.026
W203696,2100.0,2210.0,2300.0,19.5,12.3,63.6,2.55,0.398,0.419,0.601,0.635,4.25,4680.0,3330.0,22800.0,932.0,123.0,159.0,256.0,195.0,1.74,5.0,5.12,4.8,0.016
W203697,2320.0,2410.0,2500.0,41.3,27.0,17.6,2.72,0.979,0.392,2.1,0.886,5.0,16300.0,12100.0,10400.0,1640.0,499.0,245.0,1480.0,448.0,2.06,8.2,8.45,7.6,0.038
W203698,2260.0,2350.0,2460.0,46.9,23.4,20.2,0.952,0.681,0.338,2.57,1.12,2.0,33300.0,18900.0,21500.0,1030.0,624.0,380.0,3260.0,1020.0,0.817,14.9,15.2,14.3,0.012
W203699,2010.0,2100.0,2200.0,41.1,20.4,31.1,1.43,0.747,0.459,1.33,0.987,2.5,30100.0,16900.0,34100.0,1600.0,705.0,533.0,1740.0,925.0,1.02,15.4,15.7,14.7,0.012
W203700,2060.0,2170.0,2260.0,39.4,15.9,34.7,0.98,0.847,0.338,2.0,0.786,1.5,27800.0,12700.0,36700.0,1060.0,771.0,378.0,2510.0,710.0,0.613,14.8,15.1,14.4,0.012
W203701,1910.0,2000.0,2120.0,42.8,19.5,24.8,1.68,0.847,0.567,1.67,0.92,2.25,23800.0,12300.0,20700.0,1430.0,608.0,501.0,1660.0,656.0,0.917,11.7,11.9,12.1,0.012
W203702,2800.0,2800.0,2800.0,52.2,29.3,5.63,1.36,0.498,0.419,1.23,1.79,1.5,9240.0,5870.0,1490.0,367.0,114.0,117.0,386.0,405.0,0.614,3.7,3.79,3.6,0.0067
W203703,2210.0,2320.0,2410.0,40.0,23.6,26.6,0.98,0.498,0.27,1.26,1.3,1.25,12400.0,8290.0,12300.0,464.0,199.0,133.0,696.0,517.0,0.51,6.5,6.63,5.9,0.012
W203704,2160.0,2250.0,2350.0,39.6,21.9,27.5,0.98,0.515,0.311,1.51,1.25,1.25,15900.0,9960.0,16500.0,601.0,266.0,197.0,1080.0,644.0,0.511,8.4,8.59,10.7,0.017
W203705,2120.0,2210.0,2300.0,54.4,18.1,17.1,0.616,0.664,0.324,2.25,1.0,1.0,63000.0,23700.0,29600.0,1090.0,992.0,595.0,4640.0,1490.0,0.407,24.4,24.8,23.4,0.014
W203810,2160.0,2250.0,2360.0,25.0,17.4,26.6,9.89,1.83,0.108,0.877,0.652,14.5,9920.0,7830.0,15800.0,5990.0,933.0,67.8,619.0,331.0,6.07,8.1,8.52,7.1,0.1
W203811,2650.0,2750.0,2800.0,41.3,29.9,11.0,2.62,0.647,0.27,1.67,1.32,4.5,11400.0,9370.0,4550.0,1110.0,231.0,119.0,824.0,468.0,1.87,5.7,5.93,5.4,0.024
W203813,2800.0,2800.0,2800.0,43.9,40.5,3.56,2.16,0.415,0.108,0.517,0.535,2.13,17400.0,18200.0,2120.0,1310.0,212.0,68.0,365.0,272.0,0.86,8.4,8.5,8.5,0.018
W203815,2650.0,2760.0,2800.0,49.4,27.0,5.61,3.01,1.11,0.297,2.62,1.0,4.0,19700.0,12200.0,3340.0,1830.0,571.0,187.0,1860.0,511.0,1.62,8.4,8.52,8.0,0.12
W203816,2740.0,2800.0,2800.0,47.3,33.1,9.85,0.616,0.647,0.176,2.26,1.62,0.75,54300.0,43000.0,16900.0,1080.0,959.0,320.0,4620.0,2390.0,0.304,24.3,24.6,20.8,0.025
W203817,2260.0,2350.0,2460.0,41.3,25.5,22.4,0.882,0.515,0.189,1.51,0.953,1.5,51400.0,35900.0,41700.0,1680.0,825.0,373.0,3350.0,1520.0,0.607,26.3,26.6,21.7,0.04
W203818,2420.0,2510.0,2620.0,47.9,23.1,11.0,1.82,0.764,0.27,3.75,1.49,2.5,25500.0,13900.0,8780.0,1480.0,524.0,228.0,3550.0,1010.0,1.02,11.2,11.4,10.1,0.014
W203819,2310.0,2420.0,2510.0,44.5,21.9,20.1,2.2,0.78,0.284,3.09,0.753,3.25,23100.0,12900.0,15600.0,1740.0,521.0,233.0,2850.0,499.0,1.31,11.0,11.1,10.1,0.011
W203820,2800.0,2800.0,2800.0,51.4,31.8,4.05,1.57,0.863,0.176,2.03,1.3,2.25,29900.0,20900.0,3530.0,1400.0,648.0,162.0,2110.0,973.0,0.912,12.3,12.5,11.7,0.04
W203821,2460.0,2560.0,2650.0,43.7,28.5,12.2,2.45,0.664,0.216,1.94,1.35,4.0,13800.0,10200.0,5770.0,1180.0,270.0,108.0,1090.0,546.0,1.66,6.5,6.74,5.5,0.022
W203823,2460.0,2560.0,2650.0,36.6,33.6,4.8,4.4,1.51,0.23,2.94,1.62,7.75,14600.0,15200.0,2870.0,2680.0,777.0,145.0,2090.0,828.0,3.27,8.1,8.54,7.3,0.017
W203824,2750.0,2800.0,2800.0,47.5,31.6,5.62,1.6,1.34,0.162,3.31,1.15,2.25,63700.0,47900.0,11300.0,3270.0,2320.0,344.0,7890.0,1980.0,0.939,27.5,28.7,21.6,0.0098
W203825,2610.0,2700.0,2800.0,40.7,29.3,7.05,3.14,1.66,0.311,2.32,1.14,6.25,16100.0,13100.0,4180.0,1900.0,848.0,195.0,1640.0,577.0,2.56,8.3,8.48,8.4,0.02
W203826,2690.0,2800.0,2800.0,46.2,31.4,12.6,0.448,0.681,0.162,2.21,1.04,1.25,66400.0,51000.0,27100.0,983.0,1260.0,369.0,5650.0,1910.0,0.504,30.5,30.7,28.7,0.01
W203827,2510.0,2620.0,2710.0,46.0,24.4,12.2,2.44,1.03,0.203,2.44,1.3,4.5,26200.0,15700.0,10400.0,2120.0,756.0,183.0,2470.0,951.0,1.86,11.8,12.2,11.0,0.021
W203828,2720.0,2800.0,2800.0,45.8,29.7,10.1,0.672,0.996,0.311,4.64,1.07,1.5,61200.0,44900.0,20100.0,1370.0,1720.0,658.0,11000.0,1830.0,0.619,27.7,28.6,24.1,0.015
W203829,2800.0,2800.0,2800.0,52.9,28.9,5.93,0.476,0.946,0.284,5.1,1.04,1.0,84100.0,52100.0,14100.0,1160.0,1940.0,715.0,14400.0,2110.0,0.404,33.7,34.0,31.4,0.0062
W203830,2800.0,2800.0,2800.0,49.2,29.3,5.88,3.11,0.747,0.189,1.88,1.22,4.25,23300.0,15700.0,4160.0,2250.0,456.0,142.0,1580.0,740.0,1.74,9.9,10.1,9.2,0.19
W203831,2450.0,2560.0,2650.0,41.7,29.3,12.7,2.28,1.15,0.176,2.24,0.97,3.5,36100.0,28700.0,16400.0,3020.0,1280.0,241.0,3440.0,1070.0,1.43,18.1,18.5,15.3,0.29
W203832,2420.0,2510.0,2620.0,41.1,27.4,4.69,9.5,2.32,0.365,1.44,0.619,7.8,17400.0,13100.0,2970.0,6130.0,1270.0,244.0,1090.0,335.0,3.14,9.0,9.05,8.1,0.052
W203835,2450.0,2560.0,2650.0,36.4,32.9,10.5,6.47,1.28,2.03,0.817,1.61,7.25,2730.0,2800.0,1180.0,742.0,124.0,241.0,109.0,154.0,2.91,1.6,1.61,5.2,0.012
W204131,2255.0,2355.0,2455.0,49.9,18.6,19.7,0.882,0.764,0.216,2.56,0.953,1.25,39000.0,16500.0,23100.0,1050.0,770.0,268.0,3560.0,954.0,0.507,16.5,16.7,16.0,0.0093
W204137,2760.0,2800.0,2800.0,52.0,28.4,10.2,1.18,0.581,0.378,2.32,1.51,1.75,66200.0,40800.0,19500.0,2290.0,953.0,762.0,5260.0,2450.0,0.709,26.9,27.2,21.5,0.018
W204138,2800.0,2800.0,2800.0,53.3,26.3,8.25,0.448,0.913,0.203,2.74,1.25,0.75,35300.0,19700.0,8170.0,453.0,779.0,212.0,3230.0,1060.0,0.303,14.0,14.2,13.0,0.0084
W204139,2400.0,2520.0,2610.0,48.8,21.6,17.7,0.924,0.73,0.243,2.57,1.12,1.0,39300.0,19600.0,21400.0,1140.0,758.0,310.0,3690.0,1150.0,0.405,17.0,17.2,16.9,0.012
W204140,2800.0,2800.0,2800.0,57.6,27.8,3.55,0.574,0.83,0.311,2.66,1.49,0.5,54100.0,29600.0,4990.0,825.0,1010.0,463.0,4450.0,1790.0,0.202,19.9,20.1,19.8,0.0067
W204141,2000.0,2110.0,2220.0,46.0,17.7,26.5,0.616,0.73,0.176,2.78,0.97,1.25,58200.0,25300.0,50200.0,1190.0,1190.0,352.0,6250.0,1570.0,0.505,26.8,27.1,24.2,0.034
W204142,2360.0,2450.0,2570.0,49.9,23.1,17.8,0.63,0.598,0.216,2.52,1.07,1.75,41300.0,21600.0,22000.0,797.0,638.0,283.0,3720.0,1130.0,0.709,17.5,17.7,17.2,0.015
W204143,2800.0,2800.0,2800.0,55.6,26.8,5.89,0.588,0.979,0.23,3.06,1.56,0.5,61100.0,33300.0,9680.0,986.0,1390.0,399.0,5990.0,2180.0,0.202,23.2,23.5,20.2,0.0063
W204144,2155.0,2255.0,2355.0,47.9,20.6,21.4,0.588,0.764,0.189,2.52,0.987,1.0,46900.0,22800.0,31400.0,880.0,964.0,293.0,4400.0,1240.0,0.405,20.7,21.0,20.7,0.012
W204145,2160.0,2250.0,2350.0,41.7,23.1,24.9,1.08,0.631,0.216,2.24,1.05,2.25,30400.0,19000.0,27100.0,1200.0,592.0,249.0,2900.0,981.0,0.91,15.4,15.6,14.3,0.015
W204146,2800.0,2800.0,2800.0,52.4,31.2,2.25,1.61,0.481,0.392,1.3,2.36,2.0,17700.0,12000.0,1140.0,833.0,210.0,210.0,782.0,1020.0,0.805,7.2,7.24,5.9,0.0024
W204147,2410.0,2520.0,2610.0,41.5,29.5,10.6,3.24,0.813,0.135,1.75,0.836,3.75,14900.0,12000.0,5680.0,1770.0,375.0,76.6,1120.0,383.0,1.51,7.6,7.66,6.7,0.0061
W204150,2460.0,2560.0,2650.0,43.2,24.4,23.5,0.532,0.398,0.149,1.81,1.07,1.0,25600.0,16400.0,20800.0,482.0,304.0,139.0,1910.0,811.0,0.402,12.6,12.7,15.6,0.012
W204152,2800.0,2800.0,2800.0,46.9,29.1,12.8,1.34,0.481,0.621,1.17,1.35,2.25,14700.0,10300.0,6010.0,645.0,195.0,309.0,651.0,544.0,0.916,6.6,6.72,6.3,0.0072
W204155,2160.0,2250.0,2360.0,43.4,23.3,21.9,1.69,0.647,0.432,1.8,1.15,2.5,19700.0,11900.0,14900.0,1170.0,379.0,311.0,1460.0,670.0,1.01,9.6,9.71,10.5,0.018
W204156,2800.0,2800.0,2800.0,49.9,28.0,10.2,1.09,0.581,0.405,2.39,1.34,1.25,22500.0,14300.0,6860.0,753.0,338.0,290.0,1920.0,773.0,0.508,9.5,9.66,9.5,0.052
W204157,2650.0,2760.0,2800.0,49.2,27.0,8.18,1.93,0.83,0.351,2.39,1.37,2.5,11200.0,6940.0,2780.0,670.0,243.0,126.0,966.0,398.0,1.01,4.8,4.85,4.7,0.008
W204158,2350.0,2460.0,2560.0,51.8,26.5,6.58,1.61,0.714,0.392,2.49,1.66,2.25,13400.0,7780.0,2560.0,639.0,239.0,161.0,1150.0,550.0,0.909,5.5,5.56,5.7,0.0053
W204159,2800.0,2800.0,2800.0,57.8,25.9,3.19,0.896,0.73,0.81,1.78,2.09,1.0,38300.0,19400.0,3160.0,908.0,624.0,851.0,2100.0,1770.0,0.402,14.1,14.2,13.4,0.0064
W204160,2160.0,2250.0,2360.0,38.9,25.3,11.4,3.88,1.51,0.959,2.64,1.42,0.7,8260.0,6080.0,3610.0,1260.0,413.0,322.0,998.0,386.0,0.282,4.5,4.54,3.6,0.022
W204161,2800.0,2800.0,2800.0,50.3,28.2,6.01,1.85,0.996,0.432,2.46,1.09,2.75,28400.0,18000.0,5080.0,1600.0,725.0,387.0,2480.0,786.0,1.11,12.0,12.1,15.8,0.012
W204162,2800.0,2800.0,2800.0,54.4,26.1,8.49,0.854,0.979,0.54,1.44,1.87,1.0,22300.0,12100.0,5220.0,536.0,518.0,351.0,1050.0,983.0,0.404,8.7,8.78,11.1,0.003
W204163,2610.0,2720.0,2800.0,49.6,33.3,2.75,2.72,0.664,0.189,1.41,1.37,1.25,19600.0,14900.0,1620.0,1640.0,338.0,118.0,988.0,693.0,0.509,8.3,8.45,6.8,0.0036
W204164,2800.0,2800.0,2800.0,51.8,31.8,4.76,1.3,1.06,0.284,1.62,1.61,1.25,18400.0,12800.0,2540.0,708.0,487.0,160.0,1030.0,731.0,0.508,7.5,7.62,6.8,0.0076
W204617,2270.0,2360.0,2490.0,43.0,29.5,9.88,2.68,0.83,0.81,1.88,1.62,3.5,6720.0,5210.0,2310.0,638.0,167.0,200.0,521.0,324.0,1.42,3.3,3.34,3.6,0.0082
W204620,2800.0,2800.0,2800.0,59.3,26.1,3.1,0.742,0.78,0.203,1.83,2.01,0.25,73800.0,36800.0,5780.0,1410.0,1250.0,400.0,4050.0,3200.0,0.101,26.4,26.6,28.2,0.0048
W204621,2910.0,2910.0,2910.0,54.4,27.8,5.42,0.42,0.979,0.23,3.04,1.09,0.25,73000.0,42200.0,10900.0,862.0,1700.0,488.0,7270.0,1870.0,0.104,27.7,28.7,25.1,0.0074
W204622,2340.0,2480.0,2650.0,20.3,20.4,33.5,6.83,1.03,0.554,0.721,0.502,10.3,3980.0,4520.0,9800.0,2040.0,260.0,172.0,251.0,126.0,4.29,4.0,4.21,3.9,0.029
W204623,2070.0,2190.0,2640.0,39.2,21.4,29.8,0.63,0.681,0.189,2.2,0.987,1.0,49100.0,30300.0,55800.0,1210.0,1100.0,375.0,4910.0,1580.0,0.417,25.7,26.8,21.9,0.0099
W204625,2200.0,2320.0,2420.0,40.9,26.1,23.0,0.952,0.498,0.27,1.43,1.15,1.25,11500.0,8320.0,9720.0,410.0,181.0,121.0,718.0,416.0,0.511,5.9,6.03,5.6,0.0046
W204626,1910.0,2020.0,2140.0,38.9,20.8,30.2,1.22,0.398,0.0513,0.95,1.37,1.5,14300.0,8670.0,16600.0,686.0,189.0,30.0,623.0,646.0,0.614,7.7,7.88,7.6,0.014
W204627,2060.0,2160.0,2250.0,44.9,21.6,22.0,0.896,0.747,0.149,2.08,1.15,1.5,27500.0,14900.0,20100.0,838.0,589.0,144.0,2260.0,903.0,0.609,12.9,13.1,13.0,0.012
W204628,2210.0,2320.0,2410.0,47.1,21.9,15.3,1.53,1.18,0.203,2.48,1.15,2.5,30300.0,16000.0,14700.0,1500.0,979.0,207.0,2840.0,951.0,1.01,13.6,13.8,13.3,0.015
W204629,2000.0,2090.0,2200.0,32.3,20.2,32.7,2.24,0.797,0.473,1.47,1.07,3.75,7860.0,5570.0,11900.0,833.0,250.0,182.0,635.0,333.0,1.53,5.1,5.21,4.8,0.05
W204630,2010.0,2100.0,2190.0,23.5,12.6,57.2,0.952,0.282,0.176,0.697,0.92,1.5,13700.0,8340.0,49900.0,848.0,212.0,162.0,723.0,686.0,0.613,12.2,12.5,12.7,0.0089
W204631,2005.0,2120.0,2215.0,28.5,16.6,19.8,6.9,2.32,0.0635,1.44,0.92,14.8,13800.0,9090.0,14400.0,5120.0,1450.0,48.8,1250.0,571.0,6.18,9.9,10.3,8.3,0.092
W204632,1950.0,2060.0,2150.0,30.6,17.7,41.2,1.54,0.465,0.459,0.974,0.87,2.5,10700.0,6990.0,21500.0,822.0,209.0,254.0,605.0,388.0,1.02,7.3,7.47,7.7,0.018
W204633,1940.0,2050.0,2140.0,25.3,17.2,41.7,2.69,0.83,0.675,1.24,0.836,5.25,4570.0,3520.0,11300.0,744.0,194.0,194.0,399.0,194.0,2.14,3.8,3.88,4.2,0.035
W204634,2000.0,2110.0,2200.0,44.5,23.1,21.9,1.57,0.382,0.459,0.553,1.22,2.25,15100.0,8840.0,11100.0,811.0,167.0,246.0,333.0,529.0,0.918,7.1,7.24,7.7,0.014
W204635,2000.0,2090.0,2200.0,27.6,18.8,33.4,4.27,0.896,0.432,1.17,0.769,7.5,7270.0,5600.0,13200.0,1720.0,304.0,180.0,547.0,259.0,3.07,5.5,5.64,5.4,0.11
W204636,2010.0,2120.0,2210.0,22.7,17.6,44.0,3.14,0.697,0.567,0.757,0.819,5.5,4010.0,3530.0,11700.0,848.0,159.0,159.0,239.0,186.0,2.25,3.7,3.79,3.5,0.024
W204637,2065.0,2155.0,2255.0,27.8,18.0,35.6,3.99,0.714,0.257,0.661,1.0,6.75,4130.0,3030.0,7910.0,905.0,137.0,60.4,175.0,191.0,2.77,3.1,3.18,3.0,0.078
W204638,1960.0,2050.0,2160.0,35.1,23.6,32.4,1.04,0.315,0.23,0.745,0.87,1.75,20700.0,15800.0,28700.0,936.0,240.0,215.0,784.0,658.0,0.714,12.4,12.6,12.0,0.015
W204639,1990.0,2100.0,2200.0,35.7,15.5,39.7,0.91,0.332,0.216,1.21,1.1,1.75,25700.0,12600.0,42700.0,1000.0,308.0,246.0,1550.0,1020.0,0.713,15.1,15.4,14.6,0.0097
W204640,2010.0,2120.0,2210.0,44.9,22.9,19.6,1.79,0.415,0.473,0.805,1.37,3.0,14800.0,8520.0,9670.0,902.0,176.0,247.0,472.0,578.0,1.23,6.9,7.05,6.8,0.014
W204641,2060.0,2150.0,2260.0,22.3,11.1,55.1,2.0,0.581,0.189,1.43,0.518,4.25,12900.0,7230.0,47600.0,1770.0,433.0,173.0,1470.0,383.0,1.74,12.1,12.4,10.3,0.042
W204642,2150.0,2240.0,2350.0,22.3,17.2,22.2,11.2,1.83,0.0351,0.481,0.652,21.5,5080.0,4460.0,7590.0,3920.0,538.0,12.7,196.0,191.0,8.95,4.7,4.89,4.2,0.059
W204643,2060.0,2150.0,2250.0,20.5,16.8,35.1,7.1,1.11,0.675,0.649,0.803,13.8,2850.0,2650.0,7300.0,1510.0,199.0,149.0,160.0,143.0,5.64,2.9,2.97,2.8,0.33
W204644,2050.0,2160.0,2250.0,17.8,12.9,55.6,2.41,0.161,0.513,0.601,0.585,4.75,3910.0,3220.0,18300.0,809.0,45.6,179.0,235.0,165.0,1.94,4.6,4.7,4.5,0.024
W204645,1915.0,2005.0,2100.0,29.3,17.4,40.0,2.23,0.598,0.365,1.2,0.936,4.0,7420.0,4980.0,15100.0,861.0,195.0,146.0,542.0,303.0,1.64,5.3,5.42,5.7,0.0375
W204646,2455.0,2555.0,2655.0,40.0,31.6,13.5,2.86,0.714,0.392,1.29,0.97,4.25,4910.0,4390.0,2480.0,536.0,113.0,76.2,281.0,152.0,1.72,2.6,2.63,2.4,0.011
W204647,2410.0,2520.0,2610.0,44.3,28.9,12.3,2.11,0.647,0.23,1.67,1.12,3.0,7950.0,5870.0,3300.0,580.0,150.0,65.3,534.0,257.0,1.21,3.8,3.84,3.3,0.018
W204648,2800.0,2800.0,2800.0,55.6,28.0,3.36,0.714,0.946,0.149,3.82,2.17,0.75,41200.0,23400.0,3720.0,807.0,902.0,174.0,5030.0,2060.0,0.302,15.7,15.8,12.1,0.0086
W204649,2800.0,2800.0,2800.0,49.4,31.2,4.68,0.91,1.08,0.162,4.16,1.47,1.0,17900.0,12800.0,2540.0,505.0,505.0,93.1,2690.0,683.0,0.403,7.7,7.76,7.7,0.011
W204650,2800.0,2800.0,2800.0,55.4,28.7,5.35,0.532,0.681,0.284,1.69,1.69,0.5,40400.0,23700.0,5840.0,593.0,640.0,328.0,2200.0,1580.0,0.201,15.5,15.6,11.7,0.012
W204651,2460.0,2560.0,2650.0,57.4,23.8,7.46,0.504,0.913,0.135,3.03,1.14,0.75,52700.0,24800.0,10300.0,708.0,1080.0,197.0,4950.0,1340.0,0.302,19.5,19.7,19.3,0.0088
W204652,2210.0,2320.0,2410.0,45.2,24.2,15.7,2.41,0.88,0.392,2.32,1.44,3.5,10200.0,6210.0,5330.0,834.0,257.0,141.0,936.0,417.0,1.41,4.8,4.85,4.7,0.026
W204653,2740.0,2800.0,2800.0,53.7,25.7,5.75,1.33,0.88,0.297,3.22,2.14,1.75,21000.0,11400.0,3370.0,797.0,444.0,184.0,2250.0,1070.0,0.707,8.3,8.38,8.0,0.016
W204654,2800.0,2800.0,2800.0,48.4,35.3,4.18,0.616,0.813,0.378,1.97,1.59,0.75,27800.0,23000.0,3590.0,541.0,602.0,344.0,2020.0,1170.0,0.307,12.0,12.3,12.5,0.01
W204655,2800.0,2800.0,2800.0,54.1,31.9,3.99,0.588,0.764,0.324,1.85,1.84,0.5,38600.0,25800.0,4260.0,641.0,702.0,366.0,2350.0,1680.0,0.202,15.1,15.3,13.9,0.014
W204656,2410.0,2520.0,2620.0,56.3,25.9,5.68,0.658,1.34,0.149,2.86,1.04,0.75,57200.0,29800.0,8640.0,1020.0,1760.0,239.0,5180.0,1350.0,0.305,21.4,21.8,11.5,0.019
W204657,2010.0,2120.0,2210.0,37.7,20.8,27.3,2.62,0.747,0.122,1.61,0.87,4.0,8530.0,5330.0,9260.0,907.0,218.0,43.6,650.0,252.0,1.62,4.8,4.85,4.7,0.049
W204658,2070.0,2160.0,2250.0,36.6,22.7,22.7,2.94,1.06,0.176,2.01,0.953,5.5,8680.0,6090.0,8060.0,1070.0,325.0,66.0,848.0,289.0,2.23,5.0,5.08,5.0,0.074
W204659,2800.0,2800.0,2800.0,55.0,27.8,5.08,0.518,0.979,0.122,2.63,1.2,0.75,59700.0,34100.0,8240.0,859.0,1370.0,209.0,5080.0,1670.0,0.303,23.0,23.2,19.6,0.01
W204660,1920.0,2000.0,2100.0,26.5,15.9,46.7,1.76,0.349,0.203,0.829,0.669,2.75,5140.0,3480.0,13500.0,522.0,87.0,62.1,286.0,166.0,1.11,4.1,4.14,4.7,0.01
W204661,2100.0,2210.0,2320.0,21.3,16.5,50.4,2.44,0.481,0.554,0.541,0.669,3.5,3920.0,3450.0,13900.0,686.0,114.0,162.0,177.0,158.0,1.42,3.9,3.94,3.1,0.014
W204662,2040.0,2160.0,2250.0,56.1,25.0,6.52,2.21,0.813,0.176,1.95,1.59,1.5,31400.0,15800.0,5460.0,1890.0,587.0,156.0,1940.0,1140.0,0.609,11.8,12.0,8.8,0.014
W204665,2410.0,2520.0,2610.0,48.4,29.7,9.25,1.47,0.896,0.162,1.8,1.19,1.75,38100.0,26500.0,10900.0,1770.0,911.0,202.0,2530.0,1200.0,0.707,16.7,16.9,13.8,0.018
W204666,2720.0,2800.0,2800.0,45.4,26.1,14.7,1.55,0.863,0.135,1.63,1.12,2.25,35600.0,23200.0,17200.0,1860.0,873.0,168.0,2280.0,1120.0,0.91,16.6,16.8,18.4,0.023
W204667,2110.0,2200.0,2290.0,27.8,18.2,38.7,2.93,0.747,0.257,0.962,0.602,4.25,17400.0,12800.0,36100.0,2790.0,601.0,254.0,1070.0,481.0,1.72,13.2,13.3,11.4,0.019
W204668,2060.0,2165.0,2255.0,37.5,20.6,24.4,2.62,1.06,0.716,1.59,1.39,4.5,9410.0,5860.0,9160.0,1010.0,344.0,285.0,710.0,446.0,1.83,5.3,5.38,5.3,0.038
W204669,1920.0,2010.0,2100.0,41.7,15.4,29.0,2.17,0.847,0.27,1.44,0.719,3.25,31600.0,13200.0,32800.0,2510.0,825.0,324.0,1940.0,696.0,1.31,16.0,16.2,14.8,0.024
W204670,2200.0,2290.0,2400.0,45.4,27.0,9.44,2.27,1.13,0.972,2.92,1.56,3.5,17000.0,11400.0,5280.0,1300.0,544.0,576.0,1940.0,744.0,1.42,7.9,8.0,4.7,0.023
W204671,2160.0,2250.0,2340.0,36.2,24.2,19.0,4.3,1.33,0.77,1.41,1.02,6.0,7200.0,5450.0,5670.0,1310.0,341.0,243.0,498.0,260.0,2.43,4.2,4.26,3.5,0.044
W204672,1920.0,2040.0,2150.0,34.5,17.6,31.7,2.48,1.03,0.135,1.96,0.736,4.5,18300.0,10500.0,25200.0,2010.0,704.0,113.0,1850.0,499.0,1.82,11.2,11.3,11.6,0.032
W204673,2645.0,2760.0,2800.0,40.2,22.1,14.2,5.08,1.49,0.176,2.54,0.92,7.5,9300.0,5790.0,4910.0,1800.0,445.0,64.3,1040.0,272.0,3.03,4.9,4.95,17.5,0.069
W204674,2610.0,2720.0,2800.0,43.7,30.1,12.5,1.95,0.614,0.189,1.12,1.32,2.5,9070.0,7070.0,3890.0,618.0,164.0,62.2,413.0,351.0,1.01,4.4,4.45,12.9,0.013
W204675,2310.0,2430.0,2520.0,46.7,22.1,18.2,0.728,1.03,0.135,2.45,1.07,1.25,53900.0,28900.0,31500.0,1280.0,1530.0,247.0,5040.0,1580.0,0.506,24.4,24.7,23.8,0.0098
W204676,2400.0,2490.0,2600.0,49.0,24.6,10.8,2.21,0.896,0.486,1.95,1.59,3.0,17900.0,10200.0,5870.0,1230.0,422.0,281.0,1270.0,742.0,1.22,7.7,7.81,6.5,0.032
W204677,2800.0,2800.0,2800.0,18.0,12.8,52.0,4.22,0.664,0.23,0.709,0.518,7.0,3560.0,2880.0,15400.0,1280.0,170.0,72.1,250.0,132.0,2.83,4.2,4.24,15.2,0.045
W204678,2210.0,2300.0,2410.0,28.5,18.7,36.8,2.54,0.88,0.23,2.07,0.652,4.75,11700.0,8720.0,22700.0,1600.0,467.0,150.0,1520.0,344.0,1.93,8.7,8.82,5.0,0.036
W204679,2560.0,2650.0,2740.0,16.6,11.4,57.6,3.21,0.681,0.216,0.877,0.468,5.75,3860.0,2980.0,20000.0,1130.0,203.0,79.3,362.0,139.0,2.33,4.9,4.96,4.5,0.026
W204680,2160.0,2250.0,2360.0,28.5,22.5,28.7,3.47,1.15,0.243,2.18,0.635,5.25,8380.0,7500.0,12700.0,1560.0,435.0,113.0,1140.0,239.0,2.13,6.2,6.3,3.4,0.036
W204684,2050.0,2140.0,2250.0,37.5,28.2,17.4,2.8,0.83,0.216,1.25,1.05,4.0,13100.0,11200.0,9140.0,1500.0,375.0,120.0,779.0,472.0,1.62,7.4,7.49,7.8,0.022
W204685,2210.0,2320.0,2410.0,58.2,19.3,10.5,1.71,0.664,0.135,1.23,0.953,2.38,31100.0,11700.0,8350.0,1390.0,457.0,114.0,1170.0,651.0,0.961,11.3,11.4,9.3,0.034
W204688,2260.0,2350.0,2450.0,48.4,23.3,16.0,1.3,0.631,0.27,1.77,0.97,1.25,27800.0,15100.0,13700.0,1140.0,467.0,246.0,1810.0,713.0,0.504,12.2,12.3,11.9,0.02
W204690,2560.0,2660.0,2750.0,53.5,25.5,10.6,0.882,0.664,0.5,1.98,1.34,1.0,30500.0,16500.0,9060.0,769.0,488.0,452.0,2010.0,977.0,0.404,12.1,12.2,12.4,0.0094
W204692,2310.0,2420.0,2510.0,49.2,22.3,17.3,0.476,0.714,0.176,2.48,1.07,0.75,55200.0,28300.0,29000.0,816.0,1030.0,312.0,4940.0,1540.0,0.302,23.8,24.0,24.4,0.015
W204693,2010.0,2120.0,2210.0,52.2,23.4,14.6,0.504,0.681,0.176,2.5,1.2,0.75,67800.0,34500.0,28400.0,1000.0,1140.0,361.0,5780.0,2000.0,0.302,27.6,27.8,24.4,0.013
W204694,2740.0,2800.0,2800.0,49.9,27.8,9.81,0.7,0.631,0.297,2.27,1.19,0.5,34500.0,21800.0,10200.0,741.0,563.0,326.0,2800.0,1050.0,0.202,14.7,14.8,13.8,0.008
W204695,2120.0,2215.0,2305.0,39.2,17.4,33.9,0.588,0.598,0.123,2.09,0.819,1.25,42700.0,21500.0,55300.0,980.0,840.0,212.0,4060.0,1140.0,0.505,23.1,23.3,22.7,0.031
W204696,2360.0,2450.0,2560.0,49.9,23.3,16.3,0.49,0.78,0.23,2.63,1.29,0.75,51300.0,27100.0,25000.0,770.0,1030.0,374.0,4820.0,1690.0,0.303,21.8,22.0,21.1,0.018
W204699,2450.0,2560.0,2650.0,48.8,20.4,21.3,0.504,0.764,0.162,2.79,0.953,0.75,55600.0,26300.0,36300.0,877.0,1120.0,292.0,5650.0,1390.0,0.302,24.2,24.4,27.5,0.01
W204700,2155.0,2255.0,2360.0,51.1,18.3,19.7,1.76,0.813,0.243,2.55,0.936,1.75,38600.0,15600.0,22200.0,2030.0,790.0,290.0,3420.0,903.0,0.706,16.0,16.1,16.1,0.035
W204701,2560.0,2670.0,2760.0,49.2,25.1,12.8,0.826,0.83,0.162,2.7,1.2,1.0,34500.0,19900.0,13400.0,884.0,750.0,180.0,3370.0,1080.0,0.402,14.9,15.0,14.6,0.008
W204702,2060.0,2150.0,2250.0,27.2,16.3,50.7,0.63,0.266,0.0446,0.877,0.569,0.75,19000.0,12900.0,53000.0,673.0,239.0,49.4,1090.0,509.0,0.301,14.9,15.0,14.5,0.0065
W204703,2320.0,2410.0,2520.0,40.4,24.2,26.1,0.84,0.515,0.0918,1.88,1.07,1.25,15200.0,10300.0,14700.0,482.0,249.0,54.6,1250.0,514.0,0.502,8.0,8.03,8.1,0.01
W204704,2800.0,2800.0,2800.0,53.5,34.6,2.46,0.546,0.448,0.0675,2.1,1.79,0.5,32600.0,23900.0,2250.0,509.0,352.0,65.3,2280.0,1400.0,0.201,13.0,13.1,12.7,0.005
W204705,2360.0,2450.0,2560.0,53.9,21.7,12.6,1.58,0.647,0.104,2.02,1.09,1.75,45200.0,20600.0,15800.0,2030.0,699.0,138.0,3010.0,1170.0,0.705,17.8,17.9,17.4,0.018
W204707,2450.0,2550.0,2640.0,49.6,22.9,17.9,0.532,0.631,0.176,2.08,1.2,0.75,68100.0,35500.0,36700.0,1110.0,1110.0,381.0,5080.0,2110.0,0.302,29.1,29.3,29.7,0.0087
W204709,2750.0,2800.0,2800.0,51.1,27.0,9.97,0.966,1.03,0.135,2.38,1.17,1.0,43200.0,25800.0,12600.0,1250.0,1120.0,181.0,3580.0,1260.0,0.404,17.9,18.1,16.6,0.013
W204710,2770.0,2800.0,2800.0,51.1,28.0,9.22,1.05,0.979,0.135,2.32,1.24,1.0,36700.0,22700.0,9890.0,1150.0,905.0,153.0,2960.0,1140.0,0.404,15.2,15.3,13.9,0.009
W204711,2740.0,2800.0,2800.0,52.0,25.9,10.2,1.54,0.681,0.648,0.757,2.01,2.0,50000.0,28200.0,14600.0,2260.0,843.0,987.0,1300.0,2470.0,0.806,20.4,20.6,6.2,0.033
W204712,2360.0,2450.0,2550.0,47.3,23.4,17.9,1.47,0.697,0.756,0.649,1.91,2.0,10000.0,5630.0,5690.0,476.0,191.0,254.0,245.0,517.0,0.806,4.5,4.54,4.5,0.025
W205190,2720.0,2800.0,2800.0,56.1,26.3,4.4,1.85,0.88,0.311,1.95,1.79,2.0,40600.0,21500.0,4770.0,2040.0,821.0,356.0,2510.0,1660.0,0.81,15.3,15.5,16.1,0.0082
W205191,2650.0,2760.0,2800.0,53.3,24.0,9.55,2.18,0.797,0.378,1.86,1.69,2.25,34500.0,17600.0,9250.0,2160.0,665.0,388.0,2150.0,1400.0,0.91,13.7,13.9,12.4,0.013
W205192,2740.0,2800.0,2800.0,50.9,29.9,5.28,0.966,1.44,0.392,4.45,1.1,1.5,28800.0,19100.0,4460.0,835.0,1050.0,351.0,4480.0,798.0,0.61,11.9,12.1,9.2,0.017
W205193,2710.0,2800.0,2800.0,52.2,26.8,5.83,2.27,0.896,0.662,0.817,2.63,3.0,11200.0,6500.0,1870.0,742.0,247.0,224.0,311.0,719.0,1.22,4.5,4.58,4.5,0.0071
W205194,2750.0,2800.0,2800.0,55.4,26.3,3.85,2.8,0.913,0.27,2.22,1.71,2.25,26600.0,14300.0,2760.0,2050.0,565.0,205.0,1900.0,1050.0,0.915,10.1,10.3,10.0,0.019
W205195,2800.0,2800.0,2800.0,50.9,33.1,4.13,1.37,0.764,0.324,2.06,2.02,1.0,22300.0,16400.0,2700.0,916.0,430.0,224.0,1600.0,1130.0,0.407,9.2,9.35,8.7,0.01
W205196,2800.0,2800.0,2800.0,48.2,31.4,6.68,2.75,0.78,0.189,1.36,1.54,2.0,11700.0,8640.0,2430.0,1020.0,245.0,72.9,588.0,479.0,0.816,5.1,5.21,5.0,0.007
W205197,2060.0,2170.0,2250.0,36.0,20.4,33.1,1.13,0.747,0.162,2.1,0.87,4.0,29700.0,19100.0,40900.0,1430.0,796.0,212.0,3090.0,920.0,1.63,17.4,17.7,19.2,0.015
W205198,2520.0,2610.0,2700.0,42.2,30.1,13.8,2.25,0.797,0.351,1.5,1.07,5.0,19300.0,15600.0,9500.0,1580.0,471.0,255.0,1230.0,628.0,2.05,9.6,9.82,9.9,0.0093
W205199,2010.0,2100.0,2210.0,19.8,13.3,43.6,5.84,1.01,0.243,1.07,0.552,11.5,3880.0,2940.0,12800.0,1740.0,255.0,75.3,372.0,138.0,4.69,4.1,4.18,5.8,0.089
W205200,1955.0,2065.0,2165.0,28.2,14.9,39.6,3.68,0.996,0.405,1.69,0.686,7.75,6600.0,3950.0,13800.0,1320.0,300.0,150.0,705.0,205.0,3.16,4.9,5.0,4.4,0.093
W205201,2020.0,2100.0,2200.0,15.8,12.7,46.4,7.17,0.963,0.378,0.817,0.552,12.3,2490.0,2250.0,10900.0,1720.0,195.0,94.1,229.0,111.0,4.99,3.3,3.36,2.7,0.087
W205202,2100.0,2190.0,2300.0,29.5,18.1,42.2,2.03,0.332,0.149,0.541,0.836,3.0,19900.0,13800.0,42600.0,2090.0,288.0,159.0,649.0,721.0,1.22,14.2,14.4,11.1,0.03
W205203,1900.0,2000.0,2110.0,29.3,17.0,38.3,2.93,0.764,0.149,2.13,0.602,5.25,14800.0,9740.0,29000.0,2260.0,498.0,119.0,1910.0,389.0,2.14,10.6,10.8,8.4,0.046
W205204,2000.0,2120.0,2210.0,27.4,20.4,37.7,2.7,0.73,0.162,1.78,0.635,4.75,9790.0,8260.0,20200.0,1480.0,336.0,91.8,1130.0,291.0,1.94,7.5,7.65,7.4,0.032
W205205,2050.0,2160.0,2250.0,40.2,17.3,27.9,1.57,1.38,0.338,3.15,0.786,4.5,20000.0,9730.0,20700.0,1190.0,881.0,265.0,2780.0,499.0,1.84,10.4,10.6,8.6,0.033
W205208,2060.0,2170.0,2260.0,24.2,13.9,46.9,2.84,1.03,0.324,1.27,0.669,6.75,8060.0,5240.0,23400.0,1450.0,442.0,171.0,756.0,285.0,2.75,7.0,7.14,5.7,0.17
W205209,2560.0,2660.0,2760.0,45.2,27.6,14.3,1.93,1.05,0.284,2.22,1.24,2.75,15700.0,10800.0,7410.0,1020.0,468.0,156.0,1370.0,549.0,1.12,7.3,7.42,8.1,0.029
W205210,2065.0,2155.0,2250.0,33.8,26.8,25.1,3.31,0.813,0.405,1.23,1.09,4.75,11700.0,10600.0,13100.0,1750.0,364.0,223.0,758.0,483.0,1.94,7.3,7.43,8.5,0.019
W205213,2210.0,2320.0,2410.0,35.1,26.7,19.9,3.22,0.963,0.81,1.73,1.35,5.0,8170.0,7020.0,6920.0,1150.0,289.0,299.0,717.0,403.0,2.03,4.9,4.98,4.3,0.019
W205214,2640.0,2750.0,2800.0,54.6,26.7,6.02,1.43,0.996,0.581,2.91,1.17,1.75,26200.0,14500.0,4330.0,1050.0,617.0,442.0,2490.0,720.0,0.713,10.1,10.3,11.8,0.017
W205215,2570.0,2650.0,2760.0,44.1,27.4,10.4,2.69,0.78,0.351,1.57,1.66,3.0,21400.0,15000.0,7520.0,1990.0,487.0,270.0,1360.0,1030.0,1.22,10.2,10.4,8.1,0.0097
W205315,1970.0,2060.0,2150.0,42.2,14.7,33.5,1.41,0.515,0.311,1.68,1.27,2.5,8560.0,3390.0,10200.0,439.0,135.0,99.9,608.0,330.0,1.03,4.2,4.34,9.3,0.014
W205316,2800.0,2800.0,2800.0,65.9,22.5,2.69,0.476,0.564,0.135,1.98,2.37,0.75,101000.0,39000.0,6160.0,1110.0,1110.0,328.0,5410.0,4650.0,0.309,31.8,32.8,30.7,0.0054
W205318,2800.0,2800.0,2800.0,51.8,34.8,3.36,0.882,0.498,0.135,1.88,1.61,1.25,19100.0,14500.0,1860.0,498.0,237.0,79.0,1230.0,759.0,0.513,7.7,7.9,7.5,0.004
W205319,2200.0,2310.0,2400.0,50.3,28.2,6.46,1.06,1.23,0.284,4.22,1.35,1.23,61500.0,39000.0,11800.0,1990.0,1940.0,550.0,9180.0,2120.0,0.511,25.1,26.2,22.6,0.013
W205320,2550.0,2650.0,2755.0,45.2,26.7,7.22,4.71,0.946,0.257,1.85,1.39,6.5,20200.0,13500.0,4840.0,3220.0,546.0,182.0,1470.0,795.0,2.68,9.3,9.58,9.1,0.028
W205321,2800.0,2800.0,2800.0,48.6,34.2,3.16,2.06,0.448,0.338,0.841,1.19,2.25,8830.0,7040.0,860.0,572.0,105.0,97.3,272.0,276.0,0.922,3.8,3.89,3.5,0.0043
W205322,2800.0,2800.0,2800.0,54.1,29.1,1.99,0.868,0.797,0.189,2.67,1.56,0.5,49200.0,30000.0,2700.0,1210.0,934.0,272.0,4320.0,1810.0,0.204,19.1,19.5,18.9,0.0055
W205323,2800.0,2800.0,2800.0,50.7,30.4,4.8,1.36,0.764,0.149,2.2,1.54,1.75,16800.0,11400.0,2380.0,686.0,325.0,77.8,1290.0,650.0,0.717,6.9,7.07,6.5,0.0097
W205324,2800.0,2800.0,2800.0,48.2,29.1,5.18,2.27,1.1,0.473,2.7,1.52,3.5,16600.0,11300.0,2670.0,1190.0,486.0,258.0,1660.0,670.0,1.43,7.2,7.37,6.9,0.012
W205326,2800.0,2800.0,2800.0,53.5,30.4,3.06,1.33,0.531,0.162,1.97,1.77,1.75,27300.0,17600.0,2340.0,1040.0,350.0,131.0,1790.0,1160.0,0.715,10.7,10.9,10.4,0.0088
W205327,2210.0,2320.0,2410.0,43.4,25.1,20.4,1.33,0.581,0.243,1.56,1.37,1.75,22200.0,14600.0,15700.0,1040.0,383.0,197.0,1420.0,898.0,0.71,10.8,11.0,11.7,0.018
W205328,2710.0,2800.0,2800.0,46.4,30.1,9.04,1.01,0.896,0.27,3.09,1.22,1.25,41800.0,30600.0,12200.0,1390.0,1040.0,385.0,4950.0,1410.0,0.509,18.9,19.3,18.7,0.024
W205329,2120.0,2210.0,2300.0,31.9,25.1,18.6,5.49,1.36,1.35,2.15,1.05,9.5,2590.0,2310.0,2260.0,682.0,143.0,174.0,312.0,110.0,3.89,1.7,1.74,1.6,0.024
W205330,2460.0,2550.0,2650.0,49.2,25.1,13.7,1.36,0.564,0.149,1.47,1.81,2.0,25300.0,14600.0,10600.0,1070.0,374.0,121.0,1340.0,1190.0,0.816,10.8,11.0,10.6,0.0077
W205331,2450.0,2570.0,2660.0,43.4,28.4,11.4,1.88,1.06,0.594,3.34,0.987,3.0,10600.0,7820.0,4160.0,698.0,333.0,229.0,1450.0,307.0,1.23,5.1,5.21,4.8,0.036
W205332,2800.0,2800.0,2800.0,57.6,28.4,2.17,0.672,0.78,0.216,2.85,1.76,0.5,52100.0,29100.0,2950.0,930.0,911.0,310.0,4590.0,2030.0,0.206,18.8,19.4,17.4,0.0067
W205333,2255.0,2360.0,2455.0,38.5,26.7,7.35,4.96,2.46,0.284,3.04,0.836,9.75,16900.0,13300.0,4840.0,3330.0,1390.0,198.0,2380.0,471.0,4.12,8.9,9.41,7.3,0.013
W205334,2800.0,2800.0,2800.0,52.2,32.9,2.29,1.47,0.631,0.113,1.53,1.99,2.0,28600.0,20400.0,1870.0,1230.0,445.0,98.4,1490.0,1390.0,0.829,11.3,11.7,11.0,0.01
W205335,2420.0,2510.0,2600.0,50.1,25.7,13.7,0.798,0.88,0.23,2.86,1.15,1.0,32100.0,18700.0,13100.0,782.0,727.0,233.0,3270.0,947.0,0.413,13.3,13.7,12.4,0.0091
W205336,2800.0,2800.0,2800.0,51.6,28.9,5.28,1.13,1.06,0.27,2.75,1.1,1.0,19500.0,12400.0,2980.0,655.0,517.0,162.0,1850.0,533.0,0.414,7.8,8.08,6.9,0.0249
W205337,2800.0,2800.0,2800.0,56.9,26.1,3.15,1.54,0.863,0.392,2.45,1.57,2.0,15500.0,8040.0,1280.0,641.0,303.0,169.0,1190.0,547.0,0.817,5.7,5.82,5.5,0.0128
W205338,2800.0,2800.0,2800.0,52.9,31.0,2.62,1.68,0.681,0.662,1.74,1.86,1.75,10800.0,7190.0,802.0,526.0,180.0,215.0,636.0,487.0,0.714,4.3,4.39,4.1,0.007
W205339,2800.0,2800.0,2800.0,54.1,28.7,5.36,1.39,0.647,0.216,2.14,2.02,1.75,22300.0,13400.0,3310.0,873.0,344.0,141.0,1570.0,1070.0,0.718,8.6,8.82,7.8,0.0052
W205666,2060.0,2150.0,2250.0,31.5,18.8,36.4,2.91,0.896,0.338,1.6,0.786,4.75,9430.0,6380.0,16300.0,1330.0,347.0,160.0,853.0,302.0,1.94,6.3,6.42,5.8,0.031
W205667,2155.0,2260.0,2350.0,39.2,21.9,28.0,1.51,0.78,0.176,2.1,1.05,2.0,24000.0,15200.0,25700.0,1420.0,616.0,170.0,2290.0,826.0,0.813,12.9,13.1,12.3,0.024
W206424,2410.0,2500.0,2590.0,47.1,24.0,18.3,0.812,0.432,0.297,1.57,1.1,1.0,17300.0,9980.0,10100.0,456.0,204.0,173.0,1030.0,519.0,0.408,7.7,7.86,7.6,0.01
W206425,2800.0,2800.0,2800.0,46.0,31.9,6.22,2.93,0.515,0.378,1.91,1.09,3.0,15100.0,11900.0,3060.0,1470.0,218.0,197.0,1120.0,457.0,1.22,6.9,7.04,6.8,0.011
W206429,2800.0,2800.0,2800.0,52.2,29.5,4.42,2.04,0.382,0.662,1.17,1.59,1.0,14100.0,9010.0,1780.0,843.0,133.0,283.0,560.0,549.0,0.405,5.7,5.78,4.4,0.0025
W206430,2040.0,2150.0,2260.0,42.6,23.3,24.5,0.826,0.531,0.27,2.4,0.97,1.75,20200.0,12500.0,17300.0,598.0,324.0,203.0,2030.0,588.0,0.709,10.0,10.1,10.2,0.0038
W206431,2500.0,2600.0,2690.0,45.6,25.3,19.3,0.588,0.415,0.23,1.26,1.42,0.75,18300.0,11500.0,11600.0,362.0,215.0,146.0,904.0,732.0,0.304,8.5,8.61,9.1,0.013
W206432,2310.0,2440.0,2550.0,58.2,20.4,10.3,1.02,1.05,0.392,3.19,1.02,1.75,96800.0,38400.0,25500.0,2600.0,2240.0,1030.0,9430.0,2170.0,0.718,34.7,35.6,32.6,0.017
W206433,2290.0,2400.0,2490.0,50.1,21.0,20.3,0.504,0.73,0.23,2.94,0.97,1.0,59000.0,28000.0,35800.0,907.0,1110.0,429.0,6180.0,1460.0,0.405,24.9,25.2,27.8,0.012
W206434,1970.0,2060.0,2150.0,37.7,19.5,33.5,0.644,0.714,0.203,2.12,0.87,1.5,40500.0,23700.0,53900.0,1060.0,990.0,345.0,4050.0,1200.0,0.611,22.6,23.0,22.3,0.009
W206435,1940.0,2050.0,2160.0,25.5,21.2,18.5,16.2,2.16,0.257,1.88,0.619,8.75,15000.0,14100.0,16300.0,14600.0,1640.0,239.0,1960.0,466.0,3.8,11.6,12.6,11.6,0.042
W206436,2800.0,2800.0,2800.0,47.7,31.2,6.84,2.17,1.16,0.23,2.91,1.17,3.75,35100.0,26000.0,7520.0,2440.0,1100.0,268.0,3810.0,1100.0,1.55,15.2,15.7,15.7,0.0076
W206437,2200.0,2290.0,2380.0,42.8,25.1,12.0,6.06,1.03,0.189,2.67,0.819,6.5,50300.0,33400.0,21100.0,10900.0,1560.0,352.0,5580.0,1230.0,2.72,24.0,25.0,22.7,0.019
W206438,2000.0,2110.0,2200.0,35.3,19.1,36.9,1.46,0.581,0.27,2.14,0.903,3.0,15000.0,9190.0,23500.0,946.0,319.0,182.0,1620.0,491.0,1.21,9.0,9.1,9.1,0.016
W206439,2050.0,2240.0,2370.0,46.9,21.9,21.6,1.3,0.531,0.23,1.63,1.24,2.0,21100.0,11200.0,14500.0,895.0,308.0,164.0,1310.0,712.0,0.811,9.5,9.63,9.0,0.044
W206440,1920.0,2020.0,2120.0,34.2,17.0,29.6,5.66,0.747,0.297,1.33,0.619,9.25,11200.0,6280.0,14500.0,2830.0,315.0,154.0,777.0,259.0,3.87,6.7,7.03,6.7,0.04
W206441,2435.0,2525.0,2615.0,46.9,26.7,15.2,2.02,0.548,0.284,1.33,1.32,3.0,13400.0,8600.0,6500.0,878.0,201.0,128.0,677.0,482.0,1.22,6.0,6.1,6.0,0.019
W206443,2040.0,2160.0,2280.0,19.0,12.4,61.0,1.53,0.282,0.135,0.385,0.318,2.75,6420.0,4730.0,30800.0,787.0,123.0,72.2,231.0,137.0,1.12,7.1,7.22,6.1,0.038
W206444,2620.0,2710.0,2800.0,54.4,25.1,9.19,0.896,0.548,0.284,1.97,1.25,1.0,16500.0,8650.0,4180.0,416.0,215.0,137.0,1070.0,488.0,0.407,6.4,6.5,6.3,0.0052
W206445,2200.0,2310.0,2450.0,40.7,25.1,20.7,1.69,0.681,0.203,2.36,1.1,2.0,14500.0,10100.0,11000.0,922.0,313.0,114.0,1490.0,503.0,0.813,7.5,7.62,7.6,0.0076
W206446,2800.0,2800.0,2800.0,60.6,29.1,1.27,0.518,0.199,0.115,0.938,3.44,0.5,61800.0,33700.0,1950.0,809.0,262.0,186.0,1700.0,4500.0,0.201,21.7,21.9,20.3,0.0035
W206447,2800.0,2800.0,2800.0,49.2,34.2,2.96,1.39,0.382,0.176,1.11,2.93,2.0,21300.0,16800.0,1920.0,916.0,213.0,120.0,852.0,1620.0,0.805,9.2,9.26,9.1,0.0068
W206448,2250.0,2360.0,2470.0,45.4,24.0,22.9,1.12,0.332,0.189,1.23,1.35,1.5,31900.0,19100.0,24200.0,1210.0,301.0,211.0,1540.0,1220.0,0.607,14.9,15.1,15.5,0.011
W206484,2370.0,2450.0,2540.0,40.0,27.6,21.5,2.04,0.764,0.297,1.86,1.2,3.0,15200.0,11900.0,12200.0,1190.0,375.0,179.0,1260.0,587.0,1.22,8.0,8.15,8.1,0.011
W206485,2665.0,2755.0,2800.0,40.9,31.0,11.1,2.58,0.863,0.702,1.39,1.17,3.25,10900.0,9380.0,4450.0,1050.0,297.0,297.0,664.0,400.0,1.33,5.6,5.72,5.4,0.012
W206486,2750.0,2800.0,2800.0,42.6,31.6,8.42,2.63,1.03,0.675,1.68,1.2,3.0,11400.0,9530.0,3360.0,1070.0,354.0,285.0,799.0,411.0,1.22,5.6,5.71,5.6,0.013
W206487,2360.0,2450.0,2540.0,29.7,28.5,13.8,7.68,1.23,0.27,0.901,1.29,9.25,3850.0,4180.0,2680.0,1520.0,205.0,55.4,208.0,213.0,3.8,2.7,2.77,3.9,0.015
W206488,2260.0,2350.0,2480.0,29.7,28.0,14.7,6.88,1.33,0.27,1.33,1.14,9.75,3870.0,4120.0,2870.0,1370.0,223.0,55.6,309.0,189.0,4.02,2.7,2.78,2.7,0.014
W206491,2470.0,2560.0,2650.0,34.9,28.5,19.2,3.52,0.697,0.189,0.829,1.1,4.75,9860.0,9130.0,8100.0,1520.0,254.0,84.7,417.0,399.0,1.95,5.9,6.05,13.3,0.0078
W206492,2580.0,2690.0,2800.0,53.3,24.4,2.9,4.83,0.996,0.311,2.6,1.17,1.0,37700.0,19500.0,3070.0,5220.0,908.0,348.0,3270.0,1060.0,0.409,14.8,15.1,6.9,0.03
W206495,2710.0,2800.0,2800.0,55.6,25.3,6.12,0.546,0.996,0.176,3.08,1.25,1.0,32300.0,16600.0,5310.0,484.0,745.0,161.0,3180.0,931.0,0.404,12.3,12.4,12.2,0.0094
W206496,2480.0,2570.0,2720.0,57.8,26.5,4.42,0.644,1.16,0.203,3.47,1.39,1.0,34600.0,17900.0,3960.0,590.0,897.0,192.0,3700.0,1060.0,0.404,12.7,12.8,12.1,0.014
W206497,2340.0,2450.0,2530.0,51.1,22.1,13.0,1.76,0.73,0.189,2.14,1.1,3.75,15700.0,7690.0,5960.0,828.0,289.0,92.0,1170.0,434.0,1.59,6.2,6.57,6.1,0.022
W206498,2730.0,2800.0,2800.0,44.9,30.1,8.84,2.2,0.83,0.324,1.71,1.74,5.0,31300.0,23700.0,9200.0,2340.0,744.0,357.0,2110.0,1550.0,2.04,14.6,14.9,16.6,0.011
W206499,1980.0,2090.0,2230.0,39.2,28.9,14.7,2.98,0.78,0.311,1.38,1.29,6.0,22000.0,18400.0,12400.0,2570.0,566.0,277.0,1380.0,927.0,2.45,11.8,12.0,10.5,0.013
W206500,2150.0,2260.0,2370.0,29.7,26.8,17.9,5.25,1.23,2.43,1.92,1.24,10.3,4120.0,4210.0,3700.0,1110.0,219.0,534.0,475.0,219.0,4.19,2.9,2.97,2.9,0.036
W206502,2110.0,2200.0,2330.0,35.5,23.3,22.3,3.66,1.03,0.648,2.4,1.1,7.25,7140.0,5290.0,6690.0,1120.0,267.0,206.0,860.0,284.0,2.97,4.2,4.3,4.6,0.016
W206504,2800.0,2800.0,2800.0,54.1,27.4,3.09,1.47,0.963,0.257,2.7,1.4,1.0,31700.0,18100.0,2700.0,1310.0,726.0,238.0,2820.0,1050.0,0.41,12.2,12.5,13.1,0.011
W206505,2800.0,2800.0,2800.0,56.9,27.0,3.29,1.01,1.11,0.284,2.85,1.24,0.75,34700.0,18600.0,3000.0,938.0,873.0,274.0,3090.0,964.0,0.308,12.7,13.0,12.1,0.014
W206508,2800.0,2800.0,2800.0,54.1,27.6,5.33,1.27,0.913,0.243,2.88,1.42,1.75,28200.0,16200.0,4150.0,1010.0,612.0,200.0,2670.0,946.0,0.721,10.8,11.1,10.3,0.017
W206538,2640.0,2750.0,2800.0,46.2,28.7,11.3,1.72,0.913,0.392,3.64,1.19,1.75,23800.0,16700.0,8690.0,1350.0,605.0,319.0,3330.0,781.0,0.707,10.9,11.0,9.9,0.012
W206540,2800.0,2800.0,2800.0,54.4,28.2,7.59,1.25,0.183,0.419,0.288,1.81,1.25,15400.0,9010.0,3210.0,538.0,66.5,188.0,145.0,653.0,0.504,6.0,6.05,5.6,0.0035
W206541,2690.0,2800.0,2800.0,45.8,28.7,10.5,1.37,0.813,1.13,2.48,1.12,2.25,9940.0,7060.0,3420.0,455.0,228.0,390.0,957.0,311.0,0.908,4.6,4.64,4.8,0.028
W206542,2800.0,2800.0,2800.0,50.5,36.3,2.99,1.15,0.398,0.446,0.781,1.39,1.5,12100.0,9850.0,1070.0,421.0,123.0,169.0,334.0,426.0,0.604,5.1,5.13,4.8,0.0048
W206543,2800.0,2800.0,2800.0,52.0,29.9,4.99,1.33,0.996,0.608,2.72,1.15,1.75,12000.0,7820.0,1730.0,470.0,297.0,223.0,1120.0,341.0,0.707,4.9,4.95,4.1,0.01
W206544,2510.0,2620.0,2710.0,52.2,25.0,12.7,1.15,0.232,0.432,0.601,2.07,1.25,18900.0,10200.0,6890.0,636.0,109.0,248.0,388.0,962.0,0.504,7.7,7.75,7.5,0.0038
W206545,2060.0,2150.0,2260.0,28.0,16.1,41.6,4.82,0.448,0.405,0.877,0.635,5.5,6730.0,4380.0,14900.0,1770.0,139.0,154.0,375.0,195.0,2.22,5.1,5.14,5.7,0.014
W206546,2420.0,2515.0,2615.0,47.3,28.2,13.3,1.6,0.465,1.62,0.649,1.57,2.25,5350.0,3610.0,2260.0,276.0,67.8,290.0,131.0,227.0,0.908,2.4,2.42,2.3,0.024
W206547,2560.0,2660.0,2750.0,48.2,27.0,8.87,2.04,1.06,0.797,2.13,1.14,3.5,5450.0,3460.0,1500.0,353.0,155.0,143.0,428.0,165.0,1.41,2.4,2.42,2.1,0.017
W206548,2720.0,2800.0,2800.0,49.9,30.2,6.54,1.71,0.73,1.49,1.68,1.42,2.5,9650.0,6630.0,1890.0,505.0,182.0,456.0,580.0,352.0,1.01,4.1,4.14,4.3,0.0082
W206549,2800.0,2800.0,2800.0,49.6,34.0,5.29,0.868,0.73,0.446,2.76,1.25,1.25,17100.0,13300.0,2720.0,456.0,324.0,243.0,1690.0,552.0,0.504,7.3,7.36,8.0,0.0066
W206550,2800.0,2800.0,2800.0,47.5,31.2,5.73,2.06,0.548,1.62,1.25,1.44,2.25,5360.0,3980.0,968.0,355.0,79.7,290.0,251.0,208.0,0.906,2.4,2.41,2.6,0.0054
W206551,2800.0,2800.0,2800.0,62.9,24.2,4.06,0.854,0.465,0.311,1.98,1.64,1.25,25200.0,11000.0,2440.0,523.0,240.0,197.0,1420.0,841.0,0.505,8.5,8.58,8.6,0.0023
W206553,2000.0,2100.0,2210.0,36.4,19.5,25.9,4.73,0.681,0.257,1.65,0.87,5.5,17200.0,10400.0,18400.0,3430.0,416.0,193.0,1390.0,527.0,2.23,10.0,10.1,9.8,0.026
W206554,2040.0,2160.0,2250.0,39.2,19.5,22.9,4.45,1.11,0.324,1.68,1.02,6.5,16700.0,9420.0,14600.0,2910.0,613.0,220.0,1280.0,558.0,2.64,9.0,9.15,8.7,0.025
W206555,2010.0,2100.0,2210.0,34.5,19.1,25.3,5.8,0.631,0.297,1.47,0.987,6.5,11800.0,7380.0,12900.0,3020.0,278.0,161.0,891.0,431.0,2.64,7.2,7.3,7.3,0.02
W206560,2000.0,2100.0,2220.0,29.1,16.9,35.8,6.51,0.83,0.203,1.2,0.736,7.25,12200.0,8030.0,22400.0,4170.0,448.0,134.0,896.0,394.0,2.95,8.8,8.96,9.0,0.055
W206561,2005.0,2115.0,2215.0,37.2,20.8,28.6,3.71,0.747,0.243,1.79,1.02,4.5,16500.0,10400.0,19000.0,2510.0,427.0,171.0,1410.0,579.0,1.84,9.3,9.48,10.1,0.04
W206562,2160.0,2250.0,2360.0,35.3,20.4,24.7,5.15,0.93,0.27,1.68,0.987,5.5,11600.0,7570.0,12100.0,2580.0,392.0,140.0,981.0,413.0,2.23,6.9,7.01,6.3,0.039
W206563,2160.0,2260.0,2350.0,31.5,19.8,27.2,7.14,0.996,0.284,1.25,0.936,6.0,8830.0,6300.0,11400.0,3060.0,360.0,126.0,624.0,336.0,2.44,5.9,6.0,7.3,0.054
W206565,1910.0,2020.0,2110.0,22.3,13.6,37.0,10.9,0.797,0.216,1.19,0.602,11.8,8040.0,5560.0,20000.0,6020.0,371.0,124.0,766.0,278.0,4.78,7.6,7.73,9.3,0.091
W206566,2910.0,2910.0,2910.0,57.4,28.9,3.69,0.686,1.05,0.378,4.69,1.24,0.375,51300.0,29300.0,4940.0,938.0,1210.0,536.0,7460.0,1420.0,0.151,19.0,19.1,17.2,0.0051
W206567,2600.0,2710.0,2800.0,49.9,29.7,6.22,2.41,0.73,0.27,1.94,1.42,1.83,17000.0,11500.0,3180.0,1260.0,321.0,146.0,1180.0,621.0,0.741,7.2,7.3,7.6,0.012
W206568,2160.0,2250.0,2350.0,45.6,21.2,10.7,6.47,1.33,0.473,1.91,1.05,7.0,22700.0,11900.0,7930.0,4920.0,851.0,372.0,1690.0,670.0,2.84,10.5,10.6,10.4,0.021
W206569,2110.0,2200.0,2310.0,32.1,16.3,20.7,13.0,0.681,0.284,1.41,0.786,8.75,17600.0,10100.0,17000.0,10900.0,481.0,247.0,1370.0,552.0,3.54,11.6,11.7,10.8,0.045
W206570,2050.0,2150.0,2250.0,45.8,15.6,27.3,2.18,0.714,0.338,2.14,0.836,2.3,24100.0,9280.0,21500.0,1760.0,484.0,281.0,2000.0,563.0,0.933,11.1,11.3,10.9,0.029
W206571,2160.0,2270.0,2360.0,43.7,24.2,16.4,4.17,0.996,0.257,1.92,1.47,5.0,38300.0,24000.0,21500.0,5590.0,1130.0,357.0,3000.0,1650.0,2.02,18.6,18.8,18.7,0.014
W206572,2050.0,2160.0,2250.0,30.8,19.8,27.1,7.65,0.697,0.675,0.974,0.853,8.75,10500.0,7640.0,13800.0,3970.0,305.0,364.0,589.0,371.0,3.54,7.2,7.27,7.3,0.031
W206573,2020.0,2110.0,2220.0,20.2,14.5,48.6,5.18,0.797,0.365,0.493,0.686,7.0,9660.0,7840.0,34700.0,3780.0,490.0,276.0,419.0,419.0,2.83,10.1,10.2,10.0,0.025
W206574,2060.0,2150.0,2255.0,38.9,22.5,24.7,2.73,0.564,0.338,1.41,1.19,2.5,15000.0,9790.0,14200.0,1600.0,280.0,206.0,962.0,584.0,1.02,8.1,8.22,8.1,0.008
W206575,2000.0,2110.0,2200.0,33.0,20.2,32.7,2.72,0.647,0.311,1.62,0.987,3.25,8900.0,6190.0,13200.0,1120.0,225.0,133.0,780.0,341.0,1.32,5.7,5.78,5.6,0.015
W206576,2100.0,2210.0,2300.0,35.1,22.1,28.9,2.46,0.764,0.581,1.67,1.1,3.35,9530.0,6800.0,11700.0,1020.0,267.0,250.0,808.0,384.0,1.37,5.7,5.81,6.3,0.014
W206577,2070.0,2190.0,2300.0,28.5,22.1,30.2,4.79,0.996,0.311,1.57,0.936,6.75,7710.0,6780.0,12200.0,1980.0,348.0,133.0,759.0,324.0,2.74,5.7,5.79,5.6,0.037
W206578,2060.0,2150.0,2260.0,37.5,19.5,29.1,2.89,0.797,0.459,1.81,0.87,2.42,17100.0,10100.0,19900.0,2010.0,469.0,332.0,1480.0,508.0,0.987,9.6,9.77,9.8,0.02
W206579,2250.0,2340.0,2450.0,34.5,23.4,22.6,6.44,0.598,0.257,1.21,1.17,5.25,16100.0,12400.0,15800.0,4590.0,359.0,190.0,1010.0,699.0,2.14,9.8,9.98,9.3,0.061
W206580,2000.0,2110.0,2200.0,31.5,19.0,34.7,3.03,0.614,0.284,1.2,0.903,3.5,20800.0,14200.0,34300.0,3050.0,523.0,297.0,1410.0,763.0,1.42,13.9,14.1,9.5,0.038
W206581,2000.0,2110.0,2200.0,24.8,15.6,48.3,2.25,0.631,0.392,1.14,0.803,3.25,8630.0,6130.0,25100.0,1200.0,283.0,216.0,706.0,357.0,1.32,7.3,7.44,6.9,0.026
W206582,1960.0,2050.0,2160.0,27.0,18.7,33.2,6.47,1.01,0.972,0.841,0.853,7.0,9070.0,7100.0,16700.0,3320.0,439.0,518.0,504.0,367.0,2.84,7.1,7.19,7.0,0.02
W206583,2060.0,2150.0,2260.0,50.1,19.5,25.7,5.42,0.664,0.419,0.998,0.87,4.25,17500.0,7720.0,13500.0,2900.0,300.0,232.0,622.0,390.0,1.72,7.4,7.49,7.2,0.019
W206584,2200.0,2290.0,2390.0,71.5,14.8,1.79,15.0,1.46,1.62,0.962,0.268,0.025,22400.0,5270.0,839.0,7180.0,590.0,805.0,537.0,107.0,0.011,6.6,6.71,6.7,0.027
W206585,2300.0,2410.0,2500.0,35.5,22.3,13.6,10.9,0.863,0.729,0.925,0.92,6.25,11600.0,8260.0,6650.0,5470.0,364.0,378.0,539.0,385.0,2.54,6.9,7.0,6.7,0.023
W206586,2050.0,2160.0,2250.0,35.1,21.4,25.5,4.17,0.764,0.27,1.81,1.02,2.75,11200.0,7720.0,12200.0,2040.0,314.0,137.0,1030.0,417.0,1.12,6.7,6.83,8.3,0.034
W206587,2120.0,2210.0,2300.0,35.7,19.8,17.8,8.73,1.03,0.945,1.23,0.87,8.75,10300.0,6500.0,7700.0,3850.0,384.0,433.0,631.0,322.0,3.55,6.1,6.19,6.5,0.028
W206588,1920.0,2010.0,2120.0,34.2,17.4,38.3,5.57,0.481,0.189,1.13,0.569,5.5,16900.0,9720.0,28300.0,4200.0,306.0,148.0,993.0,359.0,2.23,10.4,10.6,11.4,0.095
W206589,2360.0,2470.0,2560.0,26.1,29.5,3.52,6.54,1.03,0.459,2.0,0.953,3.0,15500.0,19900.0,3130.0,5950.0,790.0,433.0,2120.0,726.0,1.21,12.6,12.7,12.0,0.035
W206590,1900.0,2000.0,2120.0,45.8,13.1,4.03,7.93,0.664,0.189,1.3,0.669,6.0,23200.0,7530.0,3060.0,6150.0,435.0,152.0,1170.0,435.0,2.44,10.7,10.9,9.5,0.07
W206692,1940.0,2060.0,2150.0,39.4,20.4,33.7,0.518,0.481,0.176,1.73,0.886,0.025,28400.0,16700.0,36400.0,572.0,448.0,201.0,2230.0,819.0,0.011,15.1,15.5,14.9,0.011
W206693,2640.0,2750.0,2800.0,49.4,29.3,11.5,0.616,0.863,0.324,2.32,1.47,0.025,45200.0,30300.0,15700.0,861.0,1020.0,470.0,3780.0,1720.0,0.011,19.3,19.6,18.4,0.01
W206694,2020.0,2110.0,2220.0,50.5,19.8,16.1,3.89,1.05,0.338,2.74,1.02,1.9,50800.0,22600.0,24200.0,5980.0,1360.0,538.0,4910.0,1310.0,0.772,21.2,21.5,21.6,0.037
W206695,2360.0,2450.0,2540.0,44.1,25.0,22.1,0.406,0.598,0.216,1.91,1.1,0.025,35400.0,22700.0,26500.0,498.0,618.0,275.0,2730.0,1130.0,0.011,16.9,17.2,17.8,0.01
W206696,2050.0,2140.0,2230.0,49.4,19.7,22.6,0.406,0.697,0.203,2.7,1.07,0.025,45100.0,20300.0,30800.0,566.0,820.0,293.0,4390.0,1250.0,0.011,19.2,19.5,17.9,0.014
W206697,2400.0,2500.0,2620.0,50.9,26.3,13.8,0.686,0.747,0.23,2.34,1.34,0.025,48800.0,28500.0,19800.0,1000.0,922.0,348.0,4000.0,1640.0,0.011,20.2,20.5,19.1,0.01
W206698,2100.0,2210.0,2330.0,51.4,20.2,17.3,0.952,1.13,0.392,2.7,1.07,0.2,47000.0,20900.0,23600.0,1330.0,1330.0,568.0,4400.0,1250.0,0.0816,19.2,19.6,18.9,0.022
W206699,2490.0,2580.0,2670.0,47.3,26.8,17.0,0.938,0.481,0.27,1.67,1.39,0.025,33100.0,21300.0,17800.0,1000.0,435.0,300.0,2080.0,1240.0,0.011,14.8,15.0,14.3,0.01
W206700,2100.0,2200.0,2310.0,51.1,21.4,15.5,2.2,1.05,0.405,2.72,1.12,0.55,48300.0,22900.0,21900.0,3180.0,1270.0,607.0,4570.0,1360.0,0.224,19.9,20.2,20.0,0.023
W206701,2550.0,2660.0,2750.0,23.5,28.2,15.8,0.602,0.697,0.338,2.08,1.34,0.025,18500.0,25100.0,18600.0,723.0,706.0,420.0,2910.0,1350.0,0.011,16.6,16.8,16.7,0.0097
W206702,2070.0,2180.0,2320.0,47.3,20.2,17.7,0.7,1.15,0.338,2.88,1.12,0.025,45300.0,21900.0,25400.0,1030.0,1420.0,513.0,4920.0,1370.0,0.0102,20.2,20.5,19.7,0.019
W206703,2390.0,2480.0,2580.0,51.1,25.0,16.8,0.49,0.764,0.297,2.28,1.29,0.025,46800.0,25900.0,23000.0,686.0,901.0,431.0,3720.0,1510.0,0.011,19.3,19.6,21.1,0.0087
W206704,2170.0,2270.0,2350.0,49.4,20.2,25.9,0.532,0.681,0.189,2.43,0.836,0.2,61200.0,28400.0,48000.0,1010.0,1090.0,371.0,5350.0,1320.0,0.0812,26.1,26.5,22.8,0.021
W206812,2520.0,2650.0,2750.0,38.5,32.3,8.45,5.9,0.432,0.189,1.33,1.02,2.03,11700.0,11100.0,3830.0,2730.0,168.0,90.7,719.0,395.0,0.82,6.4,6.48,7.3,0.0059
W206813,2600.0,2740.0,2800.0,42.6,33.1,9.25,3.5,0.498,0.203,1.77,1.37,1.58,17500.0,15400.0,5700.0,2200.0,264.0,132.0,1290.0,722.0,0.638,8.7,8.81,8.9,0.0042
W206814,2640.0,2750.0,2800.0,45.4,31.6,11.0,1.76,0.664,0.189,1.59,1.34,1.1,14000.0,11000.0,5080.0,831.0,264.0,92.3,870.0,527.0,0.446,6.5,6.59,6.3,0.012
W206815,2690.0,2790.0,2800.0,48.8,32.3,6.21,1.79,0.73,0.203,2.0,1.62,1.23,16000.0,12000.0,3050.0,901.0,310.0,106.0,1170.0,682.0,0.5,6.9,7.04,6.8,0.033
W206816,2800.0,2800.0,2800.0,16.5,12.5,62.3,1.54,0.398,0.126,0.889,0.435,1.63,7660.0,6530.0,43200.0,1090.0,238.0,92.2,733.0,258.0,0.664,9.7,9.91,31.9,0.014
W206817,2800.0,2800.0,2800.0,55.4,32.1,2.02,0.91,0.515,0.23,1.94,2.47,0.025,28000.0,18400.0,1520.0,703.0,335.0,184.0,1740.0,1600.0,0.011,10.7,10.8,10.4,0.0029
W206818,2800.0,2800.0,2800.0,54.1,28.4,9.7,0.378,0.548,0.176,1.73,1.3,0.025,40500.0,24000.0,10900.0,432.0,528.0,208.0,2310.0,1250.0,0.011,15.8,16.0,16.0,0.014
W206824,2340.0,2470.0,2560.0,44.7,22.7,24.8,0.966,0.548,0.216,1.43,0.92,0.225,17300.0,9940.0,14300.0,572.0,273.0,133.0,986.0,456.0,0.092,8.1,8.28,7.7,0.012
W206825,2380.0,2490.0,2580.0,48.8,24.0,12.7,2.35,0.83,0.189,2.62,1.0,0.225,42900.0,23900.0,16700.0,3160.0,940.0,263.0,4100.0,1130.0,0.0919,18.4,18.8,18.0,0.016
W206826,2400.0,2490.0,2580.0,46.9,28.2,17.0,0.938,0.481,0.257,1.54,1.07,1.53,14300.0,9750.0,7790.0,439.0,190.0,124.0,838.0,419.0,0.624,6.4,6.55,6.4,0.01
W206827,2140.0,2260.0,2370.0,42.4,25.0,24.3,1.53,0.465,0.189,1.31,0.87,1.02,24900.0,16600.0,21400.0,1370.0,352.0,176.0,1370.0,654.0,0.419,12.3,12.6,11.5,0.011
W206828,1960.0,2070.0,2160.0,41.9,22.3,24.2,2.16,0.631,0.243,1.71,0.97,1.0,14200.0,8580.0,12300.0,1120.0,276.0,131.0,1030.0,422.0,0.41,7.1,7.27,7.1,0.022
W206830,2260.0,2400.0,2480.0,37.5,26.3,27.1,1.19,0.598,0.216,1.11,1.02,0.775,18700.0,14800.0,20200.0,907.0,384.0,171.0,982.0,651.0,0.315,10.5,10.7,9.6,0.13
W206831,2130.0,2220.0,2350.0,32.1,25.0,31.4,2.2,0.581,0.405,0.793,0.803,2.35,8020.0,7050.0,11700.0,839.0,187.0,160.0,353.0,257.0,0.966,5.2,5.34,5.1,0.025
W206832,1960.0,2040.0,2160.0,24.6,14.2,51.6,1.37,0.498,0.378,0.841,0.702,1.33,7350.0,4810.0,23100.0,626.0,192.0,179.0,447.0,268.0,0.546,6.2,6.39,6.3,0.037
W206833,2000.0,2110.0,2200.0,46.2,21.7,14.1,5.07,0.847,0.324,1.83,1.17,3.25,31000.0,16500.0,14200.0,5200.0,732.0,345.0,2180.0,1000.0,1.33,14.0,14.4,13.8,0.03
W206834,1910.0,2030.0,2110.0,30.2,19.3,38.6,2.02,0.548,0.119,1.13,0.786,1.98,11500.0,8320.0,22000.0,1170.0,269.0,71.8,767.0,383.0,0.826,7.8,8.19,7.7,0.018
W206835,1980.0,2080.0,2170.0,41.3,21.4,28.4,0.868,0.515,0.111,1.56,1.17,0.325,20800.0,12200.0,21400.0,668.0,334.0,88.3,1400.0,754.0,0.135,10.4,10.8,10.6,0.0086
W206836,2580.0,2660.0,2780.0,46.4,29.1,11.8,1.26,0.73,1.32,1.92,1.25,0.775,14600.0,10400.0,5560.0,606.0,296.0,660.0,1080.0,505.0,0.321,6.5,6.74,6.6,0.012
W206837,2800.0,2800.0,2800.0,44.3,34.2,8.54,1.55,0.896,0.203,2.09,0.92,0.9,30100.0,26300.0,8690.0,1620.0,786.0,218.0,2530.0,800.0,0.377,13.9,14.6,12.9,0.021
W206838,2800.0,2800.0,2800.0,49.2,37.4,3.78,0.616,0.963,0.176,2.52,1.3,0.025,52500.0,45200.0,6030.0,1000.0,1320.0,297.0,4790.0,1780.0,0.0105,21.7,22.8,20.9,0.018
W206839,2800.0,2800.0,2800.0,47.7,39.9,3.27,0.798,0.697,0.135,1.53,1.56,0.025,32700.0,30900.0,3350.0,835.0,615.0,146.0,1860.0,1360.0,0.0104,14.1,14.6,13.7,0.0053
W206840,2000.0,2120.0,2210.0,32.8,24.8,29.9,2.06,0.498,0.115,0.661,1.05,2.17,6580.0,5620.0,8960.0,631.0,129.0,36.5,236.0,270.0,0.91,4.1,4.31,4.0,0.0076
W206841,2120.0,2240.0,2330.0,30.6,27.0,40.5,1.16,0.481,0.0959,1.2,0.903,0.825,11400.0,11400.0,22600.0,662.0,231.0,56.6,797.0,431.0,0.342,7.7,7.97,7.4,0.011
W206842,2090.0,2180.0,2270.0,30.8,25.1,35.5,1.74,0.415,0.176,0.757,0.819,1.33,9940.0,9180.0,17100.0,856.0,173.0,89.7,435.0,338.0,0.554,6.6,6.93,6.5,0.012
W206843,1950.0,2030.0,2140.0,33.6,17.1,38.9,1.44,0.598,0.149,1.44,0.769,1.38,17300.0,9950.0,30000.0,1140.0,397.0,121.0,1320.0,507.0,0.567,10.7,11.0,10.7,0.027
W206844,2340.0,2460.0,2540.0,55.0,23.3,13.4,0.476,0.93,0.189,2.62,1.0,0.025,92300.0,44200.0,33700.0,1220.0,2010.0,503.0,7830.0,2160.0,0.011,35.1,35.9,33.2,0.02
W206845,1960.0,2070.0,2150.0,32.1,20.2,37.6,1.82,0.415,0.203,1.07,0.719,0.825,16700.0,11900.0,29300.0,1450.0,279.0,167.0,992.0,479.0,0.344,10.7,11.1,10.5,0.015
W206846,2000.0,2090.0,2200.0,24.0,12.6,56.2,1.32,0.299,0.135,0.817,0.702,1.4,13200.0,7880.0,46300.0,1110.0,212.0,118.0,801.0,495.0,0.584,11.3,11.8,10.3,0.02
W206847,1910.0,2000.0,2110.0,27.8,15.0,47.2,1.12,0.382,0.13,0.962,0.669,0.45,16000.0,9800.0,40700.0,985.0,283.0,118.0,985.0,492.0,0.188,11.8,12.3,10.8,0.017
W206848,2270.0,2390.0,2520.0,53.3,20.2,14.8,0.518,1.18,0.27,0.962,0.97,0.425,121000.0,51900.0,50200.0,1790.0,3440.0,970.0,3880.0,2810.0,0.174,47.5,48.5,47.0,0.075
W206850,1950.0,2050.0,2170.0,30.4,20.0,39.5,1.58,0.531,0.216,1.26,0.702,1.08,12300.0,9170.0,23900.0,977.0,277.0,138.0,908.0,363.0,0.448,8.3,8.65,8.3,0.023
W206851,2150.0,2270.0,2350.0,40.9,20.8,28.3,1.11,0.647,0.176,1.72,0.987,0.425,18900.0,10900.0,19600.0,780.0,385.0,128.0,1410.0,583.0,0.175,9.6,9.88,9.2,0.016
W206856,2060.0,2150.0,2240.0,48.6,20.0,19.3,2.06,1.34,0.581,2.93,1.05,0.85,51200.0,23900.0,30400.0,3310.0,1830.0,969.0,5500.0,1420.0,0.345,22.2,22.5,22.2,0.034
W206857,2010.0,2100.0,2180.0,16.2,12.1,49.5,7.75,0.481,0.149,0.805,0.418,4.25,13400.0,11300.0,61100.0,9760.0,512.0,194.0,1180.0,441.0,1.72,17.4,17.6,17.7,0.053
W206858,2010.0,2100.0,2190.0,41.7,19.3,26.0,2.52,1.11,0.446,2.37,0.92,0.85,34100.0,17800.0,31700.0,3140.0,1170.0,576.0,3440.0,960.0,0.345,17.2,17.5,17.4,0.021
W206859,1910.0,1990.0,2090.0,28.5,16.4,32.6,5.94,1.18,0.351,2.27,0.652,4.0,15300.0,9960.0,26300.0,4880.0,817.0,299.0,2180.0,449.0,1.63,11.3,11.5,12.2,0.051
W206860,2250.0,2350.0,2440.0,37.2,23.6,15.0,8.15,1.16,0.284,2.27,0.936,3.25,27000.0,19400.0,16300.0,9040.0,1090.0,326.0,2940.0,870.0,1.32,15.3,15.5,15.6,0.039
W206883,2260.0,2350.0,2440.0,31.7,27.0,8.41,12.1,1.64,0.621,1.85,0.936,7.25,21600.0,20900.0,8580.0,12600.0,1440.0,671.0,2250.0,817.0,2.94,14.4,14.6,14.2,0.035
W206884,2130.0,2220.0,2300.0,45.6,24.8,19.2,0.77,1.39,0.446,2.94,0.819,0.425,46600.0,28700.0,29300.0,1200.0,1840.0,722.0,5360.0,1070.0,0.173,21.5,21.9,21.2,0.015
W206885,1970.0,2060.0,2170.0,24.6,13.9,21.7,13.4,2.16,1.17,1.69,0.736,14.3,6300.0,4030.0,8330.0,5230.0,712.0,477.0,772.0,241.0,5.78,5.4,5.48,5.0,0.049
W206886,2430.0,2540.0,2620.0,44.5,26.8,20.0,1.01,0.498,0.189,1.14,1.72,0.275,14300.0,9800.0,9630.0,497.0,207.0,96.6,655.0,711.0,0.112,6.8,6.9,6.4,0.0064
W206887,2540.0,2620.0,2710.0,61.8,21.9,10.2,0.882,0.332,0.27,0.781,3.49,0.025,25700.0,10300.0,6340.0,561.0,178.0,178.0,579.0,1860.0,0.011,8.8,8.91,6.3,0.0039
W206888,2220.0,2310.0,2410.0,36.2,23.8,27.1,1.83,0.598,0.932,1.29,1.22,1.25,6350.0,4730.0,7110.0,492.0,135.0,259.0,402.0,274.0,0.508,3.7,3.76,3.9,0.018
W206889,2470.0,2600.0,2690.0,52.0,29.5,8.29,1.18,0.93,0.689,2.85,1.61,0.325,14300.0,9150.0,3400.0,493.0,329.0,299.0,1390.0,563.0,0.131,5.8,5.87,4.6,0.0098
W206890,2800.0,2800.0,2800.0,50.7,35.5,3.75,0.98,0.681,0.851,2.16,2.02,0.025,16600.0,13100.0,1830.0,489.0,286.0,440.0,1260.0,845.0,0.011,6.9,6.99,6.4,0.0056
W206913,2070.0,2180.0,2270.0,32.5,18.9,18.8,11.0,1.36,0.149,2.98,0.686,6.5,33900.0,22300.0,29300.0,17600.0,1830.0,246.0,5540.0,915.0,2.65,21.9,22.3,20.8,0.066
W206914,2010.0,2090.0,2180.0,15.5,11.0,53.1,6.09,0.78,0.311,1.03,0.418,5.5,6060.0,4870.0,31100.0,3640.0,393.0,192.0,720.0,209.0,2.25,8.2,8.37,6.2,0.052
W206915,1930.0,2010.0,2100.0,28.7,17.0,33.7,6.27,0.896,0.338,1.88,0.786,4.75,14700.0,9880.0,25900.0,4920.0,593.0,274.0,1710.0,516.0,1.93,10.8,11.0,10.9,0.06
W206916,2030.0,2120.0,2210.0,31.5,24.6,23.7,5.87,1.03,0.338,1.62,0.936,4.5,13400.0,11900.0,15100.0,3830.0,567.0,228.0,1230.0,512.0,1.83,9.0,9.14,13.1,0.026
W206917,2250.0,2350.0,2440.0,36.6,25.9,14.5,5.99,1.36,0.891,1.86,1.39,5.25,8520.0,6830.0,5040.0,2130.0,409.0,329.0,773.0,414.0,2.14,4.9,4.99,5.0,0.027
W207070,1940.0,2020.0,2140.0,23.5,10.9,43.0,9.71,0.531,0.0824,1.35,0.518,8.0,21300.0,11200.0,58100.0,13400.0,619.0,118.0,2170.0,599.0,3.26,19.0,19.3,17.3,0.077
W207071,2530.0,2640.0,2720.0,50.8,28.0,8.41,1.26,0.979,0.203,2.25,1.44,1.45,62600.0,39000.0,15500.0,2370.0,1560.0,395.0,4930.0,2270.0,0.593,25.8,26.4,22.3,0.012
W207072,2180.0,2290.0,2380.0,13.8,9.21,55.1,9.8,0.465,0.162,0.529,0.418,8.5,4870.0,3670.0,29100.0,5280.0,211.0,90.5,332.0,189.0,3.47,7.4,7.54,7.3,0.071
W207073,2510.0,2590.0,2680.0,46.6,28.1,8.78,4.24,0.88,0.27,1.88,1.35,2.5,28000.0,19100.0,7880.0,3890.0,680.0,257.0,2000.0,1040.0,1.02,12.6,12.8,12.1,0.026
W207074,2470.0,2560.0,2650.0,52.3,26.5,8.47,0.91,1.43,0.5,3.76,1.19,1.7,98000.0,56300.0,23800.0,2610.0,3450.0,1480.0,12600.0,2850.0,0.689,39.6,40.1,38.5,0.018
W207075,2360.0,2470.0,2550.0,49.7,25.0,7.22,4.38,0.896,0.446,2.39,1.27,3.0,34100.0,19400.0,7420.0,4600.0,794.0,485.0,2930.0,1120.0,1.22,14.4,14.7,13.6,0.02
W207076,2660.0,2750.0,2800.0,60.6,24.2,3.58,1.11,1.21,0.648,3.21,1.34,0.975,44900.0,20300.0,3960.0,1250.0,1160.0,761.0,4230.0,1270.0,0.401,15.4,15.8,15.0,0.018
W207077,2470.0,2560.0,2660.0,54.6,24.4,8.75,1.15,1.23,0.446,3.05,1.17,1.53,43900.0,22200.0,10500.0,1410.0,1270.0,568.0,4370.0,1210.0,0.625,16.8,17.2,16.3,0.019
W207096,1940.0,2030.0,2150.0,30.3,22.0,32.3,4.24,0.83,0.405,1.69,0.987,6.0,7860.0,6450.0,12500.0,1680.0,278.0,167.0,783.0,328.0,2.47,5.4,5.55,5.3,0.02
W207097,2220.0,2340.0,2420.0,11.9,5.6,37.9,21.9,0.315,1.09,0.469,0.167,21.8,10700.0,5710.0,51100.0,30100.0,367.0,1560.0,752.0,193.0,8.88,18.9,19.3,17.0,0.13
W207098,1960.0,2050.0,2160.0,36.8,20.6,27.0,3.71,0.847,0.405,2.43,1.27,4.5,23300.0,14800.0,25600.0,3600.0,692.0,407.0,2740.0,1030.0,1.84,13.3,13.6,12.1,0.029
W207099,2160.0,2270.0,2380.0,34.8,17.7,37.2,1.92,0.714,0.257,1.88,0.936,2.48,32900.0,18900.0,52600.0,2770.0,869.0,384.0,3150.0,1130.0,1.01,19.8,20.2,19.8,0.015
W207100,2460.0,2540.0,2630.0,56.8,23.8,4.7,2.39,1.38,0.662,3.49,1.19,1.48,45900.0,21800.0,5690.0,2960.0,1430.0,847.0,5010.0,1230.0,0.607,16.8,17.3,16.6,0.027
W207101,2050.0,2160.0,2260.0,39.0,26.9,19.7,2.39,0.996,0.392,2.46,1.07,2.5,28700.0,22400.0,21700.0,2690.0,945.0,457.0,3230.0,1010.0,1.02,15.4,15.8,14.7,0.013
W207102,2040.0,2140.0,2250.0,21.7,12.3,56.8,2.46,0.581,0.176,1.69,0.569,3.75,14600.0,9400.0,57100.0,2530.0,504.0,187.0,2030.0,489.0,1.53,14.1,14.4,13.5,0.029
W207103,1970.0,2060.0,2150.0,29.6,19.3,39.1,3.28,0.614,0.257,1.79,0.686,3.5,18100.0,13300.0,35700.0,3060.0,483.0,248.0,1950.0,536.0,1.43,12.8,13.1,12.9,0.026
W207104,2160.0,2270.0,2360.0,50.3,12.4,25.9,2.42,0.515,0.5,1.12,1.56,3.5,17300.0,4820.0,13300.0,1270.0,228.0,272.0,683.0,683.0,1.43,7.2,7.34,6.3,0.013
W207105,2020.0,2110.0,2220.0,26.8,24.0,30.2,4.99,0.681,0.473,0.841,1.27,7.25,4970.0,5040.0,8390.0,1420.0,163.0,139.0,278.0,302.0,2.96,3.9,3.98,3.7,0.016
W207106,2340.0,2470.0,2550.0,46.7,24.6,20.6,0.728,0.598,0.176,1.71,1.59,1.25,48200.0,28800.0,31800.0,1150.0,796.0,287.0,3140.0,2100.0,0.512,21.6,22.1,21.5,0.011
W207107,2800.0,2800.0,2800.0,42.3,33.3,9.12,3.29,0.863,0.12,0.913,0.635,5.25,10100.0,9010.0,3260.0,1200.0,266.0,45.5,388.0,194.0,2.19,4.9,5.11,4.3,0.037
W207108,1910.0,2000.0,2100.0,33.6,13.1,46.1,0.966,0.598,0.149,1.65,0.652,1.98,22800.0,10000.0,46800.0,1000.0,522.0,160.0,1990.0,566.0,0.813,14.1,14.5,12.9,0.02
W207109,2360.0,2440.0,2550.0,48.2,23.9,18.6,0.56,0.647,0.135,2.0,1.42,1.18,59500.0,33400.0,34400.0,1060.0,1030.0,264.0,4390.0,2250.0,0.481,25.8,26.4,25.7,0.019
W207110,2800.0,2800.0,2800.0,49.9,33.9,6.95,0.826,0.764,0.162,2.08,1.07,0.95,21400.0,16400.0,4460.0,541.0,422.0,110.0,1590.0,587.0,0.392,8.9,9.17,8.8,0.0084
W207113,2800.0,2800.0,2800.0,55.9,33.2,2.56,0.63,0.664,0.176,2.69,1.86,0.775,33800.0,22700.0,2320.0,582.0,517.0,168.0,2900.0,1440.0,0.318,12.6,12.9,13.0,0.004
W207114,2120.0,2260.0,2350.0,46.1,20.8,22.4,1.83,0.681,0.5,1.39,1.54,3.0,21300.0,10900.0,15500.0,1300.0,406.0,366.0,1150.0,911.0,1.22,9.7,9.9,9.0,0.01
W207115,2320.0,2420.0,2510.0,47.4,25.3,19.1,0.812,0.863,0.189,2.54,1.35,1.53,31400.0,19000.0,19000.0,822.0,737.0,198.0,2990.0,1150.0,0.626,13.8,14.2,16.0,0.012
W207116,1980.0,2070.0,2230.0,31.8,19.5,42.8,1.39,0.349,0.0176,0.938,0.97,2.48,13400.0,9270.0,27000.0,891.0,189.0,11.7,702.0,522.0,1.02,8.7,9.0,9.1,0.017
W207117,2060.0,2210.0,2320.0,36.6,24.0,30.2,1.93,0.415,0.149,0.841,0.719,3.2,15800.0,11800.0,19600.0,1280.0,232.0,102.0,649.0,399.0,1.32,9.0,9.27,8.8,0.011
W207118,2300.0,2390.0,2520.0,38.0,29.3,19.3,3.15,0.498,0.554,0.697,0.886,4.83,7890.0,6890.0,6000.0,1000.0,133.0,182.0,258.0,235.0,1.99,4.3,4.44,4.2,0.02
W207119,1990.0,2080.0,2160.0,28.9,12.9,54.8,0.938,0.249,0.014,0.601,0.936,1.1,14900.0,7560.0,42300.0,741.0,166.0,12.0,553.0,619.0,0.455,10.7,11.1,10.3,0.012
W207120,2090.0,2170.0,2280.0,45.6,23.8,22.4,1.12,0.747,0.116,2.31,1.14,2.33,26300.0,15600.0,19400.0,989.0,556.0,106.0,2370.0,841.0,0.966,11.9,12.4,10.8,0.009
W207121,1920.0,2030.0,2120.0,29.3,23.4,37.5,2.91,0.465,0.23,0.589,0.602,4.53,7350.0,6650.0,14100.0,1120.0,150.0,91.2,263.0,193.0,1.87,5.2,5.37,5.0,0.017
W207124,2100.0,2200.0,2320.0,45.6,16.1,30.1,1.09,0.913,0.107,2.52,0.903,2.58,35700.0,14300.0,35400.0,1310.0,923.0,133.0,3520.0,906.0,1.06,16.3,16.8,14.8,0.016
W207125,2170.0,2310.0,2400.0,42.4,22.3,27.9,1.11,0.548,0.243,1.47,1.34,2.0,16300.0,9720.0,16100.0,651.0,272.0,148.0,1000.0,659.0,0.834,7.9,8.24,7.3,0.0049
W207126,2180.0,2290.0,2370.0,25.9,17.4,45.7,2.86,0.631,0.716,0.974,0.819,5.63,4610.0,3490.0,12100.0,775.0,144.0,201.0,308.0,186.0,2.31,3.7,3.8,3.5,0.04
W207127,2010.0,2090.0,2210.0,38.0,15.7,26.0,7.9,0.78,0.189,1.5,0.853,7.73,21900.0,10200.0,22300.0,6940.0,578.0,172.0,1540.0,627.0,3.17,12.0,12.3,11.4,0.077
W207128,2130.0,2250.0,2350.0,29.6,18.6,45.1,1.6,0.548,0.297,1.08,0.753,3.43,10200.0,7280.0,23300.0,844.0,244.0,163.0,666.0,333.0,1.41,7.2,7.41,6.8,0.022
W207129,2120.0,2230.0,2340.0,20.3,16.6,49.3,3.68,0.548,0.824,0.373,0.836,6.0,3030.0,2800.0,11000.0,840.0,105.0,195.0,99.1,160.0,2.47,3.1,3.2,3.0,0.041
W207130,2140.0,2270.0,2350.0,37.5,20.2,34.6,1.29,0.548,0.23,1.56,1.1,2.17,22900.0,14000.0,31600.0,1200.0,432.0,222.0,1700.0,863.0,0.896,12.7,13.1,11.4,0.029
W207131,2380.0,2480.0,2600.0,45.8,26.5,20.4,1.16,0.548,0.119,1.84,1.66,2.15,24100.0,15800.0,16000.0,934.0,371.0,99.1,1720.0,1110.0,0.896,10.8,11.3,10.6,0.031
W207132,2150.0,2240.0,2380.0,39.9,23.6,31.2,1.08,0.465,0.189,1.41,1.32,1.65,16500.0,11100.0,19300.0,681.0,248.0,124.0,1030.0,699.0,0.679,8.6,8.85,8.3,0.0072
W207133,1940.0,2050.0,2140.0,38.4,17.5,34.9,1.43,0.83,0.216,1.98,0.803,2.9,32700.0,16900.0,44500.0,1860.0,911.0,292.0,3010.0,875.0,1.19,17.7,18.2,17.0,0.026
W207134,2000.0,2080.0,2170.0,29.7,15.7,46.7,2.75,0.415,0.162,1.13,0.552,3.23,21100.0,12600.0,49600.0,2980.0,380.0,182.0,1430.0,501.0,1.32,14.9,15.2,13.9,0.037
W207135,1960.0,2070.0,2150.0,28.0,16.0,50.6,1.54,0.332,0.216,0.709,0.819,2.13,8740.0,5640.0,23600.0,735.0,134.0,107.0,394.0,327.0,0.873,6.5,6.68,6.4,0.013
W207136,2050.0,2140.0,2220.0,29.1,18.7,38.8,3.57,0.249,0.419,0.685,0.87,5.15,5200.0,3780.0,10400.0,975.0,57.3,119.0,218.0,199.0,2.13,3.7,3.82,3.2,0.045
W207137,2050.0,2140.0,2230.0,32.1,18.4,32.5,6.46,0.614,0.324,1.19,0.786,5.88,11700.0,7550.0,17600.0,3580.0,288.0,187.0,770.0,365.0,2.4,7.6,7.77,7.4,0.08
W207138,2060.0,2150.0,2290.0,44.9,20.8,18.1,3.56,1.03,0.297,2.43,0.97,5.65,13400.0,7000.0,8060.0,1620.0,394.0,140.0,1280.0,369.0,2.36,6.1,6.36,5.6,0.061
W207139,2020.0,2110.0,2200.0,33.6,20.2,37.5,2.17,0.714,0.473,1.37,1.09,4.08,9970.0,6800.0,16700.0,985.0,273.0,222.0,725.0,413.0,1.67,6.2,6.36,6.1,0.022
W207140,2120.0,2200.0,2340.0,39.5,18.3,34.9,1.58,0.432,0.338,0.986,1.14,2.33,13000.0,6840.0,17200.0,798.0,184.0,177.0,579.0,481.0,0.952,6.9,7.07,7.0,0.014
W207142,2500.0,2580.0,2650.0,53.7,24.0,12.4,1.26,0.847,0.115,3.0,1.19,1.83,33200.0,16800.0,11500.0,1190.0,675.0,112.0,3310.0,939.0,0.754,12.8,13.2,13.2,0.012
W207143,2110.0,2200.0,2340.0,40.7,20.0,34.3,1.12,0.564,0.203,2.03,0.92,1.3,15900.0,8850.0,20000.0,668.0,284.0,125.0,1410.0,459.0,0.536,8.1,8.35,7.7,0.007
W207144,2040.0,2130.0,2210.0,27.1,15.2,51.5,1.43,0.498,0.23,0.925,0.669,2.08,10900.0,6890.0,30900.0,874.0,257.0,146.0,660.0,343.0,0.846,8.4,8.57,7.7,0.013
W207145,1960.0,2050.0,2140.0,28.6,14.4,50.5,1.76,0.332,0.662,0.685,0.92,2.93,7850.0,4460.0,20700.0,740.0,117.0,288.0,335.0,323.0,1.2,5.7,5.87,5.2,0.071
W207146,2070.0,2160.0,2270.0,29.1,19.7,33.2,5.06,0.863,0.635,1.06,0.92,8.3,5740.0,4390.0,9810.0,1520.0,220.0,198.0,372.0,232.0,3.42,4.1,4.22,3.9,0.046
W207147,1980.0,2080.0,2170.0,27.6,16.8,50.3,1.27,0.382,0.23,0.805,0.702,1.88,13100.0,9030.0,35800.0,926.0,234.0,173.0,682.0,427.0,0.771,9.9,10.2,8.9,0.012
W207148,1970.0,2070.0,2160.0,25.9,16.1,48.4,2.55,0.548,0.662,0.721,0.702,3.65,5860.0,4120.0,16400.0,882.0,160.0,237.0,291.0,203.0,1.5,4.7,4.84,4.3,0.04
W207335,2250.0,2360.0,2440.0,45.7,22.0,21.2,1.97,0.764,0.851,2.38,1.15,2.33,40700.0,22200.0,28200.0,2690.0,877.0,1200.0,3780.0,1320.0,0.948,18.7,19.1,16.4,0.014
W207336,1930.0,2020.0,2100.0,35.2,14.1,40.0,2.34,0.813,0.608,1.9,0.686,3.25,43400.0,19800.0,73900.0,4410.0,1290.0,1190.0,4170.0,1080.0,1.32,26.1,26.4,25.9,0.012
W207337,1960.0,2050.0,2160.0,35.8,13.4,28.7,6.15,1.59,0.716,1.8,0.702,7.5,38200.0,16200.0,45800.0,10000.0,2190.0,1210.0,3430.0,959.0,3.05,22.5,22.8,22.7,0.285
W207338,2660.0,2750.0,2800.0,43.7,30.4,4.83,4.94,0.913,0.743,1.57,1.35,2.75,28900.0,22700.0,4780.0,4990.0,777.0,777.0,1850.0,1140.0,1.12,13.9,14.1,13.2,0.016
W207339,1930.0,2010.0,2090.0,36.8,16.1,36.4,2.34,0.847,0.581,2.32,0.702,2.75,47000.0,23300.0,69600.0,4560.0,1390.0,1180.0,5270.0,1150.0,1.11,27.0,27.3,25.5,0.013
W207340,2000.0,2110.0,2200.0,30.3,17.6,42.6,1.39,0.78,0.635,1.73,0.686,2.33,28200.0,18600.0,59400.0,1970.0,936.0,936.0,2870.0,817.0,0.94,19.7,19.9,18.8,0.01
W207341,2180.0,2290.0,2420.0,44.4,20.1,24.1,0.952,1.11,0.675,4.0,0.635,2.03,50500.0,25900.0,41000.0,1660.0,1630.0,1220.0,8110.0,926.0,0.819,24.1,24.4,21.7,0.011
W207342,2000.0,2090.0,2200.0,34.6,15.9,39.6,1.37,0.88,0.554,2.73,0.569,2.45,28100.0,14600.0,48100.0,1700.0,922.0,713.0,3950.0,591.0,0.991,17.2,17.4,15.1,0.012
W207343,2050.0,2140.0,2230.0,31.8,15.1,15.1,11.8,2.66,1.76,1.83,0.736,16.8,8280.0,4470.0,5870.0,4700.0,893.0,725.0,848.0,245.0,6.8,5.5,5.58,6.0,0.033
W207344,2190.0,2280.0,2400.0,27.3,15.1,49.8,1.83,0.681,0.459,1.38,0.535,3.0,24000.0,15000.0,65500.0,2460.0,770.0,639.0,2160.0,601.0,1.22,18.5,18.8,18.7,0.026
W207345,2120.0,2250.0,2340.0,35.4,24.7,23.3,4.01,0.714,0.716,0.998,1.02,5.25,10400.0,8230.0,10300.0,1810.0,272.0,335.0,524.0,385.0,2.14,6.2,6.31,6.0,0.041
W207346,1990.0,2090.0,2180.0,35.0,15.3,36.3,2.66,0.697,0.527,2.39,0.585,4.75,17500.0,8670.0,27100.0,2030.0,449.0,417.0,2130.0,374.0,1.93,10.5,10.7,9.5,0.03
W207347,2280.0,2400.0,2490.0,31.7,27.4,14.5,9.09,0.813,0.338,1.39,0.753,6.75,12300.0,12100.0,8390.0,5390.0,407.0,208.0,963.0,374.0,2.77,8.1,8.3,7.6,0.039
W207348,2120.0,2210.0,2300.0,40.7,19.6,14.0,10.3,0.747,0.365,1.95,0.92,7.0,36100.0,19700.0,18600.0,14000.0,855.0,513.0,3080.0,1050.0,2.85,18.7,19.0,17.2,0.032
W207349,2410.0,2520.0,2610.0,57.8,24.7,4.92,1.78,1.43,0.716,3.82,1.15,1.1,79400.0,38400.0,10100.0,3730.0,2530.0,1560.0,9350.0,2030.0,0.449,28.8,29.4,29.1,0.027
W207350,2460.0,2550.0,2640.0,56.5,23.8,4.2,3.77,1.38,0.567,3.33,1.19,2.3,55000.0,26300.0,6120.0,5600.0,1730.0,875.0,5770.0,1480.0,0.944,20.3,20.8,19.2,0.038
W207351,2220.0,2330.0,2450.0,47.9,21.8,9.77,5.84,1.23,0.392,3.31,0.987,3.75,44500.0,22900.0,13600.0,8290.0,1470.0,577.0,5470.0,1170.0,1.54,19.4,19.9,18.4,0.039
W207352,1970.0,2050.0,2140.0,20.0,15.9,49.3,6.57,0.498,0.216,1.03,0.435,6.25,10800.0,9710.0,39800.0,5410.0,346.0,185.0,993.0,300.0,2.55,11.3,11.5,10.7,0.028
W207353,2000.0,2130.0,2240.0,22.0,17.4,38.2,8.53,0.797,0.27,0.793,0.87,9.5,6400.0,5720.0,16600.0,3780.0,298.0,124.0,410.0,323.0,3.87,6.1,6.21,5.5,0.068
W207354,2340.0,2430.0,2530.0,57.3,22.2,7.69,1.13,1.46,0.783,3.64,1.12,1.38,62200.0,27300.0,12500.0,1880.0,2040.0,1350.0,7040.0,1560.0,0.558,22.9,23.2,21.1,0.016
W207355,1810.0,1900.0,2000.0,31.7,13.4,22.8,14.2,0.764,0.203,1.97,0.401,9.25,35000.0,16800.0,37700.0,24100.0,1090.0,355.0,3880.0,568.0,3.74,23.4,23.7,20.9,0.027
W207378,2290.0,2370.0,2460.0,53.7,22.1,4.26,4.64,1.18,0.486,3.02,1.15,1.3,43600.0,20300.0,5170.0,5740.0,1230.0,625.0,4360.0,1200.0,0.534,16.9,17.4,15.6,0.038
W207379,2000.0,2100.0,2210.0,49.9,21.9,15.4,2.42,0.979,0.351,2.42,1.07,0.9,40900.0,20300.0,18900.0,3030.0,1040.0,456.0,3530.0,1120.0,0.369,17.1,17.5,15.8,0.018
W207380,1910.0,2020.0,2100.0,35.3,18.5,24.3,6.58,0.681,0.189,1.74,0.853,3.75,14300.0,8460.0,14700.0,4070.0,355.0,121.0,1250.0,441.0,1.55,8.4,8.65,7.8,0.038
W207381,2010.0,2100.0,2190.0,7.64,6.43,69.6,5.46,0.332,0.0756,0.385,0.318,4.75,3830.0,3650.0,52200.0,4190.0,215.0,60.1,344.0,204.0,1.94,10.5,10.7,10.5,0.033
W207382,2020.0,2100.0,2190.0,11.8,12.1,51.6,7.1,1.06,0.176,0.517,0.602,9.25,1420.0,1640.0,9290.0,1310.0,165.0,33.5,111.0,92.7,3.81,2.5,2.58,2.6,0.028
W207383,2800.0,2800.0,2800.0,51.8,33.5,3.15,0.896,1.36,0.446,3.81,1.12,0.025,33200.0,24300.0,3020.0,878.0,1120.0,453.0,4350.0,919.0,0.011,13.3,13.7,12.6,0.0083
W207384,2140.0,2270.0,2360.0,34.0,22.1,19.9,7.24,1.11,0.378,2.5,0.87,5.0,21600.0,15900.0,18900.0,7030.0,911.0,381.0,2830.0,707.0,2.03,13.4,13.6,13.4,0.029
W207385,1970.0,2060.0,2140.0,24.6,17.0,25.1,12.5,1.13,0.338,1.69,0.736,9.5,14500.0,11300.0,22100.0,11200.0,855.0,314.0,1770.0,553.0,3.85,12.4,12.6,11.4,0.039
W207386,2270.0,2360.0,2440.0,45.2,26.5,11.5,3.42,1.39,0.405,3.52,0.97,2.5,49300.0,32700.0,18800.0,5700.0,1960.0,701.0,6850.0,1360.0,1.02,23.0,23.4,22.1,0.02
W207387,1970.0,2060.0,2180.0,39.6,21.4,20.1,4.15,1.43,0.756,2.99,0.819,4.25,21500.0,13100.0,16300.0,3430.0,997.0,650.0,2890.0,568.0,1.73,11.4,11.6,10.2,0.022
W207388,2180.0,2290.0,2410.0,46.7,22.1,18.9,1.67,1.31,0.419,2.91,1.12,1.4,40600.0,21800.0,24700.0,2220.0,1470.0,577.0,4510.0,1250.0,0.567,18.4,18.6,18.2,0.022
W207389,2020.0,2110.0,2230.0,45.2,18.7,24.8,1.54,1.11,0.5,2.86,0.936,1.48,54800.0,25800.0,45100.0,2860.0,1740.0,962.0,6180.0,1460.0,0.597,25.7,26.0,23.6,0.018
W207390,2490.0,2600.0,2710.0,44.9,30.6,5.86,4.27,1.13,0.486,2.02,1.34,1.85,22800.0,17600.0,4450.0,3310.0,737.0,390.0,1820.0,867.0,0.75,10.7,10.8,10.6,0.02
W207447,2700.0,2780.0,2800.0,48.7,28.4,13.2,1.2,0.498,0.122,1.11,2.04,1.73,17000.0,11200.0,6880.0,642.0,224.0,67.2,687.0,911.0,0.706,7.3,7.47,7.5,0.074
W207448,2610.0,2690.0,2780.0,51.1,26.0,12.6,0.952,0.764,0.149,2.44,1.37,1.63,32600.0,18800.0,12000.0,929.0,629.0,150.0,2770.0,1120.0,0.663,13.4,13.7,13.0,0.0084
W207449,1880.0,1990.0,2140.0,42.9,16.0,32.8,0.994,0.747,0.176,2.16,0.702,2.25,24500.0,10400.0,28000.0,868.0,550.0,159.0,2200.0,513.0,0.917,12.0,12.2,11.5,0.011
W207450,1830.0,1900.0,1980.0,35.9,16.1,39.4,1.27,0.664,0.176,1.65,0.719,2.13,18300.0,9280.0,30000.0,990.0,435.0,141.0,1490.0,468.0,0.864,10.7,10.9,10.3,0.012
W207451,2800.0,2800.0,2800.0,57.8,27.3,25.7,0.476,0.913,0.149,2.66,1.52,0.65,102000.0,54700.0,68100.0,1290.0,2090.0,417.0,8380.0,3450.0,0.267,37.0,37.9,35.2,0.0063
W207452,1960.0,2100.0,2190.0,48.6,15.1,22.8,2.32,1.08,0.365,2.31,0.619,4.18,19000.0,6690.0,13400.0,1390.0,545.0,226.0,1610.0,310.0,1.71,8.2,8.38,7.1,0.037
W207453,1980.0,2100.0,2240.0,36.2,19.2,36.3,1.37,0.415,0.081,0.733,1.3,2.3,17800.0,10700.0,26700.0,1030.0,263.0,63.2,642.0,821.0,0.94,10.3,10.5,11.3,0.009
W207454,2800.0,2800.0,2800.0,57.4,29.5,2.46,0.546,0.747,0.27,2.61,2.94,0.6,39600.0,23100.0,2540.0,577.0,665.0,296.0,3210.0,2600.0,0.245,14.5,14.8,13.8,0.0056
W207455,2010.0,2120.0,2260.0,43.7,20.9,24.8,0.63,0.863,0.189,2.9,1.05,1.38,37500.0,20200.0,31800.0,826.0,954.0,257.0,4420.0,1160.0,0.561,18.0,18.4,17.4,0.018
W207456,2000.0,2100.0,2210.0,43.5,22.7,18.7,1.83,1.34,0.257,3.55,0.936,2.95,35900.0,21200.0,23000.0,2310.0,1430.0,335.0,5200.0,987.0,1.24,16.8,17.6,16.5,0.0089
W207457,2770.0,2800.0,2800.0,59.8,23.9,7.19,0.504,0.481,0.081,1.47,2.49,0.775,48200.0,21800.0,8670.0,621.0,500.0,103.0,2100.0,2570.0,0.322,16.6,17.2,16.2,0.0055
W207459,2380.0,2470.0,2560.0,43.7,25.9,23.3,0.518,0.349,0.081,1.27,0.803,1.15,50200.0,33800.0,40000.0,910.0,517.0,148.0,2610.0,1180.0,0.472,24.0,24.6,23.7,0.006
W207461,2100.0,2190.0,2310.0,40.3,24.4,25.2,1.36,0.913,0.743,1.97,1.15,1.75,14200.0,9710.0,13300.0,730.0,414.0,414.0,1230.0,520.0,0.712,7.4,7.53,7.3,0.028
W207462,2770.0,2800.0,2800.0,50.0,30.1,11.2,0.7,0.963,0.27,3.37,1.45,1.0,25300.0,17300.0,8470.0,542.0,629.0,217.0,3040.0,944.0,0.409,10.6,10.8,11.0,0.0066
W207463,2250.0,2360.0,2460.0,38.0,27.1,23.7,1.67,0.764,0.945,1.54,1.2,2.5,6370.0,5140.0,5930.0,426.0,165.0,251.0,458.0,258.0,1.02,3.5,3.58,3.4,0.039
W207464,2100.0,2290.0,2410.0,39.1,26.4,25.9,1.19,0.78,0.419,1.75,1.19,1.63,11500.0,8810.0,11400.0,537.0,297.0,196.0,923.0,449.0,0.663,6.2,6.32,6.0,0.011
W207465,2170.0,2340.0,2420.0,35.1,22.4,25.9,2.11,1.51,0.27,1.11,1.37,4.38,6680.0,4840.0,7400.0,616.0,371.0,81.5,375.0,334.0,1.83,3.9,4.09,3.5,0.027
W207466,2130.0,2240.0,2310.0,39.2,22.6,16.6,3.91,1.83,0.621,1.74,1.07,5.63,10200.0,6680.0,6480.0,1560.0,615.0,257.0,810.0,358.0,2.33,5.4,5.59,4.5,0.73
W207467,2160.0,2320.0,2430.0,41.0,27.2,22.1,1.04,0.813,0.675,1.89,1.34,1.88,9790.0,7350.0,7880.0,378.0,250.0,255.0,801.0,408.0,0.766,5.0,5.1,4.9,0.01
W207468,1980.0,2060.0,2150.0,29.0,16.5,48.3,0.658,0.398,0.203,1.14,1.04,1.0,15900.0,10300.0,39700.0,552.0,282.0,176.0,1120.0,728.0,0.409,11.5,11.7,9.6,0.0097
W207469,2070.0,2160.0,2290.0,17.0,9.36,65.2,1.13,0.365,0.365,0.613,0.385,1.75,5100.0,3180.0,29300.0,520.0,141.0,173.0,328.0,148.0,0.714,6.3,6.42,6.3,0.018
W207470,2090.0,2200.0,2320.0,23.8,20.9,50.5,0.924,0.448,0.23,1.06,0.468,1.38,9730.0,9700.0,31000.0,579.0,237.0,149.0,772.0,246.0,0.561,8.6,8.77,7.0,0.0059
W207471,2100.0,2240.0,2430.0,31.7,28.4,30.7,1.68,0.564,0.351,1.01,0.819,2.0,11300.0,11500.0,16400.0,916.0,259.0,198.0,641.0,374.0,0.814,7.5,7.63,7.2,0.02
W207472,2800.0,2800.0,2800.0,52.7,32.6,2.86,1.57,0.714,0.243,1.98,1.59,1.25,22800.0,16000.0,1850.0,1040.0,399.0,167.0,1530.0,881.0,0.509,9.1,9.27,9.5,0.0083
W207473,2800.0,2800.0,2800.0,56.7,28.3,8.34,0.28,0.581,0.124,1.81,1.91,0.5,117000.0,65800.0,25700.0,880.0,1540.0,405.0,6650.0,5020.0,0.204,43.1,44.0,44.3,0.0042
W207499,1970.0,2080.0,2160.0,20.8,12.1,51.7,3.56,0.498,0.662,0.505,0.635,4.75,5430.0,3580.0,20200.0,1420.0,167.0,274.0,234.0,212.0,1.96,5.4,5.58,5.0,0.043
W207500,2020.0,2130.0,2230.0,37.6,24.8,23.3,4.93,0.548,0.446,0.974,0.836,5.0,9430.0,7040.0,8720.0,1890.0,177.0,177.0,434.0,268.0,2.06,5.2,5.36,5.3,0.041
W207501,1940.0,2050.0,2170.0,35.1,17.8,39.0,1.23,0.531,0.243,1.59,1.0,1.73,21500.0,12300.0,35700.0,1150.0,419.0,236.0,1730.0,786.0,0.707,12.8,13.1,11.8,0.016
W207502,2470.0,2570.0,2660.0,43.3,27.2,13.9,3.24,0.714,0.243,1.6,1.52,4.5,16400.0,11700.0,7880.0,1880.0,349.0,146.0,1080.0,739.0,1.85,7.9,8.12,8.3,0.018
W207503,2000.0,2120.0,2260.0,28.7,21.9,35.2,3.89,0.714,0.513,0.673,0.702,6.5,6330.0,5460.0,11600.0,1310.0,203.0,179.0,264.0,198.0,2.67,4.6,4.72,4.6,0.079
W207504,2090.0,2210.0,2320.0,33.4,17.0,43.5,1.53,0.515,0.243,0.541,0.535,2.05,10400.0,6000.0,20300.0,729.0,207.0,120.0,301.0,214.0,0.843,6.5,6.69,6.0,0.023
W207505,1900.0,2020.0,2140.0,29.0,19.5,32.4,5.38,0.863,0.446,0.601,0.786,8.5,6190.0,4700.0,10300.0,1750.0,237.0,151.0,228.0,215.0,3.53,4.4,4.57,4.2,0.18
W207506,2100.0,2180.0,2260.0,31.6,24.8,28.8,3.47,0.764,0.824,0.709,1.15,5.0,3510.0,3120.0,4800.0,590.0,109.0,145.0,140.0,164.0,2.07,2.3,2.38,2.2,0.032
W207507,2070.0,2200.0,2330.0,40.7,21.9,29.3,1.2,0.365,0.297,0.733,1.09,1.73,17600.0,10700.0,19000.0,796.0,204.0,204.0,565.0,602.0,0.71,9.0,9.26,9.1,0.02
W207508,2010.0,2100.0,2190.0,25.7,17.3,53.4,1.26,0.282,0.243,0.433,0.368,1.93,12500.0,9520.0,38800.0,935.0,177.0,187.0,374.0,229.0,0.792,10.1,10.4,9.2,0.019
W207509,2010.0,2090.0,2210.0,26.9,14.4,54.7,0.798,0.432,0.203,1.08,0.635,1.35,20900.0,12700.0,63800.0,951.0,434.0,250.0,1500.0,634.0,0.553,16.3,16.7,15.8,0.017
W207510,1970.0,2090.0,2200.0,36.3,24.0,26.6,3.45,0.73,0.554,1.11,0.953,5.0,8750.0,6560.0,9610.0,1270.0,227.0,212.0,475.0,294.0,2.06,5.0,5.16,5.2,0.06
W207511,2020.0,2120.0,2200.0,44.9,21.6,18.2,4.76,0.83,0.257,2.03,1.09,4.5,29400.0,16000.0,17800.0,4760.0,700.0,266.0,2370.0,910.0,1.85,13.6,14.0,12.8,0.027
W207512,1910.0,2040.0,2130.0,23.2,10.3,56.0,3.88,0.614,0.324,1.19,0.468,5.5,12100.0,6030.0,43500.0,3080.0,411.0,267.0,1100.0,311.0,2.26,10.8,11.1,11.2,0.043
W207513,1940.0,2020.0,2120.0,32.9,18.9,39.3,2.41,0.415,0.324,0.877,0.987,3.5,13800.0,9010.0,24700.0,1550.0,225.0,216.0,658.0,532.0,1.43,8.8,9.01,8.9,0.01
W207514,2030.0,2150.0,2300.0,32.9,18.7,37.1,2.86,0.448,0.392,0.841,1.07,4.0,11100.0,7170.0,18800.0,1480.0,195.0,210.0,507.0,463.0,1.63,7.1,7.24,7.0,0.012
W207515,1850.0,1970.0,2060.0,32.7,17.8,41.5,1.58,0.598,0.392,1.36,0.853,2.3,9480.0,5830.0,18000.0,701.0,223.0,180.0,701.0,316.0,0.952,6.0,6.21,6.0,0.016
W207516,2400.0,2490.0,2590.0,53.8,24.3,12.0,1.53,0.614,0.351,2.02,2.24,2.03,17400.0,8870.0,5810.0,753.0,256.0,180.0,1160.0,926.0,0.836,6.7,6.91,6.3,0.0094
W207517,2750.0,2800.0,2800.0,44.0,29.8,5.62,4.51,0.896,0.486,1.73,1.19,7.25,8960.0,6870.0,1710.0,1400.0,235.0,157.0,628.0,310.0,3.01,4.2,4.36,3.4,0.045
W207518,2750.0,2800.0,2800.0,47.6,27.7,12.6,1.46,0.913,0.203,2.73,1.61,2.5,22100.0,14500.0,8720.0,1030.0,545.0,149.0,2250.0,951.0,1.04,9.5,9.93,8.0,0.0052
W207519,2150.0,2300.0,2390.0,47.0,23.3,15.3,3.1,1.15,0.216,2.43,1.12,4.75,24300.0,13700.0,11900.0,2450.0,765.0,177.0,2240.0,743.0,1.97,10.7,11.1,10.5,0.017
W207522,2070.0,2160.0,2310.0,38.0,23.0,28.3,2.2,0.73,0.365,1.69,1.05,2.75,13500.0,9210.0,15000.0,1190.0,333.0,205.0,1070.0,477.0,1.13,7.4,7.58,6.4,0.023
W207523,1920.0,1990.0,2080.0,29.4,15.7,49.3,1.11,0.448,0.176,1.03,0.702,1.98,14200.0,8570.0,35500.0,813.0,278.0,134.0,885.0,432.0,0.813,10.0,10.3,9.5,0.025
W207524,2610.0,2690.0,2780.0,56.6,24.3,7.71,1.22,0.78,0.203,2.87,1.89,1.55,33500.0,16300.0,6840.0,1100.0,596.0,190.0,3030.0,1430.0,0.64,12.3,12.7,12.0,0.016
W207525,1940.0,2010.0,2090.0,28.4,14.6,51.9,1.26,0.365,0.176,1.07,0.803,1.85,18600.0,10800.0,50900.0,1260.0,308.0,182.0,1250.0,673.0,0.757,13.7,14.0,13.4,0.027
W207808,1990.0,2080.0,2170.0,30.9,18.5,42.3,2.42,0.581,0.162,0.913,0.569,2.75,5970.0,4040.0,12200.0,714.0,145.0,49.5,314.0,140.0,1.14,4.0,4.13,3.8,0.017
W207809,2650.0,2770.0,2800.0,55.0,25.8,12.4,0.686,0.664,0.203,2.6,1.02,1.23,50600.0,26900.0,17000.0,964.0,787.0,295.0,4250.0,1200.0,0.507,19.0,19.7,15.7,0.0045
W207810,2550.0,2640.0,2710.0,47.0,25.6,16.6,1.53,0.647,0.23,1.66,1.62,2.17,28400.0,17600.0,15000.0,1410.0,505.0,220.0,1790.0,1260.0,0.901,12.5,12.9,11.4,0.0095
W207811,2550.0,2660.0,2780.0,55.0,26.0,7.85,0.602,1.43,0.284,4.62,1.15,1.13,63600.0,34000.0,13600.0,1060.0,2130.0,520.0,9500.0,1710.0,0.458,24.3,24.8,23.3,0.014
W207812,2750.0,2800.0,2800.0,52.6,28.8,6.13,1.72,0.863,0.446,2.38,1.42,2.75,11600.0,7170.0,2020.0,578.0,244.0,155.0,931.0,399.0,1.12,4.6,4.7,4.5,0.011
W207813,2800.0,2800.0,2800.0,52.4,30.1,3.89,2.31,0.747,0.257,2.14,1.37,1.33,24400.0,15900.0,2710.0,1650.0,449.0,190.0,1780.0,818.0,0.54,9.8,9.98,8.6,0.011
W207814,2800.0,2800.0,2800.0,52.9,31.6,3.9,1.76,0.747,0.297,2.09,1.42,1.43,20200.0,13700.0,2230.0,1030.0,368.0,180.0,1420.0,696.0,0.583,8.0,8.18,7.8,0.021
W207815,2800.0,2800.0,2800.0,71.2,19.3,1.46,1.29,0.332,0.149,1.01,1.19,0.975,40300.0,12400.0,1240.0,1110.0,242.0,133.0,1020.0,860.0,0.397,11.9,12.1,11.4,0.0037
W207816,2460.0,2580.0,2690.0,45.3,24.8,22.7,0.826,0.664,0.135,1.68,1.76,1.0,30800.0,19100.0,23100.0,859.0,582.0,146.0,2040.0,1530.0,0.413,14.1,14.6,12.4,0.0055
W207817,2800.0,2800.0,2800.0,59.4,29.1,2.72,0.7,0.448,0.123,1.35,2.24,0.8,41000.0,22700.0,2800.0,738.0,398.0,134.0,1650.0,1980.0,0.328,14.4,14.8,14.0,0.0037
W207818,2800.0,2800.0,2800.0,59.4,28.2,4.63,0.63,0.465,0.119,1.45,2.32,0.75,45400.0,24400.0,5300.0,736.0,458.0,144.0,1980.0,2270.0,0.307,16.0,16.4,15.2,0.0035
W207819,2800.0,2800.0,2800.0,56.6,30.0,2.33,1.99,0.747,0.216,2.31,1.91,1.53,35200.0,21100.0,2170.0,1890.0,599.0,213.0,2560.0,1520.0,0.625,13.0,13.3,13.0,0.008
W207820,2170.0,2250.0,2340.0,48.5,21.5,19.4,1.71,1.15,0.405,2.61,1.07,3.0,35800.0,18000.0,21400.0,1930.0,1090.0,474.0,3430.0,1010.0,1.22,15.5,15.8,15.2,0.028
W207821,2300.0,2390.0,2540.0,50.1,22.9,13.3,1.58,1.33,0.459,3.47,1.19,3.0,39900.0,20600.0,15800.0,1930.0,1360.0,580.0,4930.0,1210.0,1.22,16.7,17.0,14.6,0.026
W207823,2410.0,2500.0,2630.0,45.4,28.0,13.4,2.77,0.913,0.378,2.33,1.3,2.38,24600.0,17200.0,10900.0,2300.0,638.0,325.0,2250.0,905.0,0.959,11.5,11.6,10.2,0.015
W207824,2800.0,2800.0,2800.0,52.0,31.9,3.52,1.11,0.896,0.567,2.97,2.12,1.38,38000.0,26500.0,3850.0,1240.0,846.0,658.0,3870.0,1990.0,0.556,15.5,15.7,14.4,0.0075
W207825,2010.0,2120.0,2260.0,46.3,20.0,24.7,0.798,1.08,0.486,2.99,0.836,2.0,79100.0,38800.0,63100.0,2090.0,2380.0,1320.0,9110.0,1830.0,0.806,36.3,36.6,34.7,0.012
W207826,1910.0,2000.0,2110.0,21.3,15.5,37.2,9.87,1.83,0.378,1.19,0.635,9.63,4310.0,3550.0,11300.0,3060.0,477.0,122.0,430.0,165.0,3.89,4.3,4.34,3.9,0.029
W207827,2010.0,2130.0,2210.0,36.7,21.4,26.2,5.85,0.979,0.311,1.72,0.97,5.08,20800.0,13700.0,22300.0,5080.0,717.0,280.0,1740.0,705.0,2.06,12.0,12.2,11.5,0.033
W207828,2270.0,2360.0,2450.0,37.1,23.4,16.5,9.02,0.714,0.662,1.49,1.27,5.95,13000.0,9290.0,8640.0,4820.0,322.0,367.0,929.0,569.0,2.41,7.4,7.49,6.9,0.061
W207829,2010.0,2140.0,2250.0,26.2,14.9,26.3,13.8,0.714,0.378,1.42,0.602,13.1,10100.0,6490.0,15100.0,8100.0,353.0,230.0,969.0,296.0,5.33,8.1,8.22,8.1,0.059
W207830,2650.0,2780.0,2800.0,57.4,24.6,8.55,0.644,1.15,0.459,3.22,1.25,1.33,43800.0,21200.0,9770.0,751.0,1130.0,555.0,4380.0,1230.0,0.541,16.0,16.3,14.6,0.012
W207831,2260.0,2360.0,2490.0,53.8,22.1,15.9,0.63,0.963,0.365,2.99,1.17,1.58,45500.0,21200.0,20100.0,814.0,1050.0,488.0,4500.0,1270.0,0.644,17.7,18.1,16.5,0.013
W207832,2280.0,2360.0,2440.0,14.1,6.99,75.2,1.95,1.08,0.351,0.421,0.368,3.28,7980.0,4480.0,63600.0,1680.0,786.0,314.0,423.0,266.0,1.33,11.9,12.1,12.3,0.027
W207854,2030.0,2110.0,2200.0,40.7,19.3,25.9,1.97,1.21,0.419,2.98,0.635,2.35,38300.0,20500.0,36500.0,2840.0,1470.0,624.0,5000.0,765.0,0.952,19.9,20.1,18.6,0.026
W207855,1990.0,2120.0,2280.0,35.9,17.2,27.0,6.27,1.08,0.513,2.31,0.686,4.13,23200.0,12600.0,26200.0,6210.0,900.0,526.0,2660.0,568.0,1.67,13.7,13.9,12.4,0.046
W207856,2800.0,2800.0,2800.0,50.3,29.3,10.0,1.08,1.34,0.378,4.15,1.19,1.95,43400.0,28600.0,12900.0,1420.0,1500.0,517.0,6370.0,1310.0,0.787,18.3,18.5,17.7,0.017
W207857,2000.0,2110.0,2230.0,29.3,15.0,51.8,1.05,0.332,0.162,0.986,0.953,1.8,18800.0,10900.0,49700.0,1030.0,274.0,165.0,1130.0,782.0,0.727,13.6,13.7,14.5,0.0084
W207858,2200.0,2270.0,2350.0,26.8,21.4,20.2,11.8,1.13,0.878,1.61,0.786,7.75,6700.0,6060.0,7560.0,4530.0,364.0,348.0,718.0,252.0,3.13,5.3,5.36,4.8,0.04
W207859,2210.0,2330.0,2490.0,50.3,22.1,15.2,0.364,1.41,0.621,3.81,0.953,1.1,85600.0,42600.0,38800.0,947.0,3100.0,1680.0,11500.0,2080.0,0.444,36.1,36.4,33.7,0.019
W207860,2000.0,2100.0,2220.0,27.6,13.2,31.3,11.0,0.88,0.324,1.9,0.418,7.13,18700.0,10100.0,31700.0,11400.0,768.0,348.0,2290.0,362.0,2.91,14.2,14.5,13.8,0.088
W207861,2020.0,2110.0,2230.0,31.5,22.3,29.9,4.4,0.963,0.216,0.925,1.37,6.25,6320.0,5070.0,8980.0,1350.0,249.0,68.7,331.0,352.0,2.56,4.2,4.3,3.9,0.0097
W207862,1950.0,2040.0,2120.0,33.7,17.2,36.0,3.11,0.598,0.446,1.29,1.07,3.5,10800.0,6230.0,17200.0,1520.0,247.0,226.0,733.0,438.0,1.43,6.7,6.85,6.4,0.017
W207863,2500.0,2620.0,2710.0,52.2,27.0,14.5,0.504,0.548,0.131,1.75,2.14,0.8,47100.0,27500.0,19600.0,695.0,637.0,187.0,2820.0,2470.0,0.325,19.0,19.3,19.3,0.0061
W207864,2590.0,2680.0,2780.0,51.5,28.1,10.1,0.518,1.36,0.527,3.97,1.19,1.27,47300.0,29200.0,13900.0,727.0,1610.0,766.0,6480.0,1390.0,0.516,19.4,19.6,19.1,0.0091
W207865,1910.0,2000.0,2100.0,34.8,18.3,39.3,0.924,0.714,0.135,2.01,0.786,1.1,12300.0,7310.0,20700.0,498.0,325.0,75.5,1260.0,355.0,0.449,7.4,7.55,7.3,0.024
W207866,2570.0,2700.0,2790.0,61.1,25.0,2.93,3.32,0.531,0.23,1.67,1.84,0.55,36100.0,16700.0,2590.0,3000.0,405.0,215.0,1760.0,1390.0,0.223,12.5,12.7,12.1,0.007
W207867,2800.0,2800.0,2800.0,55.9,36.0,2.19,0.756,0.498,0.149,0.853,2.24,0.875,38200.0,27900.0,2240.0,789.0,438.0,161.0,1040.0,1960.0,0.355,14.4,14.6,14.3,0.0022
W207868,2370.0,2480.0,2590.0,47.3,25.8,17.9,1.68,0.714,0.189,1.85,1.52,1.68,57600.0,35600.0,32600.0,3130.0,1120.0,365.0,4020.0,2370.0,0.678,25.8,26.1,26.1,0.015
W207870,2170.0,2280.0,2400.0,33.1,24.6,32.8,2.11,0.681,0.297,1.51,1.0,2.55,11200.0,9370.0,16500.0,1090.0,295.0,158.0,908.0,432.0,1.03,7.1,7.2,6.9,0.012
W207896,2010.0,2100.0,2180.0,24.9,13.7,53.3,0.924,0.531,0.176,1.17,0.585,1.88,17700.0,11000.0,56600.0,1000.0,486.0,197.0,1470.0,532.0,0.775,14.7,15.2,13.6,0.027
W207897,2520.0,2630.0,2710.0,61.8,21.6,9.14,1.08,0.598,0.203,1.8,1.84,0.625,61000.0,24100.0,13500.0,1630.0,760.0,317.0,3170.0,2320.0,0.254,20.8,21.1,21.6,0.0087
W207898,2030.0,2150.0,2280.0,36.1,28.1,30.3,0.98,0.714,0.23,2.62,1.29,1.13,29600.0,26200.0,37200.0,1230.0,755.0,299.0,3830.0,1350.0,0.457,17.3,17.6,16.3,0.01
W207901,2640.0,2760.0,2800.0,45.3,33.2,8.52,2.37,1.16,0.405,3.02,1.49,2.38,7970.0,6600.0,2240.0,636.0,263.0,113.0,944.0,335.0,0.966,3.7,3.76,3.8,0.018
W207902,2120.0,2250.0,2360.0,44.0,27.7,13.5,5.29,0.996,0.432,2.52,1.34,3.75,27100.0,19300.0,12500.0,4980.0,791.0,422.0,2770.0,1050.0,1.52,13.0,13.2,13.0,0.022
W207903,2220.0,2310.0,2420.0,41.2,26.1,14.4,5.43,0.93,0.459,1.47,0.719,3.5,48100.0,34500.0,25100.0,9700.0,1400.0,850.0,3050.0,1080.0,1.42,24.7,25.0,22.8,0.026
W207904,2500.0,2620.0,2730.0,56.8,23.9,6.28,1.68,1.29,0.446,3.15,1.19,1.27,52000.0,24700.0,8590.0,2350.0,1530.0,646.0,5130.0,1390.0,0.517,19.3,19.6,17.7,0.016
W207905,2130.0,2230.0,2310.0,12.8,6.82,38.5,21.6,0.398,0.162,0.553,0.217,14.5,7440.0,4490.0,33500.0,19200.0,298.0,149.0,572.0,162.0,5.91,12.2,12.4,11.2,0.13
W207906,2100.0,2190.0,2310.0,47.9,22.4,12.7,4.26,0.896,0.419,2.51,1.15,3.0,40300.0,21400.0,16000.0,5480.0,973.0,558.0,3760.0,1240.0,1.22,17.7,18.0,17.1,0.023
W207907,2650.0,2740.0,2800.0,57.6,23.8,3.65,3.26,1.2,0.581,3.04,1.15,2.2,45000.0,21100.0,4260.0,3900.0,1200.0,719.0,4230.0,1150.0,0.897,16.4,16.7,16.1,0.031
W207908,2800.0,2800.0,2800.0,48.9,31.1,4.52,2.93,0.996,0.5,2.69,1.52,1.98,31900.0,23000.0,4410.0,2920.0,837.0,516.0,3130.0,1270.0,0.805,13.7,14.0,13.1,0.015
W207909,2800.0,2800.0,2800.0,46.7,32.9,7.15,1.74,1.1,0.527,2.84,1.04,1.93,33100.0,26400.0,7590.0,1880.0,1000.0,592.0,3580.0,941.0,0.784,14.9,15.2,14.0,0.0094
W207982,2800.0,2800.0,2800.0,50.0,34.9,6.18,0.588,1.01,0.243,3.8,1.04,0.8,31700.0,25000.0,5860.0,570.0,828.0,244.0,4290.0,841.0,0.326,13.3,13.6,13.2,0.021
W207984,1960.0,2050.0,2140.0,24.3,13.7,34.0,6.79,1.83,0.54,1.24,0.602,8.4,3130.0,2000.0,6560.0,1340.0,303.0,110.0,284.0,99.1,3.43,2.7,2.75,2.5,0.169
W207985,2100.0,2200.0,2330.0,39.7,22.1,19.2,3.49,1.63,0.702,2.87,0.853,3.98,5270.0,3320.0,3810.0,708.0,279.0,148.0,680.0,145.0,1.61,2.8,2.84,2.8,0.034
W207986,2800.0,2800.0,2800.0,60.4,29.0,3.52,0.602,0.598,0.135,1.75,2.27,0.775,39000.0,21200.0,3400.0,595.0,498.0,138.0,2020.0,1880.0,0.315,13.6,13.8,12.6,0.0047
W207987,2280.0,2370.0,2490.0,83.9,7.54,4.79,0.994,0.465,0.122,0.925,0.334,1.15,48000.0,4890.0,4110.0,870.0,343.0,110.0,944.0,245.0,0.474,11.9,12.3,10.4,0.013
W207988,2800.0,2800.0,2800.0,56.9,31.8,2.6,0.63,0.979,0.162,2.93,1.66,0.7,52000.0,32800.0,3550.0,879.0,1150.0,234.0,4760.0,1930.0,0.286,19.1,19.5,18.3,0.005
W207990,2790.0,2800.0,2800.0,41.5,28.9,10.2,4.34,0.896,0.162,2.37,0.936,5.23,49000.0,38700.0,18000.0,7830.0,1360.0,303.0,4980.0,1420.0,2.13,24.8,25.3,23.9,0.0086
W207991,2800.0,2800.0,2800.0,60.6,27.8,4.16,0.798,0.681,0.122,2.14,1.86,0.7,55800.0,29000.0,5740.0,1120.0,808.0,177.0,3510.0,2190.0,0.286,19.3,19.7,18.3,0.013
W208036,1960.0,2040.0,2140.0,23.4,15.7,16.7,16.3,0.863,0.554,0.877,0.686,10.3,9180.0,6990.0,9850.0,9800.0,437.0,345.0,614.0,345.0,4.15,8.3,8.41,7.8,0.12
W208039,2230.0,2310.0,2400.0,34.1,23.5,19.4,8.53,0.78,0.446,1.25,0.97,4.83,16300.0,12700.0,13800.0,6220.0,480.0,337.0,1060.0,592.0,1.95,10.1,10.2,9.1,0.04
W208040,2000.0,2080.0,2170.0,25.1,15.7,36.9,8.94,0.647,0.338,1.56,0.602,3.98,11400.0,8050.0,25100.0,6210.0,379.0,243.0,1260.0,350.0,1.61,9.6,9.73,9.0,0.052
W208041,2270.0,2360.0,2440.0,51.4,23.8,13.3,1.11,1.28,0.608,3.5,1.05,1.55,54700.0,28700.0,21200.0,1800.0,1750.0,1020.0,6630.0,1430.0,0.63,22.4,22.8,20.7,0.016
W208042,1980.0,2100.0,2210.0,37.0,24.7,29.4,1.3,0.996,0.324,2.75,0.886,1.25,23800.0,18000.0,28200.0,1280.0,823.0,329.0,3140.0,727.0,0.508,13.5,13.7,13.0,0.018
W208043,2110.0,2200.0,2270.0,28.2,20.1,13.9,13.9,0.946,0.243,1.84,0.753,8.48,5760.0,4650.0,4240.0,4360.0,250.0,78.8,670.0,197.0,3.45,4.3,4.38,3.9,0.063
W208047,2800.0,2800.0,2800.0,46.8,36.5,4.79,0.84,0.78,0.581,3.49,1.56,1.0,17300.0,15300.0,2650.0,475.0,372.0,340.0,2290.0,736.0,0.406,7.8,7.91,7.3,0.0037
W208048,2780.0,2800.0,2800.0,66.7,21.0,3.37,0.952,0.531,0.837,1.01,1.97,0.875,34800.0,12400.0,2640.0,760.0,358.0,693.0,939.0,1320.0,0.356,11.0,11.2,6.1,0.0032
W208049,2240.0,2420.0,2500.0,47.4,28.9,9.44,2.02,0.896,0.945,2.18,1.54,2.63,9440.0,6530.0,2810.0,614.0,230.0,299.0,772.0,392.0,1.07,4.2,4.27,4.5,0.0059
W208050,2740.0,2800.0,2800.0,57.2,28.7,6.56,0.728,0.896,0.189,2.69,1.3,0.875,35300.0,20000.0,6060.0,687.0,713.0,185.0,2960.0,1030.0,0.355,13.0,13.2,13.0,0.012
W208051,2800.0,2800.0,2800.0,56.3,27.6,5.05,1.01,1.1,0.176,3.22,1.35,1.18,42100.0,23400.0,5640.0,1150.0,1060.0,208.0,4280.0,1290.0,0.485,15.5,16.0,14.1,0.014
W208054,2700.0,2790.0,2800.0,60.8,24.4,4.18,1.88,0.747,0.176,1.77,2.39,1.98,25700.0,11700.0,2640.0,1210.0,407.0,118.0,1330.0,1290.0,0.803,8.9,9.05,9.1,0.035
W208055,2800.0,2800.0,2800.0,53.4,32.1,5.31,1.12,0.664,0.203,2.32,2.12,1.15,33200.0,22600.0,4930.0,1060.0,532.0,199.0,2570.0,1690.0,0.467,13.1,13.3,13.0,0.0096
W208056,2420.0,2510.0,2600.0,47.2,25.8,15.3,0.798,1.49,0.351,3.62,0.936,1.48,42500.0,26300.0,20700.0,1100.0,1740.0,502.0,5810.0,1080.0,0.596,19.1,19.3,18.3,0.03
W208057,2260.0,2370.0,2480.0,44.6,25.1,18.9,0.994,1.48,0.338,3.27,0.903,1.73,38800.0,24700.0,24600.0,1320.0,1650.0,465.0,5060.0,1000.0,0.697,18.4,18.6,17.9,0.037
W208058,2660.0,2780.0,2800.0,56.6,25.8,7.21,0.504,1.83,0.392,4.01,1.2,0.825,53300.0,27600.0,10200.0,727.0,2220.0,585.0,6740.0,1450.0,0.333,20.0,20.2,16.8,0.02
W208059,2020.0,2100.0,2190.0,36.3,19.1,26.7,4.38,0.863,0.351,2.27,0.769,3.88,11100.0,6600.0,12200.0,2040.0,339.0,170.0,1230.0,300.0,1.58,6.4,6.53,6.0,0.045
W208060,2800.0,2800.0,2800.0,55.8,31.1,2.79,1.44,0.581,0.257,1.32,2.12,1.4,27100.0,17100.0,2030.0,1070.0,364.0,197.0,1140.0,1320.0,0.571,10.2,10.4,9.8,0.013
W208061,2520.0,2610.0,2740.0,51.5,25.9,13.4,0.364,0.813,0.432,3.5,1.19,1.05,55700.0,31700.0,21700.0,602.0,1130.0,740.0,6730.0,1640.0,0.423,23.0,23.1,22.8,0.009
W208062,2800.0,2800.0,2800.0,55.5,29.5,4.33,0.308,1.11,0.324,5.69,1.29,0.85,69000.0,41500.0,8060.0,585.0,1780.0,638.0,12600.0,2050.0,0.342,26.4,26.6,25.3,0.018
W208063,2300.0,2410.0,2490.0,41.3,28.5,22.7,0.532,0.764,0.378,3.14,1.17,1.18,33700.0,26400.0,27700.0,664.0,804.0,490.0,4560.0,1220.0,0.478,17.2,17.5,16.7,0.0062
W208064,2800.0,2800.0,2800.0,44.3,36.4,12.3,1.19,0.531,0.284,1.49,1.17,1.5,21100.0,19600.0,8780.0,865.0,326.0,214.0,1260.0,712.0,0.611,10.0,10.2,10.0,0.0058
W208065,2800.0,2800.0,2800.0,56.8,31.2,2.67,1.46,0.548,0.378,1.8,1.92,1.8,24100.0,15000.0,1700.0,945.0,300.0,254.0,1360.0,1050.0,0.735,8.9,9.09,8.7,0.012
W208066,2640.0,2720.0,2790.0,58.9,22.3,11.6,0.63,0.432,0.324,1.41,3.46,0.875,85500.0,36700.0,25100.0,1400.0,809.0,747.0,3640.0,6440.0,0.355,30.7,31.1,30.0,0.0088
W208067,2220.0,2360.0,2500.0,48.8,26.2,15.8,0.658,0.631,0.284,2.97,1.54,1.3,38900.0,23700.0,18900.0,802.0,648.0,358.0,4210.0,1570.0,0.528,16.8,17.1,16.6,0.0094
W208068,2190.0,2310.0,2390.0,50.4,23.7,10.7,2.83,1.56,0.378,3.23,1.1,1.45,74000.0,39500.0,23400.0,6350.0,2950.0,880.0,8450.0,2070.0,0.586,31.1,31.4,29.9,0.032
W208069,2200.0,2300.0,2370.0,43.4,26.8,13.1,5.01,1.16,0.405,2.37,1.12,2.55,31400.0,22000.0,14200.0,5540.0,1080.0,465.0,3050.0,1040.0,1.03,15.3,15.5,14.5,0.031
W208070,2000.0,2080.0,2180.0,20.0,10.9,54.3,3.73,0.448,0.135,0.601,0.585,3.75,17800.0,11000.0,72200.0,5060.0,513.0,190.0,951.0,665.0,1.52,18.8,19.0,16.7,0.028
W208071,2050.0,2160.0,2240.0,31.8,22.1,33.7,2.62,0.93,0.378,1.71,0.803,2.7,13700.0,10800.0,21800.0,1730.0,517.0,259.0,1310.0,444.0,1.1,9.1,9.24,8.5,0.024
W208072,2310.0,2420.0,2530.0,40.6,24.3,9.41,9.69,1.54,0.243,2.84,0.987,2.65,17800.0,12000.0,6170.0,6480.0,871.0,169.0,2210.0,553.0,1.08,9.2,9.37,8.5,0.065
W208073,2020.0,2100.0,2210.0,29.1,19.2,29.6,7.18,0.797,0.297,1.44,0.769,3.65,17200.0,12900.0,26200.0,6500.0,608.0,279.0,1520.0,583.0,1.48,12.5,12.7,11.7,0.035
W208074,1960.0,2070.0,2190.0,43.6,22.8,20.1,2.87,1.1,0.392,2.9,1.07,1.73,49500.0,29300.0,34100.0,4980.0,1600.0,704.0,5850.0,1550.0,0.701,23.9,24.3,22.8,0.02
W208075,2540.0,2620.0,2690.0,47.9,26.0,12.1,2.41,1.16,0.432,2.61,1.22,1.13,32700.0,20100.0,12300.0,2510.0,1020.0,467.0,3170.0,1070.0,0.456,14.4,14.6,14.0,0.016
W208076,2490.0,2590.0,2670.0,47.1,27.8,13.9,1.02,1.28,0.432,3.38,0.886,1.05,53100.0,35400.0,23400.0,1760.0,1860.0,772.0,6780.0,1280.0,0.427,23.7,24.1,22.2,0.015
W208095,2560.0,2640.0,2760.0,54.0,25.3,9.98,0.63,1.38,0.23,3.74,1.09,1.05,36100.0,19200.0,9980.0,644.0,1190.0,243.0,4450.0,930.0,0.426,14.1,14.3,13.3,0.015
W208096,2150.0,2290.0,2370.0,42.9,25.3,19.8,1.18,1.08,0.23,4.22,1.17,2.08,36900.0,24600.0,25500.0,1550.0,1200.0,314.0,6470.0,1290.0,0.841,18.2,18.4,17.3,0.0084
W208097,1920.0,2010.0,2100.0,32.2,16.9,43.8,0.854,0.515,0.162,1.33,0.886,1.15,16400.0,9760.0,33500.0,666.0,339.0,131.0,1210.0,579.0,0.465,10.8,10.9,10.9,0.0054
W208098,2640.0,2730.0,2800.0,54.5,27.8,10.6,0.658,0.764,0.203,1.72,2.34,0.875,101000.0,58100.0,29400.0,1860.0,1820.0,594.0,5660.0,5540.0,0.352,39.3,39.6,39.1,0.0093
W208099,2800.0,2800.0,2800.0,60.5,29.0,2.09,0.462,0.764,0.149,2.72,1.87,0.5,86800.0,47100.0,4480.0,1010.0,1410.0,338.0,6940.0,3440.0,0.203,30.3,30.7,29.6,0.0041
W208100,2660.0,2780.0,2800.0,52.7,28.2,5.68,1.76,1.44,0.891,3.27,1.32,1.7,25400.0,15400.0,4100.0,1300.0,897.0,681.0,2810.0,815.0,0.688,10.2,10.3,9.2,0.02
W208101,2240.0,2380.0,2520.0,52.4,21.4,9.4,2.63,1.83,1.05,2.49,1.15,3.5,11700.0,5400.0,3130.0,897.0,525.0,372.0,987.0,329.0,1.42,4.7,4.77,4.7,0.12
W208102,2590.0,2670.0,2770.0,55.4,26.3,8.09,0.504,1.64,0.243,4.06,1.34,1.0,67900.0,36500.0,14900.0,945.0,2600.0,472.0,8870.0,2100.0,0.405,25.9,26.2,24.4,0.014
W208196,2510.0,2620.0,2700.0,36.7,21.7,26.0,2.93,0.83,0.702,1.25,1.71,3.05,9730.0,6510.0,10300.0,1190.0,284.0,295.0,590.0,579.0,1.24,5.6,5.67,5.4,0.011
W208197,2800.0,2800.0,2800.0,52.7,37.2,3.79,0.378,0.299,0.284,0.757,2.09,0.5,49400.0,39500.0,5310.0,541.0,361.0,421.0,1260.0,2510.0,0.202,19.8,20.0,18.7,0.0042
W208198,2800.0,2800.0,2800.0,19.0,9.45,59.5,2.2,0.415,0.284,1.12,0.535,2.5,7930.0,4460.0,37100.0,1400.0,223.0,187.0,830.0,286.0,1.01,8.8,8.93,9.4,0.028
W208199,2540.0,2620.0,2690.0,29.1,19.6,39.5,2.66,0.481,0.27,0.938,0.669,2.88,8800.0,6730.0,17900.0,1230.0,188.0,130.0,505.0,259.0,1.18,6.3,6.48,6.1,0.036
W208200,2330.0,2440.0,2550.0,43.6,28.9,10.9,2.41,1.06,0.797,2.44,1.02,2.9,7430.0,5580.0,2770.0,627.0,233.0,215.0,740.0,222.0,1.17,3.6,3.64,3.1,0.013
W208201,2630.0,2740.0,2800.0,54.7,27.0,7.61,0.644,1.29,0.297,4.19,1.09,1.13,55800.0,31100.0,11600.0,1000.0,1700.0,481.0,7620.0,1420.0,0.455,21.6,21.8,21.6,0.036
W208202,1990.0,2080.0,2170.0,33.8,26.2,30.4,1.72,0.614,0.635,2.36,0.903,2.38,10100.0,8880.0,13600.0,788.0,237.0,301.0,1260.0,346.0,0.966,6.3,6.4,6.2,0.0076
W208203,2790.0,2800.0,2800.0,55.4,28.4,4.85,1.15,0.78,0.203,2.75,1.45,1.4,44700.0,25900.0,5860.0,1420.0,812.0,259.0,3960.0,1500.0,0.572,16.9,17.3,15.2,0.015
W208204,2790.0,2800.0,2800.0,48.3,30.9,6.29,2.48,0.963,0.27,2.91,1.02,2.33,19400.0,14000.0,3770.0,1520.0,497.0,171.0,2070.0,523.0,0.949,8.4,8.57,8.4,0.019
W208205,2700.0,2780.0,2800.0,59.3,26.0,6.13,0.798,0.498,0.189,1.83,3.11,0.95,75800.0,37700.0,11700.0,1560.0,821.0,383.0,4160.0,5090.0,0.384,27.1,27.4,26.4,0.01
W208208,2800.0,2800.0,2800.0,54.8,34.1,2.99,0.966,0.896,0.419,3.61,1.77,0.625,25600.0,18100.0,2090.0,690.0,540.0,310.0,3000.0,1060.0,0.253,9.9,10.0,10.1,0.014
W208209,2660.0,2740.0,2800.0,54.9,28.6,7.25,1.18,0.83,0.351,3.97,2.12,0.875,35800.0,21100.0,7080.0,1170.0,698.0,363.0,4610.0,1770.0,0.354,13.8,14.0,12.0,0.013
W208210,2400.0,2520.0,2610.0,50.2,29.1,9.08,1.81,1.1,0.648,3.8,1.39,2.13,17900.0,11700.0,4840.0,982.0,503.0,366.0,2410.0,632.0,0.863,7.5,7.62,5.9,0.0078
W208211,2800.0,2800.0,2800.0,52.1,30.9,7.15,2.24,0.664,0.27,2.1,1.57,1.38,22200.0,14900.0,4560.0,1460.0,365.0,183.0,1600.0,858.0,0.558,9.0,9.13,8.7,0.0095
W208212,2470.0,2560.0,2670.0,53.8,27.3,11.8,0.63,0.88,0.189,3.08,2.01,0.75,108000.0,62300.0,35500.0,1940.0,2280.0,603.0,11000.0,5170.0,0.303,42.6,43.1,41.0,0.018
W208213,2540.0,2630.0,2720.0,31.7,24.4,35.5,2.73,0.631,0.297,1.19,0.502,2.38,20800.0,18200.0,34900.0,2740.0,534.0,309.0,1390.0,422.0,0.961,13.9,14.1,13.2,0.061
W208214,2800.0,2800.0,2800.0,55.6,31.6,3.27,1.74,0.963,0.338,3.31,1.51,1.5,24800.0,16000.0,2190.0,1180.0,554.0,239.0,2630.0,860.0,0.61,9.4,9.56,9.3,0.0078
W208215,2800.0,2800.0,2800.0,54.5,30.1,5.73,0.49,1.41,0.338,5.84,1.17,0.625,88100.0,55000.0,13900.0,1210.0,2940.0,864.0,16800.0,2420.0,0.253,34.1,34.6,34.1,0.012
W208226,2510.0,2600.0,2700.0,49.6,28.9,9.87,1.58,1.48,0.149,3.06,1.14,1.63,25600.0,16900.0,7610.0,1250.0,982.0,121.0,2810.0,750.0,0.658,10.9,11.0,10.2,0.027
W208227,2100.0,2180.0,2270.0,25.8,15.6,44.4,2.86,0.963,0.054,2.5,0.535,4.03,12800.0,8760.0,33000.0,2170.0,616.0,42.5,2210.0,340.0,1.63,10.5,10.6,10.3,0.076
W208228,1930.0,2010.0,2120.0,34.1,19.4,25.7,7.17,1.08,0.27,2.14,0.669,3.28,9660.0,6210.0,10900.0,3100.0,394.0,121.0,1080.0,242.0,1.32,6.0,6.06,5.5,0.11
W208229,2170.0,2250.0,2340.0,43.3,23.4,15.3,5.31,0.979,0.189,2.19,1.2,2.98,35300.0,21600.0,18600.0,6610.0,1030.0,244.0,3170.0,1260.0,1.2,17.3,17.4,16.7,0.025
W208230,1900.0,2020.0,2100.0,27.9,21.4,40.2,2.54,0.664,0.203,0.95,0.92,2.8,12200.0,10600.0,26400.0,1700.0,375.0,141.0,741.0,516.0,1.13,9.3,9.38,8.8,0.029
W208231,2440.0,2530.0,2670.0,45.9,28.0,14.6,0.686,1.61,0.297,4.29,0.936,1.45,81000.0,55900.0,38400.0,1850.0,3660.0,830.0,13500.0,2110.0,0.585,37.4,37.7,33.3,0.015
W208232,2200.0,2280.0,2390.0,43.6,26.4,17.0,2.83,0.996,0.338,2.21,1.17,1.88,46000.0,31500.0,26900.0,4560.0,1350.0,565.0,4160.0,1580.0,0.756,22.4,22.6,18.9,0.018
W208235,2460.0,2570.0,2650.0,55.2,24.4,9.5,0.868,1.46,0.54,3.55,1.24,1.27,39800.0,19900.0,10200.0,956.0,1360.0,617.0,4550.0,1140.0,0.514,15.3,15.4,14.4,0.021
W208236,2060.0,2150.0,2230.0,13.9,10.7,28.1,13.0,2.49,1.76,0.385,0.418,16.9,2550.0,2220.0,7730.0,3640.0,589.0,511.0,126.0,98.2,6.82,3.9,3.93,3.7,0.042
W208237,2000.0,2110.0,2200.0,24.2,17.4,32.1,10.4,0.896,0.284,1.01,0.736,6.28,8810.0,7170.0,17500.0,5770.0,421.0,164.0,655.0,343.0,2.54,7.7,7.8,7.5,0.068
W208238,2040.0,2120.0,2210.0,23.1,12.6,47.0,5.11,0.697,0.108,1.44,0.602,3.68,14000.0,8610.0,42500.0,4720.0,544.0,104.0,1550.0,466.0,1.49,12.8,12.9,11.9,0.038
W208239,1960.0,2060.0,2150.0,26.5,13.9,42.5,5.55,0.913,0.243,1.95,0.468,2.88,20900.0,12400.0,50200.0,6690.0,930.0,304.0,2740.0,473.0,1.16,16.7,16.9,16.9,0.042
W208240,2260.0,2350.0,2450.0,51.1,22.0,9.62,4.52,1.2,0.392,2.7,1.07,1.85,38000.0,18500.0,10700.0,5140.0,1150.0,461.0,3580.0,1020.0,0.75,15.7,15.9,14.7,0.039
W208243,2560.0,2670.0,2740.0,52.6,26.5,8.49,1.46,1.83,0.351,3.47,1.19,1.3,31900.0,18200.0,7720.0,1350.0,1430.0,338.0,3760.0,923.0,0.528,12.8,13.0,13.0,0.031
W208244,2010.0,2100.0,2210.0,22.5,12.8,45.9,4.65,0.979,0.378,1.66,0.569,5.05,9360.0,6020.0,28500.0,2950.0,525.0,249.0,1230.0,303.0,2.04,8.8,8.9,8.3,0.041
W208245,2060.0,2150.0,2240.0,44.2,21.4,18.5,2.93,1.54,0.419,3.79,0.652,2.73,51800.0,28300.0,32400.0,5240.0,2330.0,777.0,7900.0,978.0,1.1,24.8,25.1,22.9,0.049
W208248,2170.0,2260.0,2360.0,44.3,25.6,15.9,2.62,1.21,0.432,4.15,0.97,2.05,46300.0,30200.0,24800.0,4180.0,1630.0,715.0,7710.0,1300.0,0.826,22.2,22.4,19.2,0.016
W208249,2110.0,2200.0,2290.0,41.9,22.1,20.0,2.73,1.43,0.486,3.19,0.97,2.78,26400.0,15800.0,18900.0,2630.0,1160.0,486.0,3580.0,783.0,1.12,13.4,13.5,10.8,0.02
W208250,2170.0,2250.0,2380.0,42.6,23.4,19.9,2.8,1.1,0.5,2.64,1.04,2.63,45400.0,28200.0,31800.0,4560.0,1500.0,843.0,5010.0,1410.0,1.06,22.6,22.8,21.4,0.016
W208251,2080.0,2200.0,2350.0,43.8,20.4,18.8,4.31,1.15,0.27,1.73,0.953,5.25,36000.0,19000.0,23100.0,5420.0,1210.0,352.0,2530.0,1000.0,2.15,17.2,17.6,16.2,0.014
W208252,2010.0,2100.0,2220.0,19.7,14.4,58.7,1.44,0.349,0.189,0.433,0.518,2.2,5840.0,4840.0,26100.0,655.0,133.0,89.0,229.0,197.0,0.902,6.2,6.36,5.8,0.033
W208253,2130.0,2260.0,2330.0,15.5,8.56,70.2,0.966,0.249,0.203,0.409,0.435,1.48,7990.0,4980.0,54000.0,759.0,165.0,165.0,374.0,286.0,0.601,10.8,11.0,11.6,0.013
W208254,1970.0,2080.0,2190.0,19.1,12.9,53.6,1.89,0.382,0.392,0.433,0.619,3.0,4760.0,3650.0,20000.0,721.0,123.0,155.0,192.0,198.0,1.23,5.2,5.34,5.2,0.036
W208255,2800.0,2800.0,2800.0,49.9,34.3,4.15,2.3,0.564,0.473,1.24,1.24,1.53,13500.0,10500.0,1680.0,949.0,197.0,203.0,596.0,428.0,0.619,5.7,5.79,5.1,0.0064
W208256,1960.0,2070.0,2160.0,14.4,7.56,70.8,1.33,0.216,0.176,0.276,0.301,1.65,5400.0,3210.0,39800.0,763.0,104.0,104.0,185.0,145.0,0.671,7.9,8.03,7.7,0.017
W208257,2010.0,2100.0,2190.0,40.0,19.4,31.5,1.62,0.581,0.378,1.06,1.15,2.13,14100.0,7770.0,16700.0,877.0,265.0,212.0,665.0,522.0,0.869,7.4,7.56,7.3,0.018
W208258,2030.0,2110.0,2200.0,27.3,17.9,46.9,1.29,0.448,0.338,0.986,0.936,1.9,10900.0,8100.0,28100.0,788.0,231.0,214.0,702.0,480.0,0.775,8.4,8.57,8.2,0.017
W208259,2640.0,2720.0,2790.0,45.9,28.3,13.8,1.79,0.73,0.27,1.62,1.74,1.7,24900.0,17400.0,11200.0,1480.0,510.0,232.0,1570.0,1210.0,0.692,11.4,11.6,13.3,0.023
W208260,2410.0,2500.0,2580.0,44.9,28.2,16.8,1.89,0.747,0.297,1.67,1.19,2.33,20900.0,14900.0,11700.0,1350.0,449.0,219.0,1390.0,708.0,0.946,9.8,9.97,10.6,0.017
W208261,1890.0,1970.0,2060.0,35.6,27.1,36.2,0.294,0.432,0.729,0.781,0.518,0.875,8840.0,7620.0,13400.0,112.0,138.0,287.0,345.0,165.0,0.358,5.2,5.31,6.0,0.025
W208264,2530.0,2610.0,2690.0,41.2,31.7,20.4,0.35,0.681,0.162,2.82,1.07,0.825,55600.0,48500.0,41200.0,723.0,1180.0,347.0,6790.0,1850.0,0.337,28.3,28.9,24.7,0.0048
W208265,2060.0,2140.0,2220.0,24.4,18.6,44.8,3.17,0.249,0.081,0.853,0.535,3.78,37200.0,32100.0,102000.0,7360.0,488.0,195.0,2310.0,1040.0,1.53,32.2,32.6,32.4,0.13
W208268,2000.0,2110.0,2220.0,32.8,24.1,34.7,1.67,0.581,0.297,1.27,1.12,1.95,11200.0,9340.0,17700.0,871.0,256.0,161.0,775.0,490.0,0.792,7.2,7.31,6.9,0.018
W208269,2060.0,2140.0,2230.0,28.4,22.4,37.8,1.74,0.548,0.419,1.11,0.87,2.1,7570.0,6760.0,15100.0,707.0,188.0,177.0,525.0,297.0,0.856,5.6,5.7,5.8,0.015
W208270,2040.0,2120.0,2210.0,45.8,24.0,19.8,2.34,0.681,0.149,1.19,1.2,1.65,15300.0,9080.0,9890.0,1190.0,293.0,78.6,707.0,515.0,0.674,7.0,7.15,6.9,0.042
W208271,2180.0,2340.0,2420.0,42.5,26.9,21.7,1.29,0.647,0.378,1.51,1.34,1.33,20000.0,14300.0,15200.0,926.0,392.0,282.0,1270.0,805.0,0.539,9.9,10.1,9.2,0.013
W208272,1920.0,2010.0,2090.0,29.5,18.9,32.1,4.02,1.13,0.419,1.05,1.07,4.7,5210.0,3780.0,8500.0,1090.0,257.0,117.0,329.0,242.0,1.92,3.7,3.78,3.5,0.031
W208276,1880.0,2000.0,2080.0,32.9,16.4,43.5,0.504,0.681,0.162,1.89,0.936,1.45,28200.0,15900.0,55800.0,661.0,753.0,220.0,2880.0,1030.0,0.592,18.0,18.4,16.8,0.026
W208277,1930.0,2070.0,2150.0,30.1,18.1,43.7,1.33,0.548,0.297,1.12,0.903,1.98,13800.0,9440.0,30100.0,935.0,325.0,217.0,915.0,532.0,0.81,9.6,9.84,8.9,0.032
W208278,2140.0,2300.0,2410.0,43.3,24.9,23.5,0.672,0.764,0.27,2.01,1.45,1.2,27800.0,18000.0,22500.0,659.0,631.0,274.0,2290.0,1190.0,0.488,13.5,13.7,12.0,0.012
W208398,2170.0,2260.0,2370.0,41.9,26.6,9.24,7.61,1.01,0.486,1.9,1.37,3.25,24600.0,17700.0,8110.0,6820.0,766.0,452.0,1980.0,1030.0,1.32,12.4,12.6,11.4,0.031
W208399,2560.0,2640.0,2730.0,44.3,31.7,11.9,2.97,1.05,0.527,2.13,1.62,2.63,25600.0,20700.0,10300.0,2620.0,778.0,482.0,2190.0,1200.0,1.06,12.2,12.4,11.5,0.017
W208400,1930.0,2010.0,2100.0,34.7,16.0,25.6,8.25,1.26,0.419,2.91,0.569,5.5,30300.0,15800.0,33500.0,11000.0,1420.0,579.0,4520.0,635.0,2.22,18.5,18.7,16.9,0.068
W208401,2580.0,2690.0,2790.0,55.7,28.1,7.44,0.924,1.43,0.473,4.06,1.37,1.13,55900.0,31900.0,11200.0,1420.0,1850.0,752.0,7260.0,1760.0,0.454,21.3,21.5,19.6,0.016
W208402,1970.0,2060.0,2140.0,25.6,19.1,41.1,3.91,0.83,0.405,1.09,0.886,3.25,12700.0,10700.0,30500.0,2960.0,531.0,319.0,966.0,563.0,1.31,10.5,10.6,10.2,0.034
W208403,2130.0,2220.0,2300.0,29.7,21.6,25.6,9.34,0.797,0.324,1.78,0.886,3.75,20100.0,16500.0,25900.0,9640.0,693.0,347.0,2140.0,766.0,1.52,14.3,14.4,13.7,0.043
W208404,2200.0,2260.0,2330.0,38.7,27.1,17.4,6.2,0.863,0.567,1.65,1.14,3.38,19900.0,15800.0,13400.0,4880.0,573.0,462.0,1510.0,749.0,1.36,10.9,11.0,10.9,0.03
W208405,2070.0,2150.0,2230.0,19.0,14.8,43.3,8.85,0.847,0.459,0.95,0.669,5.25,6900.0,6090.0,23600.0,4920.0,397.0,265.0,615.0,311.0,2.12,7.7,7.79,7.5,0.042
W208406,2210.0,2380.0,2470.0,49.9,26.2,14.7,1.23,1.31,0.446,3.04,1.37,1.25,43500.0,25800.0,19100.0,1640.0,1470.0,615.0,4720.0,1530.0,0.504,18.5,18.7,17.4,0.021
W208407,2460.0,2570.0,2690.0,55.6,26.2,8.35,2.2,1.29,0.608,3.27,1.29,1.25,45900.0,24500.0,10300.0,2780.0,1380.0,796.0,4810.0,1360.0,0.505,17.5,17.7,17.5,0.024
W208408,2340.0,2440.0,2520.0,52.6,25.4,13.4,1.33,1.29,0.594,2.91,1.3,1.5,107000.0,58400.0,40800.0,4130.0,3390.0,1910.0,10500.0,3390.0,0.606,43.0,43.4,14.5,0.017
W208409,1980.0,2070.0,2170.0,41.4,19.5,25.7,4.58,1.11,0.513,2.14,0.903,2.5,10800.0,5720.0,9970.0,1820.0,372.0,211.0,989.0,300.0,1.01,5.5,5.56,20.6,0.023
W208410,2420.0,2510.0,2600.0,58.1,24.8,7.87,1.43,1.54,0.662,3.14,1.27,0.75,80800.0,39100.0,16400.0,3040.0,2770.0,1460.0,7770.0,2260.0,0.304,29.4,29.8,15.9,0.024
W208411,1920.0,2010.0,2090.0,38.9,20.8,32.2,1.32,1.23,0.527,2.42,0.953,1.5,3850.0,2330.0,4780.0,199.0,157.0,82.7,426.0,121.0,0.606,2.1,2.12,15.7,0.016
W208412,2010.0,2100.0,2190.0,27.6,17.1,43.6,1.82,0.747,0.216,2.06,0.719,2.48,11000.0,7710.0,26000.0,1110.0,383.0,136.0,1460.0,366.0,1.0,8.4,8.51,8.3,0.03
W208413,2000.0,2100.0,2180.0,24.0,12.3,20.2,18.7,0.598,0.311,1.27,0.518,4.53,13300.0,7710.0,16700.0,15800.0,425.0,272.0,1250.0,366.0,1.83,11.7,11.8,11.3,0.089
W208414,2630.0,2740.0,2800.0,49.9,29.1,8.81,1.55,0.83,0.405,3.67,1.37,1.25,51600.0,34000.0,13600.0,2460.0,1110.0,664.0,6750.0,1810.0,0.505,21.9,22.1,21.7,0.014
W208415,2440.0,2520.0,2600.0,48.9,27.3,5.71,5.17,1.06,0.473,3.17,1.09,1.73,30700.0,19400.0,5360.0,4960.0,860.0,470.0,3550.0,873.0,0.697,13.3,13.4,11.9,0.032
W208416,1930.0,2050.0,2160.0,19.8,14.8,50.9,4.58,0.448,0.243,0.962,0.635,2.75,8500.0,7180.0,32700.0,3010.0,248.0,165.0,735.0,349.0,1.11,9.1,9.19,8.6,0.036
W208417,1970.0,2080.0,2170.0,20.3,15.3,43.5,7.69,0.382,0.23,0.709,0.468,3.48,13500.0,11500.0,43300.0,7810.0,327.0,242.0,839.0,398.0,1.4,14.1,14.2,13.6,0.029
W208418,2000.0,2100.0,2170.0,40.6,21.5,20.1,3.32,0.78,0.311,2.63,1.1,2.1,36000.0,21500.0,26700.0,4490.0,891.0,436.0,4150.0,1250.0,0.847,18.8,19.0,17.6,0.025
W208419,1970.0,2060.0,2150.0,40.6,20.8,26.2,2.03,0.764,0.5,2.56,1.07,1.23,34000.0,19700.0,32900.0,2600.0,826.0,665.0,3830.0,1150.0,0.494,17.8,18.0,17.1,0.019
W208420,2570.0,2640.0,2710.0,49.7,28.6,5.39,4.85,0.73,0.432,2.5,1.22,1.75,42400.0,27700.0,6890.0,6330.0,805.0,585.0,3800.0,1330.0,0.707,18.1,18.3,17.4,0.028
W208421,2800.0,2800.0,2800.0,55.9,31.6,5.49,0.518,1.24,0.77,4.47,1.09,0.975,74100.0,47400.0,10900.0,1050.0,2130.0,1620.0,10600.0,1850.0,0.394,28.1,28.4,25.8,0.013
W208422,2210.0,2300.0,2410.0,11.7,9.51,49.0,8.43,1.06,0.27,0.325,0.635,10.4,2430.0,2230.0,15200.0,2670.0,284.0,88.8,120.0,169.0,4.2,4.4,4.44,3.9,0.328
W208428,2800.0,2800.0,2800.0,60.5,27.8,5.12,0.714,0.631,0.27,2.02,2.09,0.775,55600.0,29000.0,7040.0,1000.0,748.0,394.0,3310.0,2460.0,0.313,19.5,19.7,19.2,0.015
W208429,2440.0,2520.0,2630.0,50.1,26.2,13.2,1.01,0.448,0.27,2.88,1.35,1.43,23700.0,14000.0,9360.0,729.0,273.0,202.0,2430.0,820.0,0.577,10.0,10.1,10.3,0.008
W208430,2790.0,2800.0,2800.0,53.9,28.6,5.69,2.07,0.647,0.5,2.7,1.59,1.63,19100.0,11500.0,3020.0,1120.0,296.0,281.0,1710.0,720.0,0.657,7.5,7.58,7.7,0.031
W208432,2800.0,2800.0,2800.0,55.3,28.0,7.25,0.868,0.548,0.351,3.4,1.56,1.27,40000.0,22900.0,7840.0,959.0,511.0,402.0,4380.0,1440.0,0.516,15.3,15.5,15.5,0.0084
W208433,1990.0,2080.0,2160.0,27.7,16.0,41.8,1.65,0.78,0.324,2.54,0.635,3.13,4850.0,3160.0,10900.0,441.0,176.0,89.8,789.0,142.0,1.26,3.7,3.74,8.9,0.018
W208434,2800.0,2800.0,2800.0,51.9,37.1,3.19,0.322,0.764,0.297,1.91,1.4,0.575,47000.0,38000.0,4320.0,445.0,891.0,426.0,3080.0,1630.0,0.234,19.0,19.4,14.5,0.0036
W208435,1900.0,2010.0,2080.0,20.9,13.8,55.7,1.62,0.548,0.189,1.15,0.435,2.23,4980.0,3710.0,19800.0,591.0,168.0,71.3,489.0,132.0,0.907,5.0,5.09,10.5,0.284
W208436,1930.0,2020.0,2090.0,25.0,15.7,51.2,1.19,0.415,0.162,1.08,0.585,1.0,15700.0,11200.0,48200.0,1140.0,337.0,162.0,1210.0,471.0,0.408,13.2,13.5,8.0,0.016
W209498,2800.0,2800.0,2800.0,51.3,29.6,4.18,2.02,0.896,0.54,2.63,1.64,1.43,51200.0,33500.0,6250.0,3080.0,1150.0,855.0,4680.0,2090.0,0.575,21.2,21.4,20.3,0.011
W209500,2410.0,2540.0,2650.0,55.1,25.6,7.88,0.35,2.99,0.216,4.52,0.886,1.0,102000.0,53500.0,21800.0,989.0,7120.0,633.0,14900.0,2100.0,0.406,39.0,39.6,40.2,0.039
W209501,2070.0,2190.0,2320.0,42.3,23.4,25.0,0.98,0.963,0.189,2.37,0.953,1.63,24700.0,15400.0,21900.0,874.0,724.0,175.0,2460.0,712.0,0.66,12.3,12.5,12.0,0.01
W209502,1880.0,1990.0,2100.0,43.9,24.0,20.8,1.02,0.946,0.243,3.0,1.07,1.83,20200.0,12500.0,14300.0,718.0,561.0,177.0,2460.0,630.0,0.74,9.7,9.84,9.7,0.023
W209503,2800.0,2800.0,2800.0,56.8,35.1,1.2,1.15,0.465,0.108,0.589,2.29,0.525,41500.0,29000.0,1310.0,1280.0,437.0,125.0,765.0,2140.0,0.214,15.3,15.6,15.0,0.014
W209504,1920.0,1990.0,2100.0,17.8,10.9,57.0,3.63,0.714,0.23,1.02,0.435,3.3,4740.0,3290.0,22600.0,1470.0,244.0,96.7,483.0,148.0,1.34,5.6,5.69,5.6,0.014
W209505,1930.0,2030.0,2120.0,26.5,20.9,37.7,3.7,0.73,0.189,0.925,0.502,4.22,7030.0,6280.0,15000.0,1500.0,250.0,79.6,438.0,171.0,1.72,5.6,5.69,5.8,0.018
W209506,1940.0,2050.0,2130.0,41.8,26.8,21.6,1.01,0.647,0.176,1.77,1.54,0.975,24700.0,17900.0,19100.0,911.0,493.0,164.0,1860.0,1160.0,0.395,12.5,12.7,12.7,0.022
W209507,2560.0,2640.0,2740.0,40.1,31.1,20.3,1.34,0.714,0.54,1.49,1.02,1.45,9150.0,8020.0,6950.0,469.0,210.0,195.0,606.0,298.0,0.59,4.8,4.88,5.0,0.008
W209508,2090.0,2200.0,2280.0,44.3,24.1,20.7,1.04,0.963,0.324,3.0,1.09,1.45,20200.0,12400.0,14100.0,721.0,565.0,234.0,2430.0,633.0,0.595,9.5,9.74,9.2,0.011
W209509,2580.0,2670.0,2750.0,41.4,31.6,16.4,3.07,0.481,0.446,0.697,0.92,2.4,13600.0,11800.0,8110.0,1540.0,204.0,233.0,409.0,388.0,0.981,6.9,7.05,7.2,0.028
W209510,2570.0,2650.0,2740.0,25.9,16.3,49.2,1.65,0.398,0.338,0.901,0.535,2.0,12100.0,8620.0,34500.0,1180.0,241.0,251.0,752.0,321.0,0.818,9.8,10.0,9.8,0.047
W209512,1910.0,2000.0,2080.0,32.4,19.5,37.4,1.54,0.598,0.257,1.48,0.92,1.85,15100.0,10300.0,26100.0,1100.0,359.0,190.0,1230.0,549.0,0.754,9.8,9.98,8.6,0.026
W209513,1980.0,2090.0,2170.0,34.7,20.8,37.2,1.34,0.581,0.216,1.41,0.753,1.68,16700.0,11300.0,26800.0,988.0,360.0,165.0,1200.0,463.0,0.683,10.1,10.3,11.4,0.023
W209516,2480.0,2570.0,2660.0,41.4,30.3,16.3,2.37,0.73,0.338,1.68,1.44,2.3,10500.0,8680.0,6200.0,916.0,239.0,136.0,759.0,466.0,0.941,5.3,5.42,5.3,0.023
W209517,1970.0,2140.0,2270.0,36.1,24.4,27.8,2.7,0.747,0.284,1.48,1.02,3.43,14300.0,11000.0,16500.0,1640.0,382.0,178.0,1040.0,518.0,1.4,8.3,8.49,7.3,0.02
W209518,1970.0,2040.0,2100.0,31.4,17.1,45.3,0.546,0.581,0.162,1.73,0.786,1.18,22200.0,13700.0,48000.0,591.0,530.0,182.0,2180.0,712.0,0.481,14.8,15.2,12.7,0.014
W209519,2550.0,2620.0,2700.0,44.6,31.9,9.87,3.91,0.681,0.378,1.06,1.37,3.83,16100.0,13000.0,5340.0,2160.0,317.0,217.0,681.0,635.0,1.56,7.6,7.74,7.7,0.015
W209520,2590.0,2680.0,2760.0,48.5,30.5,11.5,0.98,0.979,0.23,2.66,1.81,1.48,22200.0,15700.0,7860.0,684.0,576.0,166.0,2160.0,1050.0,0.6,9.6,9.77,10.4,0.016
W209521,2640.0,2710.0,2780.0,62.1,24.6,4.43,0.602,1.39,0.216,3.43,1.24,0.55,34200.0,15300.0,3660.0,507.0,991.0,189.0,3360.0,873.0,0.224,11.6,11.8,11.6,0.013
W209522,1940.0,2010.0,2090.0,28.5,12.1,45.2,3.64,0.647,0.149,1.71,0.585,3.0,24300.0,11700.0,57700.0,4740.0,711.0,201.0,2590.0,638.0,1.22,18.0,18.2,16.3,0.043
W209525,2140.0,2270.0,2390.0,45.8,23.8,19.1,0.756,0.93,0.216,2.58,1.04,1.15,23000.0,13500.0,14300.0,579.0,600.0,171.0,2300.0,664.0,0.47,10.5,10.7,9.8,0.027
W209526,2420.0,2530.0,2610.0,38.3,27.0,23.8,1.33,0.747,0.257,2.01,1.3,1.73,13900.0,11100.0,12900.0,738.0,349.0,148.0,1300.0,606.0,0.705,7.6,7.77,7.5,0.019
W209527,2320.0,2430.0,2520.0,39.8,22.6,25.9,4.19,0.515,0.284,1.38,1.27,2.4,18400.0,11800.0,17900.0,2960.0,307.0,208.0,1140.0,752.0,0.979,9.7,9.89,11.1,0.042
W209528,2410.0,2520.0,2630.0,40.2,25.8,24.5,2.18,0.847,0.257,2.09,1.17,1.83,18000.0,13100.0,16400.0,1490.0,488.0,182.0,1670.0,670.0,0.744,9.4,9.57,9.2,0.028
W209529,1960.0,2020.0,2070.0,16.7,10.4,63.2,1.37,0.266,0.203,0.325,0.385,2.2,5890.0,4160.0,33300.0,739.0,121.0,113.0,204.0,174.0,0.897,7.4,7.54,7.1,0.014
W209530,2510.0,2590.0,2680.0,47.7,28.6,13.5,0.826,0.963,0.23,2.93,1.64,1.25,23900.0,16200.0,10200.0,633.0,622.0,182.0,2620.0,1050.0,0.511,10.5,10.7,10.5,0.022
W209531,2220.0,2310.0,2400.0,48.5,24.0,20.4,0.63,0.548,0.162,2.19,1.54,0.85,41700.0,23400.0,26300.0,829.0,608.0,221.0,3350.0,1690.0,0.346,18.1,18.4,17.5,0.018
W209532,2510.0,2600.0,2720.0,56.8,23.3,11.2,1.25,0.481,0.203,0.986,1.66,1.23,61900.0,28800.0,18200.0,2080.0,676.0,350.0,1910.0,2310.0,0.499,22.9,23.3,9.4,0.019
W209533,2500.0,2570.0,2650.0,44.8,26.8,16.3,1.71,0.78,0.365,1.92,1.59,1.95,16700.0,11300.0,9120.0,976.0,376.0,216.0,1280.0,760.0,0.8,7.8,8.0,7.6,0.028
W209612,2030.0,2150.0,2290.0,43.7,23.8,27.5,0.434,0.531,0.189,1.66,1.17,0.775,27900.0,17200.0,26300.0,424.0,437.0,191.0,1890.0,957.0,0.314,13.5,13.7,13.2,0.014
W209613,1950.0,2110.0,2240.0,32.1,18.3,39.2,2.2,0.548,0.27,1.69,0.819,2.17,10700.0,6910.0,19600.0,1120.0,236.0,143.0,1010.0,351.0,0.877,7.1,7.16,7.0,0.01
W209615,2000.0,2080.0,2150.0,27.7,15.9,47.5,1.74,0.448,0.132,1.53,0.753,1.75,10300.0,6690.0,26400.0,986.0,215.0,77.9,1010.0,358.0,0.704,7.9,7.95,8.1,0.015
W209616,2630.0,2750.0,2800.0,56.2,26.7,9.08,1.58,0.498,0.446,1.29,0.268,1.73,20100.0,10800.0,4860.0,864.0,229.0,252.0,818.0,122.0,0.694,7.6,7.65,7.1,0.0073
W209617,2010.0,2080.0,2210.0,39.8,26.1,26.9,1.37,0.498,1.07,1.83,1.25,1.43,17900.0,13300.0,18200.0,947.0,290.0,763.0,1470.0,724.0,0.573,9.6,9.66,9.8,0.0034
W209618,2800.0,2800.0,2800.0,52.5,37.5,2.89,0.644,0.581,0.0851,1.97,1.19,0.725,43700.0,35300.0,3600.0,819.0,623.0,112.0,2920.0,1260.0,0.292,17.7,17.8,15.9,0.0037
W209619,2800.0,2800.0,2800.0,47.9,35.8,8.99,1.55,0.481,0.0716,0.889,0.903,1.5,14400.0,12200.0,4050.0,715.0,187.0,34.2,477.0,348.0,0.604,6.4,6.45,6.1,0.0098
W209620,2020.0,2120.0,2240.0,31.5,20.9,40.5,0.924,0.581,0.135,1.92,0.97,1.45,19000.0,14200.0,36500.0,850.0,451.0,129.0,2060.0,747.0,0.584,12.8,12.9,12.4,0.013
W209621,1970.0,2050.0,2140.0,16.9,9.15,64.7,0.882,0.232,0.0635,0.493,0.351,2.28,12700.0,7740.0,72400.0,1010.0,224.0,75.2,656.0,336.0,0.916,15.9,16.0,15.9,1.2
W209622,2740.0,2800.0,2800.0,52.3,30.3,7.52,0.126,1.23,0.23,4.3,0.936,0.625,97200.0,63600.0,20900.0,357.0,2940.0,675.0,14200.0,2220.0,0.252,39.4,39.7,37.2,0.012
W209623,2260.0,2400.0,2490.0,44.3,31.6,15.3,0.238,0.913,0.27,4.54,1.07,0.775,65800.0,53100.0,34100.0,540.0,1750.0,636.0,12000.0,2030.0,0.312,31.6,31.8,29.7,0.01
W209624,2800.0,2800.0,2800.0,49.5,34.8,10.7,0.462,0.465,0.176,2.1,1.34,0.775,30900.0,24600.0,9970.0,441.0,374.0,174.0,2340.0,1070.0,0.314,13.2,13.4,12.9,0.0043
W209625,2100.0,2190.0,2280.0,38.4,29.2,26.9,1.22,0.448,0.257,1.45,1.1,1.4,21600.0,18600.0,22700.0,1050.0,325.0,229.0,1460.0,795.0,0.567,11.9,12.0,9.4,0.019
W209626,2510.0,2640.0,2740.0,58.9,24.1,9.94,0.462,0.73,0.126,2.42,1.42,0.775,57200.0,26500.0,14500.0,687.0,916.0,194.0,4180.0,1770.0,0.313,20.6,20.8,19.8,0.0083
W209627,2620.0,2760.0,2800.0,47.5,31.0,11.3,1.43,0.88,0.216,2.74,0.987,2.03,15500.0,11500.0,5520.0,712.0,370.0,112.0,1590.0,412.0,0.844,6.7,6.98,5.9,0.011
W209628,2340.0,2510.0,2640.0,40.9,27.2,25.0,0.518,0.631,0.176,1.67,1.42,1.08,26300.0,19800.0,24000.0,509.0,523.0,179.0,1910.0,1170.0,0.435,13.6,13.8,12.5,0.095
W209629,2650.0,2760.0,2800.0,44.8,34.9,12.1,1.22,0.714,0.243,2.2,1.07,1.55,14200.0,12500.0,5750.0,590.0,292.0,122.0,1240.0,434.0,0.628,6.7,6.78,6.3,0.0094
W209630,2420.0,2530.0,2650.0,40.1,27.5,21.5,1.51,0.598,0.126,2.39,1.19,1.73,13700.0,10700.0,11000.0,791.0,264.0,68.1,1460.0,520.0,0.702,7.2,7.33,6.6,0.0045
W209633,2800.0,2800.0,2800.0,59.6,29.8,1.77,0.994,0.797,0.338,2.8,1.47,0.575,35400.0,20000.0,1570.0,901.0,609.0,317.0,2960.0,1120.0,0.234,12.5,12.7,11.9,0.0049
W209636,1990.0,2070.0,2180.0,46.0,22.8,23.8,0.392,0.88,0.27,2.75,1.1,1.05,39000.0,21900.0,30200.0,508.0,962.0,363.0,4160.0,1200.0,0.426,17.9,18.2,17.0,0.015
W209637,1980.0,2130.0,2240.0,42.4,23.6,25.5,1.25,0.714,0.176,2.73,1.17,1.27,20000.0,12600.0,18000.0,896.0,433.0,131.0,2290.0,705.0,0.514,10.0,10.1,10.3,0.011
W209638,2800.0,2800.0,2800.0,51.7,36.3,3.72,1.19,0.415,0.257,1.86,1.37,0.975,20200.0,16000.0,2170.0,711.0,209.0,159.0,1300.0,685.0,0.393,8.3,8.36,8.3,0.029
W209639,2720.0,2800.0,2800.0,56.9,25.7,8.44,0.49,0.548,0.149,2.16,2.44,0.625,51500.0,26400.0,11400.0,679.0,640.0,213.0,3490.0,2830.0,0.251,19.3,19.4,15.8,0.0036
W209640,2800.0,2800.0,2800.0,61.1,27.5,3.29,1.15,0.581,0.216,1.57,1.77,1.33,27900.0,14200.0,2240.0,800.0,342.0,156.0,1280.0,1030.0,0.533,9.7,9.76,10.8,0.0073
W209641,2350.0,2470.0,2580.0,45.5,29.6,16.8,1.06,0.498,0.216,1.71,2.01,1.25,23400.0,17200.0,12900.0,835.0,330.0,176.0,1560.0,1320.0,0.504,10.9,11.0,10.4,0.0078
W209643,2800.0,2800.0,2800.0,43.6,34.3,12.7,0.896,0.88,0.365,3.15,1.15,1.3,22400.0,20000.0,9780.0,705.0,584.0,297.0,2880.0,760.0,0.525,10.9,11.0,10.2,0.014
W209644,2370.0,2490.0,2580.0,50.6,24.4,19.0,0.49,0.465,0.162,2.08,1.62,0.725,41500.0,22700.0,23400.0,615.0,492.0,211.0,3040.0,1700.0,0.293,17.4,17.6,17.1,0.0058
W209645,2200.0,2340.0,2520.0,45.2,25.2,21.8,1.44,0.349,0.101,0.95,1.67,1.58,18800.0,11800.0,13600.0,915.0,186.0,66.6,702.0,888.0,0.636,8.8,8.88,8.2,0.0053
W209646,2800.0,2800.0,2800.0,51.9,34.6,4.8,1.33,0.797,0.23,2.5,1.42,1.35,21100.0,15900.0,2920.0,826.0,417.0,148.0,1810.0,739.0,0.546,8.6,8.7,8.6,0.012
W209647,2420.0,2540.0,2630.0,54.1,27.3,8.57,1.48,0.664,0.134,2.01,1.91,1.25,25300.0,14400.0,5990.0,1060.0,400.0,99.0,1670.0,1140.0,0.505,9.9,10.0,9.3,0.01
W209648,2420.0,2550.0,2670.0,45.1,28.4,16.3,1.57,0.73,0.243,2.94,1.35,1.83,21000.0,15000.0,11400.0,1120.0,438.0,179.0,2440.0,807.0,0.734,9.9,9.96,8.6,0.0081
W209649,2000.0,2090.0,2210.0,29.6,18.5,45.4,0.812,0.398,0.176,1.62,0.987,1.0,19700.0,13900.0,45200.0,824.0,341.0,185.0,1920.0,839.0,0.403,14.1,14.2,12.2,0.0045
W209650,2100.0,2170.0,2320.0,35.8,24.4,32.3,0.812,0.598,0.338,2.09,1.27,1.05,26600.0,20600.0,36000.0,924.0,573.0,398.0,2770.0,1210.0,0.423,15.8,15.9,13.3,0.0053
W209651,2110.0,2240.0,2410.0,37.3,26.9,27.3,2.17,0.614,0.135,1.25,0.853,1.95,10500.0,8600.0,11500.0,936.0,223.0,60.4,628.0,308.0,0.785,6.0,6.04,5.7,0.0097
W209652,1960.0,2040.0,2170.0,33.4,18.7,41.9,0.518,0.465,0.0851,1.61,0.886,0.825,22600.0,14300.0,42400.0,536.0,406.0,91.3,1940.0,768.0,0.332,14.4,14.5,13.6,0.006
W209662,2800.0,2800.0,2800.0,53.0,32.0,6.05,0.966,0.813,0.23,2.99,1.27,0.85,18700.0,12800.0,3200.0,522.0,371.0,129.0,1880.0,575.0,0.347,7.4,7.56,6.1,0.014
W209663,2800.0,2800.0,2800.0,57.9,31.1,2.2,0.63,0.747,0.203,2.75,1.59,0.6,33100.0,20100.0,1880.0,550.0,550.0,183.0,2800.0,1160.0,0.244,12.0,12.2,11.2,0.0043
W209666,2800.0,2800.0,2800.0,53.9,33.2,4.1,0.686,0.631,0.203,3.22,1.49,1.0,34900.0,24300.0,3980.0,679.0,526.0,208.0,3710.0,1230.0,0.407,13.6,13.9,13.2,0.013
W209667,2800.0,2800.0,2800.0,55.4,35.9,2.75,0.588,0.432,0.419,0.925,1.72,0.8,30900.0,22700.0,2300.0,502.0,311.0,371.0,921.0,1230.0,0.324,11.8,12.0,9.5,0.011
W209668,2800.0,2800.0,2800.0,47.9,33.0,5.96,1.5,0.88,0.648,2.19,1.57,2.35,13000.0,10100.0,2410.0,619.0,306.0,278.0,1050.0,543.0,0.953,5.7,5.78,5.8,0.011
W209671,2640.0,2740.0,2800.0,56.8,28.2,6.39,1.3,0.747,0.189,1.97,1.59,0.875,27500.0,15400.0,4620.0,962.0,466.0,145.0,1700.0,983.0,0.355,10.2,10.3,9.5,0.0046
W209672,2670.0,2790.0,2800.0,56.1,28.1,6.71,0.938,1.18,0.189,3.5,1.34,0.975,34900.0,19800.0,6240.0,891.0,944.0,186.0,3870.0,1060.0,0.396,13.1,13.3,12.8,0.014
W209673,2800.0,2800.0,2800.0,56.2,31.2,3.6,0.728,0.979,0.216,3.14,1.45,1.05,38800.0,24400.0,3730.0,769.0,873.0,237.0,3860.0,1290.0,0.426,14.6,14.8,14.3,0.0045
W209674,2800.0,2800.0,2800.0,57.0,29.8,4.0,0.56,1.15,0.216,3.45,1.4,0.975,47600.0,28200.0,5000.0,714.0,1230.0,286.0,5120.0,1500.0,0.396,17.6,17.9,15.1,0.012
W209675,2480.0,2610.0,2700.0,49.7,28.0,4.42,3.38,1.26,0.594,2.43,1.32,4.0,9280.0,5920.0,1230.0,963.0,304.0,176.0,807.0,316.0,1.64,3.9,3.99,3.9,0.026
W209676,2910.0,2910.0,2910.0,56.2,29.4,3.79,1.61,0.963,0.486,3.08,1.49,1.1,28500.0,16900.0,2870.0,1250.0,628.0,390.0,2770.0,964.0,0.458,10.4,10.8,10.5,0.0084
W209677,2800.0,2800.0,2800.0,55.0,32.1,3.1,0.504,0.365,0.189,1.33,1.39,0.7,69200.0,45700.0,5840.0,969.0,592.0,377.0,2990.0,2230.0,0.282,26.7,26.9,25.8,0.003
W209678,2800.0,2800.0,2800.0,52.8,30.6,7.09,0.616,0.946,0.176,2.86,1.32,0.85,44400.0,29100.0,8920.0,791.0,1020.0,234.0,4280.0,1420.0,0.343,17.8,18.0,16.4,0.0059
W209679,2340.0,2420.0,2540.0,41.9,27.1,23.2,0.882,0.465,0.176,1.33,1.44,1.1,34500.0,25200.0,28500.0,1110.0,492.0,229.0,1950.0,1510.0,0.444,17.4,17.6,16.3,0.0041
W209680,2800.0,2800.0,2800.0,53.1,32.8,4.02,0.21,0.88,0.149,4.34,1.09,0.7,83300.0,58200.0,9430.0,504.0,1780.0,369.0,12100.0,2180.0,0.282,33.3,33.6,31.3,0.0046
W209681,2490.0,2600.0,2680.0,49.6,26.6,15.6,1.16,0.498,0.176,1.24,1.42,1.3,30400.0,18500.0,14400.0,1090.0,394.0,171.0,1350.0,1120.0,0.525,13.0,13.1,12.3,0.0045
W209682,2800.0,2800.0,2800.0,56.4,26.4,4.83,0.168,0.365,0.13,1.65,1.47,0.5,94800.0,50200.0,12200.0,432.0,792.0,346.0,4930.0,3170.0,0.202,35.7,36.0,34.2,0.0025
W209683,2360.0,2510.0,2630.0,40.1,27.5,15.3,3.07,0.83,0.392,2.68,1.15,3.6,4140.0,3220.0,2370.0,485.0,111.0,64.2,494.0,153.0,1.45,2.2,2.21,2.2,0.013
W209685,2800.0,2800.0,2800.0,62.2,27.2,3.65,0.21,0.531,0.176,2.16,1.67,0.45,81400.0,40200.0,7140.0,420.0,896.0,364.0,5040.0,2800.0,0.181,27.8,28.0,29.4,0.0021
W209686,2800.0,2800.0,2800.0,47.0,36.3,2.87,2.13,0.581,0.0905,1.25,2.09,2.53,28200.0,24600.0,2580.0,1950.0,450.0,86.1,1340.0,1610.0,1.06,12.2,12.8,10.7,0.012
W209847,2020.0,2180.0,2400.0,34.2,25.9,30.6,2.41,1.06,0.216,1.96,1.09,2.75,21100.0,18100.0,28300.0,2270.0,845.0,211.0,2150.0,858.0,1.12,13.0,13.2,15.4,0.032
W209848,2020.0,2180.0,2420.0,37.6,26.7,25.4,2.86,1.06,0.405,1.67,1.02,3.25,17600.0,14200.0,17800.0,2050.0,643.0,301.0,1400.0,613.0,1.32,9.9,10.0,8.7,0.03
W209849,2150.0,2190.0,2230.0,22.6,15.0,29.1,13.9,0.614,0.189,1.48,0.619,6.25,10600.0,7970.0,20300.0,9970.0,370.0,140.0,1230.0,370.0,2.55,9.8,10.0,14.1,0.066
W209851,2350.0,2470.0,2550.0,45.5,29.2,7.01,3.88,1.83,0.446,4.09,1.09,3.65,8390.0,6110.0,1930.0,1090.0,434.0,130.0,1340.0,257.0,1.48,3.9,3.95,3.3,0.073
W209852,2490.0,2600.0,2740.0,51.5,26.6,9.01,1.47,1.46,0.419,3.69,1.37,1.7,17300.0,10100.0,4530.0,755.0,632.0,223.0,2210.0,589.0,0.688,7.1,7.19,5.9,0.033
W209854,2150.0,2340.0,2460.0,40.1,24.0,22.7,2.77,0.631,0.216,1.98,1.05,3.23,15400.0,10400.0,13000.0,1630.0,312.0,131.0,1360.0,518.0,1.31,8.1,8.22,7.5,0.018
W209855,2580.0,2720.0,2790.0,39.6,26.2,28.1,1.39,0.515,0.135,1.29,1.62,1.18,15400.0,11600.0,16400.0,824.0,258.0,83.3,891.0,808.0,0.477,8.2,8.33,10.7,0.0069
W209856,2470.0,2570.0,2660.0,47.1,27.9,18.6,0.7,0.481,0.23,1.8,1.99,0.975,30800.0,20600.0,18200.0,699.0,406.0,238.0,2100.0,1660.0,0.392,13.9,14.0,12.9,0.006
W209857,2200.0,2360.0,2470.0,51.3,30.3,8.41,1.15,1.13,0.23,3.46,1.25,1.0,27000.0,18000.0,6630.0,924.0,766.0,192.0,3250.0,845.0,0.402,11.2,11.3,7.7,0.011
W209858,2140.0,2260.0,2400.0,45.8,25.8,22.8,1.04,0.415,0.27,1.07,1.15,1.18,16900.0,10800.0,12600.0,584.0,197.0,158.0,703.0,545.0,0.476,7.8,7.9,7.7,0.0083
W209859,2040.0,2200.0,2340.0,38.7,26.4,25.9,1.78,0.498,0.284,1.53,0.936,1.33,21400.0,16500.0,21400.0,1500.0,355.0,248.0,1500.0,662.0,0.535,11.7,11.8,10.8,0.0089
W209861,2570.0,2680.0,2800.0,47.9,31.9,10.3,2.37,0.382,0.189,1.37,1.4,1.45,17000.0,12800.0,5440.0,1280.0,174.0,106.0,865.0,637.0,0.587,7.5,7.58,6.9,0.0085
W209862,2140.0,2260.0,2370.0,44.0,25.3,23.7,1.43,0.647,0.203,2.13,1.15,0.95,14900.0,9700.0,12000.0,740.0,283.0,109.0,1280.0,500.0,0.383,7.2,7.25,6.8,0.011
W209863,2060.0,2240.0,2370.0,36.9,24.6,26.6,1.01,0.631,0.203,2.25,0.953,1.2,17500.0,13200.0,18900.0,732.0,386.0,152.0,1900.0,579.0,0.483,10.1,10.2,8.6,0.009
W209864,2240.0,2420.0,2510.0,37.6,28.8,18.9,3.75,0.282,0.162,0.565,1.54,1.83,12500.0,10900.0,9470.0,1920.0,122.0,85.8,336.0,658.0,0.735,7.1,7.15,7.3,0.0042
W209865,2520.0,2670.0,2790.0,38.1,34.0,14.4,2.61,0.432,0.203,1.39,1.67,1.88,29500.0,29800.0,16700.0,3080.0,430.0,248.0,1920.0,1660.0,0.757,16.4,16.6,15.3,0.0027
W209866,1940.0,2080.0,2200.0,30.2,25.9,35.2,0.952,0.332,0.122,0.925,0.836,1.05,17500.0,17000.0,30500.0,843.0,248.0,112.0,955.0,620.0,0.423,12.3,12.4,11.3,0.004
W209867,2060.0,2230.0,2350.0,33.1,24.3,32.1,0.364,0.564,0.135,2.24,1.04,0.725,41300.0,34300.0,59800.0,693.0,906.0,267.0,4960.0,1650.0,0.292,26.5,26.7,24.0,0.0095
W209868,1900.0,2000.0,2140.0,36.6,20.1,30.5,1.43,0.448,0.189,0.865,1.14,1.35,16200.0,10100.0,20200.0,965.0,255.0,132.0,681.0,643.0,0.543,9.4,9.46,9.4,0.011
W209869,2440.0,2530.0,2650.0,47.4,26.3,12.4,1.2,0.764,0.216,2.43,1.22,1.08,21800.0,13700.0,8560.0,849.0,454.0,158.0,1990.0,720.0,0.433,9.8,9.87,9.4,0.0076
W209872,2170.0,2350.0,2480.0,52.8,31.5,5.53,0.35,0.515,0.13,2.25,1.74,0.8,72700.0,49200.0,11400.0,737.0,914.0,283.0,5510.0,3070.0,0.326,28.9,29.5,11.7,0.0054
W209873,2800.0,2800.0,2800.0,48.0,25.1,15.8,0.994,1.13,0.126,2.73,1.0,1.75,34200.0,20200.0,16800.0,1080.0,1040.0,142.0,3460.0,914.0,0.716,14.9,15.2,26.0,0.15
W209874,2800.0,2800.0,2800.0,46.4,26.1,19.8,0.56,0.764,0.0608,2.1,1.32,1.05,36700.0,23400.0,23400.0,678.0,779.0,76.2,2960.0,1340.0,0.426,16.7,16.9,13.5,0.018
W209875,2780.0,2800.0,2800.0,31.9,24.5,38.1,0.91,0.448,0.0662,1.32,0.569,1.0,11200.0,9770.0,20000.0,489.0,203.0,36.9,828.0,256.0,0.407,7.4,7.52,11.0,0.011
W209886,2000.0,2140.0,2250.0,38.5,23.2,21.6,4.12,0.946,0.216,2.09,1.07,4.63,8440.0,5750.0,7090.0,1380.0,268.0,75.1,817.0,300.0,1.89,4.6,4.7,4.2,0.025
W209887,2100.0,2210.0,2360.0,34.8,27.5,19.2,4.26,1.24,0.162,2.84,1.12,5.03,5490.0,4910.0,4520.0,1030.0,253.0,40.5,796.0,226.0,2.05,3.3,3.37,2.8,0.046
W209888,2160.0,2290.0,2410.0,35.7,29.2,13.6,5.21,1.33,0.216,2.58,1.14,6.05,5110.0,4740.0,2920.0,1140.0,245.0,49.0,658.0,208.0,2.47,3.0,3.06,3.1,0.036
W209889,2760.0,2800.0,2800.0,57.5,27.6,4.53,0.882,1.11,0.297,2.76,1.32,0.9,36000.0,19600.0,4240.0,844.0,897.0,295.0,3080.0,1060.0,0.365,13.2,13.4,12.7,0.017
W209890,2800.0,2800.0,2800.0,57.6,27.7,5.55,0.574,1.08,0.297,2.7,1.27,0.95,35900.0,19500.0,5170.0,547.0,866.0,293.0,3000.0,1010.0,0.387,13.1,13.3,12.8,0.014
W209891,2800.0,2800.0,2800.0,54.6,29.6,4.03,1.29,0.847,0.284,2.7,1.52,1.35,28200.0,17300.0,3120.0,1020.0,564.0,232.0,2490.0,1010.0,0.548,10.9,11.1,10.3,0.0079
W209892,2130.0,2220.0,2340.0,35.7,25.7,13.8,6.57,1.29,0.027,0.745,2.02,7.85,5280.0,4300.0,3040.0,1480.0,247.0,6.32,196.0,382.0,3.2,3.1,3.16,2.6,0.0096
W209893,2120.0,2210.0,2370.0,46.6,23.4,13.1,2.73,1.56,0.0878,2.38,0.97,3.95,15500.0,8800.0,6510.0,1380.0,667.0,46.1,1400.0,412.0,1.62,6.9,7.1,6.9,0.035
W209894,1960.0,2010.0,2050.0,36.5,19.4,37.6,0.644,0.515,0.0945,1.86,0.903,1.08,21700.0,13100.0,33500.0,586.0,395.0,89.2,1980.0,688.0,0.449,12.2,12.8,11.9,0.011
W209895,2910.0,2910.0,2910.0,48.3,36.2,3.69,2.34,0.73,0.203,1.85,0.736,1.78,17600.0,14900.0,2010.0,1300.0,342.0,117.0,1200.0,342.0,0.737,7.5,7.78,7.8,0.0081
W209896,2660.0,2710.0,2880.0,52.9,29.9,8.11,0.378,1.2,0.203,3.44,1.47,0.75,77600.0,49600.0,17800.0,847.0,2260.0,471.0,8980.0,2760.0,0.308,30.6,31.4,29.1,0.007
W209897,2910.0,2910.0,2910.0,52.4,38.5,1.13,1.51,0.299,0.0945,0.228,1.97,1.53,11600.0,9660.0,374.0,512.0,85.4,33.2,90.1,560.0,0.629,4.6,4.74,4.6,0.0027
W209900,2520.0,2610.0,2730.0,47.9,29.8,13.9,1.55,0.598,0.189,1.39,1.24,1.73,17200.0,12200.0,7510.0,856.0,278.0,108.0,894.0,571.0,0.7,7.6,7.71,7.6,0.0077
W209901,2800.0,2800.0,2800.0,48.2,39.0,6.75,0.798,0.548,0.108,1.68,0.719,0.8,18600.0,17000.0,3890.0,470.0,272.0,66.0,1150.0,355.0,0.326,8.1,8.24,8.2,0.0048
W209903,2800.0,2800.0,2800.0,45.5,36.9,6.13,2.84,0.747,0.122,1.05,0.87,2.93,7150.0,6580.0,1440.0,684.0,152.0,30.3,293.0,175.0,1.19,3.3,3.37,3.0,0.035
W209904,2800.0,2800.0,2800.0,55.5,28.8,8.25,0.406,0.88,0.162,2.7,1.25,0.575,60000.0,35300.0,13300.0,671.0,1230.0,278.0,5210.0,1740.0,0.233,22.8,23.1,24.0,0.012
W209905,2480.0,2580.0,2690.0,47.1,27.0,17.4,0.392,0.614,0.108,1.9,1.67,0.675,50200.0,32500.0,27700.0,638.0,843.0,182.0,3600.0,2280.0,0.275,22.4,22.8,22.0,0.052
W209949,2040.0,2140.0,2420.0,43.5,23.1,24.1,0.756,1.03,0.149,2.57,1.2,1.38,34200.0,20500.0,28300.0,909.0,1040.0,185.0,3600.0,1210.0,0.554,16.7,16.8,16.5,0.0095
W209950,2400.0,2450.0,2560.0,41.3,27.4,14.0,4.27,1.03,0.365,2.09,1.32,4.78,9170.0,6910.0,4660.0,1450.0,295.0,128.0,828.0,376.0,1.93,4.7,4.76,5.0,0.13
W209951,2200.0,2280.0,2380.0,9.89,2.08,73.2,4.96,0.199,0.081,0.276,0.151,3.48,8570.0,2040.0,94900.0,6570.0,223.0,111.0,427.0,167.0,1.4,18.4,18.5,15.5,0.049
W209952,2620.0,2760.0,2800.0,43.0,30.7,13.2,3.03,0.996,0.351,1.61,1.0,2.98,11800.0,9500.0,5410.0,1260.0,351.0,152.0,784.0,351.0,1.2,5.8,5.85,5.5,0.044
W209955,2030.0,2140.0,2250.0,35.5,19.2,36.0,0.812,0.963,0.162,2.43,0.87,1.75,39200.0,24000.0,59400.0,1370.0,1370.0,284.0,4770.0,1230.0,0.707,23.4,23.6,22.6,0.021
W209956,2350.0,2440.0,2530.0,43.8,28.4,15.0,3.82,0.78,0.257,1.31,1.44,2.42,35500.0,26100.0,18200.0,4740.0,815.0,330.0,1890.0,1490.0,0.984,17.1,17.3,15.5,0.014
W209957,2530.0,2640.0,2720.0,44.7,30.5,13.7,1.62,0.93,0.284,1.56,1.97,1.83,34500.0,26700.0,15800.0,1920.0,925.0,347.0,2150.0,1950.0,0.74,16.3,16.5,14.5,0.009
W209958,2070.0,2180.0,2280.0,25.7,20.0,23.9,14.0,0.365,0.162,0.457,0.418,6.3,20300.0,18000.0,28300.0,17000.0,373.0,203.0,644.0,424.0,2.56,16.7,17.0,11.8,0.047
W209959,2490.0,2580.0,2710.0,46.1,29.4,8.08,2.31,1.59,0.891,1.84,1.09,2.13,13900.0,10000.0,3650.0,1060.0,619.0,426.0,987.0,419.0,0.857,6.4,6.45,6.3,0.034
W209960,2170.0,2290.0,2420.0,41.9,25.1,17.6,1.64,0.979,0.473,2.57,1.09,1.68,14700.0,9970.0,9270.0,879.0,443.0,263.0,1610.0,488.0,0.68,7.4,7.52,8.4,0.16
W209961,2000.0,2120.0,2230.0,28.7,20.4,39.7,1.37,0.382,0.135,1.17,1.05,1.63,10400.0,8320.0,21400.0,756.0,177.0,77.2,749.0,486.0,0.66,7.6,7.72,7.8,0.0092
W209962,2550.0,2680.0,2770.0,48.0,29.5,7.14,1.3,1.43,0.338,4.19,1.34,1.7,31600.0,22000.0,7040.0,1310.0,1210.0,353.0,4920.0,1130.0,0.685,14.0,14.1,12.9,0.016
W209963,2210.0,2350.0,2460.0,47.4,27.3,7.72,2.06,1.99,0.635,3.92,1.34,2.08,20600.0,13400.0,5020.0,1370.0,1120.0,437.0,3030.0,744.0,0.839,9.2,9.3,9.0,0.02
W210025,2150.0,2280.0,2420.0,45.0,22.3,24.5,0.518,0.697,0.081,2.18,1.04,1.02,32700.0,18400.0,26600.0,576.0,653.0,93.3,2820.0,965.0,0.417,15.3,15.6,14.7,0.0077
W210026,2800.0,2800.0,2800.0,53.1,28.9,7.12,1.12,0.83,0.23,2.66,1.37,1.23,18400.0,11300.0,3700.0,594.0,371.0,126.0,1640.0,609.0,0.498,7.3,7.42,7.7,0.0058
W210027,2800.0,2800.0,2800.0,49.9,36.7,5.72,1.09,0.465,0.162,1.43,1.71,1.18,23200.0,19300.0,3980.0,775.0,278.0,119.0,1180.0,1010.0,0.477,9.8,9.94,9.9,0.0033
W210028,2480.0,2570.0,2690.0,45.0,30.1,16.7,1.22,0.631,0.108,2.12,1.42,1.55,24200.0,18300.0,13400.0,1000.0,437.0,91.9,2020.0,977.0,0.63,11.3,11.5,9.1,0.0088
W210116,2560.0,2650.0,2760.0,55.1,27.9,4.45,1.9,0.681,0.635,0.998,0.903,1.25,10400.0,5940.0,1250.0,547.0,165.0,189.0,334.0,217.0,0.503,4.0,4.02,3.8,0.0074
W210117,2800.0,2800.0,2800.0,45.5,32.3,5.29,2.1,0.963,1.89,1.91,1.49,2.17,5980.0,4810.0,1040.0,422.0,163.0,394.0,448.0,251.0,0.875,2.8,2.82,2.9,0.0098
W210119,2800.0,2800.0,2800.0,41.3,26.5,18.4,0.952,1.03,0.662,3.23,0.987,1.05,15200.0,11000.0,10100.0,535.0,488.0,385.0,2120.0,464.0,0.423,7.8,7.86,6.9,0.011
W210120,2520.0,2610.0,2710.0,42.1,29.1,14.3,1.97,0.979,0.945,2.39,1.12,1.8,10500.0,8240.0,5340.0,753.0,315.0,374.0,1060.0,358.0,0.726,5.3,5.34,4.4,0.0083
W210121,2740.0,2800.0,2800.0,41.5,31.4,13.5,0.966,0.896,0.594,2.98,1.32,1.0,12700.0,10900.0,6200.0,452.0,354.0,288.0,1620.0,517.0,0.403,6.5,6.55,7.0,0.013
W210122,2260.0,2350.0,2450.0,43.5,27.5,14.3,1.75,0.88,0.905,2.1,0.953,1.93,6140.0,4390.0,3020.0,378.0,160.0,202.0,529.0,172.0,0.776,3.0,3.02,3.1,0.0098
W210123,2800.0,2800.0,2800.0,53.4,28.7,3.32,1.92,0.93,0.338,2.34,1.04,1.43,12800.0,7810.0,1190.0,704.0,288.0,128.0,1000.0,318.0,0.574,5.1,5.14,5.5,0.008
W210124,2760.0,2800.0,2800.0,51.2,29.5,5.46,1.44,1.11,0.419,3.05,1.27,1.43,11100.0,7240.0,1770.0,478.0,311.0,144.0,1180.0,352.0,0.575,4.6,4.64,4.7,0.023
W210125,2650.0,2750.0,2800.0,50.4,27.1,8.82,1.62,1.05,0.203,2.09,1.35,1.25,39300.0,23900.0,10300.0,1940.0,1050.0,251.0,2910.0,1350.0,0.506,16.5,16.7,15.6,0.013
W210126,1940.0,2100.0,2190.0,31.7,22.0,35.1,0.686,0.498,0.108,1.86,0.585,1.0,33200.0,26100.0,55000.0,1100.0,672.0,179.0,3470.0,784.0,0.407,22.0,22.4,20.9,0.013
W210128,2800.0,2800.0,2800.0,45.3,33.2,6.59,2.34,1.05,0.905,1.81,1.2,2.03,7260.0,6030.0,1580.0,573.0,216.0,230.0,518.0,247.0,0.818,3.4,3.43,3.1,0.0067
W210129,2320.0,2410.0,2520.0,44.7,33.9,8.09,1.01,1.03,0.257,3.17,0.97,1.43,19100.0,16500.0,5190.0,661.0,569.0,174.0,2420.0,532.0,0.575,9.1,9.18,12.0,0.0059
W210130,2790.0,2800.0,2800.0,46.5,31.4,11.8,0.518,0.382,0.365,1.33,1.56,1.13,20800.0,15900.0,7870.0,354.0,220.0,258.0,1060.0,889.0,0.453,9.5,9.56,8.9,0.0028
W210131,2560.0,2660.0,2750.0,45.0,29.9,12.0,0.924,0.979,0.27,3.13,1.15,1.48,16700.0,12600.0,6680.0,525.0,469.0,159.0,2070.0,549.0,0.594,7.9,7.95,6.8,0.014
W210132,2650.0,2760.0,2800.0,43.2,33.0,7.84,4.29,0.697,0.716,1.92,1.17,1.1,19700.0,17100.0,5350.0,2990.0,410.0,517.0,1560.0,683.0,0.443,9.7,9.76,8.9,0.013
W210133,2400.0,2520.0,2610.0,44.9,24.3,14.9,1.71,1.13,1.62,2.86,0.953,2.4,13700.0,8400.0,6820.0,797.0,444.0,784.0,1550.0,372.0,0.965,6.5,6.53,6.1,0.1
W210134,2420.0,2510.0,2620.0,48.4,32.8,8.09,0.896,0.332,0.149,0.589,2.16,1.27,12700.0,9760.0,3190.0,360.0,113.0,61.9,276.0,726.0,0.513,5.6,5.63,5.9,0.0042
W210135,2650.0,2750.0,2800.0,43.0,32.1,12.2,0.84,1.11,0.783,3.59,1.19,1.7,11600.0,9760.0,4900.0,345.0,385.0,333.0,1720.0,408.0,0.686,5.7,5.75,5.5,0.0083
W210151,2140.0,2260.0,2340.0,33.6,27.1,25.3,2.3,0.896,0.0945,1.77,1.02,3.2,4390.0,4000.0,4950.0,459.0,151.0,19.6,411.0,171.0,1.33,2.7,2.8,3.4,0.022
W210152,1980.0,2060.0,2150.0,29.6,24.5,36.1,2.46,0.531,0.459,1.33,1.02,2.33,8320.0,7810.0,15200.0,1060.0,193.0,205.0,668.0,367.0,0.948,5.9,6.02,5.75,0.011
W210153,2050.0,2100.0,2180.0,25.9,17.3,48.0,1.68,0.83,0.54,1.97,0.686,2.93,6920.0,5220.0,19100.0,685.0,285.0,228.0,936.0,234.0,1.19,5.6,5.71,6.54,0.026
W210154,2800.0,2800.0,2800.0,53.2,31.1,2.92,0.504,1.06,0.378,4.24,1.37,1.05,41700.0,27600.0,3420.0,604.0,1070.0,470.0,5920.0,1380.0,0.424,16.6,16.8,16.67,0.0084
W210155,2800.0,2800.0,2800.0,44.8,32.5,6.32,2.96,0.598,0.851,1.03,1.17,2.65,9130.0,7500.0,1930.0,920.0,157.0,275.0,375.0,305.0,1.07,4.3,4.36,4.25,0.0069
W210156,2040.0,2090.0,2160.0,23.6,14.1,55.8,2.2,0.564,0.243,1.12,0.669,3.3,10600.0,7170.0,37500.0,1510.0,326.0,173.0,893.0,384.0,1.33,9.5,9.6,9.0,0.032
W210157,2170.0,2240.0,2370.0,39.0,25.4,16.8,3.91,0.797,0.918,1.23,2.34,3.65,6270.0,4630.0,4050.0,960.0,165.0,234.0,351.0,482.0,1.48,3.4,3.44,3.37,0.0086
W210158,2500.0,2600.0,2680.0,54.1,23.5,8.19,0.952,1.26,0.446,3.05,0.936,1.63,59700.0,29300.0,13500.0,1610.0,1790.0,779.0,6000.0,1320.0,0.659,23.3,23.6,22.37,0.032
W210159,2780.0,2800.0,2800.0,45.3,32.7,9.21,0.714,0.813,0.189,2.2,2.16,1.38,24600.0,20100.0,7480.0,593.0,569.0,163.0,2130.0,1500.0,0.561,11.4,11.6,12.3,0.062
W210160,2770.0,2800.0,2800.0,58.1,28.2,2.06,0.756,0.697,0.122,1.89,2.53,1.38,26500.0,14600.0,1410.0,527.0,410.0,87.9,1530.0,1470.0,0.565,9.5,9.76,9.3,0.012
W210161,2250.0,2560.0,2660.0,36.7,27.0,21.0,3.54,0.797,0.338,1.13,1.47,3.95,4000.0,3320.0,3410.0,589.0,112.0,58.2,219.0,205.0,1.6,2.3,2.33,2.08,0.012
W210162,2800.0,2800.0,2800.0,49.0,33.6,4.63,1.65,0.581,0.216,1.27,1.92,1.95,13500.0,10400.0,1900.0,693.0,206.0,94.0,623.0,675.0,0.79,5.8,5.87,5.23,0.0046
W210163,2800.0,2800.0,2800.0,56.2,28.1,2.66,1.2,0.697,0.216,2.02,1.79,1.73,14900.0,8410.0,1050.0,487.0,238.0,90.7,952.0,606.0,0.698,5.6,5.67,5.38,0.0057
W210164,2170.0,2310.0,2460.0,43.2,25.3,16.3,1.2,1.2,0.432,3.34,1.39,2.2,19100.0,12700.0,10800.0,814.0,682.0,303.0,2630.0,786.0,0.896,9.3,9.47,8.98,0.019
W210165,2130.0,2290.0,2440.0,43.6,22.5,21.7,1.01,1.51,0.149,3.67,0.819,2.25,57400.0,33600.0,42800.0,2030.0,2560.0,310.0,8590.0,1380.0,0.909,27.9,28.2,26.95,0.022
W210166,2620.0,2690.0,2720.0,49.8,29.8,8.71,1.82,0.996,0.243,1.45,2.16,2.23,40100.0,27300.0,10500.0,2240.0,1040.0,311.0,2090.0,2230.0,0.909,16.9,17.3,15.26,0.01
W210179,2030.0,2140.0,2260.0,34.8,24.8,15.8,4.97,1.44,1.35,1.73,1.15,6.9,3300.0,2660.0,2250.0,719.0,176.0,203.0,292.0,140.0,2.8,2.0,2.03,2.5,0.017
W210180,2800.0,2800.0,2800.0,48.1,31.9,8.88,0.63,1.11,0.216,3.2,1.04,0.975,28800.0,21700.0,7960.0,577.0,859.0,205.0,3410.0,795.0,0.394,12.7,12.8,11.4,0.0059
W210181,2560.0,2640.0,2760.0,45.2,29.8,7.45,2.49,1.05,1.35,1.92,1.1,3.65,7270.0,5430.0,1790.0,613.0,217.0,344.0,551.0,227.0,1.48,3.4,3.44,3.7,0.019
W210182,2760.0,2800.0,2800.0,45.6,33.1,7.29,2.54,0.73,0.392,1.54,0.987,2.88,9900.0,8140.0,2370.0,840.0,204.0,135.0,594.0,274.0,1.16,4.6,4.64,4.3,0.011
W210183,2800.0,2800.0,2800.0,42.7,33.9,7.98,2.87,0.614,0.932,1.18,1.49,3.73,6240.0,5620.0,1750.0,642.0,116.0,216.0,307.0,279.0,1.51,3.1,3.13,3.1,0.0068
W210184,2450.0,2600.0,2740.0,36.1,30.9,11.2,2.28,0.631,1.49,1.98,1.37,3.38,5280.0,5130.0,2460.0,510.0,119.0,344.0,517.0,257.0,1.36,3.1,3.13,3.6,0.014
W210185,2410.0,2500.0,2630.0,47.6,24.5,10.2,4.23,1.03,0.729,1.88,0.903,3.58,11700.0,6800.0,3730.0,1590.0,326.0,284.0,820.0,284.0,1.45,5.2,5.26,5.5,0.017
W210186,2800.0,2800.0,2800.0,48.0,35.2,3.7,1.36,1.31,0.594,2.5,1.15,1.68,17000.0,14100.0,1970.0,737.0,600.0,334.0,1580.0,524.0,0.678,7.5,7.59,7.3,0.052
W210187,2260.0,2350.0,2450.0,45.8,20.5,15.8,1.95,0.88,0.581,2.09,1.02,2.78,7350.0,3720.0,3800.0,477.0,182.0,148.0,597.0,209.0,1.12,3.4,3.43,4.0,0.056
W210188,2650.0,2760.0,2800.0,41.3,33.9,11.6,1.11,0.598,0.338,1.75,1.39,1.3,16800.0,15500.0,7020.0,685.0,312.0,217.0,1270.0,720.0,0.524,8.6,8.67,7.6,0.0077
W210189,2740.0,2800.0,2800.0,45.6,30.9,6.58,2.16,1.11,0.864,2.42,1.37,2.48,6440.0,4950.0,1390.0,465.0,202.0,193.0,607.0,248.0,0.997,3.0,3.02,3.2,0.017
W210190,2800.0,2800.0,2800.0,45.1,33.3,5.68,1.36,1.01,0.486,3.22,1.25,1.27,11100.0,9230.0,2080.0,509.0,320.0,189.0,1410.0,394.0,0.515,5.2,5.25,5.5,0.0054
W210191,2770.0,2800.0,2800.0,42.3,30.3,10.9,1.75,0.465,0.297,1.26,0.853,1.27,16700.0,13500.0,6430.0,1060.0,236.0,186.0,887.0,431.0,0.513,8.4,8.44,8.2,0.0051
W210192,2800.0,2800.0,2800.0,44.1,29.9,12.1,1.25,0.481,0.324,0.877,1.91,1.83,12300.0,9390.0,5030.0,529.0,172.0,143.0,434.0,677.0,0.735,5.9,5.94,6.6,0.0029
W210193,2420.0,2510.0,2620.0,43.0,28.1,15.4,0.644,1.11,0.446,3.51,1.09,1.15,15200.0,11200.0,8170.0,348.0,507.0,250.0,2210.0,492.0,0.464,7.5,7.57,7.9,0.0069
W210194,1980.0,2070.0,2160.0,25.3,15.9,37.2,4.86,0.913,0.149,1.57,0.836,4.05,7790.0,5530.0,17100.0,2290.0,363.0,72.5,864.0,330.0,1.64,6.5,6.59,6.5,0.046
W210196,2240.0,2370.0,2460.0,48.3,22.5,17.4,0.686,0.714,0.203,2.26,1.19,1.27,40200.0,21200.0,21700.0,873.0,766.0,267.0,3350.0,1260.0,0.516,17.6,17.8,17.5,0.015
W210197,2010.0,2100.0,2240.0,33.1,17.9,21.3,10.4,1.49,0.189,1.35,0.803,3.65,14500.0,8910.0,14000.0,6970.0,847.0,132.0,1050.0,452.0,1.48,9.3,9.41,7.8,0.043
W210253,2330.0,2580.0,2680.0,37.9,25.3,17.6,3.15,0.93,0.716,1.6,1.34,2.9,4390.0,3310.0,3050.0,558.0,139.0,131.0,330.0,198.0,1.2,2.4,2.48,2.01,0.017
W210254,2800.0,2800.0,2800.0,49.3,33.5,4.93,0.77,0.83,0.122,1.88,1.0,1.05,25900.0,19900.0,3870.0,617.0,561.0,101.0,1750.0,673.0,0.432,10.9,11.2,10.4,0.0082
W210255,2080.0,2140.0,2200.0,16.5,8.96,59.6,1.47,0.349,0.27,0.637,0.569,1.83,3810.0,2340.0,20600.0,518.0,104.0,98.7,261.0,168.0,0.75,4.8,4.93,4.36,0.046
W210258,2740.0,2800.0,2800.0,53.7,29.5,1.52,2.34,0.697,0.081,0.998,2.36,2.55,14700.0,9110.0,620.0,977.0,246.0,35.1,486.0,825.0,1.05,5.7,5.85,6.16,0.0092
W210259,2800.0,2800.0,2800.0,57.8,32.6,1.1,1.15,0.382,0.068,0.613,2.58,1.35,13900.0,8840.0,395.0,421.0,118.0,26.0,262.0,790.0,0.554,5.0,5.13,4.84,0.0028
W210260,2510.0,2800.0,2800.0,53.4,29.8,9.32,0.602,0.382,0.0945,1.38,2.71,1.02,31300.0,19800.0,8190.0,540.0,289.0,87.9,1440.0,2030.0,0.418,12.3,12.6,12.48,0.0045
W210261,2700.0,2800.0,2800.0,56.2,31.0,4.82,1.3,1.83,0.324,3.05,1.32,1.48,53700.0,33500.0,6890.0,1900.0,2250.0,490.0,5190.0,1610.0,0.6,20.1,20.4,19.34,0.014
W210262,2680.0,2750.0,2800.0,42.1,26.7,22.3,0.994,0.349,0.0945,0.889,1.94,1.53,11900.0,8580.0,9460.0,431.0,128.0,42.5,450.0,705.0,0.628,5.9,6.07,5.88,0.0034
W210263,2800.0,2800.0,2800.0,68.0,25.3,1.07,0.42,0.365,0.081,1.39,1.89,0.725,67000.0,28200.0,1580.0,632.0,464.0,126.0,2450.0,2380.0,0.298,20.5,21.1,21.9,0.0023
W210264,2800.0,2800.0,2800.0,53.4,29.6,7.38,1.19,0.515,0.122,1.31,1.99,1.73,17700.0,11100.0,3650.0,602.0,220.0,63.7,772.0,843.0,0.708,6.9,7.08,8.73,0.005
W210265,2290.0,2550.0,2680.0,41.6,28.3,11.9,2.21,1.46,0.405,4.46,1.15,3.53,5550.0,4290.0,2380.0,452.0,252.0,85.8,1060.0,197.0,1.44,2.8,2.86,7.17,0.014
W210266,2410.0,2710.0,2800.0,50.4,29.2,6.41,1.53,1.43,0.297,3.93,1.57,2.08,24400.0,16000.0,4640.0,1130.0,891.0,228.0,3390.0,973.0,0.843,10.2,10.4,10.39,0.012
W210267,2740.0,2800.0,2800.0,50.9,31.2,4.45,2.44,0.681,0.54,1.67,1.57,2.8,12500.0,8710.0,1640.0,917.0,216.0,211.0,732.0,495.0,1.13,5.2,5.27,2.2,0.0089
W210268,2800.0,2800.0,2800.0,45.4,36.0,5.38,1.95,0.896,0.338,2.98,0.953,2.2,16100.0,14500.0,2850.0,1050.0,410.0,190.0,1880.0,432.0,0.89,7.5,7.58,5.0,0.0073
W210269,2800.0,2800.0,2800.0,72.7,19.2,1.5,0.672,0.249,0.284,0.505,3.43,1.23,9630.0,2870.0,298.0,136.0,42.5,59.5,119.0,581.0,0.496,2.8,2.83,8.5,0.0026
W210270,2150.0,2260.0,2370.0,44.7,26.3,13.9,1.86,1.08,0.176,2.79,1.52,2.38,9550.0,6350.0,4450.0,608.0,297.0,59.4,1060.0,416.0,0.965,4.5,4.57,10.4,0.12
W210271,2480.0,2570.0,2700.0,53.6,26.6,5.92,0.826,1.36,0.459,5.38,1.02,1.75,33500.0,18800.0,5530.0,788.0,1100.0,454.0,5990.0,815.0,0.709,13.2,13.4,9.2,0.019
W210272,2800.0,2800.0,2800.0,56.5,29.7,2.76,1.05,0.714,0.351,2.13,1.76,1.58,34900.0,20700.0,2550.0,990.0,568.0,343.0,2340.0,1390.0,0.64,13.0,13.2,3.5,0.0089
W210273,2800.0,2800.0,2800.0,54.2,31.8,5.55,0.546,0.564,0.108,2.19,1.86,1.33,26700.0,17800.0,4090.0,411.0,359.0,84.4,1920.0,1170.0,0.538,10.4,10.6,18.0,0.0044
W210274,2380.0,2510.0,2600.0,34.4,34.0,7.65,5.49,1.33,1.49,1.44,0.819,5.68,11400.0,12800.0,3800.0,2780.0,568.0,781.0,852.0,348.0,2.3,7.0,7.1,2.1,0.01
W210275,2800.0,2800.0,2800.0,53.4,32.7,3.3,1.33,0.681,0.392,1.74,2.11,1.6,51000.0,35400.0,4720.0,1940.0,839.0,593.0,2970.0,2580.0,0.648,20.2,20.5,6.5,0.0068
W210277,2800.0,2800.0,2800.0,51.4,32.6,5.02,1.22,0.88,0.378,2.74,1.47,1.85,15400.0,11000.0,2240.0,556.0,339.0,179.0,1460.0,562.0,0.75,6.3,6.39,7.1,0.014
W210278,2750.0,2800.0,2800.0,52.6,29.4,7.81,0.868,0.93,0.203,3.06,1.2,1.45,10200.0,6460.0,2270.0,257.0,232.0,62.3,1060.0,299.0,0.587,4.1,4.15,12.6,0.0064
W210279,2710.0,2790.0,2800.0,55.5,27.8,4.96,1.26,0.78,0.243,3.09,2.09,1.45,19400.0,11000.0,2600.0,673.0,352.0,135.0,1920.0,935.0,0.587,7.4,7.48,16.8,0.023
W210280,2780.0,2800.0,2800.0,58.2,28.0,1.67,1.97,0.78,0.149,2.21,2.79,1.58,42100.0,23000.0,1810.0,2180.0,728.0,170.0,2850.0,2590.0,0.638,15.3,15.5,21.6,0.0075
W210281,2660.0,2770.0,2800.0,47.4,31.8,7.48,1.78,0.631,0.878,1.74,1.87,2.63,36700.0,27900.0,8670.0,2110.0,630.0,1080.0,2400.0,1860.0,1.06,16.4,16.6,3.4,0.014
W210282,2800.0,2800.0,2800.0,53.9,29.1,5.15,1.29,0.73,0.473,2.08,1.61,1.68,52000.0,31800.0,7430.0,1900.0,908.0,722.0,3570.0,1980.0,0.678,20.4,20.6,7.1,0.0057
W210283,2570.0,2660.0,2750.0,44.2,29.7,11.8,2.56,0.963,0.459,1.24,1.4,3.25,6930.0,5270.0,2760.0,614.0,195.0,114.0,346.0,282.0,1.32,3.3,3.35,2.7,0.007
W210284,2800.0,2800.0,2800.0,52.1,35.7,3.15,1.54,0.382,0.162,0.577,2.21,1.75,13600.0,10500.0,1230.0,614.0,128.0,66.9,268.0,736.0,0.71,5.5,5.58,4.8,0.0031
W210285,2800.0,2800.0,2800.0,65.4,24.8,2.13,0.462,0.714,0.162,2.3,1.32,0.85,7410.0,3190.0,361.0,80.0,104.0,29.1,463.0,192.0,0.343,2.4,2.42,29.0,0.0045
W210286,2800.0,2800.0,2800.0,50.7,36.4,2.3,1.47,0.465,0.257,1.45,1.45,1.38,10300.0,8410.0,702.0,458.0,122.0,82.9,528.0,379.0,0.558,4.3,4.36,7.3,0.004
W210291,2800.0,2800.0,2800.0,58.0,30.4,2.04,0.392,0.83,0.203,3.31,1.69,0.725,75400.0,44800.0,3980.0,780.0,1390.0,418.0,7660.0,2810.0,0.296,27.3,27.9,28.87,0.0057
W210292,2590.0,2680.0,2780.0,43.1,31.3,15.7,1.37,0.531,0.203,1.57,1.04,1.6,10200.0,8390.0,5560.0,497.0,162.0,76.0,664.0,314.0,0.662,4.9,5.07,4.92,0.0055
W210293,2760.0,2800.0,2800.0,56.4,27.2,7.24,0.364,0.764,0.203,2.98,1.19,0.85,87600.0,47900.0,16800.0,864.0,1530.0,499.0,8240.0,2360.0,0.347,32.6,33.2,33.1,0.006
W210294,2800.0,2800.0,2800.0,48.0,37.0,2.46,2.07,0.548,0.324,1.42,0.92,1.25,15800.0,13800.0,1210.0,1040.0,232.0,169.0,831.0,387.0,0.51,6.9,7.04,6.55,0.0073
W210295,2020.0,2160.0,2230.0,9.76,4.93,63.9,4.05,0.448,0.23,0.445,0.301,3.65,3710.0,2120.0,36400.0,2350.0,220.0,138.0,301.0,147.0,1.49,8.0,8.14,7.94,0.03
W210296,2270.0,2370.0,2460.0,47.0,23.6,10.6,4.54,0.88,0.351,2.18,1.19,2.5,35600.0,20200.0,12000.0,5250.0,858.0,421.0,2930.0,1150.0,1.02,15.9,16.2,14.81,0.025
W210297,2420.0,2540.0,2620.0,52.5,23.5,6.11,4.5,0.946,0.419,2.57,1.19,2.55,33900.0,17200.0,5890.0,4430.0,787.0,428.0,2950.0,980.0,1.04,13.5,13.8,13.01,0.031
W210298,2270.0,2420.0,2530.0,43.2,24.1,11.0,6.27,0.963,0.351,2.28,1.17,3.38,23700.0,15000.0,9040.0,5260.0,682.0,306.0,2230.0,823.0,1.38,11.5,11.8,11.02,0.027
W210299,2300.0,2580.0,2640.0,42.2,27.6,14.2,3.46,1.1,0.392,2.85,0.97,2.58,26000.0,19200.0,13100.0,3250.0,869.0,382.0,3120.0,764.0,1.05,12.9,13.2,13.52,0.017
W210300,2240.0,2360.0,2560.0,34.6,25.7,18.6,3.66,1.29,0.635,3.28,1.35,4.55,10900.0,9140.0,8740.0,1750.0,524.0,316.0,1830.0,544.0,1.85,6.6,6.72,6.84,0.04
W210301,2520.0,2640.0,2710.0,61.1,22.6,4.76,1.26,1.28,0.662,3.22,1.2,1.53,45900.0,19200.0,5350.0,1450.0,1240.0,788.0,4310.0,1160.0,0.621,15.8,16.1,15.52,0.017
W210302,2560.0,2640.0,2700.0,55.4,23.4,7.05,2.49,1.28,0.446,2.61,1.25,3.0,21600.0,10300.0,4120.0,1490.0,643.0,276.0,1810.0,626.0,1.22,8.2,8.35,8.29,0.024
W210303,2180.0,2240.0,2300.0,31.0,21.3,30.5,3.5,0.764,0.203,0.829,1.77,2.78,10500.0,8150.0,15400.0,1810.0,333.0,109.0,499.0,767.0,1.15,7.0,7.23,2.97,0.012
W210304,2000.0,2100.0,2220.0,36.7,23.5,14.1,7.07,1.64,0.27,2.13,1.15,6.1,4750.0,3450.0,2740.0,1400.0,275.0,55.5,491.0,191.0,2.51,2.7,2.77,6.59,0.09
W210305,2540.0,2710.0,2800.0,44.9,31.4,10.9,1.11,0.714,0.27,2.08,1.79,1.5,14700.0,11600.0,5320.0,552.0,300.0,140.0,1210.0,747.0,0.607,6.9,6.98,6.08,0.011
W210306,2540.0,2710.0,2800.0,38.5,23.0,8.15,1.3,0.88,0.324,1.79,1.42,1.27,10800.0,7270.0,3410.0,556.0,317.0,144.0,891.0,508.0,0.517,5.9,5.98,5.71,0.01
W210307,2530.0,2620.0,2720.0,48.9,26.4,9.64,2.21,1.05,0.284,2.8,1.35,2.4,23100.0,14100.0,6810.0,1600.0,637.0,212.0,2350.0,819.0,0.98,9.9,10.1,9.2,0.011
W210308,2490.0,2590.0,2640.0,47.3,26.7,11.5,2.32,1.08,0.27,2.78,1.35,2.75,20300.0,12900.0,7350.0,1520.0,597.0,184.0,2120.0,743.0,1.12,9.0,9.18,8.64,0.012
W210309,2650.0,2750.0,2800.0,45.5,32.1,9.47,1.99,0.78,0.392,1.59,1.42,2.35,3230.0,2580.0,1010.0,216.0,71.4,44.0,200.0,129.0,0.951,1.5,1.52,1.92,0.019
W210310,2230.0,2500.0,2580.0,40.0,24.7,24.9,1.47,0.664,0.23,1.53,0.97,1.63,11500.0,8070.0,10700.0,648.0,247.0,105.0,784.0,358.0,0.658,6.1,6.17,6.55,0.012
W210311,2710.0,2800.0,2800.0,46.0,31.8,11.0,0.602,0.979,0.23,3.77,1.15,1.23,17400.0,13700.0,6250.0,349.0,478.0,138.0,2550.0,559.0,0.497,8.0,8.11,8.04,0.007
W210312,2640.0,2710.0,2760.0,49.8,26.7,12.7,1.68,0.614,0.338,1.41,1.4,2.2,5410.0,3290.0,2070.0,279.0,86.0,58.1,272.0,195.0,0.889,2.3,2.32,2.21,0.049
W210313,2730.0,2800.0,2800.0,65.8,21.5,3.39,1.04,0.564,0.176,1.36,3.31,1.4,24900.0,9190.0,1920.0,598.0,275.0,105.0,914.0,1600.0,0.573,7.9,8.09,7.15,0.0039
W210314,2760.0,2800.0,2800.0,52.7,31.0,3.39,2.35,0.681,0.297,1.13,2.19,2.0,13600.0,9050.0,1310.0,928.0,226.0,121.0,519.0,723.0,0.818,5.4,5.52,5.37,0.01
W210315,2640.0,2720.0,2780.0,42.2,29.6,17.7,1.5,0.764,0.203,1.35,1.44,1.9,19700.0,15700.0,12400.0,1070.0,461.0,150.0,1120.0,861.0,0.777,9.8,10.0,9.4,0.044
W210316,2060.0,2140.0,2240.0,32.3,18.1,31.7,3.94,0.996,0.297,1.67,1.15,4.0,12200.0,7710.0,17900.0,2260.0,483.0,177.0,1120.0,556.0,1.63,7.9,8.06,6.8,0.022
W210317,2760.0,2800.0,2800.0,50.6,31.9,3.95,1.78,1.24,0.459,3.0,1.67,1.75,25100.0,17900.0,2920.0,1350.0,794.0,360.0,2650.0,1060.0,0.713,10.4,10.6,9.59,0.013
W210319,2400.0,2650.0,2800.0,43.7,28.3,14.4,1.85,1.28,0.351,3.5,1.09,2.2,18700.0,13700.0,9200.0,1210.0,704.0,238.0,2660.0,594.0,0.903,8.9,9.14,9.22,0.053
W210320,1980.0,2140.0,2250.0,39.2,18.8,25.2,4.12,0.714,0.297,2.13,1.04,2.78,28500.0,15500.0,27400.0,4570.0,669.0,342.0,2750.0,964.0,1.13,15.3,15.6,13.33,0.027
W210321,2440.0,2520.0,2610.0,48.4,24.7,4.98,8.1,0.963,0.338,2.34,1.22,1.58,32300.0,18700.0,4970.0,8260.0,829.0,357.0,2790.0,1040.0,0.643,14.0,14.3,12.8,0.02
W210322,2550.0,2650.0,2710.0,57.7,24.5,5.16,2.16,1.15,0.554,2.67,1.24,1.7,43800.0,21100.0,5870.0,2500.0,1120.0,666.0,3610.0,1200.0,0.695,15.9,16.3,13.75,0.019
W210323,2650.0,2780.0,2800.0,55.7,29.0,3.33,2.13,0.78,0.0675,1.09,2.04,2.63,22100.0,13000.0,1980.0,1290.0,399.0,42.4,772.0,1040.0,1.07,8.3,8.48,7.7,0.07
W210324,2700.0,2800.0,2800.0,51.0,30.1,7.18,1.16,0.896,1.15,2.36,1.1,1.55,12300.0,8200.0,2580.0,427.0,278.0,438.0,1010.0,340.0,0.626,5.1,5.15,4.4,0.016
W210325,2140.0,2230.0,2360.0,42.8,21.1,18.7,4.3,1.26,0.23,2.04,1.17,3.85,8480.0,4730.0,5550.0,1300.0,323.0,72.1,721.0,297.0,1.56,4.2,4.24,3.4,0.15
W210326,2800.0,2800.0,2800.0,48.3,33.5,7.11,1.92,0.647,0.108,1.94,1.66,1.93,15100.0,11800.0,3320.0,914.0,260.0,53.4,1070.0,661.0,0.779,6.6,6.67,6.2,0.0033
W210327,2800.0,2800.0,2800.0,56.3,30.1,3.99,0.588,0.614,0.054,2.66,2.78,1.02,57000.0,34500.0,6050.0,911.0,802.0,86.8,4790.0,3600.0,0.416,21.4,21.7,18.5,0.0059
W210328,2800.0,2800.0,2800.0,50.1,34.9,5.09,1.05,0.714,0.176,3.21,1.4,1.33,23800.0,18800.0,3620.0,762.0,437.0,132.0,2710.0,854.0,0.539,10.0,10.2,10.2,0.0046
W210329,2800.0,2800.0,2800.0,44.9,34.5,6.76,2.62,0.88,0.189,2.88,1.69,1.9,14900.0,13000.0,3360.0,1330.0,377.0,99.5,1710.0,718.0,0.772,7.0,7.11,6.2,0.0069
W210332,2790.0,2800.0,2800.0,49.8,29.8,8.78,0.812,1.21,0.446,4.12,1.2,1.4,20600.0,14000.0,5450.0,515.0,648.0,293.0,3050.0,639.0,0.565,8.8,8.88,9.1,0.023
W210336,2750.0,2800.0,2800.0,44.4,37.3,5.11,2.48,0.797,0.176,1.71,1.1,2.3,14000.0,13300.0,2410.0,1190.0,324.0,87.7,958.0,445.0,0.927,6.7,6.75,6.9,0.0067
W210337,2760.0,2800.0,2800.0,59.7,24.7,4.38,1.78,0.913,0.122,2.06,2.04,1.9,25700.0,12000.0,2820.0,1170.0,507.0,83.0,1580.0,1130.0,0.77,9.1,9.22,11.2,0.013
W210338,2800.0,2800.0,2800.0,53.9,32.3,4.35,0.672,0.747,0.486,2.7,1.47,1.1,14700.0,9980.0,1780.0,280.0,263.0,210.0,1310.0,514.0,0.443,5.8,5.84,6.1,0.0067
W210339,2790.0,2800.0,2800.0,45.3,34.5,13.8,0.672,0.398,0.0405,0.841,1.96,1.2,29300.0,25300.0,13400.0,664.0,332.0,41.5,968.0,1620.0,0.488,13.6,13.8,10.4,0.017
W210340,1930.0,2020.0,2080.0,23.3,13.6,45.1,3.54,0.847,0.54,1.17,0.702,3.55,6080.0,4000.0,17600.0,1410.0,285.0,223.0,542.0,235.0,1.44,5.5,5.58,5.8,0.028
W210341,2800.0,2800.0,2800.0,48.7,33.9,4.29,1.74,0.896,0.203,2.78,1.71,2.23,13300.0,10500.0,1760.0,726.0,316.0,87.8,1350.0,597.0,0.898,5.8,5.85,6.7,0.0041
W210342,2800.0,2800.0,2800.0,51.7,29.8,8.25,0.798,0.73,0.365,2.25,1.57,1.3,15100.0,9810.0,3600.0,355.0,274.0,168.0,1170.0,586.0,0.523,6.2,6.23,7.0,0.023
W210343,2440.0,2550.0,2660.0,49.0,24.9,5.01,7.03,1.11,0.324,2.74,1.14,3.38,22000.0,12600.0,3360.0,4820.0,643.0,230.0,2190.0,652.0,1.36,9.5,9.59,9.17,0.044
W210344,2290.0,2500.0,2600.0,44.4,25.5,12.7,4.2,0.813,0.257,2.82,1.3,2.28,25500.0,16600.0,10900.0,3690.0,603.0,234.0,2890.0,960.0,0.918,12.2,12.3,12.06,0.021
W210345,2700.0,2800.0,2800.0,51.7,33.7,4.0,1.6,0.515,0.0675,0.601,2.76,1.83,14900.0,11000.0,1730.0,703.0,191.0,30.9,309.0,1020.0,0.738,6.1,6.17,4.7,0.0028
W210346,1990.0,2050.0,2140.0,20.0,8.58,57.7,1.04,0.581,0.0945,1.08,0.452,2.0,8990.0,4360.0,38700.0,710.0,336.0,67.2,864.0,259.0,0.808,9.5,9.6,7.04,0.033
W210347,2070.0,2110.0,2160.0,30.4,15.3,42.4,1.53,0.498,0.23,0.637,0.619,2.5,11800.0,6700.0,24500.0,903.0,248.0,141.0,439.0,306.0,1.01,8.2,8.28,7.92,0.022
W210391,2130.0,2220.0,2370.0,49.8,25.0,9.19,4.34,0.996,0.122,0.889,1.87,2.9,16700.0,9460.0,4610.0,2220.0,430.0,64.5,530.0,802.0,1.17,7.1,7.16,6.9,0.031
W210393,2340.0,2470.0,2590.0,49.1,25.8,9.51,1.99,1.21,0.459,3.39,1.49,2.7,28500.0,17000.0,8250.0,1760.0,906.0,422.0,3500.0,1100.0,1.09,12.3,12.4,9.1,0.039
W210394,1900.0,2090.0,2240.0,44.1,20.0,18.5,2.8,1.38,0.527,3.17,1.3,4.22,24800.0,12800.0,15600.0,2410.0,1000.0,470.0,3180.0,940.0,1.71,11.9,12.0,9.6,0.018
W210395,1960.0,2050.0,2140.0,46.0,37.7,10.4,2.65,1.46,0.378,3.08,1.22,3.75,31600.0,29300.0,10700.0,2780.0,1290.0,411.0,3760.0,1070.0,1.52,14.5,14.7,7.1,0.02
W210397,2140.0,2260.0,2430.0,21.7,14.0,51.1,1.46,0.398,0.081,1.02,0.886,2.42,6890.0,5010.0,24200.0,705.0,163.0,40.7,576.0,359.0,0.981,6.7,6.78,13.2,0.017
W210399,2570.0,2700.0,2790.0,56.0,24.4,7.02,0.798,1.64,0.284,4.09,1.1,1.33,69100.0,34100.0,13000.0,1500.0,2610.0,554.0,8970.0,1740.0,0.536,26.1,26.4,21.7,0.032
W210400,2100.0,2210.0,2300.0,46.0,25.0,8.39,5.2,1.66,0.905,1.54,1.76,3.05,16300.0,10000.0,4450.0,2810.0,758.0,508.0,971.0,796.0,1.23,7.5,7.58,7.1,0.07
W210401,2390.0,2490.0,2600.0,32.4,21.6,34.4,2.16,0.747,0.122,0.625,0.686,3.08,17000.0,12800.0,26900.0,1730.0,505.0,101.0,583.0,460.0,1.24,11.1,11.2,14.9,0.032
W210402,2430.0,2510.0,2600.0,48.0,22.9,9.28,4.83,1.66,0.81,0.685,1.87,3.25,14500.0,7840.0,4210.0,2240.0,648.0,389.0,369.0,726.0,1.32,6.4,6.48,6.5,0.09
W210404,2430.0,2510.0,2540.0,21.7,11.5,47.8,4.47,0.581,0.203,0.805,0.635,3.33,25000.0,15000.0,82600.0,7870.0,864.0,370.0,1650.0,938.0,1.36,24.2,24.7,9.12,0.024
W210405,2270.0,2410.0,2630.0,35.3,33.7,16.6,3.46,0.548,0.23,0.913,0.686,2.33,18900.0,20500.0,13300.0,2830.0,379.0,195.0,872.0,470.0,0.944,11.3,11.5,4.04,0.016
W210406,1970.0,2100.0,2160.0,32.3,29.5,18.9,4.03,1.21,0.756,1.59,1.45,4.28,5970.0,6170.0,5230.0,1140.0,289.0,221.0,522.0,344.0,1.73,3.9,3.95,15.67,0.029
W210407,2640.0,2750.0,2800.0,46.2,29.7,14.3,1.2,0.647,0.257,2.06,1.17,1.83,18100.0,13200.0,8380.0,723.0,328.0,160.0,1440.0,588.0,0.739,8.3,8.41,7.89,0.0081
W210408,2070.0,2170.0,2260.0,24.5,16.5,47.6,1.46,0.249,0.0986,0.673,0.669,1.83,11800.0,9020.0,34400.0,1070.0,155.0,75.5,579.0,413.0,0.747,10.1,10.3,7.25,0.033
W210409,2400.0,2500.0,2600.0,52.2,22.0,18.7,0.826,0.415,0.216,1.5,1.27,1.38,21600.0,10300.0,11600.0,523.0,222.0,142.0,1110.0,674.0,0.561,8.7,8.87,8.4,0.0081
W210410,2520.0,2640.0,2730.0,49.4,25.1,13.0,2.93,0.614,0.203,1.44,1.02,2.2,16400.0,9450.0,6480.0,1490.0,264.0,107.0,855.0,435.0,0.896,7.0,7.13,6.82,0.019
W210411,2090.0,2200.0,2310.0,36.7,19.8,34.7,0.672,0.415,0.203,1.32,1.14,1.38,22900.0,14000.0,32400.0,641.0,334.0,200.0,1470.0,908.0,0.556,13.2,13.4,13.13,0.015
W210412,2080.0,2140.0,2260.0,40.7,16.6,34.3,0.91,0.299,0.128,0.853,1.51,1.43,19800.0,9120.0,24900.0,676.0,187.0,98.8,738.0,936.0,0.576,10.3,10.4,12.85,0.0057
W210413,2060.0,2110.0,2160.0,22.2,14.7,51.1,1.2,0.266,0.149,0.613,0.836,2.05,10600.0,7940.0,36500.0,878.0,163.0,112.0,521.0,510.0,0.854,9.8,10.2,9.7,0.0083
W210414,2250.0,2480.0,2590.0,49.1,22.8,20.4,1.11,0.382,0.104,1.31,1.32,1.7,25300.0,13300.0,15700.0,869.0,253.0,84.7,1200.0,869.0,0.686,10.9,11.0,11.13,0.0073
W210415,2650.0,2770.0,2800.0,50.8,30.0,10.3,0.574,0.73,0.128,2.1,1.35,1.08,28600.0,19100.0,8680.0,493.0,529.0,114.0,2100.0,974.0,0.434,11.9,12.0,10.93,0.0095
W210416,2650.0,2780.0,2800.0,66.6,20.9,7.55,0.406,0.266,0.0851,0.877,2.44,0.825,92100.0,32700.0,15600.0,859.0,474.0,187.0,2160.0,4320.0,0.333,29.3,29.6,29.94,0.0068
W210417,2630.0,2730.0,2800.0,47.3,28.8,6.96,3.66,0.78,0.392,1.54,1.3,3.78,11900.0,8200.0,2620.0,1400.0,253.0,156.0,688.0,419.0,1.53,5.3,5.38,5.47,0.037
W210418,2240.0,2330.0,2370.0,26.2,17.0,7.62,20.9,2.32,0.104,1.36,0.619,18.8,15500.0,11400.0,6740.0,18900.0,1770.0,97.4,1430.0,468.0,8.25,11.5,12.7,10.91,0.015
W210419,2040.0,2190.0,2330.0,33.5,20.2,34.1,1.93,0.481,0.473,0.817,0.92,2.73,9980.0,6820.0,15200.0,879.0,185.0,223.0,433.0,350.0,1.1,6.3,6.37,6.12,0.02
W210420,2750.0,2800.0,2800.0,50.4,33.0,5.11,0.686,0.913,0.176,3.03,1.02,1.18,31500.0,23300.0,4780.0,656.0,736.0,174.0,3370.0,816.0,0.476,13.2,13.4,13.16,0.008
W210421,2100.0,2200.0,2380.0,34.7,23.3,29.9,2.04,0.315,0.446,0.409,1.1,2.28,11000.0,8340.0,14200.0,989.0,129.0,224.0,230.0,447.0,0.92,6.7,6.78,6.35,0.022
W210422,2060.0,2200.0,2350.0,21.8,18.2,40.9,3.94,0.78,0.675,0.865,0.886,3.48,3300.0,3120.0,9240.0,909.0,152.0,162.0,233.0,171.0,1.41,3.2,3.23,2.69,0.081
W210423,2000.0,2070.0,2150.0,31.0,20.0,35.0,2.45,0.548,0.405,0.661,0.719,3.05,8790.0,6410.0,14800.0,1060.0,200.0,182.0,333.0,261.0,1.23,6.0,6.06,6.45,0.021
W210424,2150.0,2260.0,2420.0,46.3,17.2,29.2,0.574,0.299,0.13,0.745,1.76,1.2,42000.0,17600.0,39600.0,796.0,350.0,186.0,1200.0,2040.0,0.485,19.2,19.4,19.61,0.019
W210425,2110.0,2200.0,2320.0,46.9,19.5,25.8,0.91,0.564,0.23,1.48,1.07,1.18,31600.0,14900.0,26100.0,939.0,491.0,246.0,1780.0,924.0,0.475,14.3,14.4,11.07,0.012
W210426,2080.0,2160.0,2340.0,40.1,18.6,29.9,1.36,0.73,0.104,1.98,1.04,1.68,24600.0,12900.0,27500.0,1280.0,579.0,101.0,2170.0,815.0,0.678,13.0,13.1,12.83,0.023
W210427,2060.0,2140.0,2200.0,12.4,8.54,62.7,1.88,0.332,0.203,0.373,0.468,2.2,3890.0,3030.0,29300.0,897.0,134.0,100.0,207.0,187.0,0.906,6.5,6.69,5.78,0.032
W210428,2800.0,2800.0,2800.0,54.0,29.0,5.65,1.71,0.631,0.257,1.02,1.57,2.25,16600.0,10100.0,2600.0,803.0,250.0,125.0,559.0,619.0,0.911,6.5,6.58,6.75,0.011
W210429,2230.0,2310.0,2520.0,43.6,23.4,19.4,1.22,1.16,0.513,2.86,0.987,2.3,17000.0,10400.0,11300.0,726.0,585.0,317.0,1990.0,493.0,0.937,8.2,8.35,7.89,0.014
W210430,2800.0,2800.0,2800.0,55.3,29.8,3.7,1.08,0.83,0.135,2.69,2.09,1.5,46000.0,28100.0,4620.0,1370.0,891.0,178.0,3990.0,2230.0,0.615,17.4,17.8,16.67,0.02
W210431,2740.0,2800.0,2800.0,53.7,28.1,3.09,1.29,0.714,0.405,2.36,1.44,2.25,13000.0,7720.0,1120.0,477.0,223.0,156.0,1020.0,446.0,0.915,5.1,5.19,5.11,0.0064
W210432,2020.0,2100.0,2260.0,38.5,18.8,32.6,0.714,0.747,0.243,1.94,1.09,1.6,29100.0,16100.0,36900.0,826.0,728.0,291.0,2610.0,1050.0,0.66,15.7,16.2,10.97,0.16
W210433,1960.0,2040.0,2080.0,20.5,9.4,50.2,3.14,0.88,0.837,2.19,0.552,4.33,4340.0,2250.0,15900.0,1010.0,239.0,280.0,822.0,149.0,1.78,4.4,4.52,4.37,0.072
W210501,2780.0,2800.0,2800.0,47.1,31.9,8.47,1.47,0.83,0.257,2.33,1.09,1.6,38700.0,29700.0,10400.0,1840.0,878.0,334.0,3410.0,1140.0,0.657,17.1,17.6,5.17,0.0073
W210502,2800.0,2800.0,2800.0,55.2,31.6,2.63,1.11,0.73,0.176,2.08,1.99,1.68,31500.0,20400.0,2250.0,965.0,537.0,159.0,2110.0,1450.0,0.688,11.9,12.2,10.98,0.0051
W210503,2800.0,2800.0,2800.0,53.5,32.7,2.62,1.32,0.564,0.108,1.29,2.81,1.85,13900.0,9600.0,1020.0,522.0,189.0,44.4,594.0,932.0,0.76,5.4,5.55,5.26,0.0089
W210595,2290.0,2370.0,2420.0,23.7,22.5,27.5,6.86,1.44,0.176,0.661,1.2,7.25,2840.0,3040.0,4920.0,1250.0,223.0,33.3,141.0,184.0,2.97,2.5,2.56,2.77,0.018
W211159,2800.0,2800.0,2800.0,50.1,38.0,1.79,0.448,0.332,0.216,2.27,2.84,0.85,17000.0,14600.0,908.0,233.0,145.0,116.0,1370.0,1240.0,0.348,7.1,7.27,6.69,0.0071
W211160,2760.0,2800.0,2800.0,56.5,28.9,3.52,0.238,0.747,0.311,5.4,1.42,0.725,58100.0,33600.0,5410.0,374.0,990.0,506.0,9880.0,1870.0,0.294,21.7,22.0,26.96,0.012
W211161,2130.0,2190.0,2330.0,37.6,18.4,34.9,1.05,0.382,0.0878,0.841,1.19,1.55,16300.0,9070.0,22700.0,697.0,214.0,60.4,650.0,659.0,0.626,9.2,9.29,9.06,0.0075
W211162,2200.0,2280.0,2400.0,46.0,21.2,24.2,0.56,0.664,0.149,2.13,1.44,1.2,35300.0,18400.0,27800.0,656.0,656.0,180.0,2900.0,1410.0,0.486,16.2,16.4,15.37,0.0052
W211163,2600.0,2690.0,2800.0,48.8,26.8,15.1,0.77,0.697,0.23,2.44,1.54,1.23,35100.0,21900.0,16200.0,846.0,646.0,262.0,3120.0,1420.0,0.496,15.2,15.4,14.46,0.0053
W211165,2530.0,2600.0,2700.0,53.8,24.7,11.6,0.476,1.08,0.189,3.06,1.2,1.2,42200.0,21900.0,13600.0,571.0,1090.0,235.0,4280.0,1210.0,0.489,16.5,16.8,15.44,0.0086
W211166,2100.0,2160.0,2320.0,23.0,17.0,47.2,1.95,0.448,0.23,0.625,0.719,2.5,8620.0,7220.0,26500.0,1110.0,216.0,136.0,417.0,345.0,1.01,7.9,8.02,8.09,0.011
W211167,2580.0,2680.0,2760.0,43.2,28.9,18.2,1.6,0.598,0.176,1.39,1.4,1.75,17500.0,13300.0,11100.0,990.0,313.0,113.0,1010.0,730.0,0.707,8.6,8.69,8.76,0.0064
W211168,2560.0,2730.0,2800.0,69.7,19.4,3.52,0.392,0.88,0.176,2.43,2.61,0.825,80500.0,25400.0,6080.0,692.0,1310.0,321.0,4990.0,3850.0,0.333,24.5,24.7,22.57,0.0068
W211169,2600.0,2680.0,2750.0,51.7,27.8,2.47,5.55,0.863,0.162,2.22,1.87,1.7,52400.0,32000.0,3750.0,8590.0,1130.0,260.0,4010.0,2430.0,0.686,21.5,21.7,18.27,0.011
W211170,2510.0,2670.0,2800.0,52.9,28.1,5.18,1.6,1.83,0.446,4.13,1.15,1.73,68700.0,41300.0,10100.0,3170.0,3060.0,917.0,9560.0,1920.0,0.697,27.5,27.8,24.59,0.013
W211171,2760.0,2800.0,2800.0,58.4,28.2,3.35,0.56,0.93,0.216,3.37,2.26,0.925,79000.0,43300.0,6780.0,1160.0,1620.0,463.0,8110.0,3910.0,0.373,28.7,29.0,25.08,0.0054
W211172,2380.0,2580.0,2800.0,52.2,25.0,10.3,0.336,1.83,0.216,5.2,1.04,1.33,79300.0,43000.0,23500.0,781.0,3580.0,521.0,14100.0,2020.0,0.536,32.2,32.5,29.55,0.013
W211173,2690.0,2800.0,2800.0,60.3,26.2,3.25,0.868,1.05,0.446,2.69,1.72,1.33,48800.0,24000.0,3930.0,1070.0,1090.0,572.0,3880.0,1780.0,0.537,17.1,17.3,15.67,0.0046
W211174,2240.0,2360.0,2560.0,40.8,22.8,23.4,0.672,1.08,0.446,4.19,0.953,1.95,29500.0,18700.0,25400.0,744.0,1010.0,511.0,5410.0,883.0,0.79,15.3,15.5,11.01,0.012
W211189,2180.0,2240.0,2480.0,38.3,26.1,25.7,0.49,0.73,0.135,3.49,1.04,1.38,68900.0,53000.0,69100.0,1350.0,1690.0,384.0,11100.0,2380.0,0.565,37.4,38.4,30.95,0.0052
W211191,2070.0,2100.0,2140.0,19.2,11.4,55.4,1.34,0.398,0.0729,0.769,0.502,1.55,8720.0,5860.0,37600.0,932.0,233.0,52.4,621.0,291.0,0.64,9.4,9.71,11.35,0.0078
W211192,2630.0,2800.0,2800.0,54.9,28.8,5.19,0.826,0.913,0.162,3.05,1.19,1.35,25500.0,15200.0,3610.0,587.0,548.0,119.0,2530.0,707.0,0.554,9.7,9.95,9.8,0.0075
W211193,2610.0,2800.0,2800.0,52.9,28.4,5.38,1.76,0.664,0.149,1.6,2.32,2.38,12600.0,7670.0,1920.0,644.0,204.0,56.2,680.0,710.0,0.991,4.9,5.12,5.04,0.0076
W211194,2500.0,2560.0,2590.0,43.8,26.9,18.4,1.2,0.896,0.149,2.01,1.14,1.6,17600.0,12200.0,11100.0,739.0,464.0,94.5,1430.0,584.0,0.654,8.4,8.59,8.01,0.0084
W211195,1890.0,1980.0,2070.0,16.9,9.45,42.0,13.6,0.747,0.635,0.649,0.418,9.65,3450.0,2180.0,12800.0,4240.0,196.0,205.0,235.0,109.0,3.91,4.3,4.36,3.8,0.1
W211196,2410.0,2520.0,2640.0,46.2,28.2,11.0,2.63,0.896,0.378,1.41,1.35,3.05,12900.0,8940.0,4590.0,1130.0,323.0,168.0,700.0,485.0,1.24,5.9,5.98,6.5,0.025
W211197,1980.0,2090.0,2220.0,47.3,25.2,17.7,0.84,1.2,0.284,2.92,1.02,1.88,45200.0,27200.0,25300.0,1230.0,1470.0,429.0,4970.0,1250.0,0.759,20.2,20.4,19.5,0.022
W211199,2230.0,2370.0,2470.0,47.8,24.9,9.98,3.04,1.29,0.392,3.52,1.19,2.33,67700.0,39900.0,21200.0,6580.0,2360.0,879.0,8880.0,2150.0,0.939,30.0,30.3,32.1,0.023
W211204,1940.0,2050.0,2190.0,45.7,25.0,14.2,3.24,0.714,0.567,1.9,1.39,1.78,40600.0,25100.0,18900.0,4390.0,817.0,798.0,3000.0,1580.0,0.718,18.8,19.0,14.4,0.016
W211205,2420.0,2540.0,2660.0,42.2,28.4,9.82,4.89,0.647,0.405,1.38,1.15,1.88,48000.0,36600.0,16700.0,8480.0,947.0,729.0,2790.0,1680.0,0.759,24.0,24.3,23.7,0.03
W211610,2800.0,2800.0,2800.0,56.3,27.1,5.13,1.05,0.996,0.284,2.92,1.25,1.48,25800.0,14100.0,3530.0,737.0,589.0,206.0,2390.0,737.0,0.604,9.6,9.82,9.39,0.0093
W211611,2690.0,2800.0,2800.0,46.6,32.6,11.7,1.2,0.614,0.203,1.57,1.07,1.63,18900.0,15000.0,7090.0,747.0,321.0,130.0,1140.0,556.0,0.664,8.5,8.68,8.9,0.0062
W211612,2010.0,2080.0,2250.0,36.5,18.7,33.5,1.43,0.448,0.203,1.18,1.14,1.88,15900.0,9200.0,21800.0,950.0,252.0,140.0,913.0,633.0,0.768,9.1,9.32,8.65,0.012
W211613,2570.0,2610.0,2660.0,44.0,27.8,19.7,0.952,0.548,0.176,1.92,1.34,1.55,17200.0,12300.0,11500.0,569.0,276.0,109.0,1340.0,670.0,0.641,8.1,8.37,7.5,0.0092
W211614,2800.0,2800.0,2800.0,57.5,31.5,3.66,0.714,0.481,0.149,1.27,1.45,1.23,28900.0,17900.0,2750.0,548.0,312.0,118.0,1140.0,935.0,0.506,10.4,10.7,9.74,0.0042
W211615,2800.0,2800.0,2800.0,51.0,36.4,3.05,0.784,0.564,0.135,1.79,1.49,1.25,19400.0,15700.0,1730.0,456.0,277.0,81.3,1210.0,724.0,0.521,7.8,8.14,7.66,0.012
W211616,2800.0,2800.0,2800.0,57.1,33.2,1.1,0.672,0.382,0.149,1.41,2.21,1.23,21200.0,14000.0,609.0,382.0,183.0,87.5,931.0,1050.0,0.506,7.7,7.95,6.93,0.0046
W211619,2800.0,2800.0,2800.0,59.7,28.6,2.46,0.882,0.631,0.23,1.51,2.16,1.3,27700.0,15000.0,1710.0,625.0,377.0,169.0,1250.0,1280.0,0.532,9.7,9.93,9.08,0.006
W211620,2780.0,2800.0,2800.0,58.6,24.2,5.75,1.5,0.481,0.135,1.42,2.02,1.13,57200.0,26800.0,8400.0,2240.0,606.0,209.0,2470.0,2530.0,0.459,20.5,20.9,17.85,0.004
W211621,2730.0,2800.0,2800.0,47.7,28.3,4.45,5.73,0.714,0.243,2.3,1.62,2.73,32800.0,22000.0,4570.0,6010.0,632.0,265.0,2810.0,1430.0,1.11,14.4,14.7,14.28,0.014
W211622,2690.0,2780.0,2800.0,56.5,25.0,8.55,0.784,0.88,0.23,2.64,1.19,1.4,36400.0,18200.0,8250.0,773.0,731.0,235.0,3040.0,980.0,0.572,13.5,13.8,12.66,0.012
W211623,2110.0,2220.0,2540.0,38.6,25.3,23.2,1.43,0.896,0.284,2.96,0.836,1.8,21100.0,15700.0,19000.0,1190.0,632.0,246.0,2880.0,585.0,0.739,11.4,11.7,10.95,0.013
W211624,2740.0,2800.0,2800.0,53.5,31.0,6.92,1.02,0.415,0.128,1.26,2.42,0.55,39800.0,26100.0,7700.0,1160.0,398.0,151.0,1670.0,2310.0,0.226,15.5,15.9,14.95,0.0054
W211625,2790.0,2800.0,2800.0,50.6,36.7,2.92,1.79,0.564,0.54,1.32,1.24,1.75,15000.0,12300.0,1290.0,809.0,215.0,253.0,695.0,468.0,0.714,6.2,6.32,6.49,0.0078
W211626,2800.0,2800.0,2800.0,50.9,36.3,3.26,0.602,0.863,0.27,3.94,1.97,0.4,45600.0,36700.0,4370.0,824.0,996.0,383.0,6280.0,2260.0,0.164,18.7,19.2,16.23,0.0098
W211627,2760.0,2800.0,2800.0,54.1,29.5,8.02,0.644,0.515,0.297,2.13,1.92,0.65,30600.0,18900.0,6790.0,557.0,375.0,266.0,2140.0,1390.0,0.265,11.9,12.1,12.17,0.0051
W211630,2080.0,2300.0,2400.0,33.9,20.1,36.4,1.64,0.614,0.23,1.63,1.09,1.83,14400.0,9640.0,23100.0,1060.0,336.0,154.0,1230.0,590.0,0.744,8.9,9.07,8.41,0.017
W211631,2550.0,2630.0,2690.0,50.7,27.3,7.15,2.49,1.03,0.716,1.96,1.39,2.35,7310.0,4450.0,1540.0,549.0,191.0,164.0,503.0,256.0,0.967,3.0,3.09,2.41,0.02
W211634,2800.0,2800.0,2800.0,56.1,33.2,2.09,0.728,0.614,0.149,1.84,2.36,0.475,32000.0,21500.0,1790.0,636.0,452.0,135.0,1870.0,1720.0,0.195,11.9,12.2,11.27,0.0058
W211635,2800.0,2800.0,2800.0,57.8,29.8,3.88,0.728,0.747,0.176,2.44,1.62,0.6,41600.0,24200.0,4170.0,800.0,692.0,200.0,3120.0,1490.0,0.246,15.0,15.4,14.36,0.0066
W211636,2460.0,2560.0,2680.0,43.1,28.4,2.65,9.72,0.714,0.756,1.94,1.57,7.48,20300.0,15100.0,1860.0,7000.0,433.0,564.0,1620.0,947.0,3.04,9.9,10.1,10.29,0.025
W211637,2260.0,2480.0,2600.0,37.7,27.5,17.3,5.27,0.548,0.891,1.39,1.49,5.13,13600.0,11300.0,9370.0,2910.0,255.0,510.0,897.0,688.0,2.09,7.6,7.73,7.77,0.017
W211638,2800.0,2800.0,2800.0,53.9,33.9,2.2,0.56,0.93,0.243,3.56,2.12,0.475,40800.0,29000.0,2490.0,647.0,906.0,291.0,4790.0,2050.0,0.193,15.9,16.2,15.05,0.0098
W211639,2140.0,2490.0,2540.0,46.4,24.9,20.4,1.27,0.465,0.203,1.37,1.86,1.05,27900.0,17000.0,18400.0,1170.0,361.0,193.0,1470.0,1430.0,0.426,12.7,12.9,13.05,0.012
W211640,2140.0,2190.0,2400.0,43.3,19.5,29.9,0.742,0.531,0.284,1.43,0.953,0.975,23000.0,11700.0,23700.0,601.0,363.0,238.0,1350.0,646.0,0.398,11.1,11.3,10.36,0.015
W211641,2130.0,2220.0,2490.0,51.3,20.2,19.7,0.644,1.18,0.405,2.42,0.836,1.48,69900.0,31200.0,40200.0,1340.0,2070.0,875.0,5860.0,1460.0,0.601,28.6,29.2,27.2,0.16
W211642,2450.0,2560.0,2680.0,54.8,24.7,7.74,3.05,0.764,0.284,2.15,1.1,1.25,29500.0,15100.0,6240.0,2520.0,531.0,242.0,2070.0,761.0,0.511,11.3,11.5,10.99,0.033
W211643,2160.0,2230.0,2500.0,50.4,19.3,21.1,1.71,0.847,0.297,2.22,0.92,1.38,35800.0,15500.0,22400.0,1850.0,775.0,334.0,2810.0,835.0,0.561,14.9,15.2,14.2,0.017
W211644,2320.0,2470.0,2570.0,56.8,21.7,10.6,1.6,1.13,0.297,2.72,0.92,1.23,58500.0,25300.0,16400.0,2510.0,1500.0,485.0,4980.0,1210.0,0.498,21.7,22.0,21.68,0.018
W211645,2600.0,2720.0,2800.0,47.9,28.9,16.0,0.882,0.498,0.378,1.29,1.15,0.925,11200.0,7640.0,5600.0,315.0,150.0,140.0,535.0,345.0,0.377,4.9,5.0,4.23,0.0099
W211646,2450.0,2600.0,2740.0,54.4,24.3,13.1,0.448,0.664,0.365,2.73,1.1,0.6,29500.0,15000.0,10600.0,372.0,465.0,314.0,2640.0,767.0,0.245,11.4,11.6,21.15,0.0099
W211647,2460.0,2650.0,2800.0,55.9,25.1,8.27,1.44,0.747,0.203,2.8,1.09,1.35,52200.0,26500.0,11500.0,2060.0,898.0,299.0,4650.0,1300.0,0.556,19.4,20.0,19.56,0.0073
W211648,2000.0,2080.0,2300.0,43.6,17.6,31.8,0.882,0.73,0.27,1.69,0.769,1.27,19800.0,9040.0,21600.0,612.0,427.0,194.0,1370.0,447.0,0.521,9.5,9.71,9.96,0.016
W211649,2220.0,2340.0,2450.0,40.3,17.3,20.6,9.19,0.614,0.257,1.63,0.836,3.95,22300.0,10800.0,17100.0,7760.0,438.0,225.0,1610.0,591.0,1.61,11.6,11.8,12.02,0.037
W211650,2160.0,2230.0,2400.0,49.6,21.0,22.2,0.924,0.863,0.216,2.07,1.0,1.18,24100.0,11500.0,16100.0,686.0,540.0,166.0,1790.0,623.0,0.479,10.2,10.4,10.49,0.011
W211651,2080.0,2190.0,2340.0,48.6,20.9,2.4,0.924,0.647,0.257,1.83,0.97,1.4,26200.0,12800.0,1940.0,763.0,451.0,220.0,1760.0,670.0,0.573,11.3,11.6,11.84,0.014
W211652,2120.0,2250.0,2530.0,49.2,22.0,22.1,0.56,0.614,0.338,1.71,1.02,0.875,31400.0,15900.0,21100.0,547.0,506.0,342.0,1940.0,834.0,0.357,13.4,13.7,13.03,0.013
W211653,2130.0,2220.0,2360.0,38.8,23.2,31.0,1.13,0.531,0.203,1.47,0.803,1.5,19800.0,13400.0,23600.0,882.0,349.0,163.0,1330.0,523.0,0.616,10.6,10.9,10.26,0.13
W211654,2220.0,2320.0,2460.0,49.9,20.6,21.0,0.784,0.813,0.243,2.37,1.25,0.7,27200.0,12700.0,17100.0,653.0,571.0,210.0,2300.0,874.0,0.286,11.4,11.7,10.8,0.012
W211655,2010.0,2070.0,2170.0,28.3,16.3,46.7,1.6,0.448,0.257,1.43,0.635,1.43,13700.0,8900.0,33800.0,1180.0,279.0,197.0,1230.0,393.0,0.584,10.1,10.3,9.54,0.013
W211656,1970.0,2100.0,2260.0,43.8,19.3,26.3,1.5,0.515,0.162,2.14,1.02,1.27,22600.0,11300.0,20400.0,1180.0,343.0,133.0,1970.0,674.0,0.527,10.7,11.1,8.75,0.013
W211659,1910.0,2000.0,2100.0,39.1,19.5,30.6,0.826,0.946,0.149,2.31,0.853,1.63,41700.0,23500.0,48800.0,1350.0,1300.0,251.0,4380.0,1160.0,0.659,22.5,22.8,21.3,0.026
W211660,1950.0,2060.0,2150.0,52.5,21.3,14.6,0.812,1.83,0.189,4.44,0.92,1.7,74900.0,34400.0,31100.0,1770.0,3360.0,428.0,11300.0,1680.0,0.688,30.2,30.6,27.4,0.033
W211661,2020.0,2110.0,2210.0,41.5,25.5,13.6,6.78,0.946,0.27,2.19,0.987,3.48,23400.0,16200.0,11500.0,5820.0,686.0,241.0,2190.0,710.0,1.41,11.9,12.0,11.3,0.041
W211662,2010.0,2100.0,2190.0,39.8,26.7,20.2,2.59,1.08,0.324,2.02,1.12,2.55,13900.0,10600.0,10600.0,1380.0,486.0,179.0,1260.0,501.0,1.03,7.4,7.48,7.3,0.03
W211663,1900.0,2010.0,2080.0,32.7,19.7,29.0,6.61,0.93,0.432,2.06,0.92,3.73,9140.0,6220.0,12100.0,2820.0,334.0,191.0,1020.0,328.0,1.51,5.9,5.97,5.3,0.031
W211664,2000.0,2090.0,2180.0,42.5,24.6,18.5,4.4,0.747,0.473,1.51,0.987,1.8,49100.0,32200.0,32000.0,7760.0,1110.0,865.0,3120.0,1460.0,0.727,24.5,24.7,26.9,0.028
W211665,1910.0,2000.0,2150.0,43.8,20.7,20.3,4.24,0.963,0.257,2.3,1.1,2.5,34700.0,18500.0,24000.0,5140.0,983.0,322.0,3240.0,1120.0,1.01,16.8,17.0,16.6,0.034
W211666,1940.0,2050.0,2160.0,50.7,22.5,14.6,2.66,1.05,0.446,2.84,1.12,0.925,41200.0,20700.0,17700.0,3310.0,1100.0,575.0,4110.0,1170.0,0.375,17.2,17.4,16.9,0.022
W211670,1860.0,2000.0,2090.0,32.0,21.0,31.9,3.17,1.06,0.27,2.43,0.702,4.2,10300.0,7670.0,15400.0,1560.0,443.0,138.0,1400.0,291.0,1.71,6.8,6.92,6.1,0.034
W211671,1980.0,2100.0,2220.0,40.7,18.3,29.7,1.19,1.41,0.324,3.37,0.686,2.33,29200.0,14800.0,31900.0,1300.0,1300.0,368.0,4290.0,629.0,0.944,15.1,15.3,18.1,0.023
W211672,1890.0,1980.0,2080.0,43.7,23.2,21.2,2.84,0.747,0.203,1.36,1.84,2.08,46200.0,27700.0,33600.0,4590.0,1020.0,339.0,2560.0,2490.0,0.85,22.1,22.6,22.6,0.018
W211673,2340.0,2470.0,2560.0,49.6,26.8,13.0,1.12,1.13,0.27,2.26,1.74,1.55,78100.0,47900.0,30700.0,2700.0,2290.0,674.0,6340.0,3510.0,0.633,33.0,33.7,31.0,0.014
W211674,2330.0,2430.0,2680.0,40.4,28.9,13.6,3.5,1.11,0.756,2.45,1.37,3.83,5950.0,4810.0,2990.0,787.0,211.0,176.0,642.0,258.0,1.55,3.1,3.15,3.39,0.017
W211675,2170.0,2340.0,2500.0,53.0,18.6,19.3,0.49,1.18,0.297,3.06,0.635,1.08,31300.0,12400.0,17100.0,443.0,898.0,278.0,3230.0,481.0,0.435,12.5,12.7,12.01,0.017
W211676,2550.0,2800.0,2800.0,56.8,28.8,3.15,0.7,0.813,0.567,3.39,1.54,0.5,34600.0,19900.0,2870.0,653.0,640.0,548.0,3680.0,1200.0,0.202,12.9,13.1,10.14,0.006
W211677,2500.0,2650.0,2730.0,57.5,27.2,4.72,0.56,1.01,0.432,4.21,1.39,0.6,44900.0,24000.0,5510.0,668.0,1020.0,534.0,5850.0,1390.0,0.243,16.5,16.7,16.02,0.0094
W211683,2750.0,2800.0,2800.0,54.7,28.4,3.6,1.58,1.16,0.257,3.25,1.39,1.88,13500.0,7910.0,1330.0,595.0,368.0,100.0,1420.0,437.0,0.774,5.1,5.26,4.65,0.016
W211684,2710.0,2780.0,2800.0,49.9,28.8,12.8,1.02,0.515,0.176,1.26,1.86,1.13,30400.0,19800.0,11700.0,949.0,403.0,169.0,1370.0,1440.0,0.457,12.8,13.0,12.65,0.0087
W211685,2580.0,2700.0,2760.0,42.5,30.5,10.7,3.7,0.83,1.27,2.08,1.57,3.73,14200.0,11500.0,5320.0,1880.0,356.0,670.0,1230.0,670.0,1.52,7.0,7.13,7.83,0.018
W211686,2800.0,2800.0,2800.0,58.5,29.2,4.83,0.56,0.398,0.0797,1.13,2.19,0.5,42400.0,24000.0,5250.0,621.0,373.0,91.6,1460.0,2030.0,0.204,15.2,15.5,14.56,0.0031
W211687,2800.0,2800.0,2800.0,49.4,32.2,8.11,1.09,0.979,0.297,2.67,0.987,1.15,20900.0,15500.0,5150.0,708.0,536.0,200.0,2020.0,536.0,0.469,8.9,9.08,8.79,0.025
W211688,2600.0,2800.0,2800.0,56.4,30.7,3.68,0.616,0.714,0.243,2.19,2.14,0.675,39200.0,24200.0,3830.0,655.0,640.0,268.0,2710.0,1910.0,0.275,14.6,14.9,14.1,0.0074
W211691,2800.0,2800.0,2800.0,50.2,38.0,1.42,1.54,0.481,0.132,0.974,2.31,1.33,10300.0,8850.0,436.0,485.0,128.0,43.2,357.0,608.0,0.543,4.3,4.41,4.22,0.0042
W211692,2660.0,2800.0,2800.0,51.1,32.3,5.92,1.78,0.83,0.459,1.05,1.94,1.58,15900.0,11400.0,2760.0,847.0,334.0,227.0,580.0,774.0,0.646,6.5,6.67,5.8,0.0078
W211693,2260.0,2550.0,2670.0,45.8,27.0,10.4,3.49,1.66,0.594,2.75,1.19,4.22,8050.0,5380.0,2740.0,936.0,376.0,165.0,861.0,267.0,1.72,3.7,3.76,4.03,0.08
W211694,2620.0,2750.0,2800.0,48.2,30.6,12.6,1.53,0.73,0.216,1.65,1.67,1.65,16900.0,12200.0,6640.0,818.0,330.0,120.0,1030.0,751.0,0.679,7.3,7.51,7.62,0.009
W212054,2080.0,2210.0,2320.0,41.5,24.8,24.0,1.72,0.797,0.203,2.07,1.17,1.98,18100.0,12200.0,15600.0,1150.0,447.0,140.0,1600.0,652.0,0.809,9.1,9.31,8.81,0.017
W212055,2320.0,2600.0,2680.0,44.7,30.2,13.9,1.15,1.21,0.203,3.58,0.92,1.05,26000.0,19900.0,12100.0,1020.0,907.0,186.0,3700.0,683.0,0.431,12.1,12.4,11.2,0.01
W212056,2800.0,2800.0,2800.0,48.4,33.1,4.48,1.39,0.83,0.162,1.88,0.97,2.0,15900.0,12300.0,2210.0,698.0,352.0,84.6,1100.0,409.0,0.817,6.9,7.05,6.41,0.0081
W212057,2770.0,2800.0,2800.0,54.4,31.2,3.25,1.41,0.747,0.176,1.44,1.72,2.0,16300.0,10600.0,1460.0,648.0,289.0,83.4,770.0,661.0,0.815,6.3,6.42,6.08,0.009
W212058,2540.0,2760.0,2800.0,41.7,32.7,5.88,2.7,1.44,0.284,3.22,1.02,3.3,6990.0,6200.0,1470.0,692.0,312.0,75.2,960.0,219.0,1.35,3.5,3.58,3.56,0.012
W212059,2770.0,2800.0,2800.0,56.1,31.6,2.43,0.91,0.481,0.648,1.15,2.31,1.55,19700.0,12500.0,1280.0,488.0,218.0,360.0,720.0,1040.0,0.628,7.4,7.5,7.1,0.004
W212060,2640.0,2780.0,2800.0,49.0,29.9,5.88,2.27,0.83,0.864,1.07,1.91,3.2,9250.0,6380.0,1660.0,654.0,202.0,258.0,359.0,460.0,1.29,4.0,4.04,3.71,0.0061
W212061,2800.0,2800.0,2800.0,52.6,31.4,3.3,0.98,0.913,0.554,3.44,1.27,2.0,16700.0,11200.0,1560.0,474.0,372.0,278.0,1940.0,514.0,0.808,6.7,6.77,6.04,0.0069
W212062,2720.0,2800.0,2800.0,68.9,20.2,2.02,0.826,0.465,0.284,1.25,2.68,1.83,25800.0,8590.0,1130.0,473.0,225.0,168.0,834.0,1280.0,0.741,7.9,8.02,6.89,0.004
W212063,2220.0,2440.0,2590.0,41.1,25.3,16.2,2.16,1.06,0.5,1.74,1.12,3.68,14700.0,10300.0,8650.0,1180.0,490.0,283.0,1110.0,513.0,1.5,7.5,7.65,7.31,0.016
W212064,2470.0,2640.0,2740.0,48.2,29.3,5.65,1.95,1.18,1.49,3.03,1.3,3.25,9800.0,6750.0,1720.0,606.0,309.0,479.0,1100.0,340.0,1.32,4.3,4.36,4.15,0.018
W212065,2200.0,2250.0,2290.0,26.5,19.5,4.93,14.7,2.16,1.62,1.49,0.836,16.9,5560.0,4620.0,1550.0,4710.0,583.0,538.0,556.0,224.0,7.02,4.3,4.48,4.14,0.044
W212066,2800.0,2800.0,2800.0,53.9,32.1,3.72,0.406,0.664,0.216,3.02,1.66,1.33,40300.0,27200.0,4160.0,463.0,639.0,256.0,4010.0,1580.0,0.536,15.8,16.0,14.69,0.0047
W212067,2750.0,2800.0,2800.0,49.4,30.1,4.83,1.13,0.847,0.527,2.87,1.19,2.1,13100.0,9040.0,1920.0,460.0,290.0,222.0,1360.0,403.0,0.852,5.6,5.68,5.14,0.0059
W212068,2640.0,2800.0,2800.0,52.0,30.1,5.31,1.97,0.847,0.284,2.21,1.37,2.8,13000.0,8530.0,1990.0,756.0,273.0,113.0,987.0,440.0,1.13,5.3,5.36,5.2,0.007
W212069,2800.0,2800.0,2800.0,58.0,26.5,2.29,0.588,0.714,0.392,1.19,1.99,1.4,38500.0,19900.0,2270.0,596.0,610.0,412.0,1400.0,1690.0,0.568,14.0,14.2,12.53,0.0026
W212070,2690.0,2800.0,2800.0,44.5,35.7,4.43,2.13,0.697,1.23,1.59,1.09,2.53,10900.0,9940.0,1630.0,800.0,221.0,479.0,695.0,342.0,1.02,5.2,5.26,4.97,0.0099
W212071,2600.0,2670.0,2740.0,46.2,19.7,8.94,2.7,0.664,0.27,1.11,0.619,1.88,6350.0,3060.0,1840.0,567.0,118.0,58.8,271.0,109.0,0.76,2.9,2.94,3.41,0.0062
W212072,2300.0,2450.0,2560.0,49.6,22.5,10.8,2.07,1.66,0.54,3.61,1.04,1.98,63800.0,32700.0,20800.0,4070.0,2750.0,1100.0,8260.0,1710.0,0.796,27.3,27.5,30.2,0.02
W212073,2340.0,2490.0,2580.0,56.5,23.6,7.15,0.336,1.59,0.864,4.03,1.04,1.25,87500.0,41400.0,16600.0,795.0,3180.0,2120.0,11100.0,2050.0,0.505,32.8,33.1,30.7,0.024
W212075,2560.0,2650.0,2770.0,44.3,31.9,7.12,3.49,0.996,0.594,2.42,1.54,2.05,28200.0,23000.0,6790.0,3400.0,818.0,600.0,2740.0,1250.0,0.828,13.5,13.6,13.9,0.017
W212076,2410.0,2500.0,2620.0,57.8,22.5,6.76,1.37,1.21,0.662,2.96,1.17,1.13,66200.0,29200.0,11600.0,2400.0,1790.0,1200.0,6030.0,1720.0,0.46,24.0,24.5,22.0,0.014
W212077,2530.0,2660.0,2760.0,56.7,24.6,3.96,2.46,1.2,0.675,2.91,1.19,1.7,34600.0,17000.0,3610.0,2290.0,939.0,652.0,3160.0,926.0,0.698,12.7,13.0,14.5,0.02
W212079,2420.0,2500.0,2590.0,64.6,17.9,6.36,1.41,0.83,0.756,2.42,0.886,1.5,104000.0,32800.0,15400.0,3490.0,1730.0,1940.0,6950.0,1830.0,0.625,33.2,34.6,31.4,0.012
W212080,2610.0,2700.0,2800.0,57.1,26.8,3.27,1.43,1.16,0.689,3.11,1.27,1.25,46000.0,24500.0,3950.0,1760.0,1210.0,879.0,4460.0,1310.0,0.51,16.9,17.2,16.9,0.013
W212081,2320.0,2400.0,2500.0,56.9,23.3,3.83,3.42,1.13,0.648,2.68,0.97,1.75,45300.0,21000.0,4570.0,4160.0,1160.0,818.0,3800.0,989.0,0.714,16.7,17.0,16.2,0.036
W212082,2070.0,2150.0,2270.0,40.7,29.3,12.3,2.59,1.83,0.419,3.68,1.15,2.83,10900.0,8870.0,4930.0,1060.0,629.0,177.0,1750.0,395.0,1.15,5.6,5.72,5.6,0.013
W212083,1810.0,1900.0,2000.0,30.4,14.7,41.2,1.27,0.813,0.311,2.34,1.39,1.73,33500.0,18300.0,68000.0,2150.0,1160.0,543.0,4600.0,1960.0,0.699,23.3,23.6,22.9,0.017
W212084,2480.0,2570.0,2650.0,43.9,26.7,12.3,2.63,1.48,0.419,2.56,0.635,2.63,17900.0,12300.0,7530.0,1640.0,778.0,271.0,1860.0,332.0,1.07,8.6,8.74,8.9,0.027
W212085,1940.0,2030.0,2110.0,24.8,11.2,49.8,1.99,0.681,0.405,1.75,0.836,2.13,15000.0,7650.0,45100.0,1840.0,532.0,389.0,1890.0,648.0,0.861,12.8,13.0,12.4,0.032
W212086,2200.0,2310.0,2420.0,52.0,22.3,14.7,0.63,1.31,0.311,3.03,0.452,1.35,39600.0,19200.0,16800.0,733.0,1290.0,374.0,4100.0,440.0,0.553,15.9,16.3,15.3,0.24
W212087,1920.0,2010.0,2100.0,22.7,19.8,30.7,7.9,1.26,0.351,0.938,1.19,6.35,3680.0,3650.0,7470.0,1960.0,264.0,90.3,271.0,247.0,2.59,3.4,3.47,3.3,0.019
W212088,2070.0,2180.0,2450.0,43.2,21.6,25.0,1.92,0.614,0.594,1.07,2.36,2.05,6380.0,3600.0,5530.0,433.0,117.0,139.0,281.0,445.0,0.835,3.1,3.16,7.63,0.03
W212089,2080.0,2190.0,2470.0,46.2,20.6,23.0,1.93,0.847,0.162,1.69,1.27,2.5,26400.0,13300.0,19700.0,1690.0,624.0,147.0,1730.0,931.0,1.02,12.0,12.2,9.0,0.026
W212090,2360.0,2570.0,2660.0,45.8,29.9,13.4,1.96,0.946,0.257,1.81,1.52,2.17,25500.0,18800.0,11200.0,1670.0,679.0,226.0,1800.0,1080.0,0.886,11.7,11.9,11.54,0.056
W212091,2250.0,2480.0,2600.0,48.8,26.5,13.0,1.54,1.03,0.662,2.12,1.34,1.55,10900.0,6720.0,4370.0,528.0,298.0,235.0,845.0,384.0,0.633,4.7,4.8,4.75,0.015
W212260,1930.0,2020.0,2110.0,29.7,14.8,41.3,2.16,0.232,0.27,1.69,1.27,3.13,15300.0,8580.0,31700.0,1690.0,154.0,220.0,1550.0,834.0,1.27,10.8,11.0,11.6,0.029
W212261,2580.0,2700.0,2790.0,55.2,26.8,6.01,1.16,0.282,0.216,2.36,0.702,1.25,87200.0,48000.0,14200.0,2800.0,574.0,540.0,6620.0,1420.0,0.509,33.2,33.8,35.4,0.016
W212262,2760.0,2860.0,2910.0,54.4,29.5,6.29,1.02,0.216,0.243,1.73,1.99,1.38,65700.0,40400.0,11400.0,1890.0,336.0,466.0,3730.0,3080.0,0.56,25.4,25.9,27.7,0.0091
W212263,1980.0,2070.0,2160.0,42.2,21.0,26.0,0.784,0.299,0.27,3.35,2.61,1.95,57900.0,32600.0,53500.0,1650.0,529.0,588.0,8200.0,4580.0,0.79,29.0,29.4,25.3,0.015
W212264,1810.0,1900.0,2000.0,28.9,18.4,39.2,2.54,0.133,0.216,0.998,0.719,3.15,9870.0,7110.0,20000.0,1320.0,58.5,117.0,607.0,314.0,1.28,7.2,7.31,6.9,0.022
W212265,1850.0,1940.0,2030.0,17.0,12.1,26.7,6.88,0.332,1.03,0.901,0.769,8.1,2750.0,2220.0,6460.0,1700.0,69.1,263.0,259.0,159.0,3.29,3.4,3.46,3.5,0.081
W212266,1900.0,2000.0,2090.0,19.3,8.51,47.9,6.43,0.116,0.27,1.06,0.368,3.68,9760.0,4870.0,36300.0,4970.0,75.8,217.0,953.0,238.0,1.49,10.7,10.8,10.8,0.042
W212267,1970.0,2070.0,2170.0,43.2,22.9,16.7,3.66,0.116,0.27,2.18,1.19,2.3,46400.0,27800.0,26900.0,5990.0,161.0,459.0,4150.0,1630.0,0.93,22.7,23.0,23.1,0.023
W212268,2110.0,2200.0,2310.0,38.1,27.2,15.0,4.8,0.249,0.27,3.13,0.886,3.13,18000.0,14600.0,10600.0,3470.0,152.0,202.0,2630.0,536.0,1.26,10.0,10.1,11.7,0.025
W212269,2020.0,2110.0,2220.0,37.2,24.8,20.9,3.1,0.232,0.27,3.08,1.2,3.3,16000.0,12100.0,13400.0,2030.0,129.0,184.0,2360.0,663.0,1.33,9.1,9.2,7.2,0.026
W212270,2070.0,2160.0,2250.0,31.5,20.4,21.9,6.12,0.315,1.13,2.21,1.09,5.03,7140.0,5250.0,7430.0,2120.0,92.3,408.0,894.0,316.0,2.03,4.8,4.86,4.8,0.054
W212271,1840.0,1910.0,2000.0,22.5,10.0,28.0,17.4,0.166,0.27,1.59,0.368,5.6,14300.0,7200.0,26600.0,16900.0,136.0,272.0,1790.0,299.0,2.27,13.4,13.6,11.6,0.1
W212272,1980.0,2100.0,2240.0,47.9,22.3,13.5,2.18,0.349,0.486,2.72,1.25,2.6,22900.0,12000.0,9600.0,1590.0,214.0,367.0,2310.0,765.0,1.06,10.0,10.2,9.0,0.063
W212273,2010.0,2100.0,2190.0,45.4,21.6,15.6,4.68,0.199,0.378,2.36,1.09,2.17,42000.0,22600.0,21600.0,6620.0,238.0,555.0,3880.0,1290.0,0.884,19.5,19.8,18.4,0.024
W212275,2010.0,2100.0,2190.0,52.0,20.0,15.4,2.39,0.266,0.54,2.67,1.0,1.88,55800.0,24300.0,24800.0,3930.0,367.0,919.0,5100.0,1380.0,0.765,22.5,23.0,20.5,0.022
W212276,2370.0,2450.0,2580.0,54.6,25.3,9.74,0.588,0.332,0.594,3.41,1.09,1.27,55200.0,29000.0,14700.0,910.0,433.0,953.0,6150.0,1410.0,0.521,21.2,21.7,18.8,0.015
W212277,2300.0,2430.0,2520.0,49.6,26.3,7.01,3.36,0.282,0.378,2.55,1.19,2.3,38000.0,22800.0,8030.0,3930.0,278.0,459.0,3470.0,1160.0,0.942,16.0,16.4,15.1,0.022
W212279,2460.0,2580.0,2690.0,56.5,24.4,7.41,1.95,0.282,0.324,2.68,1.24,1.6,49700.0,24300.0,9750.0,2620.0,320.0,452.0,4200.0,1390.0,0.654,18.4,18.8,23.5,0.015
W212280,2720.0,2800.0,2900.0,56.9,24.6,3.05,1.39,0.299,0.594,3.0,1.25,1.18,40300.0,19700.0,3220.0,1500.0,273.0,666.0,3780.0,1140.0,0.484,14.7,15.1,13.4,0.016
W212281,2520.0,2660.0,2760.0,51.1,26.1,10.2,1.18,1.23,0.162,3.85,1.25,1.58,25200.0,14600.0,7560.0,887.0,781.0,127.0,3380.0,792.0,0.639,10.4,10.6,10.39,0.18
W212282,2670.0,2800.0,2800.0,53.3,28.4,7.22,1.32,1.28,0.162,2.8,1.34,1.1,16100.0,9720.0,3270.0,609.0,499.0,77.8,1510.0,518.0,0.445,6.4,6.48,6.05,0.17
W212484,2450.0,2560.0,2610.0,49.9,24.0,15.2,0.868,0.647,0.338,2.87,1.37,1.33,38200.0,20800.0,17400.0,1020.0,639.0,409.0,3910.0,1340.0,0.536,16.2,16.4,15.55,0.0034
W212485,2100.0,2250.0,2350.0,32.7,23.8,34.2,0.784,0.249,0.23,0.962,0.351,1.45,44100.0,36300.0,68900.0,1620.0,433.0,490.0,2310.0,606.0,0.587,28.5,28.8,29.31,0.0051
W212486,2800.0,2800.0,2800.0,48.8,30.8,6.15,2.27,0.564,0.446,0.998,2.58,2.48,10400.0,7450.0,1970.0,741.0,155.0,151.0,380.0,704.0,1.01,4.5,4.57,5.17,0.016
W212487,2240.0,2510.0,2630.0,43.7,25.9,15.0,1.9,0.83,1.05,1.48,2.17,2.23,10000.0,6720.0,5150.0,667.0,245.0,383.0,604.0,638.0,0.91,4.8,4.91,4.71,0.1
W212488,2800.0,2800.0,2800.0,55.2,28.9,6.05,0.448,0.946,0.459,3.8,1.27,0.875,36100.0,21400.0,5910.0,447.0,796.0,475.0,4420.0,1060.0,0.354,13.8,14.0,9.17,0.0078
W212489,2020.0,2110.0,2240.0,39.8,21.2,25.6,3.0,0.432,0.486,0.853,1.52,1.88,10600.0,6370.0,10200.0,1220.0,148.0,205.0,404.0,517.0,0.762,5.6,5.69,5.08,0.012
W212490,2750.0,2800.0,2800.0,55.9,30.2,4.1,0.336,1.16,0.432,4.21,1.19,0.825,46600.0,28600.0,5130.0,429.0,1250.0,572.0,6250.0,1270.0,0.335,17.6,17.9,13.9,0.0097
W212491,2730.0,2800.0,2800.0,56.1,28.2,4.99,1.08,0.913,0.365,3.49,1.37,1.65,29500.0,16800.0,3930.0,867.0,619.0,304.0,3270.0,923.0,0.669,11.1,11.3,15.74,0.039
W212492,2640.0,2800.0,2800.0,53.9,29.1,8.47,0.938,0.598,0.81,2.02,1.71,1.33,13300.0,8100.0,3110.0,352.0,189.0,316.0,884.0,537.0,0.536,5.2,5.26,4.32,0.0039
W212493,2230.0,2370.0,2600.0,39.2,25.1,26.2,0.63,1.01,0.527,3.95,0.92,1.4,19100.0,13900.0,19100.0,470.0,637.0,407.0,3430.0,574.0,0.568,10.3,10.4,12.54,0.011
W212495,2700.0,2800.0,2800.0,57.6,22.5,6.89,1.83,1.66,0.54,3.21,1.17,2.15,19000.0,8410.0,3410.0,926.0,707.0,283.0,1890.0,495.0,0.881,6.9,7.07,6.59,0.024
W212496,2360.0,2500.0,2590.0,49.6,29.7,7.92,1.78,0.913,0.486,2.56,1.17,1.9,13100.0,8850.0,3120.0,716.0,310.0,203.0,1200.0,395.0,0.779,5.5,5.64,4.51,0.012
W212497,2680.0,2780.0,2800.0,50.1,27.2,5.58,1.9,0.764,0.702,2.02,3.01,2.53,9800.0,6030.0,1630.0,570.0,193.0,218.0,704.0,754.0,1.03,4.1,4.19,3.69,0.025
W212498,2660.0,2780.0,2800.0,52.0,27.8,6.36,1.15,1.28,0.77,3.38,1.2,1.6,17100.0,10400.0,3140.0,578.0,543.0,402.0,1980.0,508.0,0.654,6.9,7.05,5.31,0.013
W212499,1960.0,2150.0,2230.0,17.3,11.5,50.1,4.08,0.614,0.432,0.95,0.585,3.6,5420.0,4090.0,23500.0,1960.0,249.0,215.0,531.0,235.0,1.47,6.6,6.72,6.14,0.034
W212500,2010.0,2120.0,2170.0,30.2,14.0,44.3,1.12,0.398,0.324,1.25,0.87,1.5,12700.0,6640.0,27900.0,720.0,216.0,216.0,936.0,468.0,0.613,8.8,9.0,8.63,0.016
W212502,2240.0,2320.0,2360.0,31.7,25.5,8.22,8.7,1.83,0.891,0.877,1.0,9.35,3480.0,3170.0,1350.0,1460.0,259.0,155.0,172.0,141.0,3.82,2.3,2.35,2.29,0.017
W212503,2390.0,2540.0,2620.0,53.5,23.6,14.6,0.476,0.697,0.324,2.38,1.14,1.02,43300.0,21700.0,17700.0,589.0,728.0,416.0,3430.0,1180.0,0.421,16.9,17.3,15.12,0.0057
W212504,2800.0,2800.0,2800.0,57.8,28.4,4.36,0.406,0.581,0.27,2.36,1.72,0.75,49400.0,27400.0,5580.0,530.0,640.0,366.0,3580.0,1880.0,0.308,17.8,18.3,15.64,0.0054
W212563,2440.0,2550.0,2590.0,47.1,26.7,9.15,3.33,1.46,0.527,1.81,1.15,4.18,5540.0,3550.0,1610.0,599.0,222.0,98.2,380.0,174.0,1.68,2.5,2.52,2.87,0.013
W212564,2600.0,2700.0,2740.0,49.4,28.7,3.85,2.61,1.41,0.486,2.22,1.24,2.73,23800.0,15700.0,2770.0,1920.0,876.0,371.0,1910.0,762.0,1.1,10.2,10.3,9.82,0.008
W212565,2390.0,2480.0,2520.0,23.3,25.5,24.0,6.15,1.39,0.432,1.15,0.87,8.28,2110.0,2610.0,3250.0,849.0,163.0,61.9,186.0,101.0,3.37,1.9,1.93,1.65,0.055
W212566,2100.0,2210.0,2300.0,38.5,25.3,22.0,2.21,1.16,0.284,2.3,1.12,2.68,11300.0,8410.0,9660.0,991.0,439.0,132.0,1200.0,420.0,1.08,6.2,6.28,5.94,0.033
W212567,2550.0,2620.0,2670.0,50.5,26.3,15.0,0.49,0.747,0.257,1.36,1.17,1.27,54100.0,31900.0,24100.0,803.0,1030.0,436.0,2590.0,1610.0,0.515,22.7,22.9,20.3,0.0075
W212568,2660.0,2750.0,2790.0,56.9,26.5,5.08,0.518,1.15,0.149,2.94,1.32,1.2,23200.0,12200.0,3100.0,323.0,603.0,96.1,2140.0,690.0,0.488,8.6,8.73,8.58,0.0074
W212591,2770.0,2800.0,2800.0,56.9,26.5,1.77,1.79,0.863,0.203,1.9,1.92,1.35,40900.0,21500.0,1910.0,1970.0,799.0,231.0,2430.0,1770.0,0.553,15.0,15.4,13.69,0.0045
W212592,2480.0,2570.0,2620.0,56.1,22.1,9.72,1.54,0.714,0.176,1.45,1.89,1.85,25600.0,11400.0,6650.0,1080.0,420.0,127.0,1180.0,1100.0,0.754,9.6,9.78,8.03,0.0065
W212593,2740.0,2800.0,2800.0,50.1,29.5,8.54,1.55,0.498,0.189,0.853,2.66,1.93,17600.0,11800.0,4500.0,836.0,226.0,105.0,535.0,1200.0,0.784,7.4,7.53,7.22,0.016
W212594,2800.0,2800.0,2800.0,53.1,31.9,3.16,1.34,0.448,0.662,1.14,1.54,1.38,34700.0,23600.0,3090.0,1340.0,378.0,685.0,1330.0,1290.0,0.557,13.8,14.0,13.64,0.008
W212595,2650.0,2750.0,2800.0,55.6,25.3,5.11,0.434,1.33,0.486,4.12,1.47,1.15,48500.0,25000.0,6660.0,578.0,1490.0,672.0,6400.0,1640.0,0.467,18.4,18.7,16.49,0.013
W212596,2800.0,2800.0,2800.0,45.2,28.7,12.3,1.37,0.797,0.257,1.68,1.54,1.75,21100.0,15200.0,8600.0,980.0,480.0,190.0,1400.0,920.0,0.714,9.8,10.0,9.2,0.009
W212671,2320.0,2450.0,2550.0,53.9,22.9,11.2,0.924,1.66,0.176,4.63,0.753,2.03,63300.0,30400.0,19700.0,1660.0,2510.0,326.0,9670.0,1130.0,0.823,24.7,25.1,39.9,0.042
W212672,1880.0,1970.0,2070.0,32.3,17.2,34.6,2.61,0.979,0.216,1.92,0.686,3.33,14200.0,8540.0,22700.0,1740.0,553.0,150.0,1500.0,384.0,1.39,9.0,9.38,8.6,0.027
W212673,1890.0,1980.0,2070.0,38.3,16.2,30.9,2.42,1.01,0.149,2.74,0.602,2.85,22600.0,10800.0,27200.0,2180.0,769.0,139.0,2870.0,454.0,1.17,12.3,12.6,14.3,0.027
W212674,1820.0,1930.0,2020.0,14.5,6.09,49.6,9.2,0.332,0.122,0.553,0.351,4.63,13000.0,6190.0,66700.0,12600.0,385.0,173.0,885.0,404.0,1.88,18.9,19.2,14.6,0.057
W212675,1900.0,2010.0,2100.0,36.2,16.6,33.9,0.49,1.16,0.203,3.31,0.702,2.25,71100.0,36800.0,99700.0,1470.0,2940.0,631.0,11600.0,1770.0,0.912,41.5,42.1,38.7,0.022
W212676,2470.0,2570.0,2680.0,53.7,25.7,7.22,1.11,1.59,0.351,4.22,1.17,1.43,125000.0,67600.0,25100.0,3930.0,4770.0,1290.0,17400.0,3480.0,0.578,49.0,49.7,41.4,0.02
W212677,2580.0,2660.0,2770.0,54.6,27.6,6.55,0.588,1.13,0.473,4.28,1.17,1.13,107000.0,61000.0,19100.0,1760.0,2840.0,1460.0,14900.0,2930.0,0.456,41.3,41.8,35.7,0.008
W212678,2380.0,2500.0,2600.0,51.8,24.6,10.2,0.896,1.33,0.419,4.07,1.02,1.5,96400.0,51800.0,28300.0,2550.0,3190.0,1230.0,13500.0,2430.0,0.608,39.3,39.8,38.9,0.013
W212679,2000.0,2090.0,2180.0,49.4,19.7,17.7,0.784,1.38,0.297,3.89,0.652,2.17,73900.0,33300.0,39700.0,1790.0,2650.0,704.0,10400.0,1250.0,0.883,31.5,32.0,29.1,0.016
W212680,1820.0,1940.0,2020.0,40.4,18.3,25.9,2.16,1.29,0.419,2.85,0.669,3.08,22700.0,11600.0,21700.0,1850.0,936.0,372.0,2850.0,480.0,1.25,11.8,12.0,10.0,0.028
W212681,2140.0,2260.0,2380.0,48.8,24.4,11.4,2.97,1.59,0.486,3.47,1.05,2.13,76900.0,43500.0,26900.0,7150.0,3240.0,1210.0,9750.0,2130.0,0.861,33.3,33.7,30.6,0.031
W212682,2420.0,2530.0,2640.0,51.6,27.0,8.42,1.85,1.44,0.324,3.69,1.25,1.8,84600.0,50200.0,20700.0,4640.0,3060.0,843.0,10800.0,2630.0,0.729,34.7,35.1,30.0,0.018
W212683,2420.0,2540.0,2630.0,47.3,28.5,11.6,1.76,1.33,0.432,4.11,1.19,2.17,41900.0,28600.0,15400.0,2390.0,1520.0,606.0,6480.0,1350.0,0.882,18.7,18.9,19.8,0.016
W212684,2000.0,2090.0,2170.0,39.2,20.8,19.2,6.12,1.24,0.351,2.81,0.786,4.38,22800.0,13700.0,16700.0,5450.0,936.0,324.0,2920.0,586.0,1.78,12.3,12.5,10.9,0.029
W212685,1860.0,1940.0,2050.0,39.2,17.1,31.5,1.88,0.813,0.243,2.3,0.853,2.53,37200.0,18400.0,44800.0,2730.0,997.0,366.0,3890.0,1040.0,1.02,20.1,20.3,22.2,0.02
W212686,1870.0,2000.0,2110.0,38.5,18.5,27.5,2.11,1.33,0.594,2.72,0.652,3.68,23300.0,12700.0,24800.0,1950.0,1030.0,569.0,2920.0,504.0,1.5,12.7,12.9,14.2,0.029
W212687,1840.0,1920.0,1990.0,34.5,15.1,36.0,2.76,0.797,0.149,2.48,0.619,3.2,35600.0,17600.0,55700.0,4350.0,1060.0,243.0,4550.0,817.0,1.33,21.2,22.1,18.4,0.026
W212688,1860.0,1950.0,2020.0,41.7,17.8,23.5,2.0,1.23,0.324,2.46,0.719,2.65,23800.0,11500.0,20000.0,1740.0,902.0,293.0,2500.0,524.0,1.1,11.7,12.2,9.7,0.023
W212689,2160.0,2250.0,2410.0,50.9,23.4,11.2,0.742,1.63,0.554,4.84,0.87,1.63,112000.0,58400.0,36800.0,2490.0,4610.0,1930.0,19000.0,2450.0,0.658,46.5,47.1,45.0,0.018
W212690,2000.0,2130.0,2240.0,52.0,23.4,9.68,1.76,1.38,0.405,3.16,1.27,1.78,84300.0,43000.0,23500.0,4370.0,2880.0,1040.0,9120.0,2640.0,0.722,34.1,34.7,17.3,0.016
W212691,2080.0,2220.0,2340.0,39.4,21.7,20.6,3.54,1.2,0.378,2.92,1.09,2.6,32100.0,20100.0,25100.0,4420.0,1260.0,489.0,4240.0,1140.0,1.06,17.2,17.5,23.9,0.044
W212692,1990.0,2080.0,2170.0,47.5,22.5,13.1,3.73,1.1,0.365,2.32,1.04,2.08,74700.0,40000.0,30800.0,8950.0,2220.0,908.0,6490.0,2090.0,0.841,33.2,33.6,31.3,0.018
W212693,1860.0,2010.0,2110.0,30.8,13.1,39.0,2.13,1.41,0.189,2.63,0.535,3.35,20100.0,9690.0,38100.0,2120.0,1190.0,195.0,3060.0,447.0,1.4,13.4,14.0,11.9,0.044
W212694,1970.0,2140.0,2250.0,48.2,22.7,14.2,1.54,1.53,0.432,3.7,1.09,1.65,54500.0,29100.0,24100.0,2660.0,2230.0,775.0,7460.0,1570.0,0.669,23.9,24.2,24.3,0.022
W212695,2200.0,2320.0,2400.0,53.7,26.5,8.14,1.05,1.36,0.446,3.05,1.54,1.38,100000.0,55900.0,22700.0,3000.0,3280.0,1320.0,10100.0,3670.0,0.559,39.3,39.9,33.7,0.019
W212696,2380.0,2470.0,2560.0,45.4,28.0,12.7,1.34,1.34,0.459,4.29,1.2,2.2,53400.0,37300.0,22300.0,2420.0,2040.0,857.0,9000.0,1810.0,0.894,24.8,25.2,25.6,0.029
W212697,2320.0,2410.0,2530.0,46.2,27.6,14.6,2.07,0.913,0.446,1.68,1.2,1.85,61300.0,41500.0,29000.0,4200.0,1560.0,937.0,3980.0,2040.0,0.751,28.0,28.4,28.9,0.018
W212700,2120.0,2220.0,2330.0,52.2,23.8,9.34,0.63,1.99,0.486,4.76,0.853,1.45,116000.0,60000.0,31100.0,2140.0,5710.0,1710.0,18900.0,2430.0,0.589,46.9,47.6,37.7,0.021
W212701,2500.0,2590.0,2690.0,50.1,27.6,7.38,1.72,1.49,0.459,3.05,1.62,1.48,59500.0,37100.0,13100.0,3130.0,2290.0,864.0,6460.0,2470.0,0.615,24.4,25.4,23.0,0.019
W212702,2420.0,2550.0,2670.0,48.2,25.0,12.0,1.09,1.53,0.446,3.82,1.34,1.73,38200.0,22400.0,14300.0,1320.0,1560.0,560.0,5400.0,1360.0,0.701,16.7,17.0,16.9,0.033
W212703,1840.0,1970.0,2060.0,31.9,11.2,40.5,2.63,0.93,0.257,1.62,0.569,3.5,11100.0,4400.0,21000.0,1400.0,416.0,141.0,1000.0,253.0,1.42,7.3,7.43,7.0,0.035
W212704,1940.0,2060.0,2190.0,32.7,21.4,27.2,3.53,1.1,0.459,1.42,1.27,3.48,8880.0,6560.0,11000.0,1460.0,383.0,197.0,685.0,441.0,1.42,5.7,5.81,5.3,0.034
W212707,1840.0,1980.0,2060.0,39.6,15.5,22.2,7.87,0.93,0.473,2.26,0.836,3.48,48000.0,21300.0,40200.0,14600.0,1450.0,909.0,4880.0,1300.0,1.41,25.6,26.0,23.5,0.042
W212708,2320.0,2400.0,2520.0,50.5,26.1,7.06,3.22,1.16,0.459,2.64,1.29,1.8,31700.0,18500.0,6630.0,3080.0,939.0,456.0,2950.0,1030.0,0.737,13.1,13.4,12.7,0.024
W212709,2290.0,2420.0,2500.0,55.4,24.0,3.96,4.71,1.38,0.594,3.06,1.04,1.7,40000.0,19600.0,4280.0,5190.0,1280.0,679.0,3940.0,957.0,0.695,15.1,15.4,14.0,0.053
W212758,2060.0,2180.0,2270.0,20.7,16.7,49.2,2.25,0.448,0.432,0.493,0.468,2.93,5300.0,4840.0,18900.0,885.0,148.0,176.0,225.0,154.0,1.19,5.4,5.5,5.87,0.025
W212759,2600.0,2730.0,2750.0,43.4,32.5,14.0,0.924,0.73,0.338,2.0,0.936,1.38,23400.0,19800.0,11300.0,760.0,507.0,288.0,1910.0,645.0,0.561,11.3,11.5,11.09,0.0096
W212760,2020.0,2180.0,2250.0,37.9,24.4,29.7,1.04,0.664,0.27,1.84,1.45,1.45,18300.0,13400.0,21500.0,766.0,414.0,207.0,1580.0,901.0,0.589,10.2,10.4,9.38,0.031
W212761,2650.0,2760.0,2800.0,51.6,32.9,6.72,1.04,0.714,0.203,1.49,1.57,1.4,17700.0,12800.0,3440.0,542.0,315.0,110.0,909.0,689.0,0.57,7.2,7.33,7.29,0.029
W212762,2410.0,2520.0,2550.0,47.1,26.3,10.8,2.66,0.963,0.257,1.75,1.29,3.05,8760.0,5530.0,3010.0,756.0,231.0,75.6,581.0,306.0,1.24,3.9,3.98,3.65,0.011
W212763,2070.0,2170.0,2200.0,33.4,18.3,5.29,15.4,3.15,3.38,0.841,1.2,11.9,15200.0,9460.0,3610.0,10700.0,1850.0,2440.0,682.0,702.0,5.09,9.1,9.71,6.9,0.023
W212965,1860.0,1910.0,1990.0,41.7,18.7,28.6,1.82,1.1,0.27,2.01,0.953,2.63,32900.0,16700.0,33700.0,2190.0,1110.0,337.0,2810.0,961.0,1.07,16.6,16.9,15.4,0.022
W212966,1970.0,2050.0,2170.0,52.2,21.6,12.7,0.532,1.83,0.311,4.88,0.769,2.35,90400.0,42200.0,32800.0,1410.0,4070.0,852.0,15000.0,1700.0,0.956,36.4,37.0,21.5,0.019
W212967,1820.0,1910.0,2000.0,31.5,14.0,26.5,10.3,1.06,0.27,1.94,0.635,6.43,15400.0,7720.0,19300.0,7710.0,669.0,209.0,1680.0,397.0,2.61,10.3,10.5,9.7,0.036
W212970,2550.0,2650.0,2750.0,49.9,26.8,4.76,5.48,1.16,0.54,2.26,1.54,2.9,37700.0,23000.0,5390.0,6330.0,1130.0,648.0,3040.0,1490.0,1.17,16.0,16.2,18.9,0.021
W212972,2030.0,2140.0,2230.0,46.9,19.7,9.32,8.45,1.46,0.621,2.79,0.936,4.3,32200.0,15300.0,9590.0,8870.0,1290.0,677.0,3410.0,824.0,1.74,14.5,14.7,14.4,0.025
W212973,1800.0,1900.0,2020.0,42.2,17.0,31.2,1.22,1.01,0.365,2.14,0.92,2.48,37100.0,16900.0,41000.0,1640.0,1150.0,508.0,3350.0,1040.0,1.0,18.6,18.8,20.5,0.015
W212974,2390.0,2510.0,2580.0,46.2,27.8,7.45,4.47,1.66,0.675,3.33,1.2,3.45,44000.0,29900.0,10600.0,6500.0,2040.0,1020.0,5640.0,1470.0,1.4,20.1,20.4,19.3,0.018
W212975,2210.0,2300.0,2420.0,41.5,20.6,13.2,8.32,1.33,0.378,2.03,0.92,3.85,31200.0,17500.0,14800.0,9560.0,1290.0,451.0,2720.0,885.0,1.56,15.9,16.1,17.1,0.019
W212976,1900.0,2010.0,2130.0,43.0,21.7,23.2,2.62,0.913,0.513,2.64,0.819,2.35,47700.0,27300.0,38400.0,4430.0,1300.0,901.0,5220.0,1160.0,0.952,23.4,23.7,22.7,0.018
W212977,1870.0,2000.0,2110.0,24.6,11.1,47.3,3.56,0.83,0.243,1.31,0.552,4.2,9140.0,4670.0,26300.0,2020.0,398.0,143.0,867.0,262.0,1.71,7.8,7.95,7.3,0.028
W212978,2220.0,2310.0,2420.0,50.1,24.8,11.9,2.82,1.33,0.54,2.63,1.12,2.1,72200.0,40400.0,25700.0,6200.0,2470.0,1230.0,6750.0,2070.0,0.852,30.4,30.8,28.9,0.021
W212979,1900.0,2060.0,2180.0,45.2,23.4,19.4,1.32,1.16,0.405,3.89,0.803,2.6,45600.0,26800.0,29400.0,2030.0,1510.0,649.0,7010.0,1040.0,1.06,21.3,21.6,15.2,0.012
W212980,2220.0,2310.0,2400.0,50.1,23.4,14.6,1.15,1.63,0.405,3.86,0.92,2.28,90700.0,48000.0,39500.0,3180.0,3800.0,1160.0,12400.0,2130.0,0.923,38.2,38.7,32.7,0.038
W212983,1890.0,2000.0,2120.0,51.6,21.4,10.5,4.27,1.49,0.675,2.66,1.07,3.23,40600.0,19000.0,12300.0,5140.0,1520.0,842.0,3720.0,1080.0,1.31,16.6,16.8,17.4,0.029
W212984,2310.0,2450.0,2560.0,48.8,30.4,4.98,3.33,0.963,0.783,2.62,1.52,2.65,39500.0,27900.0,6030.0,4120.0,1000.0,1000.0,3780.0,1580.0,1.07,17.1,17.3,14.8,0.013
W212987,2150.0,2240.0,2440.0,33.8,26.1,29.9,1.92,1.99,0.446,1.61,0.953,1.93,15600.0,13600.0,20600.0,1350.0,1180.0,325.0,1320.0,561.0,0.782,9.7,9.85,8.3,0.0096
W212988,2210.0,2260.0,2300.0,43.2,25.9,19.3,1.57,1.54,0.527,2.61,1.09,2.4,32000.0,21700.0,21400.0,1770.0,1470.0,618.0,3440.0,1030.0,0.975,15.6,15.8,12.5,0.025
W212989,2450.0,2500.0,2570.0,47.7,26.1,13.6,3.88,0.946,0.392,2.04,1.49,2.48,47400.0,29400.0,20300.0,5890.0,1210.0,617.0,3620.0,1890.0,1.0,21.0,21.3,23.0,0.027
W212990,2080.0,2130.0,2180.0,41.1,23.3,19.7,5.41,1.2,0.77,2.51,0.987,4.0,20600.0,13200.0,14800.0,4150.0,773.0,612.0,2240.0,634.0,1.62,10.6,10.7,11.0,0.027
W212991,2000.0,2050.0,2100.0,41.7,22.7,27.7,1.57,0.747,0.432,2.08,1.1,1.8,30100.0,18500.0,29900.0,1730.0,694.0,493.0,2670.0,1020.0,0.75,14.8,15.4,12.4,0.016
W212994,2100.0,2150.0,2200.0,15.2,16.7,47.3,6.67,0.896,0.068,0.685,0.435,8.2,2590.0,3220.0,12100.0,1740.0,197.0,19.0,208.0,94.8,3.42,3.5,3.65,3.7,0.049
W212998,2040.0,2090.0,2140.0,27.8,15.3,38.5,3.54,0.963,0.648,1.68,0.803,3.65,7040.0,4390.0,14600.0,1370.0,314.0,260.0,758.0,260.0,1.52,5.2,5.42,6.2,0.025
W212999,2030.0,2080.0,2150.0,45.6,24.8,12.7,5.14,1.64,0.473,4.09,0.702,3.98,85200.0,52400.0,35600.0,14700.0,3960.0,1400.0,13600.0,1680.0,1.66,38.4,40.0,28.0,0.027
W213002,2020.0,2070.0,2120.0,47.9,22.5,13.6,4.36,1.58,0.446,3.34,1.07,2.8,65400.0,34700.0,27800.0,9080.0,2770.0,963.0,8120.0,1870.0,1.13,28.9,29.2,42.4,0.028
W213003,2110.0,2160.0,2210.0,44.5,25.5,10.6,7.93,0.614,0.567,1.31,1.07,2.58,85100.0,55300.0,30300.0,23200.0,1510.0,1720.0,4460.0,2620.0,1.07,39.3,40.9,27.9,0.036
W213004,2100.0,2150.0,2200.0,53.7,24.4,9.27,1.65,1.66,0.5,4.06,1.07,2.0,89900.0,46200.0,23200.0,4230.0,3580.0,1330.0,12100.0,2290.0,0.81,35.4,35.8,26.6,0.025
W213005,2450.0,2500.0,2550.0,55.4,25.1,7.41,2.07,1.34,0.716,3.22,1.25,1.78,48600.0,24900.0,9710.0,2780.0,1520.0,994.0,5030.0,1410.0,0.74,18.0,18.8,15.8,0.021
W213008,2070.0,2120.0,2170.0,41.7,22.1,24.9,2.66,0.93,0.459,2.46,0.87,2.1,36200.0,21700.0,32300.0,3520.0,1040.0,630.0,3800.0,964.0,0.875,17.8,18.5,18.4,0.021
W213009,2050.0,2090.0,2220.0,41.7,18.9,29.0,1.33,0.946,0.446,2.5,1.07,1.18,26900.0,13800.0,28000.0,1310.0,787.0,456.0,2870.0,884.0,0.481,13.5,13.8,12.09,0.016
W213010,1960.0,2020.0,2100.0,23.3,10.9,46.0,4.05,1.05,0.446,0.913,0.552,5.33,5020.0,2660.0,14800.0,1330.0,290.0,152.0,350.0,152.0,2.18,4.5,4.6,4.28,0.042
W213011,2120.0,2230.0,2400.0,36.8,23.6,27.0,2.25,1.01,0.554,2.14,1.1,2.55,10100.0,7320.0,11100.0,943.0,357.0,240.0,1040.0,387.0,1.05,5.7,5.86,6.08,0.027
W213012,2240.0,2370.0,2630.0,49.6,24.0,15.0,1.01,1.41,0.392,3.33,0.987,1.4,27700.0,15200.0,12600.0,861.0,1020.0,347.0,3310.0,705.0,0.572,11.7,12.0,12.54,0.011
W213013,2520.0,2690.0,2730.0,50.5,29.9,10.6,0.616,1.13,0.419,3.56,1.12,0.8,50100.0,33500.0,15700.0,933.0,1440.0,657.0,6280.0,1420.0,0.326,20.8,21.2,20.18,0.0068
W213014,2680.0,2800.0,2800.0,53.1,30.4,5.21,1.71,0.73,0.513,1.62,1.76,1.48,12400.0,8030.0,1810.0,608.0,219.0,189.0,673.0,523.0,0.6,4.9,4.98,4.85,0.0079
W213015,2740.0,2800.0,2800.0,53.9,32.1,6.76,0.812,0.498,0.405,1.83,1.86,0.775,29300.0,19800.0,5500.0,675.0,349.0,349.0,1770.0,1290.0,0.316,11.4,11.6,10.47,0.0042
W213016,2330.0,2700.0,2800.0,46.4,30.1,10.6,1.76,0.93,0.567,2.84,1.77,1.38,26100.0,19100.0,8940.0,1520.0,674.0,505.0,2840.0,1280.0,0.561,11.8,12.0,10.86,0.013
W213017,2430.0,2760.0,2800.0,62.9,23.6,3.58,1.05,1.13,0.311,3.19,1.59,1.23,36800.0,15700.0,3130.0,940.0,852.0,288.0,3320.0,1190.0,0.507,12.1,12.5,10.32,0.0098
W213018,2140.0,2230.0,2360.0,40.9,22.1,21.7,3.49,1.11,0.297,1.38,1.47,4.38,11600.0,7120.0,9250.0,1520.0,408.0,134.0,700.0,536.0,1.81,5.9,6.09,5.55,0.011
W213019,2560.0,2680.0,2800.0,55.2,27.0,8.51,0.588,1.24,0.257,3.0,1.35,0.9,56800.0,31500.0,13100.0,925.0,1650.0,418.0,5500.0,1780.0,0.369,21.5,22.0,21.24,0.0063
W213020,2050.0,2140.0,2250.0,35.1,19.7,33.6,1.86,0.747,0.257,1.57,0.92,1.98,20600.0,13100.0,29500.0,1670.0,566.0,239.0,1650.0,692.0,0.808,12.3,12.6,12.12,0.0055
W213021,2250.0,2500.0,2620.0,50.7,25.1,12.0,1.39,0.979,0.338,3.04,1.24,1.7,40300.0,22600.0,14300.0,1680.0,1000.0,425.0,4310.0,1260.0,0.697,16.6,17.0,14.99,0.01
W213022,2140.0,2330.0,2510.0,42.2,25.7,19.9,1.99,0.847,0.351,1.95,1.57,1.65,13200.0,9140.0,9340.0,954.0,343.0,175.0,1090.0,632.0,0.672,6.6,6.72,6.35,0.021
W213023,2140.0,2210.0,2330.0,39.2,24.2,22.3,1.89,1.39,0.594,2.92,0.92,2.53,6710.0,4690.0,5720.0,495.0,308.0,161.0,891.0,202.0,1.03,3.6,3.67,3.22,0.013
W213024,2390.0,2720.0,2800.0,50.1,29.3,10.4,1.12,1.03,0.608,3.45,1.32,0.925,40200.0,26600.0,12500.0,1370.0,1070.0,773.0,4930.0,1360.0,0.376,16.9,17.2,15.48,0.0054
W213025,2530.0,2750.0,2800.0,47.1,28.9,14.7,1.69,0.448,0.567,1.01,1.37,1.6,25500.0,17800.0,12000.0,1400.0,313.0,488.0,975.0,952.0,0.652,11.4,11.6,10.61,0.075
W213026,2210.0,2460.0,2560.0,45.4,25.7,17.9,1.68,0.664,0.068,2.18,1.61,1.83,30200.0,19400.0,17800.0,1710.0,570.0,72.0,2580.0,1370.0,0.743,14.0,14.3,12.93,0.011
W213081,2030.0,2080.0,2280.0,47.9,13.4,8.91,7.76,0.515,0.311,1.07,0.853,8.8,58000.0,18400.0,16100.0,14400.0,803.0,596.0,2310.0,1320.0,3.86,23.6,25.9,14.61,0.018
W213095,2240.0,2360.0,2420.0,41.7,20.6,5.35,9.97,2.82,5.0,1.15,1.29,8.75,32600.0,18200.0,6250.0,11900.0,2840.0,6180.0,1600.0,1290.0,3.68,15.9,16.7,14.34,0.018
W213106,2320.0,2440.0,2480.0,13.1,11.4,8.99,24.6,7.47,2.16,0.216,0.418,22.2,3600.0,3540.0,3700.0,10400.0,2650.0,942.0,106.0,147.0,9.52,5.5,5.86,4.55,0.037
W213109,2160.0,2350.0,2420.0,34.7,16.0,13.7,7.91,3.15,1.34,0.673,0.669,15.4,24600.0,12800.0,14500.0,8570.0,2880.0,1500.0,849.0,607.0,6.55,14.3,15.2,10.13,0.0075
W213116,2530.0,2620.0,2660.0,44.7,31.6,13.9,0.98,0.863,0.189,2.93,1.71,1.35,23300.0,18600.0,10900.0,779.0,579.0,156.0,2720.0,1140.0,0.552,10.9,11.1,10.15,0.0077
W213117,2800.0,2800.0,2800.0,52.0,32.1,2.47,1.4,1.24,0.189,3.56,1.54,1.8,31700.0,22200.0,2260.0,1310.0,980.0,183.0,3870.0,1200.0,0.741,12.7,13.1,11.58,0.0061
W213118,2320.0,2420.0,2450.0,28.0,29.1,11.6,8.54,2.16,1.24,1.12,0.987,11.3,1740.0,2050.0,1080.0,811.0,173.0,122.0,124.0,78.4,4.6,1.3,1.33,1.22,0.032
W213119,1920.0,2000.0,2040.0,22.3,16.3,46.2,3.88,0.979,0.365,0.998,0.585,4.9,3610.0,2980.0,11200.0,960.0,205.0,93.6,288.0,121.0,2.0,3.4,3.47,3.4,0.019
W213120,2160.0,2270.0,2330.0,38.9,28.5,21.3,1.65,1.08,0.257,2.58,0.97,2.5,10400.0,8650.0,8540.0,676.0,372.0,109.0,1230.0,332.0,1.02,5.6,5.73,5.32,0.066
W213121,2750.0,2800.0,2800.0,56.9,27.4,5.43,0.644,0.863,0.324,3.19,1.2,1.1,33500.0,18200.0,4780.0,579.0,654.0,302.0,3330.0,906.0,0.45,12.3,12.6,11.99,0.01
W213122,2800.0,2800.0,2800.0,59.5,25.5,1.89,1.6,0.365,0.297,0.829,2.83,1.8,21900.0,10600.0,1040.0,898.0,173.0,173.0,543.0,1330.0,0.736,7.7,7.88,7.18,0.005
W213123,2350.0,2520.0,2580.0,58.0,21.6,3.98,3.56,1.16,0.27,1.02,2.07,2.45,18300.0,7720.0,1880.0,1720.0,474.0,135.0,575.0,839.0,1.01,6.6,6.77,6.04,0.018
W213124,2350.0,2530.0,2580.0,50.3,25.5,15.0,0.812,0.996,0.257,2.68,1.25,1.53,38000.0,21800.0,17000.0,938.0,971.0,307.0,3610.0,1210.0,0.625,15.8,16.2,12.9,0.008
W213125,2760.0,2800.0,2800.0,53.3,29.7,3.83,1.27,0.83,0.257,2.42,1.72,1.45,34800.0,21900.0,3740.0,1270.0,698.0,265.0,2810.0,1440.0,0.604,13.4,14.0,12.78,0.02
W213931,2040.0,2130.0,2290.0,33.8,18.5,36.2,2.61,0.847,0.486,1.73,0.97,2.73,8240.0,5110.0,13200.0,970.0,266.0,188.0,751.0,302.0,1.11,5.1,5.21,5.04,0.014
W213932,2160.0,2260.0,2350.0,42.6,23.8,17.2,3.75,0.996,1.17,1.48,1.3,4.93,4090.0,2590.0,2470.0,551.0,123.0,179.0,253.0,160.0,2.03,2.0,2.06,2.14,0.013
W213933,2320.0,2510.0,2560.0,41.7,28.2,14.9,3.26,0.963,1.23,1.9,1.44,3.68,4810.0,3670.0,2560.0,574.0,143.0,224.0,389.0,212.0,1.51,2.4,2.46,3.24,0.011
W213934,2520.0,2650.0,2720.0,43.7,28.5,20.7,1.2,0.548,0.365,1.74,1.29,1.27,26300.0,19500.0,18700.0,1110.0,426.0,348.0,1870.0,994.0,0.518,12.7,12.9,13.26,0.01
W213935,2080.0,2210.0,2310.0,42.2,19.5,29.2,0.966,0.88,0.527,2.24,0.936,1.58,32300.0,16900.0,33400.0,1130.0,868.0,639.0,3050.0,918.0,0.641,16.1,16.4,13.55,0.018
W213936,2100.0,2260.0,2340.0,32.1,20.2,16.6,8.4,2.32,0.689,1.95,0.803,10.6,2150.0,1540.0,1670.0,861.0,201.0,73.2,233.0,68.9,4.34,1.4,1.44,1.47,0.027
W213937,2650.0,2730.0,2770.0,57.1,27.2,4.29,2.96,0.631,0.351,0.505,1.87,2.58,17000.0,9160.0,1910.0,1340.0,242.0,165.0,267.0,712.0,1.06,6.2,6.36,6.24,0.0082
W213938,2800.0,2800.0,2800.0,54.8,36.7,1.14,0.532,0.349,0.189,1.03,1.99,0.425,67000.0,50800.0,2090.0,994.0,550.0,366.0,2250.0,3110.0,0.174,25.5,26.2,24.5,0.0032
W213939,2050.0,2110.0,2190.0,26.3,14.1,39.6,3.82,1.33,0.365,1.27,0.686,5.35,4100.0,2480.0,9230.0,910.0,267.0,90.0,353.0,137.0,2.23,3.2,3.33,3.13,0.11
W213940,2570.0,2620.0,2650.0,47.3,31.6,9.94,3.6,0.332,0.675,0.829,1.17,2.3,18500.0,14000.0,5830.0,2160.0,168.0,420.0,579.0,587.0,0.942,8.2,8.39,7.98,0.055
W213941,1970.0,2040.0,2120.0,29.7,14.3,42.9,2.14,0.581,0.621,1.23,0.97,2.78,5740.0,3130.0,12400.0,632.0,145.0,190.0,421.0,240.0,1.15,4.0,4.13,4.07,0.011
W213942,2480.0,2650.0,2710.0,51.6,28.9,5.83,2.34,1.11,1.09,2.15,1.35,3.3,7000.0,4440.0,1190.0,485.0,195.0,235.0,520.0,235.0,1.37,2.8,2.9,2.28,0.023
W213943,2600.0,2800.0,2800.0,49.9,32.7,4.46,1.13,0.714,0.324,2.21,1.54,1.55,15500.0,11500.0,2070.0,537.0,285.0,159.0,1220.0,610.0,0.633,6.5,6.63,7.02,0.0089
W213944,2350.0,2570.0,2700.0,43.4,29.1,14.6,1.79,1.29,0.527,2.85,1.09,2.73,8470.0,6430.0,4260.0,534.0,326.0,163.0,989.0,271.0,1.11,4.1,4.17,3.6,0.015
W213945,2500.0,2800.0,2800.0,58.0,27.4,4.43,0.588,1.08,0.284,3.0,1.47,0.8,36600.0,19600.0,4190.0,568.0,879.0,284.0,3380.0,1190.0,0.325,13.3,13.5,13.5,0.012
W213946,2250.0,2450.0,2500.0,43.9,29.9,12.4,2.14,1.01,0.662,2.74,1.22,2.95,4370.0,3370.0,1840.0,326.0,130.0,104.0,486.0,156.0,1.2,2.1,2.13,2.57,0.014
W213947,2120.0,2240.0,2400.0,41.1,24.8,22.5,1.39,1.03,0.459,2.34,1.0,2.23,8730.0,5960.0,7140.0,450.0,282.0,155.0,887.0,273.0,0.92,4.4,4.55,4.42,0.014
W213948,2530.0,2800.0,2800.0,50.9,30.6,0.655,0.896,1.15,0.297,3.8,1.22,1.27,39400.0,26800.0,758.0,1060.0,1140.0,364.0,5230.0,1210.0,0.528,16.0,16.6,14.53,0.0097
W213949,2080.0,2190.0,2350.0,41.9,21.6,2.9,0.602,0.863,0.297,2.49,1.05,1.23,31300.0,18200.0,3250.0,688.0,832.0,352.0,3310.0,1010.0,0.502,15.6,16.0,14.41,0.012
W213950,2030.0,2140.0,2180.0,24.2,11.7,50.6,0.728,0.498,0.837,0.925,1.05,0.9,5370.0,2940.0,16800.0,247.0,142.0,294.0,366.0,299.0,0.372,4.6,4.75,4.44,0.015
W213951,1990.0,2040.0,2090.0,16.5,9.07,59.5,2.86,0.382,0.662,0.276,0.452,2.58,3020.0,1880.0,16300.0,801.0,90.3,192.0,90.3,106.0,1.06,3.8,3.93,3.9,0.015
W213952,1970.0,2030.0,2070.0,43.2,26.8,18.6,1.26,1.46,0.338,3.19,0.853,2.1,23400.0,16400.0,15000.0,1040.0,1020.0,289.0,3060.0,590.0,0.86,11.3,11.6,11.94,0.012
W213953,1950.0,2030.0,2100.0,13.9,6.99,56.5,5.74,0.73,0.27,0.192,0.401,4.4,2200.0,1250.0,13400.0,1390.0,149.0,67.7,54.1,81.2,1.8,3.3,3.38,3.33,0.022
W213954,2190.0,2330.0,2440.0,20.2,13.2,20.9,13.4,4.32,0.527,0.998,0.485,21.5,2650.0,1960.0,4100.0,2690.0,730.0,109.0,233.0,81.4,8.92,2.7,2.81,2.7,0.034
W213993,2100.0,2240.0,2460.0,37.0,20.0,17.3,7.3,1.99,0.405,3.62,1.02,4.95,8770.0,5380.0,6140.0,2640.0,609.0,152.0,1530.0,309.0,2.01,5.0,5.07,3.98,0.031
W213994,2710.0,2800.0,2800.0,48.8,32.5,7.16,1.09,0.963,0.918,2.76,1.44,1.63,12200.0,9230.0,2690.0,418.0,311.0,365.0,1230.0,461.0,0.658,5.3,5.36,5.82,0.0055
W213995,2600.0,2730.0,2800.0,49.2,30.4,9.61,0.924,0.183,0.864,3.11,1.47,1.25,14400.0,10100.0,4210.0,414.0,69.0,401.0,1620.0,552.0,0.506,6.2,6.27,5.57,0.006
W213996,2910.0,2910.0,2910.0,48.4,31.6,6.78,0.518,1.43,0.432,3.21,1.59,0.8,105000.0,77600.0,22000.0,1720.0,4000.0,1490.0,12400.0,4420.0,0.326,45.7,46.5,43.3,0.0095
W213997,2130.0,2180.0,2280.0,44.5,26.3,10.8,4.65,1.49,0.365,3.09,1.29,3.18,40000.0,26700.0,14500.0,6380.0,1730.0,519.0,4940.0,1480.0,1.29,18.9,19.2,13.3,0.021
W213998,2000.0,2050.0,290.0,25.3,18.6,17.2,17.6,1.39,0.378,1.02,0.702,8.1,8150.0,6790.0,8290.0,8710.0,581.0,194.0,587.0,290.0,3.29,6.8,6.91,5.6,0.053
W213999,2080.0,2120.0,2170.0,26.1,16.9,28.9,11.3,0.764,0.419,1.18,0.552,6.58,10700.0,7840.0,17700.0,7050.0,403.0,271.0,858.0,289.0,2.74,8.4,8.75,8.1,0.043
W214001,1950.0,2000.0,2040.0,36.8,14.0,35.8,2.69,1.58,0.554,2.26,0.686,2.78,48900.0,21100.0,71100.0,5460.0,2700.0,1170.0,5350.0,1170.0,1.16,27.3,28.4,26.2,0.017
W214002,2250.0,2300.0,2340.0,52.4,21.7,14.1,0.91,0.896,0.432,3.52,0.92,1.73,102000.0,47900.0,41100.0,2710.0,2250.0,1330.0,12200.0,2290.0,0.719,40.0,41.7,32.4,0.024
W214003,2080.0,2120.0,2160.0,47.1,19.5,17.7,4.03,1.31,0.405,2.72,0.936,3.2,49500.0,23200.0,27900.0,6480.0,1780.0,675.0,5090.0,1260.0,1.33,21.6,22.5,19.2,0.02
W214004,2910.0,2910.0,2910.0,54.8,29.5,3.45,1.51,1.03,0.513,2.42,1.44,0.9,95200.0,58000.0,8960.0,4020.0,2310.0,1410.0,7480.0,3200.0,0.366,36.6,37.2,32.2,0.01
W214005,1950.0,1990.0,2030.0,34.5,16.1,34.6,4.37,0.598,0.284,1.63,0.786,3.75,31000.0,16500.0,46600.0,6010.0,694.0,405.0,2620.0,906.0,1.56,18.5,19.3,17.6,0.021
W214006,2140.0,2190.0,2280.0,48.6,23.3,10.2,4.31,1.56,0.432,4.06,0.803,3.43,78300.0,42400.0,24500.0,10600.0,3240.0,1100.0,11700.0,1660.0,1.43,33.1,34.5,21.0,0.024
W214007,2300.0,2340.0,2390.0,49.2,25.5,10.8,2.45,1.26,0.405,3.51,1.27,2.58,76700.0,45000.0,25200.0,5830.0,2530.0,1000.0,9730.0,2530.0,1.05,32.8,33.3,21.7,0.015
W214008,2000.0,2050.0,2100.0,32.1,6.94,34.9,3.8,0.697,0.392,1.6,0.819,3.93,28900.0,7080.0,47100.0,5230.0,811.0,560.0,2570.0,946.0,1.59,19.0,19.3,15.4,0.019
W214009,2300.0,2350.0,2400.0,20.1,10.1,34.0,14.8,0.581,0.257,1.07,0.401,8.85,9410.0,5350.0,23800.0,10600.0,350.0,190.0,890.0,240.0,3.69,9.6,10.0,8.9,0.038
W214010,2180.0,2230.0,2280.0,48.2,21.6,19.7,0.7,1.16,0.513,3.37,0.987,1.27,59100.0,29900.0,36200.0,1310.0,1840.0,998.0,7350.0,1550.0,0.531,25.2,26.3,18.9,0.012
W214011,2300.0,2350.0,2780.0,53.3,22.5,8.99,2.52,1.38,0.581,2.93,1.1,1.75,39900.0,19100.0,10100.0,2890.0,1330.0,690.0,3910.0,1060.0,0.729,15.4,16.0,13.4,0.018
W214012,1990.0,2040.0,2180.0,47.5,19.8,20.0,2.2,1.41,0.662,3.17,0.886,2.3,54800.0,25900.0,34600.0,3880.0,2100.0,1210.0,6520.0,1310.0,0.958,23.7,24.7,17.1,0.018
W214013,2400.0,2450.0,2530.0,38.3,27.6,5.59,10.2,1.03,0.5,1.61,1.12,7.45,25200.0,20500.0,5490.0,10200.0,871.0,520.0,1880.0,942.0,3.03,13.8,14.1,9.6,0.039
W214014,2030.0,2080.0,2140.0,31.0,12.2,46.5,1.61,0.631,0.365,1.49,0.619,1.9,40000.0,17800.0,89700.0,3170.0,1050.0,745.0,3420.0,1020.0,0.792,26.5,27.6,22.6,0.027
W214015,2910.0,2910.0,2910.0,53.9,29.7,5.22,0.98,1.44,0.54,3.75,1.04,0.775,97300.0,60600.0,14100.0,2700.0,3360.0,1540.0,12000.0,2390.0,0.316,37.9,38.6,35.0,0.012
W214017,2000.0,2050.0,2110.0,35.3,18.7,26.7,3.99,1.66,0.756,2.49,0.769,5.45,18200.0,10900.0,20700.0,3150.0,1100.0,618.0,2290.0,508.0,2.21,10.9,11.0,10.8,0.019
W214018,2100.0,2150.0,2280.0,51.6,21.0,15.3,0.532,1.66,0.243,4.16,0.635,1.85,113000.0,52100.0,50300.0,1790.0,4700.0,846.0,16300.0,1790.0,0.771,45.1,47.0,30.7,0.014
W214019,2040.0,2090.0,2250.0,41.3,18.0,29.9,1.3,1.24,0.459,2.62,0.602,2.3,29000.0,14300.0,31400.0,1400.0,1130.0,510.0,3270.0,540.0,0.958,14.4,15.0,14.7,0.013
W214020,2450.0,2500.0,2570.0,54.6,27.6,6.29,1.16,1.53,0.365,3.39,1.47,1.38,110000.0,63100.0,19000.0,3590.0,3980.0,1170.0,12200.0,3800.0,0.557,42.7,43.2,30.7,0.016
W214022,1950.0,2000.0,2070.0,45.6,22.9,21.3,1.16,1.03,0.338,2.74,1.1,1.75,80100.0,45500.0,56000.0,3120.0,2330.0,940.0,8570.0,2480.0,0.729,36.1,37.6,31.2,0.012
W214023,2030.0,2080.0,2130.0,53.1,24.2,10.4,2.03,1.83,0.608,3.7,1.19,1.98,61500.0,31700.0,18000.0,3590.0,2730.0,1120.0,7640.0,1760.0,0.823,23.8,24.8,18.8,0.023
W214024,1950.0,2000.0,2050.0,35.3,13.0,31.9,6.01,1.23,0.486,2.18,0.652,5.75,41600.0,17300.0,56200.0,10800.0,1870.0,908.0,4560.0,983.0,2.4,24.2,25.2,17.7,0.47
W214027,2100.0,2140.0,2160.0,24.0,15.7,23.5,12.8,2.66,1.89,1.63,0.702,9.53,5020.0,3710.0,7350.0,4100.0,717.0,627.0,609.0,188.0,3.97,4.3,4.48,3.7,0.043
W214028,2540.0,2590.0,2680.0,53.9,27.8,6.72,1.47,1.46,0.5,2.82,1.51,1.1,77200.0,45000.0,14400.0,3220.0,2700.0,1130.0,7200.0,2760.0,0.458,29.4,30.6,23.5,0.014
W214029,2320.0,2360.0,2570.0,47.9,29.1,10.6,1.55,1.24,0.5,4.15,1.17,1.65,45800.0,31500.0,15100.0,2270.0,1530.0,757.0,7050.0,1430.0,0.671,20.1,20.4,15.7,0.0095
W214030,2200.0,2250.0,2500.0,46.4,26.5,16.0,1.65,1.24,0.392,2.84,0.92,1.78,51800.0,33400.0,26700.0,2810.0,1790.0,692.0,5630.0,1310.0,0.74,22.9,23.9,14.2,0.013
W214031,1790.0,1930.0,2050.0,14.0,10.3,35.3,12.1,2.66,2.16,0.349,0.652,13.2,2380.0,1990.0,9010.0,3150.0,584.0,584.0,106.0,142.0,5.36,3.6,3.65,4.3,0.048
W214032,2320.0,2430.0,2550.0,53.3,24.0,11.2,0.392,1.83,0.432,3.81,1.09,1.38,98100.0,50000.0,30900.0,1100.0,4330.0,1260.0,12500.0,2560.0,0.556,39.0,39.4,35.7,0.015
W214033,2300.0,2420.0,2540.0,54.6,24.6,6.92,3.33,1.33,0.513,3.03,1.17,2.05,49900.0,25400.0,9460.0,4650.0,1560.0,743.0,4930.0,1370.0,0.831,19.3,19.6,17.8,0.023
W214034,2440.0,2520.0,2640.0,55.2,25.1,9.07,0.784,1.83,0.594,3.32,1.25,1.43,33600.0,17300.0,8250.0,729.0,1430.0,572.0,3590.0,976.0,0.579,12.8,13.0,13.0,0.026
W214035,2440.0,2540.0,2630.0,52.9,25.9,10.3,0.686,1.59,0.459,3.79,0.92,1.35,109000.0,60600.0,31700.0,2170.0,4250.0,1500.0,13900.0,2430.0,0.547,43.7,44.2,45.8,0.013
W214036,1900.0,2020.0,2110.0,12.5,5.16,64.1,2.79,0.415,0.23,0.541,0.385,2.25,4440.0,2070.0,33900.0,1510.0,189.0,129.0,341.0,174.0,0.909,7.5,7.58,8.0,0.032
W214037,1870.0,1960.0,2060.0,37.2,16.4,36.5,0.616,0.963,0.27,3.04,0.535,2.63,56600.0,28200.0,82900.0,1430.0,1890.0,651.0,8230.0,1040.0,1.06,32.2,32.5,29.4,0.018
W214042,2150.0,2260.0,2400.0,52.9,23.8,15.6,0.63,1.11,0.459,2.9,1.22,0.875,44300.0,22600.0,19500.0,806.0,1200.0,609.0,4320.0,1310.0,0.354,17.7,17.9,18.3,0.012
W214045,1840.0,1970.0,2090.0,20.3,14.9,37.5,7.97,1.83,0.635,0.877,0.619,7.75,5550.0,4630.0,15400.0,3330.0,644.0,275.0,428.0,217.0,3.13,5.8,5.86,7.8,0.031
W214046,1890.0,2010.0,2100.0,25.9,14.7,43.5,3.78,0.498,0.311,1.27,0.602,2.9,23800.0,15300.0,59800.0,5310.0,590.0,453.0,2090.0,708.0,1.17,19.5,19.7,20.0,0.016
W214047,1850.0,1970.0,2070.0,36.0,17.3,26.7,6.72,1.03,0.297,2.73,0.652,4.9,50300.0,27400.0,56000.0,14400.0,1860.0,658.0,6790.0,1170.0,1.99,29.5,29.9,25.9,0.025
W214050,2120.0,2200.0,2300.0,41.9,25.3,18.4,4.44,1.06,0.608,2.16,1.05,2.2,24800.0,17000.0,16300.0,4020.0,811.0,570.0,2280.0,798.0,0.892,12.5,12.7,11.8,0.025
W214051,2510.0,2590.0,2680.0,51.6,28.9,7.99,2.38,0.764,0.5,1.69,1.59,1.68,85200.0,54100.0,19800.0,6010.0,1630.0,1310.0,4990.0,3360.0,0.679,34.9,35.4,33.2,0.011
W214052,2350.0,2460.0,2540.0,50.1,21.2,15.3,2.76,1.2,0.513,2.8,1.12,2.3,40600.0,19400.0,18600.0,3420.0,1250.0,659.0,4040.0,1160.0,0.933,17.1,17.3,15.1,0.017
W214053,2600.0,2690.0,2780.0,55.9,27.6,5.98,1.79,0.896,0.527,2.32,1.42,1.5,79600.0,44500.0,12700.0,3900.0,1650.0,1190.0,5890.0,2590.0,0.608,30.1,30.5,31.4,0.0082
W214056,2040.0,2150.0,2330.0,29.5,21.4,41.6,0.71,0.282,2.7,0.938,0.602,1.18,29600.0,24300.0,62500.0,1090.0,365.0,4300.0,1680.0,773.0,0.488,20.7,21.5,19.43,0.0058
W214057,1980.0,2040.0,2200.0,39.6,16.4,31.3,2.97,0.697,0.297,1.19,0.987,2.6,13700.0,6400.0,16200.0,1570.0,311.0,163.0,732.0,437.0,1.08,7.1,7.4,6.32,0.028
W214058,2040.0,2100.0,2310.0,32.1,17.4,40.3,0.874,0.498,0.311,1.3,0.903,1.33,27800.0,17000.0,52200.0,1160.0,556.0,426.0,2000.0,1000.0,0.555,17.7,18.6,13.37,0.0064
W214059,2040.0,2090.0,2250.0,40.7,20.2,29.9,1.83,0.598,2.03,1.6,0.886,1.65,19700.0,11100.0,21600.0,1360.0,372.0,1550.0,1380.0,548.0,0.69,9.9,10.4,8.47,0.027
W214060,2760.0,2800.0,2800.0,49.2,31.0,7.29,1.81,0.88,0.351,2.24,1.04,2.33,22400.0,16000.0,4970.0,1260.0,517.0,254.0,1810.0,605.0,0.975,9.3,9.72,9.87,0.02
W214061,2070.0,2160.0,2280.0,36.0,19.5,36.3,1.1,0.382,0.311,1.17,1.05,1.2,22300.0,13700.0,33700.0,1040.0,305.0,305.0,1290.0,836.0,0.502,12.7,13.3,11.01,0.0093
W214062,2010.0,2090.0,2180.0,20.7,12.8,56.1,1.26,0.249,0.284,0.349,0.385,1.5,7780.0,5440.0,31500.0,724.0,121.0,169.0,233.0,185.0,0.627,7.7,8.07,7.55,0.028
W214063,2440.0,2570.0,2620.0,51.4,25.1,17.0,0.672,0.432,0.297,1.65,1.29,0.775,40300.0,22300.0,20000.0,806.0,436.0,369.0,2300.0,1290.0,0.323,16.1,16.8,14.62,0.0056
W214064,2030.0,2100.0,2210.0,35.7,18.6,38.5,0.564,0.365,0.459,1.21,0.953,1.05,34200.0,20200.0,55100.0,826.0,451.0,697.0,2070.0,1170.0,0.437,19.7,20.5,16.45,0.012
W214065,2080.0,2160.0,2260.0,36.2,21.7,27.0,3.81,0.564,0.459,1.74,0.953,5.35,13600.0,9240.0,15200.0,2190.0,273.0,273.0,1170.0,458.0,2.23,7.7,8.05,7.84,0.21
W214224,2300.0,2440.0,2560.0,56.1,22.9,9.34,1.58,2.16,0.338,4.01,1.02,1.68,38600.0,17800.0,9630.0,1670.0,1920.0,369.0,4930.0,900.0,0.682,14.5,14.8,11.28,0.033
W214225,2070.0,2170.0,2310.0,36.0,22.3,22.3,3.25,2.49,0.162,3.11,0.903,4.35,5620.0,3950.0,5220.0,776.0,502.0,40.1,866.0,181.0,1.76,3.3,3.34,3.41,0.025
W214226,2160.0,2270.0,2390.0,49.4,21.9,14.9,0.812,1.83,0.135,4.76,0.719,1.88,52800.0,26500.0,23800.0,1320.0,2510.0,228.0,9040.0,982.0,0.761,22.5,22.8,18.73,0.019
W214227,2160.0,2250.0,2380.0,48.2,19.8,20.6,0.7,1.83,0.149,4.53,0.769,1.58,44600.0,20800.0,28600.0,992.0,2180.0,218.0,7480.0,912.0,0.641,19.5,19.8,13.73,0.027
W214228,2130.0,2240.0,2350.0,40.0,20.8,17.9,3.14,2.66,0.378,3.29,0.903,5.28,6450.0,3790.0,4310.0,773.0,552.0,96.6,945.0,186.0,2.14,3.4,3.45,3.98,0.11
W214229,2280.0,2370.0,2500.0,52.9,22.1,12.8,0.406,1.99,0.149,4.93,0.853,1.58,122000.0,57900.0,44200.0,1440.0,5940.0,545.0,20300.0,2530.0,0.638,48.9,49.5,46.58,0.024
W214230,2080.0,2130.0,2250.0,35.7,17.3,33.2,1.58,0.797,0.27,2.92,1.1,1.93,29400.0,16100.0,40800.0,1990.0,845.0,352.0,4280.0,1160.0,0.779,17.4,17.6,15.78,0.076
W214231,2260.0,2390.0,2550.0,43.4,24.0,21.9,0.812,1.56,0.189,4.04,0.786,1.25,29600.0,18500.0,22300.0,844.0,1370.0,204.0,4890.0,684.0,0.506,14.4,14.6,22.93,0.022
W214232,2280.0,2350.0,2490.0,51.8,22.5,13.9,0.35,1.66,0.122,4.53,0.669,1.38,76100.0,37400.0,30600.0,786.0,3150.0,283.0,11900.0,1260.0,0.558,31.0,31.5,26.53,0.023
W214233,2570.0,2690.0,2760.0,50.7,27.2,12.6,1.12,0.78,2.03,2.3,1.66,1.35,14700.0,8920.0,5450.0,495.0,291.0,929.0,1180.0,613.0,0.548,6.1,6.19,5.48,0.029
W214234,2260.0,2370.0,2540.0,48.8,24.0,19.9,0.63,0.631,0.135,2.39,1.72,0.925,25400.0,14100.0,15500.0,501.0,423.0,111.0,2210.0,1150.0,0.374,11.0,11.1,9.63,0.0091
W214235,1990.0,2140.0,2250.0,34.7,18.9,31.3,4.34,0.664,0.311,1.17,0.669,5.23,4750.0,2930.0,6420.0,908.0,117.0,67.4,284.0,117.0,2.11,2.9,2.93,2.94,0.043
W214236,2070.0,2150.0,2270.0,38.3,19.5,33.5,0.938,1.05,0.162,2.7,0.602,1.4,14500.0,8320.0,18900.0,541.0,509.0,96.9,1820.0,291.0,0.565,8.0,8.08,6.35,0.018
W214237,2800.0,2800.0,2800.0,56.9,30.2,6.78,0.294,0.847,0.122,2.5,1.39,0.325,47600.0,28600.0,8480.0,376.0,913.0,161.0,3720.0,1490.0,0.131,17.7,17.9,14.32,0.011
W214238,2510.0,2630.0,2680.0,55.4,27.2,9.44,0.994,0.813,0.527,1.56,1.76,1.05,12500.0,6980.0,3200.0,344.0,237.0,189.0,630.0,509.0,0.424,4.8,4.84,4.19,0.047
W214239,2550.0,2670.0,2730.0,56.3,27.6,7.05,0.644,1.99,0.149,4.25,1.07,0.975,40300.0,22300.0,7550.0,704.0,1840.0,168.0,5420.0,980.0,0.395,15.1,15.3,12.85,0.023
W214240,2180.0,2300.0,2450.0,28.9,25.1,33.9,3.4,0.631,0.513,0.349,0.753,4.22,5450.0,5370.0,9560.0,981.0,153.0,153.0,117.0,182.0,1.7,4.0,4.04,4.2,0.026
W214241,2170.0,2240.0,2380.0,47.9,23.8,20.2,0.896,0.797,0.243,2.07,1.22,1.23,35700.0,20100.0,22500.0,1020.0,765.0,287.0,2740.0,1160.0,0.497,15.7,15.9,13.19,0.016
W214242,2200.0,2390.0,2450.0,49.9,25.7,12.7,1.79,0.847,0.581,2.02,1.91,1.53,13800.0,8030.0,5250.0,756.0,301.0,254.0,992.0,673.0,0.621,5.8,5.9,6.44,0.031
W214243,2080.0,2180.0,2270.0,38.3,23.3,27.3,2.11,0.614,0.149,1.65,0.853,2.23,7640.0,5250.0,8150.0,644.0,158.0,46.9,585.0,218.0,0.904,4.2,4.27,4.83,0.02
W214244,2290.0,2580.0,2690.0,44.3,25.1,17.3,1.34,2.49,0.257,2.81,1.29,2.9,21200.0,13600.0,12400.0,982.0,1530.0,194.0,2390.0,788.0,1.17,10.1,10.2,9.0,0.074
W214245,2420.0,2700.0,2770.0,46.7,30.1,10.9,1.25,1.99,0.365,2.78,1.47,2.08,17400.0,12700.0,6080.0,711.0,959.0,216.0,1850.0,703.0,0.839,7.9,7.99,7.19,0.027
W214246,2440.0,2720.0,2800.0,47.7,29.5,11.0,1.83,1.06,0.27,2.32,1.39,2.4,9010.0,6310.0,3110.0,530.0,259.0,80.8,780.0,335.0,0.97,4.0,4.04,4.32,0.014
W214247,2480.0,2780.0,2800.0,49.0,33.5,6.31,1.4,1.03,0.297,3.37,1.61,1.63,16500.0,12700.0,3170.0,720.0,446.0,158.0,2020.0,691.0,0.659,7.1,7.2,8.0,0.0087
W214248,2540.0,2800.0,2800.0,48.8,33.1,6.69,1.23,1.01,0.257,2.45,1.76,1.2,12200.0,9380.0,2510.0,471.0,327.0,102.0,1090.0,563.0,0.485,5.3,5.36,5.66,0.012
W214249,2630.0,2800.0,2800.0,54.4,33.3,3.13,0.868,0.481,0.257,1.41,1.66,0.7,26900.0,18700.0,2320.0,657.0,307.0,201.0,1240.0,1050.0,0.283,10.5,10.6,11.54,0.0041
W214250,2800.0,2800.0,2800.0,53.7,32.9,4.42,0.868,0.847,0.216,1.68,1.66,0.925,22100.0,15300.0,2720.0,545.0,449.0,141.0,1230.0,871.0,0.374,8.7,8.8,7.99,0.01
W214251,2580.0,2800.0,2800.0,47.9,34.4,4.18,0.854,0.979,0.324,3.65,1.37,1.0,16100.0,13100.0,2100.0,439.0,424.0,173.0,2190.0,590.0,0.405,7.1,7.19,7.27,0.0069
W214252,2400.0,2640.0,2760.0,49.4,28.4,7.46,1.89,1.63,0.365,3.31,1.2,2.05,11000.0,7150.0,2490.0,644.0,467.0,129.0,1310.0,343.0,0.832,4.7,4.77,4.83,0.016
W214253,2300.0,2540.0,2720.0,44.1,30.1,11.1,1.53,1.28,2.16,2.96,1.25,2.55,6670.0,5150.0,2520.0,353.0,249.0,518.0,797.0,243.0,1.03,3.2,3.24,3.57,0.023
W214254,2580.0,2800.0,2800.0,49.4,32.9,6.22,0.756,1.01,0.284,4.51,1.71,1.1,17600.0,13200.0,3310.0,410.0,464.0,160.0,2850.0,775.0,0.446,7.5,7.6,7.94,0.0046
W214255,2560.0,2680.0,2800.0,50.9,28.4,8.57,2.25,1.01,0.203,1.14,1.94,2.2,9910.0,6240.0,2490.0,670.0,254.0,62.4,395.0,483.0,0.893,4.1,4.16,4.15,0.016
W214256,2390.0,2630.0,2760.0,44.3,28.9,14.3,1.51,0.863,0.527,2.49,1.3,1.78,6490.0,4800.0,3140.0,339.0,163.0,122.0,649.0,245.0,0.719,3.1,3.14,4.21,0.008
W214257,2190.0,2340.0,2500.0,49.0,19.5,13.1,3.31,1.23,0.351,2.15,1.71,4.7,12600.0,5670.0,5040.0,1300.0,407.0,143.0,985.0,561.0,1.95,5.3,5.5,5.13,0.039
W214258,1980.0,2040.0,2080.0,16.1,6.62,57.9,3.95,0.315,0.446,0.18,0.284,4.8,2900.0,1350.0,15600.0,1090.0,73.2,127.0,57.8,65.5,1.95,3.8,3.85,4.25,0.019
W214259,2680.0,2760.0,2800.0,45.4,32.7,5.41,4.5,1.05,0.23,1.24,1.12,5.38,14600.0,11900.0,2600.0,2210.0,434.0,117.0,709.0,461.0,2.24,6.6,6.9,6.24,0.11
W214260,2800.0,2800.0,2800.0,51.8,31.6,3.92,1.48,0.996,0.81,2.43,1.3,1.7,11100.0,7670.0,1260.0,487.0,276.0,276.0,928.0,358.0,0.694,4.5,4.59,4.35,0.0083
W214261,2190.0,2770.0,2800.0,52.0,30.2,7.55,1.08,0.747,0.189,2.61,1.76,0.8,30800.0,20300.0,6680.0,975.0,570.0,177.0,2750.0,1330.0,0.327,12.4,12.7,13.04,0.0049
W214262,2170.0,2270.0,2470.0,39.8,23.8,28.2,1.3,0.548,0.162,1.69,1.47,1.0,22900.0,15500.0,24300.0,1140.0,406.0,148.0,1740.0,1080.0,0.407,12.1,12.3,12.23,0.0059
W214263,2020.0,2120.0,2200.0,18.7,9.92,51.5,3.43,1.06,0.432,1.13,0.468,4.25,3300.0,1980.0,13600.0,924.0,241.0,121.0,355.0,106.0,1.73,3.7,3.77,3.51,0.27
W214264,2170.0,2300.0,2360.0,13.8,7.54,60.6,2.69,0.365,0.203,0.264,0.268,4.0,3760.0,2320.0,24600.0,1120.0,128.0,87.2,128.0,93.0,1.63,5.7,5.81,5.6,0.039
W214265,2110.0,2160.0,2290.0,32.5,20.8,33.2,2.46,0.681,0.743,1.8,0.87,3.35,9250.0,6690.0,14100.0,1070.0,249.0,335.0,912.0,316.0,1.36,6.0,6.08,5.6,0.022
W214266,2580.0,2660.0,2710.0,47.3,30.2,12.0,0.812,0.88,0.311,1.27,1.29,0.675,19500.0,14100.0,7430.0,512.0,468.0,203.0,936.0,680.0,0.277,8.6,8.83,8.71,0.0056
W214267,2500.0,2560.0,2630.0,43.9,26.3,11.7,3.56,0.813,0.986,1.8,1.0,4.22,4040.0,2740.0,1610.0,500.0,96.5,144.0,295.0,118.0,1.75,1.9,1.97,1.63,0.014
W214268,2340.0,2580.0,2650.0,45.4,27.6,15.6,1.61,1.06,0.203,3.22,0.0836,1.65,19400.0,13400.0,9990.0,1050.0,587.0,138.0,2460.0,45.8,0.68,8.9,9.17,8.98,0.01
W214269,2500.0,2800.0,2800.0,48.8,34.0,5.01,1.5,1.1,0.257,3.15,1.29,1.63,12500.0,9850.0,1920.0,585.0,361.0,104.0,1430.0,421.0,0.671,5.3,5.47,5.58,0.0074
W214270,2680.0,2800.0,2800.0,50.3,30.2,7.25,1.15,0.896,0.189,1.49,1.67,1.35,37800.0,25700.0,8150.0,1320.0,868.0,225.0,1990.0,1610.0,0.549,15.8,16.1,15.16,0.015
W214271,2090.0,2210.0,2420.0,36.4,22.5,27.5,2.06,0.863,0.162,2.0,1.12,3.2,19600.0,13700.0,22100.0,1700.0,600.0,138.0,1910.0,773.0,1.29,11.4,11.5,10.58,0.019
W214272,2010.0,2070.0,2170.0,25.3,12.3,45.0,3.7,0.913,0.243,1.43,0.485,4.03,9140.0,5030.0,24400.0,2040.0,426.0,139.0,922.0,225.0,1.64,7.6,7.74,6.66,0.039
W214273,2710.0,2800.0,2800.0,58.0,27.6,5.03,0.602,1.11,0.162,3.17,1.24,0.825,29600.0,15900.0,3840.0,469.0,731.0,131.0,2880.0,807.0,0.34,10.6,10.9,10.51,0.011
W214274,2680.0,2800.0,2800.0,56.7,27.4,5.66,0.378,2.32,0.176,3.15,1.2,0.625,51100.0,28000.0,7630.0,520.0,2700.0,251.0,5050.0,1390.0,0.256,18.8,19.3,17.39,0.01
W214275,2080.0,2170.0,2380.0,33.0,20.8,30.0,3.57,0.913,0.419,1.61,1.07,4.63,11600.0,8250.0,15800.0,1910.0,413.0,233.0,1010.0,480.0,1.88,7.4,7.5,7.12,0.03
W214276,2570.0,2800.0,2800.0,47.1,33.5,8.01,2.32,0.664,0.446,1.27,1.42,1.88,12500.0,10100.0,3190.0,945.0,228.0,188.0,603.0,484.0,0.762,5.6,5.69,5.24,0.0074
W214277,2360.0,2530.0,2610.0,60.1,20.8,9.68,1.32,0.863,0.189,2.68,0.987,0.95,63000.0,24700.0,15200.0,2110.0,1170.0,314.0,5000.0,1320.0,0.389,21.9,22.4,20.87,0.0085
W214278,2570.0,2800.0,2800.0,60.1,25.7,3.29,0.616,0.996,0.243,2.87,1.3,0.675,37500.0,18100.0,3070.0,587.0,800.0,240.0,3190.0,1040.0,0.277,13.0,13.3,12.55,0.0084
W214279,2590.0,2800.0,2800.0,55.0,27.8,8.07,0.826,0.73,0.176,2.44,1.35,0.75,68600.0,39200.0,15100.0,1570.0,1170.0,347.0,5420.0,2160.0,0.307,26.1,26.7,19.83,0.006
W214280,2440.0,2800.0,2800.0,56.9,26.8,3.88,0.994,1.33,0.27,3.1,1.35,0.825,35500.0,18900.0,3610.0,947.0,1070.0,267.0,3440.0,1080.0,0.339,13.0,13.3,12.34,0.013
W214281,2100.0,2220.0,2400.0,47.9,21.0,19.0,1.9,0.88,0.338,2.6,1.12,1.8,40700.0,20200.0,24200.0,2470.0,963.0,454.0,3920.0,1220.0,0.731,17.9,18.2,18.13,0.023
W214282,2500.0,2580.0,2640.0,54.6,25.0,10.7,0.728,0.996,0.297,2.44,1.37,0.975,41800.0,21700.0,12300.0,853.0,985.0,361.0,3330.0,1350.0,0.397,16.1,16.4,14.87,0.011
W214762,2270.0,2380.0,2470.0,39.6,20.4,13.3,10.5,1.43,0.486,1.15,1.09,8.78,11000.0,6430.0,5540.0,4460.0,512.0,214.0,572.0,387.0,3.54,5.9,5.95,4.37,0.039
W214763,2170.0,2310.0,2410.0,58.2,23.6,4.82,3.25,0.847,0.527,1.13,1.76,3.03,50300.0,23100.0,6230.0,4290.0,942.0,721.0,1740.0,1940.0,1.22,18.3,18.5,5.47,0.011
W214764,2420.0,2500.0,2600.0,43.4,18.9,7.09,12.6,1.41,0.797,1.19,1.19,8.2,26400.0,13000.0,6440.0,11700.0,1100.0,766.0,1290.0,922.0,3.3,12.9,13.0,12.2,0.03
W214765,2360.0,2480.0,2570.0,31.0,20.4,13.0,11.9,2.32,1.24,2.55,0.803,11.3,11800.0,8820.0,7420.0,6940.0,1140.0,752.0,1730.0,392.0,4.57,8.1,8.17,10.02,0.033
W214766,2140.0,2210.0,2290.0,27.6,18.7,10.1,15.4,1.66,1.35,0.817,0.819,14.8,5470.0,4200.0,3000.0,4660.0,424.0,424.0,288.0,208.0,5.97,4.2,4.24,4.2,0.042
W214767,2200.0,2340.0,2420.0,50.9,24.0,7.35,4.96,0.88,0.824,0.829,1.39,4.15,21100.0,11300.0,4560.0,3140.0,471.0,542.0,613.0,737.0,1.68,8.8,8.88,3.64,0.016
W214768,2470.0,2610.0,2720.0,51.4,25.0,11.1,0.406,1.31,0.311,3.69,1.19,0.95,49500.0,27200.0,16000.0,598.0,1630.0,474.0,6330.0,1460.0,0.384,20.4,20.6,10.49,0.013
W214769,2020.0,2100.0,2190.0,26.5,11.9,41.0,1.67,0.448,1.49,1.33,0.452,3.25,3270.0,1660.0,7570.0,314.0,71.2,290.0,293.0,71.2,1.32,2.6,2.64,2.27,0.01
W214770,2090.0,2190.0,2340.0,34.9,20.2,24.9,1.58,1.03,0.77,2.68,0.652,2.68,5130.0,3360.0,5470.0,355.0,195.0,179.0,701.0,123.0,1.09,3.1,3.14,2.59,0.027
W214771,2210.0,2460.0,2600.0,48.8,26.1,13.9,0.7,0.913,0.567,3.19,1.32,1.23,27900.0,16900.0,11900.0,611.0,673.0,514.0,3240.0,966.0,0.495,12.1,12.2,9.76,0.01
W214772,2300.0,2420.0,2510.0,37.9,24.6,9.18,6.61,1.43,0.486,2.18,1.62,9.13,3080.0,2260.0,1120.0,821.0,150.0,62.7,315.0,169.0,3.74,1.7,1.74,1.63,0.026
W214773,2310.0,2400.0,2570.0,41.3,25.3,9.18,4.9,1.49,0.594,2.63,0.97,6.83,4760.0,3310.0,1580.0,864.0,222.0,109.0,541.0,143.0,2.81,2.4,2.47,2.1,0.028
W214774,2800.0,2800.0,2800.0,53.5,33.8,3.03,0.742,0.681,0.419,1.61,1.39,0.8,25000.0,17900.0,2120.0,530.0,410.0,310.0,1340.0,831.0,0.327,9.8,10.0,9.5,0.0051
W214775,2470.0,2680.0,2800.0,39.4,33.5,9.3,3.5,0.88,0.378,1.54,1.14,4.4,6400.0,6150.0,2260.0,869.0,184.0,97.3,445.0,236.0,1.8,3.4,3.48,3.57,0.0067
W214776,2040.0,2100.0,2210.0,28.0,17.2,34.7,2.83,1.33,0.432,1.6,0.619,3.33,8820.0,6120.0,16400.0,1360.0,539.0,216.0,896.0,249.0,1.36,6.6,6.74,6.37,0.0091
W214777,2100.0,2230.0,2530.0,40.7,25.3,19.3,1.61,0.863,0.216,3.14,0.903,2.23,16100.0,11400.0,11500.0,977.0,442.0,136.0,2220.0,459.0,0.911,8.3,8.5,8.38,0.0086
W214778,2160.0,2220.0,2280.0,21.0,11.4,47.6,1.29,0.398,0.162,1.13,0.435,1.95,9050.0,5570.0,30700.0,849.0,222.0,111.0,868.0,240.0,0.8,9.0,9.23,8.42,0.0036
W214779,2690.0,2800.0,2800.0,52.9,28.5,1.77,3.04,0.432,0.176,1.63,1.94,1.85,26100.0,16000.0,1310.0,2290.0,275.0,137.0,1440.0,1230.0,0.76,10.3,10.6,10.03,0.0087
W214780,2420.0,2680.0,2800.0,48.8,28.2,6.21,3.38,0.946,0.257,1.86,1.32,4.3,20600.0,13400.0,3920.0,2170.0,514.0,171.0,1400.0,713.0,1.76,8.8,9.02,8.51,0.01
W214781,2230.0,2590.0,2700.0,44.7,28.2,13.0,1.54,0.979,0.203,2.9,1.14,1.55,15400.0,11000.0,6700.0,812.0,436.0,111.0,1780.0,502.0,0.636,7.2,7.38,7.05,0.006
W214782,2090.0,2180.0,2330.0,35.5,23.6,26.9,1.82,0.581,0.162,1.8,0.953,1.78,19600.0,14800.0,22200.0,1530.0,413.0,142.0,1770.0,673.0,0.722,11.6,11.8,11.51,0.0053
W214783,2060.0,2140.0,2240.0,38.9,22.9,18.2,4.51,0.896,0.27,1.17,0.87,3.65,6500.0,4320.0,4530.0,1150.0,193.0,71.4,346.0,186.0,1.49,3.5,3.57,3.42,0.021
W214784,2640.0,2800.0,2800.0,48.4,32.1,5.52,3.26,0.448,0.243,0.889,1.0,2.45,8070.0,6070.0,1380.0,832.0,96.4,64.3,264.0,214.0,1.0,3.5,3.57,3.45,0.032
W214785,2040.0,2100.0,2180.0,30.8,15.6,35.8,2.32,0.664,0.311,1.45,0.786,3.6,9520.0,5450.0,16500.0,1100.0,264.0,152.0,800.0,311.0,1.46,6.5,6.61,5.88,0.007
W214786,2040.0,2100.0,2200.0,28.9,15.5,36.5,3.15,0.448,0.284,1.9,0.719,3.3,11400.0,6910.0,21500.0,1900.0,228.0,177.0,1330.0,363.0,1.34,8.3,8.44,7.71,0.01
W214787,2570.0,2630.0,2710.0,44.5,28.9,11.0,2.82,0.548,0.405,2.08,1.05,2.55,15300.0,11200.0,5640.0,1470.0,242.0,220.0,1270.0,462.0,1.04,7.2,7.33,7.2,0.0076
W214788,2510.0,2620.0,2700.0,47.1,28.9,10.3,1.85,0.83,0.203,2.01,1.67,1.65,20400.0,14200.0,6700.0,1220.0,463.0,139.0,1550.0,926.0,0.672,9.1,9.26,8.57,0.0047
W214789,2800.0,2800.0,2800.0,59.3,27.8,2.5,0.896,0.598,0.203,2.3,2.61,1.0,31500.0,16700.0,1990.0,729.0,410.0,171.0,2170.0,1780.0,0.407,11.2,11.4,10.94,0.0042
W214790,2250.0,2510.0,2760.0,44.5,28.9,7.99,2.84,0.432,0.203,1.45,3.09,1.55,21100.0,15500.0,5680.0,2060.0,264.0,152.0,1230.0,1880.0,0.63,10.0,10.2,9.66,0.0074
W214791,2540.0,2680.0,2800.0,43.0,28.9,11.7,2.87,0.598,0.999,1.09,1.37,2.98,7160.0,5450.0,2920.0,731.0,128.0,264.0,324.0,292.0,1.21,3.5,3.56,3.34,0.011
W214792,2600.0,2720.0,2800.0,46.0,31.2,9.02,1.93,1.05,0.203,3.06,1.2,1.93,7720.0,5920.0,2270.0,495.0,226.0,53.9,915.0,258.0,0.79,3.5,3.59,8.49,0.011
W214793,2410.0,2470.0,2570.0,33.8,28.4,13.2,7.03,1.53,0.446,1.94,1.02,9.53,14600.0,13900.0,8540.0,4640.0,851.0,305.0,1490.0,564.0,3.92,9.0,9.25,2.44,0.019
W214794,2640.0,2760.0,2800.0,40.2,32.1,21.0,1.26,0.598,0.203,1.31,0.953,1.5,20100.0,18100.0,15700.0,960.0,384.0,160.0,1160.0,608.0,0.604,10.6,10.7,11.07,0.0015
W214795,2540.0,2720.0,2790.0,41.3,33.3,18.4,0.868,0.332,0.176,1.12,1.35,1.15,30200.0,27600.0,20200.0,971.0,313.0,204.0,1460.0,1270.0,0.465,15.5,15.7,14.18,0.007
W214796,2090.0,2200.0,2360.0,43.4,21.6,27.2,1.32,0.448,0.243,1.5,1.4,1.3,34100.0,19200.0,31900.0,1580.0,454.0,303.0,2100.0,1410.0,0.52,16.8,16.8,16.68,0.002
W214797,2380.0,2630.0,2750.0,43.2,25.5,21.2,2.18,0.481,0.338,0.925,1.27,2.63,12800.0,8570.0,9390.0,990.0,184.0,159.0,489.0,482.0,1.06,6.3,6.35,5.96,0.0017
W214798,2230.0,2450.0,2540.0,47.3,25.1,18.3,1.6,0.681,0.27,2.52,1.3,1.73,26900.0,16200.0,15600.0,1390.0,500.0,244.0,2560.0,951.0,0.695,12.1,12.2,11.28,0.0043
W215389,2580.0,2720.0,2750.0,45.2,30.2,7.72,2.8,0.896,0.189,2.16,1.52,3.5,7740.0,5870.0,1980.0,734.0,198.0,51.4,661.0,334.0,1.43,3.6,3.67,3.54,0.0082
W215390,2600.0,2690.0,2730.0,45.4,32.3,5.86,5.18,0.863,0.27,0.733,1.52,3.25,7330.0,5910.0,1420.0,1280.0,180.0,69.1,211.0,315.0,1.32,3.4,3.46,3.28,0.0096
W215391,2190.0,2280.0,2370.0,43.7,25.7,20.2,1.4,0.797,0.189,2.76,1.17,1.33,24000.0,16000.0,16600.0,1180.0,565.0,165.0,2710.0,824.0,0.538,11.6,11.8,10.79,0.0062
W215392,2450.0,2540.0,2580.0,50.3,25.7,13.0,1.54,0.896,0.189,2.28,1.42,1.95,11700.0,6790.0,4540.0,549.0,270.0,69.9,949.0,425.0,0.795,4.9,4.99,4.92,0.0076
W215393,2250.0,2340.0,2390.0,34.0,26.7,18.0,6.02,0.93,0.459,1.06,1.22,4.25,2260.0,2000.0,1790.0,611.0,79.6,48.3,125.0,104.0,1.73,1.4,1.42,1.66,0.027
W215394,1950.0,2140.0,2210.0,18.8,11.5,56.6,1.4,0.332,0.54,0.553,0.368,1.9,4290.0,2980.0,19300.0,488.0,97.6,195.0,224.0,107.0,0.772,4.8,4.88,4.55,0.011
W215395,2210.0,2300.0,2390.0,35.1,27.2,26.2,2.24,0.631,0.432,1.44,1.4,2.75,7980.0,7010.0,8910.0,779.0,185.0,156.0,584.0,409.0,1.12,4.8,4.87,4.45,0.018
W215396,1990.0,2080.0,2130.0,34.0,14.7,41.8,1.4,0.598,0.162,1.32,0.987,1.78,13600.0,6660.0,24900.0,853.0,307.0,102.0,939.0,503.0,0.721,8.4,8.53,8.48,0.014
W215397,2050.0,2140.0,2190.0,43.9,18.3,17.9,5.04,1.56,0.513,2.52,0.936,5.5,6060.0,2870.0,3700.0,1060.0,278.0,112.0,621.0,166.0,2.24,2.9,2.96,2.84,0.042
W215398,1920.0,2010.0,2090.0,15.0,5.67,58.6,3.78,0.498,0.216,0.325,0.368,4.5,2770.0,1190.0,16200.0,1070.0,119.0,63.4,107.0,87.2,1.83,3.9,3.96,3.82,0.029
W215399,2460.0,2580.0,2630.0,52.2,23.1,15.3,1.01,0.764,0.162,2.76,1.67,1.15,34200.0,17100.0,15000.0,1010.0,646.0,168.0,3230.0,1400.0,0.468,13.8,14.0,11.98,0.113
W215400,2750.0,2800.0,2800.0,48.6,31.9,6.15,2.24,0.764,0.432,2.28,1.12,2.23,12300.0,9130.0,2320.0,864.0,248.0,173.0,1030.0,362.0,0.907,5.3,5.4,5.33,0.0062
W215401,2070.0,2160.0,2200.0,17.8,7.37,61.8,1.68,0.664,0.162,0.865,0.284,2.2,10800.0,5030.0,55800.0,1550.0,516.0,155.0,929.0,219.0,0.894,12.7,12.9,11.2,0.0064
W215402,2660.0,2740.0,2790.0,55.4,31.9,3.43,1.11,0.631,0.162,1.56,2.34,1.02,35600.0,23200.0,3300.0,1090.0,522.0,165.0,1790.0,1920.0,0.417,13.5,13.7,12.93,0.0046
W215403,2600.0,2700.0,2770.0,46.2,28.9,14.2,1.68,0.631,0.135,1.8,1.14,1.58,15800.0,11200.0,7250.0,878.0,278.0,73.2,1100.0,498.0,0.641,7.2,7.32,6.66,0.0062
W215404,2290.0,2400.0,2500.0,45.2,25.0,15.2,2.24,0.73,1.22,1.68,1.37,3.25,3010.0,1880.0,1510.0,228.0,62.8,128.0,200.0,117.0,1.32,1.4,1.43,1.99,0.024
W215405,2690.0,2800.0,2800.0,45.4,33.3,10.7,1.96,0.631,0.675,1.8,1.32,1.7,10800.0,8940.0,3810.0,711.0,193.0,254.0,762.0,401.0,0.691,5.0,5.08,4.86,0.0088
W215406,2800.0,2800.0,2800.0,52.6,31.6,4.29,0.784,0.697,0.432,3.0,1.61,0.95,25000.0,17000.0,3050.0,569.0,426.0,325.0,2540.0,975.0,0.386,10.0,10.2,9.79,0.0068
W215407,2680.0,2760.0,2800.0,50.5,31.0,4.58,0.882,1.13,0.675,4.33,1.14,1.15,21600.0,15000.0,2930.0,577.0,623.0,458.0,3300.0,623.0,0.468,9.0,9.16,7.99,0.01
W215408,2000.0,2110.0,2180.0,26.5,14.2,48.3,1.54,0.432,0.162,1.44,0.686,2.23,10400.0,6300.0,28400.0,924.0,218.0,101.0,1010.0,344.0,0.9,8.3,8.4,8.21,0.014
W215409,2590.0,2680.0,2740.0,48.8,29.1,6.39,4.34,0.531,0.135,1.32,1.59,1.55,18500.0,12500.0,3640.0,2520.0,260.0,81.3,895.0,773.0,0.63,8.0,8.13,7.48,0.0072
W215410,2500.0,2590.0,2670.0,44.9,29.7,11.0,3.5,0.598,0.108,1.8,0.903,1.53,34200.0,25500.0,12500.0,4070.0,586.0,130.0,2440.0,879.0,0.62,16.0,16.3,14.04,0.01
W215411,2410.0,2580.0,2680.0,46.4,27.0,13.3,1.25,1.06,0.162,3.37,0.886,1.5,21700.0,14300.0,9290.0,889.0,639.0,120.0,2800.0,529.0,0.611,9.8,9.98,9.49,0.012
W215412,2330.0,2520.0,2580.0,42.2,26.3,17.2,3.22,1.2,0.135,1.92,1.1,3.75,5560.0,3920.0,3390.0,649.0,203.0,28.2,452.0,186.0,1.51,2.8,2.82,2.75,0.072
W215413,2640.0,2710.0,2790.0,46.7,27.8,15.2,2.1,0.598,0.324,0.721,2.01,2.5,13500.0,9090.0,6560.0,928.0,223.0,148.0,371.0,742.0,1.01,6.1,6.18,5.66,0.023
W215414,2800.0,2800.0,2800.0,55.6,32.7,3.19,0.532,0.863,0.243,2.64,1.07,0.675,54000.0,35900.0,4630.0,789.0,1080.0,374.0,4570.0,1330.0,0.272,20.6,20.8,20.67,0.0084
W215415,2200.0,2340.0,2480.0,36.4,25.9,26.0,1.96,1.13,0.756,0.793,1.66,2.28,6330.0,5100.0,6780.0,522.0,253.0,209.0,246.0,369.0,0.916,3.7,3.73,3.65,0.021
W215416,2690.0,2770.0,2800.0,41.1,32.9,11.2,3.5,0.73,0.135,0.805,1.12,4.0,5100.0,4620.0,2070.0,663.0,117.0,26.5,178.0,178.0,1.63,2.6,2.65,2.76,0.0084
W215417,2800.0,2800.0,2800.0,51.6,32.5,5.15,1.54,0.863,0.486,2.64,1.64,1.23,13800.0,9830.0,2060.0,629.0,297.0,206.0,1260.0,560.0,0.5,5.6,5.72,5.62,0.0054
W215418,2000.0,2080.0,2130.0,28.0,14.2,48.2,1.13,0.564,0.162,1.56,0.669,1.33,10900.0,6270.0,28200.0,677.0,284.0,100.0,1090.0,334.0,0.547,8.1,8.36,7.45,0.011
W215419,2130.0,2250.0,2360.0,39.2,22.3,27.7,1.68,0.631,0.162,1.92,1.4,1.48,21300.0,13800.0,22600.0,1400.0,443.0,140.0,1870.0,979.0,0.598,11.5,11.7,11.12,0.0064
W215420,2100.0,2290.0,2430.0,35.5,23.8,26.2,2.38,0.797,0.189,2.52,0.936,2.35,16900.0,12800.0,18600.0,1730.0,489.0,143.0,2140.0,570.0,0.958,10.0,10.2,10.7,0.0054
W215421,2800.0,2800.0,2800.0,53.7,31.4,4.58,0.392,1.13,0.135,3.97,1.59,0.525,102000.0,67600.0,13000.0,1140.0,2770.0,407.0,13400.0,3870.0,0.214,40.0,40.7,38.62,0.0064
W215423,2340.0,2480.0,2550.0,47.7,26.5,14.7,1.04,0.996,0.162,3.49,1.09,0.85,35300.0,22200.0,16300.0,1170.0,950.0,190.0,4590.0,1030.0,0.345,15.6,15.8,15.08,0.0058
W215424,2650.0,2720.0,2760.0,46.7,29.1,4.72,3.22,0.93,0.324,1.2,1.19,3.75,14200.0,10000.0,2150.0,1500.0,364.0,156.0,650.0,462.0,1.52,6.4,6.5,3.59,0.024
W215425,1990.0,2150.0,2240.0,41.5,25.0,20.4,2.52,0.83,0.108,2.04,1.05,2.75,10300.0,7000.0,7580.0,954.0,265.0,42.4,901.0,334.0,1.12,5.2,5.3,4.95,0.064
W215426,2570.0,2660.0,2720.0,54.6,27.4,6.29,0.686,1.59,0.567,4.21,1.07,0.85,31100.0,17700.0,5360.0,597.0,1170.0,512.0,4260.0,780.0,0.345,12.0,12.2,10.07,0.02
W215427,1960.0,2080.0,2230.0,39.2,23.3,29.0,1.34,0.631,0.378,2.04,1.14,1.6,13900.0,9370.0,15500.0,731.0,290.0,213.0,1300.0,518.0,0.65,7.5,7.62,6.94,0.017
W215428,2390.0,2500.0,2540.0,48.8,27.0,6.01,4.48,0.913,0.783,1.56,1.1,2.75,32400.0,20300.0,5960.0,4540.0,781.0,823.0,1850.0,937.0,1.12,13.9,14.2,13.28,0.064
W215429,2450.0,2550.0,2590.0,45.6,28.9,14.3,1.37,0.714,0.675,1.68,1.09,1.85,15800.0,11400.0,7430.0,729.0,320.0,372.0,1040.0,483.0,0.754,7.3,7.43,7.04,0.015
W215430,2010.0,2160.0,2240.0,30.4,20.0,31.9,3.08,0.797,0.621,2.4,0.819,4.75,7660.0,5720.0,12000.0,1190.0,259.0,248.0,1080.0,264.0,1.93,5.3,5.4,5.18,0.016
W215431,2290.0,2550.0,2630.0,50.5,26.8,14.2,0.63,0.764,0.635,2.88,1.12,1.15,32700.0,19600.0,13700.0,623.0,636.0,650.0,3320.0,927.0,0.468,13.6,13.8,14.18,0.015
W215432,2760.0,2800.0,2800.0,61.2,25.9,2.43,0.63,0.415,0.419,2.52,1.84,0.775,40200.0,19300.0,2390.0,632.0,351.0,436.0,2950.0,1550.0,0.316,13.8,14.1,13.19,0.0038
W215433,2580.0,2720.0,2780.0,55.2,25.0,11.7,0.882,0.349,0.419,1.56,1.51,1.2,22100.0,11300.0,7010.0,539.0,180.0,265.0,1110.0,770.0,0.489,8.4,8.55,8.47,0.0041
W215434,2580.0,2690.0,2760.0,49.2,28.5,13.7,1.68,0.465,0.311,1.92,1.39,1.45,20000.0,13100.0,8340.0,1040.0,243.0,200.0,1390.0,721.0,0.593,8.5,8.68,8.21,0.0058
W215437,2090.0,2220.0,2360.0,29.1,21.0,39.0,1.54,0.365,0.864,1.44,0.97,2.03,9670.0,7890.0,19400.0,782.0,156.0,455.0,853.0,412.0,0.823,7.0,7.11,7.27,0.025
W215438,2480.0,2570.0,2610.0,46.9,27.4,11.9,1.68,0.564,0.554,2.88,1.27,2.1,15400.0,10200.0,5840.0,845.0,239.0,289.0,1690.0,535.0,0.857,6.9,7.04,6.94,0.0061
W215439,2150.0,2240.0,2350.0,48.4,22.1,15.7,2.24,0.797,0.5,3.0,0.936,3.0,7810.0,4040.0,3800.0,553.0,166.0,128.0,864.0,194.0,1.22,3.4,3.46,3.26,0.063
W215440,2800.0,2800.0,2800.0,55.6,33.1,5.58,0.49,0.266,0.243,1.2,2.34,0.675,33700.0,22700.0,5060.0,454.0,208.0,234.0,1300.0,1820.0,0.276,12.7,13.0,12.28,0.006
W215446,2600.0,2680.0,2750.0,55.0,24.4,5.72,2.24,1.13,0.297,1.68,1.84,2.75,41800.0,21000.0,6510.0,2600.0,1110.0,358.0,2280.0,1790.0,1.11,16.1,16.3,13.99,0.022
W215447,2210.0,2360.0,2470.0,47.1,20.4,23.7,0.924,0.548,0.243,2.4,1.49,1.4,32100.0,15800.0,24200.0,964.0,482.0,263.0,2920.0,1300.0,0.564,14.5,14.6,13.78,0.018
W215448,2200.0,2400.0,2480.0,39.6,25.5,22.2,2.66,1.08,0.311,1.56,1.17,3.5,5600.0,4080.0,4690.0,575.0,197.0,69.6,393.0,212.0,1.41,3.0,3.03,3.08,0.019
W215449,2800.0,2800.0,2800.0,55.0,30.6,6.15,1.33,0.315,0.284,0.565,2.17,1.58,12700.0,8000.0,2120.0,469.0,93.8,104.0,232.0,642.0,0.635,4.9,4.94,5.28,0.0085
W215450,2170.0,2300.0,2420.0,40.9,23.6,13.0,6.16,1.66,0.23,0.925,1.59,7.75,7120.0,4660.0,3390.0,1640.0,373.0,63.4,287.0,354.0,3.13,3.7,3.73,3.68,0.028
W215451,2800.0,2800.0,2800.0,71.5,20.6,1.26,0.49,0.199,0.189,0.577,2.01,0.875,103000.0,33500.0,2700.0,1070.0,369.0,430.0,1470.0,3690.0,0.352,30.5,30.7,27.6,0.0019
W215452,2600.0,2680.0,2720.0,49.2,27.6,17.0,0.938,0.398,0.297,0.986,1.29,1.23,43900.0,27900.0,22700.0,1280.0,458.0,420.0,1570.0,1470.0,0.495,18.9,19.1,15.4,0.007
W215453,2020.0,2100.0,2170.0,22.7,12.9,45.0,4.06,0.631,0.351,1.32,0.669,6.08,3640.0,2330.0,10800.0,995.0,130.0,89.2,378.0,137.0,2.45,3.4,3.43,3.74,0.49
W215510,2160.0,2190.0,2210.0,20.3,8.13,19.0,13.3,0.797,1.26,0.962,0.903,23.3,8910.0,4030.0,12500.0,8910.0,450.0,872.0,750.0,506.0,10.0,8.7,9.38,5.2,0.29
W215546,2800.0,2800.0,2800.0,63.3,24.6,2.66,0.896,0.88,0.176,2.06,2.24,1.1,39900.0,17500.0,2500.0,862.0,714.0,175.0,2300.0,1800.0,0.449,13.2,13.5,12.74,0.0081
W215547,1900.0,2040.0,2120.0,40.7,19.1,33.2,1.13,0.448,0.162,1.62,1.05,1.7,27000.0,14300.0,32900.0,1150.0,383.0,170.0,1920.0,894.0,0.694,13.9,14.2,13.34,0.0073
W215548,2800.0,2800.0,2800.0,45.2,34.2,24.5,3.07,0.614,0.27,1.41,0.853,3.53,6920.0,5940.0,5610.0,718.0,121.0,65.6,384.0,167.0,1.45,3.2,3.28,3.36,0.0091
W215549,2220.0,2350.0,2400.0,46.7,21.6,9.8,0.854,0.681,0.257,2.45,1.25,1.5,42000.0,22000.0,13200.0,1180.0,790.0,366.0,3930.0,1450.0,0.612,18.9,19.3,17.81,0.012
W215550,2550.0,2680.0,2720.0,48.4,28.2,17.3,3.21,0.93,0.284,1.78,1.22,3.3,10200.0,6700.0,5440.0,1030.0,252.0,94.4,665.0,328.0,1.35,4.4,4.49,4.25,0.026
W215551,2320.0,2520.0,2590.0,41.7,28.2,23.5,2.17,0.747,0.203,2.69,1.12,2.1,26400.0,20200.0,22200.0,2100.0,610.0,203.0,3040.0,909.0,0.857,13.3,13.6,12.36,0.0051
W215552,2080.0,2200.0,2300.0,36.8,25.3,14.7,3.19,0.664,0.23,1.79,1.57,2.78,14000.0,10900.0,8390.0,1860.0,326.0,138.0,1210.0,766.0,1.13,8.0,8.14,7.67,0.0057
W215553,2610.0,2740.0,2790.0,47.1,28.7,7.76,0.644,0.847,0.351,3.15,1.35,1.18,28500.0,19700.0,7040.0,597.0,661.0,337.0,3400.0,1050.0,0.476,12.8,13.0,11.45,0.0083
W215554,2800.0,2800.0,2800.0,50.7,30.2,7.92,0.938,1.08,0.338,3.44,1.49,1.3,33600.0,22700.0,7860.0,950.0,922.0,355.0,4060.0,1260.0,0.527,14.0,14.2,13.11,0.0055
W215555,2650.0,2760.0,2800.0,47.9,30.2,15.6,0.77,0.996,0.365,5.32,1.14,1.43,36300.0,25900.0,17700.0,891.0,972.0,437.0,7170.0,1100.0,0.577,16.0,16.2,15.01,0.0053
W215556,2570.0,2660.0,2730.0,48.6,27.4,5.83,0.882,0.714,0.284,2.66,1.37,1.43,17400.0,11100.0,3140.0,484.0,331.0,161.0,1700.0,630.0,0.577,7.6,7.69,7.44,0.0043
W215557,2800.0,2800.0,2800.0,53.9,30.4,6.85,0.896,0.847,0.216,3.67,1.61,1.35,37600.0,24000.0,7150.0,956.0,762.0,239.0,4550.0,1430.0,0.552,14.6,14.9,13.45,0.0046
W215558,2800.0,2800.0,2800.0,55.9,28.5,3.65,1.01,0.73,0.23,2.49,1.91,1.65,33600.0,19400.0,3280.0,927.0,567.0,219.0,2670.0,1470.0,0.675,12.6,12.9,12.85,0.0035
W215559,2800.0,2800.0,2800.0,48.2,33.8,22.3,1.83,0.797,0.27,2.1,1.1,3.78,12600.0,10100.0,8770.0,736.0,270.0,112.0,984.0,371.0,1.54,5.5,5.62,5.58,0.0062
W215560,2450.0,2560.0,2600.0,40.9,28.2,23.0,0.91,0.73,0.0675,2.72,1.42,1.73,30700.0,23900.0,25900.0,1040.0,707.0,80.3,3630.0,1360.0,0.701,15.8,16.1,14.37,0.0049
W215561,2290.0,2490.0,2540.0,40.9,26.5,27.6,1.36,0.813,0.108,2.22,1.19,2.05,25400.0,18600.0,25700.0,1290.0,652.0,106.0,2460.0,945.0,0.833,13.1,13.3,13.07,0.0053
W215562,1990.0,2220.0,2300.0,38.7,24.2,44.2,1.2,0.714,0.0945,2.03,1.07,2.15,24300.0,17200.0,41500.0,1150.0,577.0,93.9,2270.0,859.0,0.874,13.2,13.4,12.54,0.0054
W215563,1950.0,2080.0,2130.0,28.7,16.6,44.2,2.16,0.631,0.081,1.75,0.87,2.95,12400.0,8110.0,28500.0,1420.0,351.0,55.4,1350.0,480.0,1.2,9.1,9.23,8.11,0.012
W215564,2300.0,2350.0,2520.0,37.5,19.8,35.5,1.47,0.315,0.216,0.433,1.39,1.93,21100.0,12700.0,29900.0,1270.0,229.0,193.0,434.0,1000.0,0.781,11.9,12.1,11.8,0.013
W215567,2200.0,2250.0,2300.0,37.5,26.5,17.6,3.45,0.83,1.62,1.91,1.05,4.28,5710.0,4570.0,4010.0,802.0,163.0,391.0,519.0,206.0,1.74,3.2,3.26,3.1,0.012
W215568,2000.0,2050.0,2100.0,28.9,12.7,47.3,2.2,0.531,0.257,1.06,0.803,3.15,10500.0,5220.0,25800.0,1220.0,249.0,148.0,686.0,374.0,1.28,7.7,7.79,8.6,0.026
W215569,1970.0,2020.0,2070.0,15.5,7.88,61.3,4.06,0.299,0.878,0.505,0.468,4.28,6860.0,3950.0,40700.0,2750.0,171.0,616.0,398.0,265.0,1.78,9.1,9.48,9.5,0.029
W215571,2910.0,2910.0,2910.0,52.0,26.7,9.6,1.58,1.38,0.338,2.92,1.52,2.13,16100.0,9340.0,4450.0,749.0,550.0,166.0,1610.0,603.0,0.866,6.5,6.63,6.4,0.0071
W215572,2090.0,2140.0,2240.0,39.8,24.0,23.3,1.76,0.93,0.702,2.5,1.34,2.6,25600.0,17500.0,22500.0,1740.0,772.0,717.0,2870.0,1100.0,1.05,13.6,13.8,12.6,0.02
W215573,2910.0,2910.0,2910.0,51.6,30.2,8.77,0.728,1.15,0.243,3.16,1.69,1.15,47500.0,31500.0,12100.0,1030.0,1360.0,355.0,5190.0,1990.0,0.468,19.4,19.7,19.2,0.0038
W215574,2140.0,2190.0,2240.0,34.2,16.9,34.9,2.18,0.531,0.122,1.49,1.19,3.3,15100.0,8460.0,23100.0,1470.0,302.0,85.1,1170.0,671.0,1.34,9.3,9.45,9.1,0.046
W215575,2910.0,2910.0,2910.0,45.4,25.7,17.3,1.29,0.697,0.324,2.4,1.64,1.88,15900.0,10200.0,9100.0,692.0,316.0,180.0,1500.0,737.0,0.762,7.4,7.52,7.6,0.0046
W215576,2020.0,2080.0,2140.0,39.4,18.3,32.7,1.26,0.432,0.392,1.97,1.99,1.93,24500.0,12900.0,30500.0,1200.0,347.0,387.0,2190.0,1590.0,0.778,13.2,13.3,12.8,0.011
W215577,2490.0,2550.0,2910.0,38.1,33.3,9.22,4.47,0.448,0.554,0.913,0.936,4.72,6710.0,6630.0,2430.0,1200.0,102.0,154.0,286.0,211.0,1.92,3.7,3.77,3.5,0.0093
W215580,2350.0,2400.0,2602.0,43.7,25.3,15.4,2.45,1.51,0.837,3.35,0.987,3.53,11200.0,7360.0,5930.0,961.0,500.0,341.0,1530.0,324.0,1.43,5.4,5.49,4.9,0.013
W215607,1950.0,2060.0,2150.0,24.0,13.0,50.9,2.58,0.714,0.743,1.67,0.535,3.43,6890.0,4240.0,21900.0,1130.0,264.0,338.0,855.0,197.0,1.4,6.0,6.15,5.9,0.0078
W215608,2230.0,2320.0,2400.0,11.4,7.15,62.5,5.81,0.398,0.81,0.421,0.184,7.7,3020.0,2150.0,24800.0,2360.0,136.0,341.0,199.0,62.5,3.13,5.6,5.69,5.4,0.031
W215609,2240.0,2330.0,2410.0,12.9,6.86,64.5,6.19,0.232,0.365,0.276,0.251,3.63,4780.0,2880.0,35800.0,3510.0,111.0,214.0,183.0,119.0,1.48,7.8,7.94,7.5,0.024
W215610,1960.0,2040.0,2160.0,33.6,20.8,36.2,1.13,0.813,0.284,2.91,0.769,1.85,22500.0,15800.0,36300.0,1160.0,704.0,302.0,3470.0,660.0,0.748,14.2,14.4,13.9,0.0078
W215611,1900.0,2000.0,2120.0,30.6,18.2,36.5,3.74,0.78,0.378,1.73,0.719,4.95,14600.0,9830.0,26000.0,2720.0,480.0,286.0,1470.0,439.0,2.0,10.1,10.2,9.8,0.036
W215612,2690.0,2780.0,2870.0,20.1,4.12,2.66,47.5,0.398,0.0675,0.517,0.151,6.1,36200.0,8400.0,7170.0,131000.0,925.0,193.0,1660.0,347.0,2.47,38.1,38.5,28.8,0.2
W215613,2490.0,2590.0,2650.0,42.8,29.9,2.2,10.3,0.415,0.554,0.493,1.4,7.58,21300.0,16800.0,1640.0,7810.0,266.0,436.0,436.0,893.0,3.07,10.5,10.6,9.6,0.03
W215614,1940.0,2030.0,2120.0,35.7,22.1,30.2,1.5,1.16,0.392,3.56,0.836,2.6,32900.0,23000.0,41600.0,2110.0,1380.0,571.0,5830.0,985.0,1.05,19.5,19.7,19.1,0.011
W215615,2040.0,2150.0,2250.0,40.2,26.1,23.7,1.12,0.93,0.446,2.36,1.24,2.1,38100.0,28000.0,33600.0,1620.0,1130.0,669.0,3970.0,1500.0,0.847,20.1,20.3,19.4,0.0071
W215616,2230.0,2320.0,2440.0,14.8,5.95,68.6,1.81,0.216,0.216,0.709,0.318,2.33,9760.0,4450.0,67800.0,1820.0,184.0,226.0,834.0,268.0,0.938,14.0,14.1,13.5,0.012
W215617,2020.0,2130.0,2240.0,17.5,9.09,51.9,7.87,0.332,0.297,0.481,0.301,7.28,7020.0,4120.0,31100.0,4820.0,171.0,189.0,343.0,154.0,2.93,8.5,8.57,8.3,0.053
W215672,2800.0,2800.0,2800.0,49.6,31.9,6.72,1.6,0.548,0.365,1.96,1.72,1.8,41900.0,30500.0,8490.0,2060.0,596.0,488.0,2950.0,1860.0,0.735,17.7,18.1,18.17,0.047
W215673,2080.0,2180.0,2260.0,39.2,19.7,28.9,2.23,0.83,0.257,1.38,1.07,3.45,37500.0,21300.0,41400.0,3250.0,1020.0,389.0,2350.0,1310.0,1.41,20.1,20.5,18.09,0.33
W215674,2480.0,2570.0,2620.0,53.3,23.1,13.3,1.47,0.73,0.459,2.81,1.37,1.9,38700.0,19000.0,14400.0,1630.0,684.0,528.0,3640.0,1270.0,0.777,15.2,15.5,15.25,0.01
W215675,2800.0,2800.0,2800.0,53.1,30.2,2.99,2.27,0.963,0.432,1.66,1.87,3.0,12300.0,7960.0,1040.0,806.0,289.0,159.0,687.0,558.0,1.24,4.8,4.98,4.34,0.0074
W215676,2800.0,2800.0,2800.0,47.3,34.0,6.71,1.2,0.78,0.189,2.57,1.19,1.83,14500.0,11800.0,3080.0,565.0,309.0,92.0,1410.0,467.0,0.761,6.3,6.58,5.36,0.0079
W215677,2640.0,2730.0,2770.0,44.5,34.8,5.29,4.06,0.93,0.567,1.18,0.87,3.93,14500.0,12800.0,2580.0,2020.0,390.0,293.0,683.0,362.0,1.61,6.8,6.97,6.04,0.0158
W215678,2700.0,2780.0,2800.0,45.8,32.5,11.7,0.994,0.78,0.594,3.09,1.45,1.55,17400.0,14000.0,6660.0,578.0,382.0,358.0,2090.0,708.0,0.631,8.0,8.14,7.81,0.05
W215679,2780.0,2800.0,2800.0,56.7,27.4,4.39,0.644,0.963,0.365,3.62,1.56,0.925,28800.0,15800.0,3340.0,501.0,631.0,294.0,3280.0,1010.0,0.376,10.7,10.9,9.82,0.01
W215814,2500.0,2630.0,2680.0,39.3,23.6,23.7,2.18,0.714,0.338,1.84,1.05,2.85,26500.0,18100.0,24000.0,2250.0,621.0,361.0,2210.0,910.0,1.17,14.1,14.5,29.45,0.0089
W215815,2210.0,2360.0,2430.0,53.6,21.7,13.9,1.18,0.93,0.257,3.06,1.19,1.43,44100.0,20200.0,17100.0,1480.0,985.0,334.0,4490.0,1250.0,0.587,17.1,17.6,16.36,0.01
W215816,2400.0,2510.0,2570.0,25.9,18.5,35.8,5.07,1.11,0.783,0.925,0.87,6.85,3850.0,3120.0,7960.0,1150.0,213.0,185.0,245.0,166.0,2.81,3.1,3.18,19.08,0.041
W215817,2120.0,2210.0,2280.0,44.0,21.4,24.6,1.67,0.896,0.5,1.79,1.29,2.38,31300.0,17200.0,26200.0,1810.0,822.0,563.0,2270.0,1170.0,0.984,14.7,15.2,13.19,0.014
W215818,2000.0,2150.0,2210.0,50.5,24.6,15.0,1.08,0.963,0.324,2.91,1.19,1.25,50400.0,27800.0,22400.0,1650.0,1240.0,513.0,5170.0,1520.0,0.521,20.5,21.4,3.16,0.0093
W215819,2400.0,2540.0,2600.0,51.9,23.4,13.4,1.08,0.913,0.446,2.85,1.12,1.2,40200.0,20600.0,15600.0,1280.0,912.0,547.0,3930.0,1110.0,0.5,15.9,16.6,14.1,0.0073
W215820,2180.0,2320.0,2400.0,56.5,24.0,10.6,0.742,0.963,0.338,2.52,1.3,1.43,92700.0,44600.0,26000.0,1860.0,2040.0,877.0,7370.0,2740.0,0.592,33.8,35.1,12.23,0.0057
W215861,2820.0,2910.0,2910.0,50.3,31.0,8.87,1.96,1.01,0.297,2.02,1.3,1.8,15500.0,10800.0,4100.0,926.0,404.0,146.0,1110.0,516.0,0.733,6.5,6.62,6.2,0.012
W215862,2860.0,2910.0,2910.0,50.3,31.0,9.15,0.938,1.18,0.689,2.16,1.64,1.35,58100.0,40500.0,15800.0,1660.0,1750.0,1260.0,4450.0,2420.0,0.549,24.3,24.7,23.0,0.014
W215863,2060.0,2140.0,2260.0,29.1,21.9,22.6,7.25,1.54,1.49,1.27,0.87,9.75,4430.0,3790.0,5160.0,1690.0,303.0,359.0,346.0,170.0,3.98,3.2,3.26,2.9,0.049
W215864,2040.0,2170.0,2250.0,36.9,22.1,20.3,5.83,1.38,0.756,1.78,1.34,6.0,7730.0,5240.0,6360.0,1860.0,372.0,251.0,663.0,359.0,2.44,4.4,4.48,4.1,0.035
W215865,2050.0,2140.0,2250.0,28.1,19.8,23.6,8.89,0.963,0.608,1.44,1.02,5.1,10400.0,8330.0,13100.0,5040.0,460.0,357.0,952.0,484.0,2.08,7.8,7.94,7.4,0.041
W215866,2320.0,2420.0,2510.0,41.9,26.3,9.3,6.47,1.13,0.419,2.92,1.19,3.08,27700.0,19600.0,9170.0,6520.0,960.0,438.0,3430.0,1000.0,1.25,13.9,14.1,13.2,0.024
W215867,2300.0,2420.0,2500.0,40.3,25.0,16.4,3.03,1.1,0.486,2.14,1.25,2.8,18900.0,13300.0,11500.0,2170.0,663.0,362.0,1790.0,753.0,1.14,9.9,10.0,9.5,0.015
W215868,2200.0,2290.0,2390.0,44.3,24.2,12.4,6.39,1.11,0.972,2.49,1.09,2.8,20800.0,12900.0,8750.0,4580.0,674.0,724.0,2080.0,653.0,1.14,9.9,10.1,9.0,0.026
W215869,1810.0,1920.0,2000.0,28.2,16.6,42.3,2.94,0.963,0.5,1.81,0.886,2.78,9770.0,6520.0,21900.0,1560.0,430.0,274.0,1120.0,392.0,1.13,7.3,7.41,6.9,0.016
W215870,2050.0,2160.0,2250.0,44.8,21.0,19.3,3.42,1.29,0.513,2.45,1.19,2.38,35200.0,18600.0,22700.0,4100.0,1310.0,638.0,3420.0,1190.0,0.961,16.6,16.8,15.9,0.018
W215871,2270.0,2400.0,2490.0,49.6,22.7,13.0,2.59,1.83,0.513,3.06,1.19,2.05,47900.0,24800.0,18800.0,3820.0,2270.0,784.0,5260.0,1460.0,0.829,20.4,20.6,19.6,0.016
W215872,2610.0,2710.0,2790.0,56.4,25.3,7.29,1.34,1.83,0.581,3.11,1.32,1.5,46500.0,23600.0,9000.0,1690.0,1940.0,759.0,4570.0,1390.0,0.609,17.4,17.6,16.8,0.014
W215873,2910.0,2910.0,2910.0,47.5,34.4,4.29,2.61,0.963,0.567,2.19,1.77,1.55,42700.0,35000.0,5770.0,3580.0,1120.0,808.0,3500.0,2040.0,0.628,19.0,19.2,18.4,0.0091
W215874,2410.0,2680.0,2800.0,43.4,31.8,6.96,2.68,0.697,1.62,2.84,1.72,3.68,7000.0,5800.0,1680.0,659.0,145.0,414.0,814.0,355.0,1.49,3.4,3.45,3.66,0.0049
W215875,2500.0,2640.0,2700.0,48.4,28.0,13.0,1.13,0.764,0.594,1.69,2.02,1.9,16000.0,10400.0,6420.0,572.0,325.0,311.0,995.0,854.0,0.767,7.0,7.06,7.22,0.013
W215876,2210.0,2320.0,2400.0,42.2,28.4,15.9,2.63,1.34,0.243,3.11,1.14,3.2,9960.0,7580.0,5610.0,951.0,410.0,91.0,1310.0,344.0,1.29,5.0,5.06,4.68,0.013
W215877,2180.0,2280.0,2330.0,35.7,23.8,20.4,5.5,1.13,0.216,1.98,1.02,0.575,7430.0,5600.0,6360.0,1750.0,302.0,71.1,734.0,271.0,0.232,4.4,4.45,4.34,0.018
W215994,1940.0,2010.0,2060.0,41.7,16.2,32.7,1.51,0.465,0.176,1.57,1.02,1.85,14000.0,6150.0,16400.0,775.0,201.0,93.3,940.0,438.0,0.748,7.1,7.18,8.44,0.014
W215995,1970.0,2080.0,2160.0,30.6,17.3,36.0,6.16,0.465,0.176,1.53,0.753,4.4,17500.0,11200.0,30900.0,5390.0,343.0,159.0,1560.0,551.0,1.78,12.1,12.2,13.2,0.02
W215996,1970.0,2040.0,2100.0,30.0,14.7,52.1,0.994,0.249,0.135,1.05,0.719,1.38,20900.0,11600.0,54400.0,1060.0,224.0,150.0,1300.0,643.0,0.556,14.8,15.0,14.08,0.0077
W215997,2075.0,2170.0,2400.0,30.6,20.0,35.5,5.28,0.299,0.135,1.2,0.769,3.2,24000.0,17800.0,41600.0,6320.0,302.0,168.0,1680.0,771.0,1.29,16.6,16.8,14.17,0.022
W215998,2320.0,2450.0,2580.0,55.2,21.9,10.6,2.14,0.83,0.216,2.9,1.25,2.05,88300.0,39700.0,25400.0,5240.0,1710.0,548.0,8250.0,2570.0,0.828,33.9,34.2,34.45,0.014
W215999,2550.0,2650.0,2690.0,49.0,27.8,16.2,0.714,0.598,0.176,2.4,0.853,0.95,51600.0,33100.0,25400.0,1150.0,811.0,293.0,4500.0,1150.0,0.384,22.3,22.5,19.22,0.011
W216000,2030.0,2150.0,2250.0,43.2,31.0,15.3,2.41,0.564,0.162,1.18,1.29,3.05,13300.0,10800.0,7030.0,1130.0,223.0,78.9,644.0,506.0,1.23,6.5,6.57,9.91,0.027
W216001,2800.0,2800.0,2800.0,51.8,32.1,4.52,0.658,0.631,0.297,2.24,3.26,0.95,44000.0,30900.0,5740.0,854.0,690.0,400.0,3380.0,3540.0,0.384,18.0,18.2,18.01,0.0022
W216002,1960.0,2060.0,2100.0,33.2,20.8,36.9,2.13,0.432,0.162,1.33,1.12,2.73,11100.0,7880.0,18500.0,1090.0,186.0,86.0,795.0,480.0,1.1,7.1,7.17,7.3,0.043
W216003,1960.0,2050.0,2090.0,36.0,18.1,37.2,2.46,0.498,0.189,1.41,1.02,2.75,12100.0,6860.0,18700.0,1260.0,215.0,101.0,840.0,438.0,1.11,7.1,7.18,7.17,0.0081
W216004,2020.0,2100.0,2240.0,27.1,18.9,47.4,1.64,0.332,0.149,0.65,0.557,2.33,12400.0,9800.0,32500.0,1150.0,196.0,108.0,530.0,326.0,0.939,9.7,9.8,10.22,0.0023
W216005,2090.0,2130.0,2240.0,39.4,21.4,31.6,1.09,0.581,0.203,2.39,1.16,1.58,30000.0,18400.0,35900.0,1270.0,570.0,244.0,3240.0,1130.0,0.637,16.1,16.3,18.36,0.0043
W216006,2110.0,2280.0,2370.0,47.2,24.8,17.0,2.13,0.747,0.216,2.3,1.24,2.15,20100.0,11900.0,10800.0,1380.0,409.0,146.0,1740.0,677.0,0.869,9.0,9.09,8.89,0.0071
W216007,2060.0,2130.0,2350.0,37.5,24.4,31.7,0.943,0.498,0.135,1.62,0.923,1.58,22800.0,16800.0,28800.0,875.0,390.0,130.0,1760.0,718.0,0.64,12.8,13.0,12.8,0.0042
W216008,2740.0,2800.0,2800.0,51.9,29.3,21.7,1.43,0.432,0.135,1.47,1.79,1.75,24700.0,15800.0,15400.0,1040.0,265.0,102.0,1240.0,1090.0,0.707,10.1,10.2,11.52,0.0023
W216009,2240.0,2390.0,2470.0,39.7,27.6,23.9,1.71,0.714,0.216,3.33,1.18,1.9,38800.0,30500.0,34900.0,2550.0,898.0,334.0,5790.0,1470.0,0.767,20.7,20.9,21.79,0.0046
W216010,2030.0,2150.0,2270.0,46.9,18.3,51.8,3.88,0.382,0.162,1.63,1.49,2.9,48100.0,21200.0,79600.0,6090.0,505.0,264.0,2990.0,1960.0,1.17,21.8,22.0,19.27,0.015
W216011,2050.0,2110.0,2330.0,26.5,14.3,51.8,1.12,0.332,0.243,1.36,0.744,1.4,19100.0,11700.0,56000.0,1240.0,309.0,278.0,1750.0,688.0,0.566,15.3,15.5,15.53,0.012
W216012,2720.0,2790.0,2880.0,23.1,11.0,22.5,21.7,0.813,0.459,1.17,0.569,14.2,6520.0,3500.0,9490.0,9380.0,296.0,205.0,586.0,205.0,5.92,5.8,6.04,5.8,0.0051
W216013,1900.0,1990.0,2090.0,35.8,18.1,35.0,1.65,1.11,0.702,2.55,0.819,2.8,11800.0,6750.0,17200.0,829.0,471.0,365.0,1490.0,344.0,1.14,6.9,7.03,6.8,0.0089
W216014,2000.0,2090.0,2180.0,28.6,17.0,46.3,1.27,0.863,0.338,2.36,0.635,2.1,22900.0,15400.0,55500.0,1560.0,890.0,428.0,3360.0,651.0,0.851,16.9,17.1,16.4,0.01
W216015,1960.0,2070.0,2170.0,22.2,12.3,58.5,1.82,0.531,0.513,0.445,0.886,2.73,5690.0,3560.0,22400.0,713.0,175.0,208.0,203.0,291.0,1.11,5.4,5.48,5.3,0.034
W216016,1900.0,2010.0,2080.0,38.3,21.7,30.0,1.67,0.946,0.446,3.45,1.0,2.0,22800.0,14700.0,26800.0,1520.0,728.0,421.0,3660.0,766.0,0.811,12.6,12.8,12.3,0.011
W216017,1870.0,1980.0,2080.0,21.1,9.83,54.8,3.96,0.598,0.405,1.06,0.502,4.13,6890.0,3640.0,26800.0,1980.0,252.0,210.0,616.0,210.0,1.67,6.9,7.0,6.7,0.039
W216018,1850.0,1950.0,2030.0,30.7,18.1,42.0,2.58,0.498,0.554,0.721,1.15,2.35,8590.0,5750.0,17600.0,1100.0,180.0,245.0,359.0,413.0,0.954,5.9,5.99,5.8,0.014
W216019,1820.0,1940.0,2030.0,37.3,15.5,40.2,0.854,0.913,0.405,2.2,0.753,1.5,31400.0,14800.0,50600.0,1100.0,991.0,541.0,3300.0,811.0,0.607,17.8,18.0,17.5,0.029
W216020,2100.0,2200.0,2280.0,16.7,9.07,61.6,2.86,0.498,0.297,0.673,0.435,3.83,5710.0,3500.0,31400.0,1490.0,219.0,161.0,409.0,190.0,1.55,7.2,7.3,7.1,0.012
W216033,2800.0,2800.0,2800.0,52.2,30.1,2.67,3.24,0.232,0.324,0.841,1.89,3.73,9000.0,5870.0,690.0,852.0,51.6,88.5,258.0,417.0,1.53,3.6,3.69,3.22,0.0034
W216034,2360.0,2440.0,2500.0,47.3,25.9,17.0,1.51,0.73,0.23,1.98,1.25,2.5,29500.0,18300.0,15900.0,1440.0,588.0,227.0,2200.0,1000.0,1.02,13.1,13.4,14.5,0.029
W216035,2510.0,2640.0,2740.0,45.8,28.9,13.4,0.616,0.83,0.203,3.49,1.09,1.68,55900.0,39900.0,24500.0,1150.0,1310.0,392.0,7570.0,1700.0,0.686,25.5,26.1,25.11,0.0066
W216036,2620.0,2710.0,2770.0,45.4,31.2,12.8,1.47,0.564,0.284,2.2,1.62,1.6,22900.0,17800.0,9670.0,1130.0,367.0,227.0,1980.0,1050.0,0.646,10.7,10.8,11.0,0.0059
W216037,2030.0,2050.0,2160.0,23.3,13.1,56.1,1.18,0.232,0.135,0.745,0.585,1.7,15800.0,10100.0,56900.0,1220.0,203.0,145.0,899.0,508.0,0.685,14.4,14.5,12.21,0.013
W216038,1970.0,2040.0,2180.0,35.3,22.5,33.6,1.82,0.332,0.243,0.913,1.1,2.55,10000.0,7230.0,14300.0,790.0,122.0,109.0,462.0,401.0,1.03,6.0,6.08,5.81,0.0075
W216039,2590.0,2660.0,2700.0,50.5,28.2,10.9,1.2,0.697,0.189,2.68,1.34,1.95,33900.0,21400.0,11000.0,1240.0,603.0,201.0,3200.0,1150.0,0.806,13.9,14.4,13.1,0.019
W216040,2030.0,2110.0,2160.0,43.9,20.2,27.7,1.09,0.647,0.149,2.37,1.27,1.78,28400.0,14800.0,26800.0,1080.0,540.0,152.0,2730.0,1050.0,0.728,13.5,13.8,12.56,0.0078
W216041,2380.0,2460.0,2500.0,52.2,23.1,17.9,0.868,0.299,0.135,1.25,1.99,1.3,44200.0,22100.0,22600.0,1120.0,326.0,181.0,1880.0,2150.0,0.526,17.9,18.1,16.78,0.0032
W216042,2000.0,2080.0,2150.0,45.4,21.2,24.5,1.33,0.564,0.162,2.09,1.1,1.98,20400.0,10800.0,16400.0,912.0,326.0,115.0,1670.0,634.0,0.816,9.3,9.6,8.43,0.031
W216043,1890.0,2040.0,2090.0,21.8,13.3,56.9,1.93,0.249,0.149,0.805,0.736,2.53,6160.0,4240.0,24000.0,833.0,90.6,66.4,404.0,266.0,1.03,5.9,6.04,6.07,0.017
W216044,1920.0,2040.0,2090.0,37.2,18.7,38.2,1.27,0.332,0.162,1.13,0.987,1.68,21200.0,12000.0,32500.0,1110.0,243.0,146.0,1140.0,717.0,0.679,12.0,12.2,11.9,0.0063
W216045,1920.0,2010.0,2080.0,36.0,18.5,39.2,1.4,0.415,0.149,0.938,0.87,1.95,15500.0,9030.0,25200.0,921.0,230.0,101.0,718.0,479.0,0.789,9.1,9.21,10.23,0.013
W216046,1900.0,1970.0,2060.0,30.2,16.9,45.0,2.28,0.382,0.176,0.589,0.886,2.6,8720.0,5520.0,19500.0,1010.0,142.0,80.4,303.0,328.0,1.05,6.1,6.18,5.66,0.014
W216047,1930.0,2070.0,2120.0,33.2,23.3,37.9,1.64,0.465,0.162,1.07,0.803,2.2,12300.0,9730.0,21000.0,925.0,221.0,94.9,704.0,380.0,0.892,7.8,7.91,7.66,0.007
W216048,2440.0,2540.0,2570.0,44.0,27.2,23.0,0.826,0.531,0.189,1.61,1.47,1.2,35400.0,24800.0,27800.0,1020.0,552.0,241.0,2310.0,1520.0,0.487,17.0,17.2,14.02,0.006
W216049,1900.0,2020.0,2110.0,41.6,18.5,35.6,0.896,0.315,0.257,0.877,2.12,1.33,31500.0,15900.0,40400.0,1040.0,308.0,308.0,1180.0,2060.0,0.537,16.0,16.2,11.68,0.0045
W216050,2790.0,2800.0,2800.0,55.9,29.7,7.15,0.644,0.315,0.135,1.39,3.23,0.8,59500.0,35700.0,11400.0,1050.0,433.0,228.0,2640.0,4390.0,0.324,22.5,22.8,17.78,0.0024
W216051,2280.0,2430.0,2470.0,52.5,23.8,14.7,0.672,0.797,0.257,2.45,1.14,1.5,53600.0,27500.0,22500.0,1050.0,1050.0,415.0,4460.0,1490.0,0.61,21.5,21.9,12.3,0.0084
W216052,1950.0,2080.0,2170.0,26.2,16.1,53.3,1.65,0.216,0.23,0.421,0.753,2.15,17500.0,12200.0,53400.0,1690.0,186.0,243.0,501.0,644.0,0.872,14.1,14.3,9.68,0.01
W216053,2750.0,2800.0,2800.0,48.5,36.1,3.43,2.24,0.548,0.513,1.43,2.37,2.73,12600.0,10600.0,1340.0,890.0,184.0,211.0,662.0,790.0,1.1,5.5,5.57,5.29,0.009
W216054,1980.0,2000.0,2090.0,27.2,15.5,49.8,1.57,0.332,0.135,0.829,0.736,2.53,15200.0,9800.0,41600.0,1340.0,239.0,120.0,825.0,526.0,1.02,11.8,12.0,8.77,0.0094
W216055,2750.0,2800.0,2800.0,45.6,35.7,8.29,2.1,0.498,0.23,0.974,1.66,2.45,15800.0,14000.0,4290.0,1110.0,222.0,126.0,599.0,732.0,0.993,7.3,7.4,6.06,0.0054
W216056,2100.0,2240.0,2460.0,51.2,22.7,16.0,0.588,0.747,0.297,2.62,1.4,1.08,49000.0,24600.0,23000.0,861.0,922.0,451.0,4470.0,1720.0,0.436,20.2,20.5,10.17,0.0048
W216057,2580.0,2690.0,2770.0,54.4,25.1,13.7,0.728,0.598,0.216,1.88,1.14,1.05,50000.0,26200.0,18900.0,1020.0,709.0,315.0,3070.0,1340.0,0.426,19.4,19.7,9.75,0.0061
W216058,2670.0,2800.0,2800.0,59.1,28.5,3.0,0.91,0.73,0.284,3.19,1.71,1.27,36000.0,19700.0,2740.0,847.0,573.0,274.0,3450.0,1330.0,0.519,12.8,13.0,9.48,0.0032
W216059,2550.0,2680.0,2780.0,45.4,28.7,14.6,1.76,0.266,0.176,0.841,2.16,2.3,18400.0,13200.0,8870.0,1100.0,139.0,113.0,609.0,1120.0,0.931,8.6,8.7,8.46,0.0048
W216060,2490.0,2610.0,2650.0,52.7,26.7,9.87,1.09,0.813,0.23,3.11,1.34,1.65,32500.0,18600.0,9090.0,1030.0,646.0,224.0,3410.0,1050.0,0.669,13.0,13.2,11.16,0.008
W216061,2800.0,2800.0,2800.0,50.2,35.9,2.86,0.686,0.93,0.284,3.75,1.19,1.4,40100.0,32500.0,3420.0,837.0,957.0,359.0,5330.0,1210.0,0.566,16.9,17.1,14.4,0.0055
W216062,2300.0,2480.0,2530.0,47.9,23.3,21.7,0.518,0.664,0.203,2.75,1.62,1.23,77900.0,42800.0,52900.0,1290.0,1390.0,522.0,7970.0,3380.0,0.496,34.4,34.8,18.9,0.009
W216063,2800.0,2800.0,2800.0,46.2,37.4,7.15,0.742,0.531,0.216,2.19,2.01,1.1,36700.0,33700.0,8520.0,903.0,545.0,273.0,3100.0,2040.0,0.444,16.9,17.0,16.3,0.004
W216064,2800.0,2800.0,2800.0,51.6,31.6,1.86,0.91,0.415,0.257,2.07,2.59,0.975,35300.0,24400.0,1900.0,951.0,366.0,278.0,2520.0,2270.0,0.394,14.5,14.6,13.82,0.008
W216065,2800.0,2800.0,2800.0,62.3,28.7,1.72,0.574,0.531,0.243,2.28,2.59,0.875,61900.0,32300.0,2550.0,872.0,681.0,383.0,4040.0,3300.0,0.353,21.1,21.3,21.31,0.003
W216410,2800.0,2800.0,2800.0,51.6,32.9,5.72,1.11,0.681,0.203,1.98,1.19,1.68,28500.0,20500.0,4720.0,933.0,484.0,177.0,1950.0,838.0,0.688,11.5,11.8,10.59,0.013
W216411,2800.0,2800.0,2800.0,50.9,31.8,6.29,1.78,0.664,0.729,1.66,1.87,1.33,19900.0,14100.0,3680.0,1060.0,335.0,452.0,1150.0,937.0,0.534,8.3,8.37,7.43,0.0026
W216412,2790.0,2800.0,2800.0,55.1,30.6,4.0,0.812,0.963,0.851,2.69,1.74,1.35,21100.0,13300.0,2290.0,475.0,475.0,516.0,1830.0,851.0,0.546,8.1,8.18,7.69,0.0039
W216413,2790.0,2800.0,2800.0,53.1,31.9,3.29,1.12,0.913,0.878,1.66,2.46,1.75,13000.0,8870.0,1210.0,420.0,289.0,341.0,725.0,772.0,0.707,5.2,5.25,5.21,0.0056
W216414,2620.0,2710.0,2790.0,57.4,26.5,5.43,0.714,1.1,0.419,3.76,1.52,0.9,41600.0,21700.0,5890.0,790.0,1020.0,480.0,4850.0,1410.0,0.365,15.3,15.5,16.18,0.0057
W216415,2045.0,2290.0,2380.0,33.9,20.4,29.6,2.8,1.34,0.959,1.6,0.953,5.3,6780.0,4620.0,8850.0,855.0,346.0,303.0,568.0,244.0,2.16,4.2,4.27,3.94,0.15
W216416,2460.0,2540.0,2570.0,50.1,24.6,18.3,1.09,0.498,0.311,1.13,2.26,1.3,19100.0,10600.0,10500.0,638.0,245.0,188.0,769.0,1100.0,0.538,7.9,8.18,7.43,0.0058
W216417,2250.0,2480.0,2520.0,44.3,25.1,22.7,1.16,0.465,0.23,1.71,1.59,1.58,31400.0,20200.0,24100.0,1260.0,424.0,258.0,2150.0,1440.0,0.636,15.0,15.2,14.01,0.0051
W216647,2180.0,2360.0,2520.0,44.9,25.3,14.7,1.71,1.41,0.567,3.68,1.04,2.73,14700.0,9370.0,7200.0,853.0,595.0,294.0,2140.0,434.0,1.11,6.9,7.0,6.61,0.013
W216648,2430.0,2630.0,2750.0,50.8,26.7,8.29,2.49,1.99,0.365,2.9,1.51,3.0,16900.0,10100.0,4140.0,1270.0,857.0,193.0,1720.0,643.0,1.22,7.0,7.14,5.2,0.016
W216649,2300.0,2660.0,2750.0,43.6,28.4,14.4,1.83,1.18,1.08,2.72,1.47,2.73,9740.0,7170.0,4830.0,626.0,339.0,382.0,1080.0,421.0,1.11,4.7,4.78,3.26,0.011
W216650,2500.0,2560.0,2600.0,40.2,30.2,14.3,2.3,1.03,0.689,2.8,1.19,3.78,10300.0,8770.0,5480.0,898.0,340.0,279.0,1280.0,389.0,1.53,5.4,5.48,5.37,0.047
W216651,2100.0,2390.0,2510.0,41.9,24.2,24.7,1.51,0.415,0.5,0.517,2.58,2.17,17000.0,11100.0,15000.0,936.0,217.0,321.0,373.0,1340.0,0.877,8.6,8.67,8.4,0.0073
W216652,2800.0,2800.0,2800.0,56.0,28.0,3.43,0.756,1.16,0.486,3.7,1.67,1.23,31200.0,17600.0,2860.0,644.0,835.0,429.0,3670.0,1190.0,0.495,11.8,11.9,11.54,0.0061
W216653,2800.0,2800.0,2800.0,39.4,35.2,5.15,4.31,1.31,0.378,1.27,0.953,5.45,5830.0,5890.0,1140.0,975.0,250.0,88.6,336.0,180.0,2.23,3.1,3.17,3.11,0.0082
W216654,2800.0,2800.0,2800.0,54.8,31.8,3.58,1.09,0.598,0.284,1.13,1.87,1.65,24000.0,15800.0,2350.0,733.0,338.0,197.0,883.0,1050.0,0.674,9.2,9.39,8.78,0.0023
W216655,2800.0,2800.0,2800.0,47.6,37.2,3.43,1.51,0.764,0.365,2.09,0.753,2.03,23900.0,21200.0,2580.0,1160.0,494.0,290.0,1870.0,483.0,0.828,10.5,10.7,10.23,0.0051
W216656,2060.0,2080.0,2120.0,25.6,12.1,52.1,1.72,0.747,0.338,1.57,0.502,3.13,10100.0,5410.0,30800.0,1040.0,380.0,211.0,1110.0,253.0,1.27,8.3,8.45,8.28,0.013
W216657,2630.0,2800.0,2800.0,48.7,31.0,9.87,1.4,0.896,0.365,2.46,1.66,2.0,22700.0,16300.0,6870.0,996.0,538.0,269.0,2040.0,986.0,0.813,9.8,9.96,10.16,0.0051
W216658,2570.0,2680.0,2710.0,49.7,30.2,5.72,2.45,0.863,0.527,2.6,1.87,1.8,20000.0,13800.0,3450.0,1510.0,448.0,336.0,1860.0,965.0,0.73,8.5,8.62,6.51,0.0042
W216659,2720.0,2800.0,2800.0,50.3,32.1,5.29,1.99,0.797,1.04,1.14,2.34,3.1,10300.0,7430.0,1620.0,621.0,210.0,337.0,415.0,612.0,1.26,4.3,4.37,4.17,0.017
W216708,2460.0,2605.0,2685.0,46.0,28.2,11.0,1.86,1.43,0.527,3.43,1.05,3.3,16700.0,11600.0,6000.0,1040.0,670.0,304.0,2220.0,491.0,1.35,7.6,7.8,7.05,0.013
W216709,2800.0,2800.0,2800.0,60.7,28.2,2.72,1.12,0.73,0.23,1.13,1.96,1.83,32500.0,17100.0,2180.0,916.0,504.0,195.0,1080.0,1340.0,0.753,11.1,11.5,10.58,0.011
W216710,2800.0,2800.0,2800.0,55.2,32.5,2.0,1.15,1.01,0.27,2.55,1.66,1.63,19900.0,13200.0,1080.0,632.0,470.0,154.0,1630.0,762.0,0.667,7.5,7.7,7.8,0.0075
W216711,2800.0,2800.0,2800.0,50.7,32.6,7.29,1.27,0.631,0.243,1.48,1.34,1.95,17800.0,12900.0,3830.0,683.0,285.0,135.0,924.0,601.0,0.802,7.3,7.51,7.11,0.0046
W216712,2140.0,2330.0,2390.0,43.4,24.0,21.3,2.69,0.664,0.419,1.13,1.49,3.95,12300.0,7690.0,9020.0,1160.0,242.0,188.0,569.0,539.0,1.59,6.0,6.05,5.55,0.011
W216713,1920.0,2070.0,2150.0,38.9,22.9,30.9,1.19,0.548,0.189,2.02,1.1,2.03,27800.0,18500.0,32900.0,1300.0,503.0,213.0,2560.0,1010.0,0.818,15.1,15.2,16.49,0.015
W216714,1920.0,2080.0,2150.0,41.8,18.1,33.7,0.756,0.448,0.203,1.55,1.19,1.4,42500.0,20900.0,51400.0,1180.0,588.0,327.0,2810.0,1550.0,0.565,21.6,21.8,18.29,0.0095
W216936,2420.0,2510.0,2540.0,46.3,28.0,16.4,1.46,0.631,0.243,1.89,1.59,1.63,27600.0,18900.0,14700.0,1330.0,485.0,230.0,2000.0,1210.0,0.658,12.6,12.8,11.2,0.0098
W216937,1950.0,2100.0,2190.0,45.1,19.3,25.7,1.23,1.18,0.365,2.19,1.05,2.25,35200.0,17000.0,30100.0,1470.0,1190.0,451.0,3040.0,1050.0,0.906,16.6,16.7,13.01,0.016
W216938,2790.0,2800.0,2800.0,59.3,27.2,4.0,1.04,1.05,0.203,2.25,1.25,1.48,34600.0,18000.0,3500.0,925.0,787.0,187.0,2340.0,937.0,0.594,12.4,12.5,10.09,0.003
W216939,2120.0,2470.0,2550.0,55.3,10.6,6.58,10.4,1.18,0.486,0.216,1.62,8.68,37200.0,8060.0,6620.0,10600.0,1020.0,518.0,259.0,1400.0,3.76,13.3,14.4,13.67,0.033
W216940,2660.0,2700.0,2730.0,77.8,10.8,3.72,1.83,0.398,0.257,0.24,1.64,2.85,58200.0,9130.0,4160.0,2100.0,384.0,304.0,320.0,1570.0,1.25,14.6,16.0,13.88,0.017
W216941,2370.0,2440.0,2540.0,54.4,20.4,12.9,3.35,0.531,0.432,0.288,1.61,4.65,44500.0,18900.0,15700.0,4180.0,560.0,560.0,420.0,1680.0,1.98,16.4,17.5,15.53,0.036
W216942,2270.0,2300.0,2380.0,56.7,16.8,9.15,4.64,0.647,0.216,0.397,2.24,5.8,50400.0,16900.0,12200.0,6290.0,741.0,304.0,627.0,2550.0,2.55,17.3,19.0,15.66,0.031
W216943,2680.0,2700.0,2750.0,78.3,8.32,5.01,2.03,0.365,0.149,0.192,2.47,2.05,128000.0,15400.0,12300.0,5090.0,772.0,386.0,561.0,5190.0,0.861,33.4,35.0,37.69,0.024
W216944,2420.0,2510.0,2540.0,66.2,15.5,9.01,2.96,0.631,0.162,0.228,1.84,3.73,61300.0,16300.0,12500.0,4180.0,753.0,238.0,377.0,2180.0,1.59,18.6,19.9,18.8,0.029
W216945,2800.0,2800.0,2800.0,68.6,5.48,10.0,5.31,0.664,0.176,0.168,1.67,6.25,60700.0,5490.0,13300.0,7170.0,757.0,246.0,265.0,1890.0,2.67,17.7,19.0,20.45,0.031
W216946,2390.0,2480.0,2520.0,61.6,11.0,10.3,3.26,0.88,0.162,0.697,0.903,5.55,104000.0,21000.0,26000.0,8420.0,1920.0,434.0,2100.0,1950.0,2.35,34.2,36.1,32.72,0.042
W216947,2480.0,2600.0,2650.0,64.0,18.9,4.43,2.72,0.946,0.149,0.865,1.72,2.13,122000.0,40900.0,12700.0,7940.0,2330.0,450.0,2950.0,4210.0,0.894,38.9,40.9,37.15,0.039
W217035,2080.0,2190.0,2280.0,22.4,13.6,22.2,21.7,0.896,0.473,1.02,0.535,7.7,11900.0,8210.0,17700.0,17700.0,616.0,399.0,970.0,365.0,3.14,11.2,11.4,10.1,0.032
W217036,2370.0,2460.0,2550.0,56.4,22.3,9.01,1.67,1.51,0.662,3.22,1.09,1.95,49400.0,22100.0,11800.0,2230.0,1710.0,919.0,5030.0,1220.0,0.791,18.5,18.8,17.6,0.018
W217037,2030.0,2140.0,2240.0,50.9,20.6,16.7,1.64,1.39,0.567,3.03,1.05,2.23,57300.0,26300.0,28200.0,2820.0,2020.0,1010.0,6070.0,1520.0,0.901,23.8,24.1,22.8,0.018
W217038,2040.0,2150.0,2230.0,37.7,21.4,17.0,9.15,1.06,1.89,1.71,1.14,5.05,40300.0,25800.0,27200.0,14900.0,1460.0,3200.0,3250.0,1550.0,2.04,22.6,22.9,21.9,0.019
W217039,1950.0,2070.0,2190.0,36.4,16.4,34.9,3.64,0.979,0.459,1.69,0.87,2.75,29800.0,15200.0,42600.0,4540.0,1030.0,594.0,2460.0,909.0,1.11,17.3,17.5,16.7,0.027
W217040,1980.0,2090.0,2210.0,41.2,22.5,24.9,1.01,1.99,0.513,4.09,0.836,2.6,37700.0,23300.0,34100.0,1410.0,2350.0,745.0,6670.0,981.0,1.05,19.4,19.6,18.7,0.014
W217041,1920.0,2010.0,2120.0,27.0,15.7,39.8,4.89,1.39,0.527,1.8,0.602,4.88,14100.0,9310.0,31200.0,3910.0,942.0,437.0,1680.0,404.0,1.97,11.1,11.2,10.8,0.022
W217042,1980.0,2090.0,2180.0,44.2,18.0,20.3,5.71,1.03,0.567,2.26,0.853,3.78,40900.0,18800.0,28100.0,8080.0,1230.0,832.0,3720.0,1010.0,1.53,19.6,19.8,18.9,0.021
W217043,2290.0,2400.0,2510.0,54.5,22.3,5.01,4.17,1.48,0.81,3.11,1.15,2.73,39600.0,18300.0,5430.0,4620.0,1380.0,931.0,4020.0,1070.0,1.11,15.3,15.5,15.0,0.022
W217044,1950.0,2050.0,2140.0,43.5,17.6,28.0,1.47,1.16,0.648,2.64,0.87,2.55,55300.0,25300.0,53300.0,2860.0,1900.0,1310.0,5980.0,1410.0,1.03,26.9,27.2,26.2,0.021
W217045,2690.0,2770.0,2850.0,52.0,30.6,3.72,2.37,1.13,0.689,3.32,1.49,1.53,57100.0,38000.0,6110.0,3970.0,1600.0,1200.0,6480.0,2090.0,0.618,23.2,23.5,22.4,0.015
W217046,2600.0,2680.0,2770.0,44.5,31.2,10.2,3.1,0.93,0.797,1.61,1.32,3.6,10100.0,8020.0,3450.0,1070.0,272.0,287.0,651.0,384.0,1.46,4.8,4.86,4.4,0.026
W217047,1980.0,2070.0,2150.0,38.3,18.7,31.5,1.75,1.1,0.54,3.21,0.836,2.98,15000.0,8300.0,18500.0,1050.0,554.0,336.0,2240.0,419.0,1.2,8.3,8.39,7.7,0.027
W217048,2090.0,2190.0,2290.0,47.2,21.4,18.6,2.44,1.06,0.54,2.93,1.17,1.78,38400.0,19700.0,22600.0,3030.0,1120.0,697.0,4250.0,1220.0,0.715,17.3,17.4,16.9,0.02
W217049,1990.0,2080.0,2200.0,46.3,19.5,22.3,1.75,1.43,0.554,3.57,0.886,2.65,66500.0,31600.0,47900.0,3840.0,2640.0,1260.0,9120.0,1630.0,1.07,30.5,30.7,29.0,0.027
W217050,2530.0,2650.0,2760.0,50.9,28.2,7.58,2.44,1.16,0.581,3.26,1.51,1.7,41500.0,26000.0,9240.0,3030.0,1220.0,750.0,4730.0,1570.0,0.686,17.3,17.4,16.7,0.019
W217143,2110.0,2200.0,2300.0,46.6,23.6,14.4,29.0,1.24,0.405,3.43,1.12,2.7,41700.0,23900.0,19300.0,39700.0,1430.0,574.0,5450.0,1280.0,1.09,18.9,19.1,18.0,0.022
W217145,1980.0,2060.0,2180.0,30.1,18.9,36.2,5.22,0.465,0.378,1.5,0.87,3.53,12900.0,9200.0,23300.0,3430.0,258.0,258.0,1150.0,479.0,1.43,9.1,9.2,8.8,0.021
W217147,2180.0,2260.0,2380.0,35.1,22.3,13.6,12.4,0.498,0.338,1.47,1.07,5.55,24200.0,17400.0,14000.0,13100.0,442.0,369.0,1800.0,944.0,2.24,14.6,14.7,13.8,0.025
W217148,2140.0,2270.0,2380.0,32.0,22.1,27.7,5.85,0.93,0.405,1.51,1.04,5.68,9810.0,7680.0,12700.0,2740.0,368.0,197.0,827.0,407.0,2.29,6.5,6.57,6.2,0.024
W217149,2210.0,2300.0,2390.0,29.1,19.8,20.7,12.4,0.93,1.03,1.6,0.886,6.93,7710.0,5940.0,8200.0,5020.0,317.0,430.0,752.0,300.0,2.8,5.6,5.66,5.2,0.024
W217150,2080.0,2170.0,2250.0,45.7,21.0,16.4,5.25,0.979,0.486,2.51,1.04,3.35,37500.0,19500.0,20200.0,6580.0,1040.0,632.0,3670.0,1090.0,1.35,17.4,17.6,16.6,0.022
W217151,2100.0,2180.0,2270.0,17.8,10.6,31.9,19.6,0.382,0.338,0.817,0.518,7.58,10400.0,6970.0,27800.0,17500.0,286.0,311.0,847.0,386.0,3.07,12.3,12.5,11.2,0.026
W217154,2110.0,2210.0,2280.0,48.3,20.6,13.6,4.09,0.946,0.567,2.51,1.05,2.38,38000.0,18300.0,16000.0,4910.0,959.0,706.0,3520.0,1060.0,0.963,16.6,16.8,15.9,0.02
W217155,2210.0,2290.0,2380.0,40.6,24.2,13.7,6.09,0.979,0.527,2.64,1.24,3.45,25900.0,17500.0,13100.0,5940.0,806.0,532.0,3000.0,1010.0,1.4,13.5,13.7,12.7,0.023
W217156,2030.0,2150.0,2240.0,32.8,21.0,24.2,8.07,0.714,0.419,2.04,0.819,5.58,19400.0,14000.0,21300.0,7270.0,542.0,391.0,2140.0,618.0,2.25,12.5,12.6,11.8,0.024
W217157,2180.0,2260.0,2370.0,17.4,7.56,55.6,7.11,0.166,0.216,0.769,0.435,3.58,12400.0,6100.0,59300.0,7740.0,152.0,244.0,975.0,396.0,1.44,15.1,15.2,14.6,0.024
W217159,2020.0,2110.0,2220.0,30.5,19.3,20.2,12.8,0.847,0.513,1.5,0.92,6.0,13100.0,9400.0,13000.0,8420.0,470.0,350.0,1150.0,507.0,2.43,9.1,9.21,8.5,0.026
W217390,2400.0,2480.0,2500.0,42.9,25.1,4.15,11.8,0.963,0.459,0.445,2.42,7.33,39900.0,26500.0,5780.0,16800.0,1160.0,677.0,737.0,2890.0,3.28,17.8,19.9,18.67,0.027
W217391,2060.0,2150.0,2170.0,40.7,12.3,6.72,17.9,2.82,0.338,0.841,0.836,11.2,23400.0,8010.0,5790.0,15700.0,2090.0,308.0,862.0,616.0,5.07,10.9,12.3,10.11,0.025
W217394,2070.0,2150.0,2160.0,35.2,13.2,12.0,17.2,2.66,0.945,0.601,0.92,13.1,15000.0,6390.0,7670.0,11200.0,1460.0,639.0,456.0,502.0,5.84,8.2,9.13,7.04,0.028
W217395,2070.0,2160.0,2170.0,32.1,11.7,10.7,21.4,3.15,0.635,0.517,0.819,13.0,14200.0,5890.0,7120.0,14500.0,1800.0,446.0,408.0,465.0,5.96,8.3,9.5,7.65,0.027
W217396,2060.0,2150.0,2180.0,38.5,17.0,15.7,5.64,2.49,1.07,1.09,0.903,10.5,13400.0,6710.0,8200.0,3000.0,1120.0,589.0,678.0,402.0,4.65,6.7,7.45,5.94,0.028
W217397,2160.0,2330.0,2420.0,48.7,23.8,16.0,1.44,1.83,0.432,4.01,1.0,2.03,14200.0,7870.0,6990.0,643.0,687.0,200.0,2090.0,375.0,0.816,6.2,6.24,5.54,0.037
W217398,2800.0,2800.0,2800.0,59.6,27.8,2.29,0.868,0.697,0.23,1.98,1.94,0.775,66800.0,35300.0,3840.0,1490.0,1010.0,408.0,3960.0,2780.0,0.312,23.8,24.0,20.43,0.0074
W217399,1940.0,2030.0,2060.0,30.2,11.0,46.8,1.82,1.01,0.5,1.68,0.435,4.08,7250.0,2980.0,16800.0,668.0,313.0,190.0,719.0,134.0,1.64,5.1,5.14,5.72,0.34
W217400,2570.0,2700.0,2740.0,56.6,27.4,7.72,0.924,0.465,0.945,1.31,1.69,1.43,22400.0,12300.0,4570.0,559.0,237.0,593.0,923.0,856.0,0.575,8.4,8.47,7.11,0.0083
W217401,2100.0,2210.0,2290.0,50.6,17.2,21.9,1.2,1.28,0.783,2.7,0.602,2.6,18800.0,7250.0,12200.0,685.0,614.0,462.0,1790.0,287.0,1.05,7.9,7.97,8.44,0.15
W217402,2600.0,2720.0,2760.0,57.4,28.5,4.29,1.26,0.78,0.675,0.901,1.76,1.88,11600.0,6530.0,1300.0,389.0,203.0,216.0,325.0,454.0,0.755,4.3,4.33,4.12,0.016
W217582,2400.0,2550.0,2580.0,36.8,29.7,19.3,2.87,0.299,0.5,0.685,0.736,3.55,17400.0,15900.0,13700.0,2080.0,182.0,375.0,577.0,445.0,1.45,9.9,10.1,8.7,0.02
W217583,2580.0,2760.0,2790.0,48.8,27.8,11.7,0.798,0.249,0.54,0.95,1.96,1.53,35800.0,23100.0,12900.0,895.0,236.0,628.0,1240.0,1840.0,0.626,15.3,15.7,14.31,0.011
W217584,1950.0,2060.0,2110.0,37.0,21.0,34.7,0.994,0.199,0.338,1.32,0.92,1.6,24800.0,15900.0,34800.0,1020.0,172.0,358.0,1570.0,787.0,0.654,14.0,14.3,14.03,0.018
W217585,2100.0,2260.0,2320.0,27.6,26.3,37.9,1.64,0.116,0.365,0.3,0.284,2.28,33700.0,36300.0,69200.0,3060.0,183.0,705.0,653.0,444.0,0.932,25.5,26.1,22.89,0.019
W217586,2660.0,2720.0,2740.0,42.4,31.9,13.4,0.672,0.581,0.608,1.62,1.09,1.5,25900.0,22100.0,12300.0,629.0,459.0,590.0,1770.0,852.0,0.619,12.7,13.1,12.36,0.025
W217587,2390.0,2430.0,2470.0,36.8,27.6,21.0,3.28,0.382,0.419,0.577,1.09,2.55,9770.0,8290.0,8350.0,1330.0,131.0,176.0,273.0,369.0,1.05,5.5,5.68,5.4,0.023
W217588,1930.0,1960.0,2020.0,22.5,15.7,53.9,2.62,0.199,0.257,0.769,0.518,2.9,15000.0,11900.0,53700.0,2670.0,171.0,271.0,912.0,442.0,1.19,13.9,14.3,12.23,0.023
W217589,1970.0,2020.0,2100.0,36.4,19.3,30.2,2.37,0.714,0.513,1.91,0.987,3.1,28500.0,17100.0,35400.0,2830.0,721.0,637.0,2670.0,989.0,1.27,16.4,16.8,14.37,0.02
W217590,1930.0,1990.0,2120.0,27.8,18.6,42.0,2.35,0.332,0.419,1.49,0.635,2.2,20200.0,15300.0,45600.0,2610.0,310.0,481.0,1920.0,590.0,0.899,15.2,15.5,15.8,0.026
W217591,2320.0,2500.0,2540.0,44.5,26.3,13.6,1.62,0.996,0.459,3.17,0.836,2.3,43500.0,29100.0,19900.0,2420.0,1250.0,711.0,5520.0,1040.0,0.943,20.4,20.9,18.11,0.028
W217611,1860.0,1930.0,1980.0,20.2,10.7,61.3,1.44,0.216,0.284,1.27,0.485,1.98,9220.0,5520.0,41900.0,1010.0,127.0,205.0,1040.0,283.0,0.804,9.6,9.77,9.6,0.014
W217612,1960.0,2090.0,2210.0,38.2,22.1,29.3,1.19,0.896,0.297,3.17,0.819,2.28,27800.0,18200.0,31900.0,1320.0,840.0,342.0,4110.0,762.0,0.925,15.3,15.6,15.1,0.015
W217613,2070.0,2170.0,2290.0,42.6,25.0,22.9,0.952,1.05,0.257,3.63,0.92,1.43,39800.0,26400.0,32000.0,1360.0,1260.0,380.0,6040.0,1100.0,0.578,19.7,20.0,19.3,0.015
W217614,1810.0,1900.0,1990.0,36.4,18.1,33.9,2.76,0.465,0.284,1.02,1.77,3.88,10900.0,6150.0,15200.0,1260.0,179.0,134.0,544.0,679.0,1.58,6.3,6.4,6.2,0.017
W217615,1880.0,2030.0,2120.0,40.2,22.9,28.0,1.78,0.432,0.405,1.09,0.686,2.63,25800.0,16600.0,26900.0,1740.0,356.0,411.0,1250.0,562.0,1.07,13.5,13.7,13.3,0.018
W217616,1900.0,2010.0,2080.0,29.7,24.8,29.3,5.28,0.73,0.257,0.733,0.585,6.25,6210.0,5860.0,9170.0,1690.0,197.0,85.0,273.0,157.0,2.54,4.4,4.47,4.27,0.017
W217617,2030.0,2090.0,2280.0,42.0,23.6,28.3,1.13,0.714,0.365,1.48,1.66,1.27,22100.0,14100.0,22300.0,911.0,484.0,304.0,1380.0,1110.0,0.516,11.1,11.2,6.83,0.0082
W217618,2430.0,2490.0,2520.0,41.7,21.9,26.3,1.04,0.432,0.446,2.51,1.17,1.43,31700.0,18800.0,29900.0,1200.0,422.0,536.0,3390.0,1140.0,0.575,16.1,16.2,16.98,0.0095
W217685,2360.0,2500.0,2640.0,47.1,25.3,17.2,1.27,0.199,1.01,0.685,2.42,2.15,15100.0,9200.0,8240.0,625.0,82.4,515.0,391.0,995.0,0.868,6.8,6.86,5.99,0.013
W217688,2500.0,2780.0,2800.0,56.1,27.6,5.58,1.26,0.266,1.24,1.23,2.69,1.55,14000.0,7800.0,2080.0,481.0,85.5,492.0,545.0,860.0,0.625,5.3,5.34,4.93,0.0086
W217689,2580.0,2800.0,2800.0,56.0,28.4,4.15,0.728,1.06,0.621,4.35,1.34,1.3,23300.0,13300.0,2580.0,462.0,569.0,409.0,3220.0,711.0,0.525,8.8,8.88,6.63,0.012
W218464,2600.0,2680.0,2760.0,51.9,24.8,7.87,3.64,1.11,0.216,1.5,1.24,4.33,80800.0,43600.0,18300.0,8650.0,2230.0,532.0,4160.0,2460.0,1.82,31.6,33.3,26.12,0.031
W218475,2180.0,2290.0,2380.0,48.8,22.5,16.2,1.78,1.31,0.419,2.88,1.2,2.28,42400.0,22100.0,21000.0,2360.0,1470.0,577.0,4470.0,1340.0,0.92,18.4,18.6,17.9,0.011
W218476,2580.0,2700.0,2780.0,53.4,25.1,9.87,0.98,1.44,0.716,3.1,1.29,1.7,36500.0,19400.0,10100.0,1020.0,1270.0,774.0,3770.0,1120.0,0.69,14.4,14.6,14.1,0.011
W218477,2200.0,2280.0,2380.0,29.7,25.7,23.7,6.3,1.58,1.23,1.21,1.2,3.3,4510.0,4410.0,5380.0,1460.0,308.0,295.0,328.0,234.0,1.34,3.2,3.24,3.0,0.02
W218478,2000.0,2090.0,2180.0,30.4,17.6,40.5,2.87,0.664,0.351,1.41,0.886,2.42,16100.0,10500.0,32100.0,2320.0,453.0,294.0,1330.0,600.0,0.981,11.2,11.3,10.9,0.012
W218479,1920.0,2030.0,2130.0,19.9,10.6,53.6,3.47,0.847,0.405,1.32,1.27,2.03,6790.0,4090.0,27400.0,1810.0,372.0,219.0,803.0,555.0,0.821,7.2,7.3,6.9,0.025
W218480,1840.0,1950.0,2040.0,38.5,17.6,30.0,2.52,1.39,0.392,3.15,0.736,2.88,40400.0,20900.0,47100.0,4040.0,1890.0,651.0,5880.0,988.0,1.16,22.2,22.4,21.6,0.019
W218481,1960.0,2050.0,2140.0,38.1,21.2,14.7,9.99,1.24,0.419,2.44,1.07,4.93,31200.0,19600.0,18000.0,12500.0,1310.0,542.0,3550.0,1120.0,1.99,17.3,17.5,16.2,0.023
W218482,1970.0,2070.0,2150.0,41.1,25.5,19.7,1.76,1.26,0.473,3.11,1.35,2.65,17700.0,12400.0,12700.0,1160.0,699.0,322.0,2380.0,745.0,1.07,9.1,9.2,8.7,0.015
W218483,1890.0,1980.0,2080.0,40.9,23.1,23.7,2.07,0.216,0.675,2.09,1.32,2.28,24300.0,15500.0,21100.0,1880.0,165.0,636.0,2210.0,1010.0,0.919,12.6,12.7,12.1,0.013
W218484,2490.0,2580.0,2700.0,47.6,30.1,10.7,1.12,1.99,0.486,4.18,1.15,2.0,43400.0,31000.0,14600.0,1560.0,2340.0,703.0,6790.0,1350.0,0.809,19.3,19.5,18.7,0.012
W218487,2450.0,2550.0,2640.0,53.5,24.8,6.44,1.29,1.83,0.918,3.69,1.22,2.03,32100.0,16800.0,5780.0,1180.0,1410.0,873.0,3940.0,938.0,0.819,12.7,12.8,12.3,0.014
W218488,2650.0,2740.0,2810.0,48.0,29.5,7.87,2.17,0.979,0.608,2.24,1.87,1.43,36500.0,25400.0,8950.0,2520.0,960.0,732.0,3030.0,1820.0,0.576,16.1,16.3,15.7,0.0061
W218489,2240.0,2330.0,2410.0,42.2,26.8,16.7,2.63,1.31,0.311,2.03,1.27,2.68,27000.0,19500.0,16000.0,2580.0,1080.0,315.0,2320.0,1040.0,1.09,13.5,13.7,12.8,0.0073
W218490,1920.0,2000.0,2110.0,20.4,13.9,40.8,5.81,1.26,0.5,1.08,0.702,2.05,5420.0,4190.0,16200.0,2360.0,433.0,211.0,512.0,239.0,0.834,5.6,5.69,5.4,0.019
W218491,2160.0,2230.0,2330.0,35.7,28.9,13.4,5.77,1.83,0.824,1.53,1.15,6.63,6620.0,6070.0,3730.0,1630.0,436.0,242.0,504.0,274.0,2.7,3.9,3.97,3.7,0.017
W218492,1930.0,2040.0,2130.0,24.1,13.6,46.2,4.38,0.963,0.27,1.33,0.736,4.85,13200.0,8460.0,37900.0,3680.0,681.0,235.0,1300.0,517.0,1.96,11.6,11.7,11.2,0.022
W218493,2450.0,2540.0,2630.0,52.4,24.0,10.7,0.91,0.299,0.527,3.5,1.29,1.6,46800.0,24300.0,14300.0,1240.0,344.0,745.0,5560.0,1470.0,0.647,18.9,19.1,18.2,0.011
W218494,1910.0,2000.0,2090.0,45.6,19.1,24.9,1.15,1.66,0.635,3.03,1.04,2.08,45900.0,21700.0,37400.0,1760.0,2150.0,1010.0,5420.0,1330.0,0.838,21.3,21.5,20.7,0.013
W218495,2760.0,2850.0,2910.0,46.3,32.3,6.29,3.91,1.13,0.527,2.2,1.57,2.33,25600.0,20200.0,5200.0,3290.0,803.0,460.0,2160.0,1110.0,0.939,11.7,11.8,11.5,0.0076
W218496,2310.0,2390.0,2470.0,40.8,28.5,10.6,6.75,1.51,0.338,1.86,1.24,4.3,17500.0,13900.0,6800.0,4430.0,837.0,230.0,1420.0,680.0,1.74,9.1,9.19,8.7,0.016
W218509,2740.0,2800.0,2800.0,48.0,31.0,14.3,0.77,0.531,0.648,1.68,2.01,1.15,42400.0,31000.0,18900.0,1040.0,605.0,907.0,2650.0,2270.0,0.462,18.8,18.9,19.21,0.0038
W218510,2470.0,2550.0,2590.0,43.3,24.8,23.3,1.72,0.415,0.378,0.769,3.11,2.68,28700.0,18600.0,23100.0,1740.0,354.0,397.0,907.0,2640.0,1.08,14.1,14.2,17.4,0.0076
W218511,2120.0,2240.0,2400.0,36.1,25.7,29.3,1.88,0.498,0.392,1.12,0.953,2.55,8670.0,6980.0,10500.0,688.0,154.0,149.0,477.0,293.0,1.03,5.1,5.13,6.02,0.0073
W218512,2800.0,2800.0,2800.0,52.3,33.6,3.29,0.756,0.747,0.527,3.11,1.47,1.05,35600.0,25900.0,3350.0,787.0,656.0,568.0,3770.0,1280.0,0.425,14.4,14.6,16.19,0.0059
W218513,2050.0,2170.0,2360.0,27.4,19.1,45.5,1.89,0.531,0.405,1.07,0.87,2.8,9300.0,7330.0,23100.0,980.0,232.0,218.0,646.0,378.0,1.13,7.2,7.26,7.37,0.011
W218514,2350.0,2490.0,2580.0,46.6,27.6,15.2,1.97,0.531,0.594,1.59,1.49,2.8,19500.0,13100.0,9510.0,1260.0,287.0,395.0,1180.0,798.0,1.13,8.9,8.97,8.38,0.0092
W218548,2320.0,2420.0,2640.0,53.7,21.6,5.58,5.32,0.631,0.284,1.85,1.24,4.22,62300.0,28300.0,9690.0,9440.0,944.0,522.0,3820.0,1840.0,1.7,24.7,24.8,23.67,0.027
W218549,2660.0,2750.0,2800.0,62.3,21.9,4.29,0.714,0.764,0.324,2.03,1.49,0.8,84900.0,33800.0,8750.0,1490.0,1340.0,700.0,4930.0,2600.0,0.322,29.0,29.2,27.95,0.0062
W218550,2420.0,2560.0,2730.0,58.2,22.7,5.86,2.82,0.332,0.311,1.35,1.25,2.28,108000.0,47700.0,16300.0,7990.0,795.0,914.0,4450.0,2980.0,0.915,39.5,39.7,33.5,0.012
W218551,2310.0,2400.0,2680.0,58.6,16.9,5.01,5.04,0.681,0.311,1.63,1.42,2.93,62500.0,20400.0,7990.0,8220.0,936.0,525.0,3100.0,1940.0,1.18,22.7,22.8,20.83,0.048
W218618,2440.0,2530.0,2660.0,43.7,25.7,6.58,4.75,0.913,2.03,1.62,1.3,5.9,53600.0,35700.0,12100.0,8900.0,1440.0,3940.0,3540.0,2050.0,2.46,25.2,26.3,22.85,0.011
W218680,2330.0,2530.0,2700.0,61.2,21.4,5.69,3.54,0.481,0.351,0.349,1.29,3.5,27400.0,10800.0,3820.0,2430.0,278.0,249.0,278.0,739.0,1.43,9.4,9.6,8.38,0.026
W218681,2650.0,2750.0,2800.0,60.3,25.3,5.05,3.11,0.631,0.149,0.709,0.953,1.53,105000.0,50100.0,13200.0,8290.0,1420.0,411.0,2200.0,2130.0,0.623,36.6,37.4,36.09,0.041
W218682,2720.0,2800.0,2800.0,64.4,23.6,2.92,2.28,0.365,0.189,0.397,2.01,1.3,116000.0,48300.0,7880.0,6290.0,850.0,541.0,1270.0,4630.0,0.528,38.0,38.6,36.96,0.024
W218979,2270.0,2350.0,2440.0,59.7,17.6,2.57,8.74,1.51,0.189,0.877,1.0,4.08,84300.0,28100.0,5440.0,18800.0,2750.0,423.0,2210.0,1810.0,1.75,28.2,30.1,17.85,0.061
W218980,2290.0,2360.0,2470.0,53.7,22.5,3.15,7.75,1.44,0.216,0.697,1.47,5.03,81800.0,38800.0,7170.0,18000.0,2840.0,521.0,1890.0,2870.0,2.15,30.4,32.5,21.54,0.064
W218981,2410.0,2460.0,2560.0,49.5,25.0,2.72,8.63,1.26,0.176,0.469,0.936,6.18,71300.0,40700.0,5850.0,19000.0,2340.0,400.0,1200.0,1730.0,2.63,28.9,30.9,17.16,0.085
W218982,2340.0,2400.0,2520.0,45.4,19.8,3.58,13.3,1.66,0.135,0.457,1.17,10.2,44600.0,22100.0,5250.0,19900.0,2100.0,210.0,799.0,1470.0,4.44,19.3,21.0,12.98,0.13
W218987,2600.0,2740.0,2800.0,75.9,16.4,0.572,0.714,0.481,1.04,1.56,0.769,0.55,155000.0,38000.0,1750.0,2230.0,1270.0,3360.0,5670.0,2010.0,0.221,43.4,43.6,44.57,0.0024
W219355,2460.0,2560.0,2590.0,44.3,24.2,19.6,1.29,0.697,0.405,2.31,1.27,1.63,15100.0,9330.0,9990.0,671.0,306.0,219.0,1400.0,554.0,0.658,7.2,7.29,7.86,0.0068
W219356,2800.0,2800.0,2800.0,46.7,31.8,6.29,2.27,0.93,0.5,2.44,0.786,1.05,44300.0,34200.0,8950.0,3300.0,1140.0,753.0,4130.0,956.0,0.425,20.1,20.3,19.09,0.0086
W219357,2330.0,2500.0,2540.0,35.1,24.0,17.2,8.84,0.813,0.459,1.26,1.22,4.85,5970.0,4620.0,4360.0,2300.0,178.0,124.0,382.0,266.0,1.96,3.6,3.64,3.12,0.022
W219358,2800.0,2800.0,2800.0,46.0,31.2,11.3,1.6,0.631,0.338,1.27,0.819,1.75,17700.0,13600.0,6490.0,937.0,312.0,205.0,871.0,403.0,0.71,8.1,8.22,8.0,0.0077
W219359,2530.0,2620.0,2650.0,37.7,26.3,22.3,1.51,0.847,0.324,2.67,0.87,1.7,8920.0,7050.0,7910.0,548.0,259.0,122.0,1130.0,264.0,0.69,5.0,5.07,4.43,0.0076
W219360,2350.0,2500.0,2540.0,37.2,21.4,24.2,3.05,0.83,0.486,0.781,1.77,2.73,9180.0,5960.0,8910.0,1150.0,264.0,190.0,343.0,559.0,1.11,5.2,5.27,5.04,0.014
W219361,2530.0,2610.0,2650.0,46.7,25.3,9.72,4.19,0.797,0.5,0.889,1.39,3.73,15000.0,9240.0,4690.0,2060.0,331.0,255.0,510.0,572.0,1.51,6.8,6.89,6.59,0.016
W219362,2800.0,2800.0,2800.0,40.2,35.0,8.58,3.11,0.78,0.405,1.2,0.803,3.63,5530.0,5440.0,1760.0,653.0,138.0,88.2,294.0,141.0,1.47,2.9,2.94,2.89,0.038
W219363,1980.0,2040.0,2100.0,17.7,11.5,38.8,12.5,0.83,0.311,1.39,0.485,4.9,6420.0,4730.0,21100.0,6910.0,388.0,179.0,901.0,225.0,1.98,7.7,7.77,7.41,0.14
W219364,2070.0,2230.0,2320.0,25.7,16.4,37.2,5.67,0.913,0.473,1.77,0.602,3.65,12500.0,9040.0,27000.0,4210.0,572.0,364.0,1530.0,374.0,1.47,10.3,10.4,9.92,0.021
W219365,2450.0,2570.0,2640.0,63.3,19.5,4.0,2.97,0.83,0.756,1.74,1.56,2.28,90800.0,31600.0,8590.0,6500.0,1530.0,1720.0,4450.0,2850.0,0.915,30.5,30.7,28.23,0.016
W219391,2510.0,2590.0,2650.0,48.2,27.6,12.6,1.46,0.714,0.338,1.43,1.04,1.78,14200.0,9180.0,5530.0,654.0,270.0,157.0,748.0,390.0,0.72,6.2,6.29,5.87,0.0024
W219392,2620.0,2730.0,2760.0,46.0,29.7,5.43,2.84,1.36,0.473,3.13,1.57,2.33,12200.0,8910.0,2160.0,1150.0,465.0,199.0,1470.0,533.0,0.942,5.6,5.67,5.87,0.0054
W219393,2550.0,2600.0,2640.0,48.2,25.0,15.3,1.54,0.78,0.338,2.33,1.09,1.83,10900.0,6400.0,5190.0,534.0,228.0,121.0,941.0,315.0,0.738,4.8,4.85,4.81,0.0028
W219394,2120.0,2280.0,2420.0,40.2,22.7,24.3,1.32,1.44,0.297,3.13,0.736,2.17,15800.0,10100.0,14300.0,791.0,732.0,185.0,2190.0,370.0,0.882,8.3,8.42,7.46,0.012
W219395,2000.0,2090.0,2290.0,44.7,18.3,27.3,0.784,1.13,0.324,2.67,1.05,0.875,24600.0,11400.0,22500.0,659.0,800.0,282.0,2610.0,742.0,0.355,11.6,11.8,9.32,0.0071
W219396,2030.0,2100.0,2200.0,27.4,15.2,27.5,9.16,1.83,0.311,1.26,0.669,5.63,6110.0,3840.0,9160.0,3120.0,525.0,110.0,501.0,191.0,2.28,4.7,4.77,4.22,0.11
W219397,2080.0,2250.0,2400.0,48.4,20.6,2.1,0.672,0.963,0.378,2.57,0.886,1.4,46100.0,22200.0,3000.0,979.0,1180.0,571.0,4360.0,1080.0,0.568,20.1,20.4,19.02,0.0068
W219398,2620.0,2730.0,2800.0,48.8,29.5,6.15,3.14,1.1,0.365,1.09,1.92,2.42,21000.0,14400.0,3970.0,2070.0,609.0,249.0,840.0,1060.0,0.983,9.1,9.23,8.92,0.012
W219399,2260.0,2380.0,2490.0,38.3,19.5,10.6,11.0,1.56,0.311,1.59,0.669,8.28,11400.0,6570.0,4720.0,4990.0,600.0,147.0,843.0,255.0,3.35,6.3,6.38,5.64,0.069
W219401,2550.0,2660.0,2790.0,38.7,31.9,15.0,1.83,1.06,0.365,1.57,0.702,1.55,21900.0,20400.0,12700.0,1580.0,774.0,327.0,1580.0,508.0,0.625,12.0,12.1,11.02,0.0061
W219402,2730.0,2800.0,2800.0,55.0,28.9,2.72,1.75,1.13,0.365,2.9,1.66,0.625,79600.0,47400.0,5890.0,3870.0,2110.0,837.0,7470.0,3070.0,0.253,30.6,31.0,27.85,0.0072
W219407,2060.0,2150.0,2240.0,33.8,22.5,29.0,3.21,0.631,0.324,1.37,1.34,1.93,23000.0,17300.0,29600.0,3340.0,553.0,350.0,1660.0,1170.0,0.784,14.3,14.6,16.02,0.012
W219408,2170.0,2300.0,2370.0,42.8,22.5,13.0,5.88,1.03,0.54,2.24,0.819,4.35,41100.0,24500.0,18700.0,8640.0,1280.0,823.0,3830.0,1010.0,1.75,20.4,20.6,20.04,0.037
W219409,1900.0,1990.0,2100.0,42.8,4.86,44.5,2.76,0.133,0.338,0.132,0.201,2.1,27800.0,3580.0,43300.0,2740.0,111.0,348.0,153.0,167.0,0.847,13.8,13.9,12.12,0.013
W219410,2110.0,2250.0,2350.0,46.7,20.8,21.2,0.994,1.11,0.608,3.0,1.17,1.8,41100.0,20700.0,27900.0,1340.0,1260.0,848.0,4710.0,1320.0,0.725,18.7,18.8,20.47,0.0078
W219411,2050.0,2140.0,2180.0,41.5,21.4,27.2,0.952,0.564,0.446,1.94,1.25,1.33,27500.0,16000.0,26900.0,962.0,481.0,467.0,2280.0,1060.0,0.536,14.0,14.2,13.05,0.0096
W219412,2000.0,2060.0,2100.0,45.8,14.2,21.6,3.17,2.32,0.527,2.08,0.836,4.03,34200.0,12000.0,24100.0,3610.0,2230.0,622.0,2760.0,798.0,1.63,15.8,16.0,15.76,0.015
W219413,1910.0,1990.0,2030.0,25.5,11.1,36.0,7.63,0.697,0.419,0.998,0.552,7.93,18600.0,9200.0,39400.0,8530.0,657.0,485.0,1300.0,516.0,3.2,15.5,15.6,14.74,0.06
W219414,1980.0,2080.0,2150.0,33.8,21.4,31.6,2.9,0.714,0.621,1.71,1.07,2.2,14100.0,10100.0,19800.0,1850.0,385.0,412.0,1270.0,573.0,0.885,8.9,8.96,9.19,0.021
W219415,1920.0,2040.0,2100.0,22.0,12.1,54.6,2.13,0.315,0.486,0.781,0.853,2.58,9150.0,5690.0,33900.0,1350.0,169.0,320.0,578.0,453.0,1.04,8.8,8.89,8.55,0.018
W219416,2080.0,2190.0,2380.0,44.9,25.9,21.0,1.41,0.681,0.446,1.88,1.32,1.7,27500.0,18000.0,19300.0,1320.0,538.0,433.0,2050.0,1040.0,0.686,13.0,13.1,10.69,0.0061
W219788,2530.0,2630.0,2800.0,47.7,29.3,6.29,3.05,0.664,0.311,0.373,1.62,4.13,4730.0,3290.0,933.0,462.0,84.8,48.8,65.7,206.0,1.67,2.1,2.12,2.1,0.0055
W219789,2440.0,2590.0,2700.0,49.9,25.7,7.58,2.8,0.78,0.324,1.37,1.12,3.85,5190.0,3030.0,1180.0,445.0,105.0,53.4,254.0,149.0,1.56,2.2,2.23,2.68,0.0047
W219790,2800.0,2800.0,2800.0,47.7,31.8,5.86,2.49,0.946,0.311,0.577,1.19,3.23,6090.0,4590.0,1120.0,486.0,156.0,62.8,131.0,194.0,1.3,2.7,2.73,2.44,0.0045
W219791,2150.0,2360.0,2620.0,42.8,23.8,19.2,1.4,1.36,0.324,2.58,0.903,2.55,30700.0,19300.0,20600.0,1540.0,1260.0,368.0,3300.0,829.0,1.03,15.2,15.4,14.21,0.0072
W219792,2440.0,2510.0,2570.0,33.4,28.2,10.7,8.56,1.54,0.378,0.781,1.0,6.08,14800.0,14100.0,7120.0,5800.0,883.0,266.0,617.0,570.0,2.45,9.4,9.49,8.85,0.035
W219793,2380.0,2530.0,2650.0,37.2,22.9,24.6,2.51,0.863,0.419,1.17,1.51,3.03,9480.0,6590.0,9370.0,975.0,283.0,169.0,528.0,490.0,1.22,5.4,5.45,6.34,0.013
W219794,2450.0,2690.0,2800.0,47.9,28.9,6.15,3.19,0.747,0.365,1.63,1.34,1.1,26000.0,17800.0,4990.0,2650.0,522.0,313.0,1580.0,928.0,0.444,11.5,11.6,11.88,0.0043
W219796,2270.0,2340.0,2560.0,42.8,26.1,10.3,4.61,1.31,0.5,2.6,1.12,3.78,9890.0,6830.0,3560.0,1630.0,391.0,183.0,1070.0,331.0,1.52,4.9,4.95,4.04,0.017
W219797,2110.0,2260.0,2480.0,36.8,20.6,21.3,4.57,1.48,0.419,2.09,1.07,4.13,6080.0,3850.0,5260.0,1150.0,314.0,110.0,615.0,226.0,1.67,3.5,3.53,4.02,0.039
W219798,2030.0,2120.0,2220.0,12.9,6.28,64.2,2.39,0.382,0.311,0.613,0.518,2.88,8070.0,4450.0,60200.0,2290.0,308.0,308.0,684.0,416.0,1.16,13.3,13.4,14.0,0.039
W219800,2160.0,2280.0,2400.0,18.8,18.9,31.7,7.94,1.06,0.378,0.361,0.853,2.1,3540.0,4020.0,8950.0,2290.0,258.0,113.0,121.0,206.0,0.847,4.0,4.03,4.04,0.035
W219971,1970.0,2060.0,2350.0,36.7,16.6,37.2,1.55,0.664,0.405,1.75,0.853,2.08,19800.0,10200.0,30000.0,1280.0,462.0,346.0,1690.0,589.0,0.841,11.4,11.5,11.69,0.015
W220165,1940.0,2020.0,2330.0,37.2,16.4,33.2,0.882,0.863,0.284,1.85,0.853,1.73,30400.0,15200.0,40500.0,1100.0,908.0,367.0,2690.0,891.0,0.701,17.2,17.5,15.06,0.022
W220166,1910.0,1975.0,2340.0,29.1,18.1,41.5,1.11,0.465,0.297,1.01,0.669,1.5,8750.0,6180.0,18700.0,509.0,180.0,142.0,541.0,257.0,0.613,6.3,6.44,6.06,0.015
W220167,1940.0,2020.0,2350.0,24.4,16.0,47.2,1.44,0.349,0.27,0.829,1.0,2.2,7530.0,5570.0,21800.0,680.0,139.0,132.0,456.0,396.0,0.894,6.5,6.6,8.21,0.0097
W220168,2060.0,2170.0,2460.0,33.8,23.1,32.9,1.53,0.432,0.297,1.09,1.1,1.6,17300.0,13400.0,25200.0,1200.0,285.0,241.0,998.0,724.0,0.644,10.9,11.0,10.71,0.0085
W220169,2800.0,2800.0,2800.0,51.6,34.4,0.858,0.322,0.432,0.405,2.96,2.81,0.35,35400.0,26800.0,882.0,338.0,382.0,441.0,3620.0,2470.0,0.141,14.6,14.7,14.6,0.006
W220170,2560.0,2620.0,2710.0,41.7,28.5,20.2,1.2,0.548,0.351,1.25,0.936,1.5,15100.0,11700.0,10900.0,667.0,256.0,202.0,807.0,434.0,0.612,7.6,7.76,7.26,0.0061
W220400,2580.0,2690.0,2780.0,53.3,25.9,7.29,0.868,1.54,0.473,3.26,1.22,1.65,36000.0,19800.0,7380.0,898.0,1350.0,507.0,3920.0,1060.0,0.678,14.1,14.5,13.29,0.17
W220401,2550.0,2700.0,2790.0,56.3,27.4,6.01,0.686,1.23,0.729,3.44,1.25,0.675,41900.0,23100.0,6700.0,781.0,1180.0,861.0,4560.0,1200.0,0.274,15.7,15.9,15.09,0.0084
W220402,2530.0,2630.0,2710.0,53.1,26.3,7.72,0.434,1.39,0.405,3.38,1.1,0.8,57100.0,32000.0,12400.0,713.0,1930.0,690.0,6470.0,1520.0,0.324,22.7,23.0,22.3,0.0092
W220403,1960.0,2070.0,2280.0,23.3,15.5,44.0,2.41,0.681,0.513,1.06,0.886,3.95,9050.0,6790.0,25600.0,1430.0,340.0,315.0,730.0,440.0,1.6,8.2,8.3,8.77,0.015
W220404,2420.0,2500.0,2600.0,42.2,26.3,18.2,1.89,0.631,0.446,1.11,1.37,2.2,19800.0,13900.0,12700.0,1350.0,381.0,331.0,923.0,823.0,0.892,9.9,10.0,11.21,0.0097
W220405,2540.0,2640.0,2750.0,44.5,28.5,13.4,1.88,0.697,0.527,1.83,1.49,2.5,13300.0,9670.0,6020.0,858.0,269.0,250.0,973.0,570.0,1.02,6.3,6.4,6.31,0.0078
W220406,2440.0,2560.0,2710.0,50.3,28.4,10.6,1.01,0.83,0.419,2.78,1.52,1.35,21600.0,13800.0,6810.0,662.0,460.0,285.0,2130.0,837.0,0.546,9.1,9.2,8.26,0.012
W220407,2540.0,2640.0,2800.0,47.7,28.0,5.15,1.57,1.11,0.918,2.72,1.22,1.53,19000.0,12600.0,3060.0,953.0,570.0,579.0,1920.0,621.0,0.618,8.4,8.51,7.33,0.015
W220408,2460.0,2580.0,2760.0,47.3,30.1,9.15,1.81,0.764,0.648,1.36,1.54,1.7,28100.0,20200.0,8120.0,1640.0,584.0,609.0,1430.0,1170.0,0.69,12.5,12.7,12.72,0.008
W220409,2570.0,2680.0,2800.0,54.6,27.8,7.58,0.952,0.614,0.473,1.44,1.99,1.02,47300.0,27200.0,9820.0,1260.0,686.0,649.0,2220.0,2210.0,0.418,18.2,18.5,16.5,0.0059
W220410,2560.0,2620.0,2740.0,40.9,19.1,9.01,0.714,1.06,0.81,2.26,0.987,0.9,8900.0,4700.0,2930.0,238.0,298.0,279.0,876.0,275.0,0.365,4.6,4.66,3.98,0.022
W220411,2440.0,2560.0,2710.0,51.8,26.5,12.7,0.91,0.647,0.324,1.5,1.64,1.23,22700.0,13100.0,8360.0,610.0,366.0,225.0,1170.0,920.0,0.495,9.3,9.39,8.38,0.008
W220412,2600.0,2720.0,2800.0,42.8,19.7,4.43,0.504,1.08,0.648,2.63,1.02,0.65,20500.0,10600.0,3170.0,368.0,665.0,491.0,2240.0,624.0,0.263,10.1,10.2,9.44,0.011
W220413,2650.0,2740.0,2800.0,58.4,25.9,4.86,0.658,1.34,0.459,3.46,1.27,0.75,31000.0,15600.0,3870.0,534.0,921.0,387.0,3280.0,864.0,0.305,11.2,11.4,10.13,0.015
W220414,2760.0,2800.0,2800.0,55.6,30.4,4.0,0.924,0.764,0.351,2.01,1.42,1.0,10500.0,6520.0,1130.0,267.0,186.0,105.0,676.0,344.0,0.405,4.0,4.05,4.57,0.012
W220415,2590.0,2680.0,2760.0,46.0,27.0,14.3,1.19,0.647,0.446,1.45,1.49,1.3,10200.0,6800.0,4760.0,404.0,186.0,157.0,576.0,423.0,0.526,4.7,4.76,4.28,0.007
W220416,2570.0,2640.0,2800.0,51.8,30.2,5.29,1.09,0.83,0.513,2.52,1.59,1.35,25300.0,16700.0,3870.0,816.0,523.0,397.0,2200.0,994.0,0.548,10.3,10.5,11.14,0.0061
W220417,2800.0,2800.0,2800.0,45.8,28.5,11.2,1.67,1.05,0.365,2.44,1.54,2.6,13500.0,9510.0,4910.0,749.0,397.0,170.0,1280.0,579.0,1.06,6.2,6.3,7.22,0.0096
W220418,2480.0,2590.0,2710.0,47.1,30.1,10.2,1.39,1.03,0.594,2.09,1.32,1.63,30000.0,21700.0,9690.0,1350.0,846.0,600.0,2370.0,1080.0,0.662,13.4,13.6,11.18,0.19
W220419,2120.0,2200.0,2450.0,38.5,24.6,21.2,2.51,1.01,0.594,1.61,1.37,3.15,13300.0,9630.0,11000.0,1330.0,452.0,326.0,993.0,607.0,1.28,7.3,7.41,6.82,0.013
W220420,2150.0,2400.0,2560.0,44.3,25.0,17.4,2.16,1.83,0.5,2.03,1.2,1.53,14500.0,9240.0,8540.0,1080.0,770.0,259.0,1180.0,504.0,0.619,6.9,7.0,7.19,0.024
W220421,2545.0,2620.0,2765.0,47.1,28.0,11.3,2.02,0.73,0.297,1.23,1.69,1.93,25300.0,17000.0,9100.0,1660.0,507.0,253.0,1170.0,1160.0,0.785,11.3,11.5,11.91,0.012
W220422,2740.0,2800.0,2800.0,54.1,28.7,6.86,0.882,0.93,0.473,2.91,1.47,1.02,21200.0,12700.0,4020.0,527.0,469.0,293.0,2020.0,736.0,0.418,8.2,8.37,7.87,0.01
W220423,2070.0,2160.0,2450.0,38.5,19.7,29.7,0.994,0.432,0.27,1.12,1.39,2.08,26700.0,15400.0,30800.0,1050.0,385.0,296.0,1380.0,1230.0,0.842,14.6,14.8,12.73,0.0091
W220424,2150.0,2245.0,2500.0,42.6,24.6,22.7,1.13,0.697,0.486,1.51,1.17,0.825,14600.0,9520.0,11600.0,593.0,308.0,264.0,923.0,513.0,0.336,7.2,7.32,7.05,0.02
W220425,2500.0,2620.0,2745.0,47.1,27.4,14.3,1.2,0.714,0.365,1.14,1.57,1.68,27400.0,18100.0,12500.0,1070.0,536.0,337.0,1180.0,1170.0,0.685,12.2,12.5,13.72,0.0073
W220426,2500.0,2620.0,2800.0,41.3,33.1,12.2,2.32,1.15,0.405,1.62,1.3,2.4,3730.0,3390.0,1640.0,321.0,134.0,58.1,261.0,151.0,0.978,1.9,1.94,2.05,0.017
W220427,2280.0,2350.0,2580.0,30.6,27.6,14.3,3.74,3.98,0.378,1.61,1.0,6.13,3130.0,3200.0,2190.0,584.0,525.0,61.3,293.0,131.0,2.55,2.1,2.19,1.89,0.085
W220429,2190.0,2300.0,2490.0,40.4,25.9,24.0,0.63,1.34,0.27,1.98,1.49,1.23,35900.0,26000.0,31900.0,854.0,1540.0,379.0,3130.0,1690.0,0.497,18.7,19.0,18.13,0.0075
W220430,2740.0,2800.0,2800.0,53.1,28.5,5.15,0.924,1.08,0.459,2.99,1.67,1.3,20200.0,12300.0,2930.0,537.0,529.0,277.0,2030.0,814.0,0.529,8.0,8.14,7.04,0.009
W220431,2110.0,2200.0,2360.0,42.2,19.7,19.3,3.98,0.979,0.419,2.82,1.02,5.03,26800.0,14100.0,18300.0,3860.0,802.0,421.0,3190.0,829.0,2.04,13.4,13.6,12.16,0.02
W220432,2260.0,2410.0,2640.0,50.7,26.1,11.9,1.18,0.747,0.257,1.71,1.59,1.78,51600.0,30000.0,18100.0,1830.0,979.0,414.0,3090.0,2070.0,0.722,21.4,21.8,19.47,0.012
W220433,2620.0,2710.0,2800.0,49.0,31.0,6.86,1.46,0.581,0.662,1.67,1.54,1.58,15400.0,11000.0,3220.0,698.0,235.0,329.0,933.0,617.0,0.64,6.6,6.71,5.65,0.022
W220434,2410.0,2500.0,2640.0,42.8,28.2,14.6,1.69,0.515,0.257,1.44,1.57,2.03,23700.0,17700.0,12100.0,1440.0,368.0,225.0,1420.0,1120.0,0.821,11.7,11.9,10.91,0.01
W220435,2130.0,2250.0,2450.0,40.4,25.0,21.5,1.2,0.515,0.365,2.04,1.35,2.17,12300.0,8610.0,9790.0,561.0,202.0,176.0,1110.0,528.0,0.887,6.4,6.52,6.29,0.0091
W220436,2520.0,2610.0,2750.0,46.4,30.1,9.44,1.81,0.515,0.27,1.19,1.56,1.93,31800.0,23300.0,9670.0,1890.0,454.0,293.0,1450.0,1360.0,0.784,14.4,14.7,11.74,0.0096
W220437,2490.0,2590.0,2730.0,45.6,28.2,9.87,1.33,0.93,0.621,2.27,1.54,2.7,14600.0,10200.0,4710.0,649.0,383.0,314.0,1290.0,629.0,1.1,6.7,6.83,6.87,0.011
W220438,2780.0,2800.0,2800.0,58.4,27.4,3.72,0.672,0.913,0.297,3.29,1.39,0.675,30900.0,16400.0,2940.0,543.0,622.0,249.0,3100.0,938.0,0.275,11.1,11.3,10.65,0.01
W220439,2760.0,2800.0,2800.0,51.1,30.8,6.58,1.2,0.73,0.432,1.85,1.54,1.65,13400.0,9130.0,2580.0,481.0,246.0,179.0,862.0,515.0,0.672,5.5,5.6,6.07,0.0071
W220441,1970.0,2080.0,2260.0,33.0,20.8,30.6,3.04,0.73,0.608,1.35,0.97,4.15,7990.0,5700.0,11100.0,1130.0,228.0,233.0,581.0,301.0,1.69,5.1,5.19,4.96,0.03
W220442,2600.0,2730.0,2800.0,45.2,32.7,9.01,2.72,0.531,0.729,0.793,1.09,2.68,10000.0,8240.0,3000.0,924.0,152.0,257.0,314.0,309.0,1.08,4.7,4.76,4.46,0.022
W220443,1970.0,2060.0,2230.0,35.7,20.2,30.6,1.88,0.714,0.405,1.91,0.769,3.15,15400.0,9870.0,19700.0,1240.0,397.0,277.0,1470.0,424.0,1.28,9.1,9.22,7.45,0.016
W220444,2520.0,2590.0,2660.0,47.1,26.7,15.2,0.854,0.93,0.378,2.63,1.17,1.18,24700.0,15900.0,11900.0,686.0,630.0,315.0,2460.0,787.0,0.476,11.1,11.2,10.78,0.011
W220445,2110.0,2220.0,2480.0,37.0,21.2,27.5,2.56,0.73,0.567,1.65,1.14,3.48,10300.0,6700.0,11500.0,1090.0,263.0,251.0,819.0,407.0,1.41,5.9,5.98,7.45,0.025
W220446,2300.0,2500.0,2600.0,40.9,29.5,15.3,2.02,0.946,0.5,2.61,1.02,2.63,10800.0,8850.0,6070.0,817.0,323.0,210.0,1230.0,346.0,1.06,5.6,5.67,5.46,0.019
W220447,2250.0,2390.0,2600.0,44.3,24.6,12.4,4.51,1.29,0.513,2.93,0.987,2.78,17400.0,10900.0,7310.0,2710.0,655.0,319.0,2050.0,496.0,1.12,8.3,8.4,8.52,0.028
W220448,2160.0,2460.0,2630.0,41.3,24.4,25.3,0.574,0.697,0.351,2.24,1.42,0.925,33400.0,22300.0,30600.0,709.0,726.0,449.0,3210.0,1470.0,0.374,17.1,17.3,15.22,0.006
W220449,2620.0,2710.0,2800.0,55.6,25.1,6.29,1.27,1.38,0.81,3.05,1.34,1.45,33200.0,17000.0,5610.0,1160.0,1060.0,766.0,3240.0,1020.0,0.587,12.6,12.8,14.27,0.022
W220450,2090.0,2250.0,2440.0,44.7,19.7,20.7,2.24,1.2,0.405,3.82,0.786,2.17,50000.0,24900.0,34700.0,3830.0,1720.0,718.0,7620.0,1130.0,0.879,23.7,23.9,25.78,0.016
W220451,2080.0,2130.0,2300.0,46.0,17.9,19.9,2.86,1.38,0.419,2.97,0.836,3.2,50200.0,22100.0,32400.0,4760.0,1940.0,723.0,5760.0,1170.0,1.29,23.1,23.3,23.61,0.12
W220452,1980.0,2060.0,2260.0,36.4,16.8,34.6,1.69,0.863,0.392,2.0,0.886,2.15,18400.0,9640.0,26200.0,1310.0,563.0,314.0,1800.0,574.0,0.87,10.7,10.8,11.4,0.022
W220453,2760.0,2800.0,2800.0,46.2,33.8,5.86,2.58,0.681,0.473,1.38,1.44,2.28,10700.0,8880.0,2030.0,913.0,203.0,174.0,571.0,427.0,0.922,4.9,4.96,4.88,0.028
W220454,2030.0,2160.0,2530.0,31.7,20.6,31.7,2.9,0.996,0.432,2.12,0.669,3.35,4510.0,3320.0,6760.0,630.0,183.0,97.4,536.0,122.0,1.36,3.0,3.04,2.58,0.024
W220456,2680.0,2790.0,2800.0,49.2,31.2,4.43,1.82,0.813,0.459,2.44,1.52,2.05,25300.0,18100.0,3410.0,1430.0,538.0,373.0,2230.0,1000.0,0.826,10.9,11.0,9.4,0.013
W220457,2100.0,2190.0,2370.0,44.9,26.7,16.6,1.06,1.16,0.446,3.59,1.12,1.6,20300.0,13700.0,11200.0,736.0,678.0,320.0,2900.0,649.0,0.646,9.6,9.69,10.12,0.014
W220458,2100.0,2230.0,2350.0,32.7,21.4,13.7,12.1,1.01,0.405,2.14,0.803,4.53,8800.0,6500.0,5520.0,4960.0,351.0,173.0,1020.0,276.0,1.83,5.7,5.75,4.71,0.034
W220459,2150.0,2370.0,2490.0,48.2,25.7,16.4,1.39,0.681,0.621,1.79,1.47,0.875,37200.0,22500.0,19000.0,1640.0,678.0,761.0,2460.0,1450.0,0.353,16.4,16.5,14.27,0.013
W220460,2400.0,2520.0,2630.0,55.4,25.1,5.29,2.44,1.36,0.77,3.02,1.34,1.55,36600.0,18800.0,5230.0,2460.0,1160.0,805.0,3540.0,1130.0,0.625,14.0,14.1,15.16,0.024
W220461,2000.0,2080.0,2160.0,45.6,19.3,20.6,2.24,1.21,0.405,3.47,0.786,2.15,58900.0,28200.0,39900.0,4430.0,2020.0,830.0,8000.0,1300.0,0.869,27.4,27.7,26.78,0.022
W220462,2420.0,2560.0,2710.0,46.4,26.3,12.3,2.37,0.714,0.621,1.79,1.49,3.45,7930.0,5080.0,3140.0,617.0,157.0,168.0,544.0,325.0,1.4,3.6,3.65,3.35,0.0084
W220463,2140.0,2300.0,2520.0,32.5,25.1,30.3,0.952,0.664,0.257,2.56,0.87,1.6,13100.0,11400.0,18200.0,585.0,344.0,163.0,1830.0,447.0,0.648,8.5,8.6,6.91,0.0089
W220464,2000.0,2050.0,2150.0,24.4,14.7,42.9,2.9,0.697,0.405,1.25,0.635,4.55,4400.0,3010.0,11600.0,799.0,162.0,116.0,401.0,147.0,1.85,3.8,3.86,3.41,0.02
W220465,2280.0,2530.0,2630.0,40.0,26.7,21.2,0.546,0.764,0.338,2.5,0.97,1.08,17100.0,12900.0,13500.0,356.0,420.0,228.0,1900.0,530.0,0.437,9.0,9.14,8.52,0.0065
W220466,2440.0,2620.0,2800.0,51.1,26.5,9.3,1.23,0.764,0.378,1.95,1.61,1.4,27800.0,16300.0,7560.0,1020.0,535.0,326.0,1880.0,1120.0,0.567,11.5,11.6,9.63,0.0087
W220467,2680.0,2800.0,2800.0,57.1,28.4,4.29,0.56,0.88,0.378,2.63,1.47,0.6,23000.0,12900.0,2590.0,345.0,457.0,242.0,1890.0,759.0,0.244,8.5,8.63,8.13,0.0045
W220468,2060.0,2120.0,2230.0,17.8,10.5,54.5,1.99,0.93,0.324,1.31,0.518,2.98,5770.0,3830.0,26300.0,982.0,387.0,166.0,754.0,214.0,1.21,6.8,6.91,6.89,0.038
W220469,2800.0,2800.0,2800.0,51.8,30.2,4.72,0.728,0.847,0.675,2.33,1.25,0.725,21500.0,14200.0,2940.0,463.0,454.0,445.0,1730.0,668.0,0.293,8.8,8.9,7.94,0.0047
W220470,2710.0,2800.0,2800.0,55.6,26.3,3.86,0.826,1.24,0.324,2.63,1.42,1.0,42100.0,22500.0,4370.0,954.0,1210.0,388.0,3540.0,1380.0,0.417,15.5,16.2,13.14,0.005
W220471,2010.0,2060.0,2100.0,27.8,14.7,43.5,1.36,0.78,0.405,1.97,0.92,1.38,7400.0,4410.0,17300.0,552.0,268.0,171.0,934.0,313.0,0.559,5.6,5.7,4.87,0.012
W220472,2200.0,2430.0,2570.0,44.3,25.1,16.9,1.62,0.714,0.27,2.2,1.05,1.88,8210.0,5280.0,4680.0,460.0,171.0,79.3,726.0,250.0,0.763,3.9,3.97,3.29,0.0078
W220473,2000.0,2050.0,2160.0,40.9,15.2,31.6,0.882,0.979,0.243,2.8,0.803,1.93,28900.0,12100.0,33400.0,953.0,892.0,272.0,3520.0,726.0,0.782,14.9,15.1,17.3,0.077
W220474,2350.0,2650.0,2750.0,48.4,25.5,5.72,1.11,2.16,0.27,3.39,1.19,4.45,40100.0,23900.0,7090.0,1400.0,2310.0,355.0,5000.0,1260.0,1.9,16.6,17.8,14.32,0.0066
W220475,2630.0,2770.0,2800.0,48.4,30.1,8.29,0.798,0.896,0.257,2.49,2.04,1.0,28700.0,20200.0,7360.0,724.0,686.0,241.0,2630.0,1550.0,0.406,12.5,12.7,11.73,0.009
W220476,2800.0,2800.0,2800.0,46.7,37.6,4.0,0.574,0.681,0.216,2.18,1.62,4.03,34700.0,31600.0,4450.0,652.0,652.0,254.0,2880.0,1540.0,1.64,15.6,15.9,14.84,0.0052
W220527,2500.0,2540.0,2650.0,52.0,28.5,4.72,1.82,1.24,1.01,2.37,1.61,2.85,11100.0,6910.0,1510.0,595.0,343.0,343.0,901.0,439.0,1.16,4.5,4.57,3.92,0.012
W220528,2060.0,2090.0,2130.0,24.0,13.0,51.9,0.952,0.448,0.351,1.02,0.786,1.68,8960.0,5500.0,29000.0,544.0,216.0,208.0,680.0,376.0,0.687,7.8,8.0,7.35,0.013
W220529,2430.0,2480.0,2570.0,46.4,27.4,5.01,3.47,0.813,1.62,1.48,1.57,5.65,3120.0,2080.0,503.0,356.0,70.4,172.0,177.0,135.0,2.32,1.4,1.44,1.74,0.0084
W220530,2410.0,2540.0,2650.0,50.9,27.2,6.01,2.39,1.21,0.297,2.96,1.25,4.18,15100.0,9130.0,2660.0,1080.0,463.0,139.0,1560.0,475.0,1.74,6.1,6.34,6.23,0.012
W220531,2360.0,2430.0,2450.0,40.9,26.1,7.44,6.72,1.36,0.432,1.14,1.76,9.63,14200.0,10200.0,3860.0,3570.0,609.0,238.0,706.0,780.0,3.97,7.2,7.43,7.06,0.0074
W220532,2420.0,2450.0,2540.0,48.4,26.1,7.01,3.01,1.15,0.378,2.46,1.39,3.98,6280.0,3830.0,1360.0,597.0,192.0,77.8,569.0,231.0,1.64,2.7,2.78,2.0,0.025
W220533,2090.0,2130.0,2270.0,14.5,10.9,31.7,10.4,2.16,0.567,0.938,0.418,15.6,2990.0,2550.0,9790.0,3280.0,574.0,185.0,344.0,110.0,6.4,4.3,4.41,3.24,0.48
W220783,2680.0,2800.0,2800.0,44.5,33.1,8.01,0.686,0.863,0.378,3.33,1.81,1.1,32700.0,27500.0,8810.0,771.0,818.0,441.0,4360.0,1700.0,0.447,15.5,15.7,12.77,0.0047
W220784,2180.0,2390.0,2540.0,45.4,22.7,20.2,0.504,0.896,0.27,2.92,1.05,1.33,36400.0,20600.0,24200.0,618.0,927.0,343.0,4170.0,1080.0,0.535,17.0,17.2,14.13,0.0076
W220785,2800.0,2800.0,2800.0,49.0,34.2,3.43,1.64,0.548,0.27,1.12,1.61,1.73,14800.0,11700.0,1550.0,754.0,213.0,129.0,599.0,619.0,0.695,6.4,6.45,5.8,0.0098
W220786,2090.0,2190.0,2340.0,35.3,23.8,27.5,1.44,0.581,0.297,1.57,0.97,2.35,15500.0,11800.0,18000.0,967.0,328.0,206.0,1230.0,544.0,0.948,9.3,9.38,9.11,0.012
W220787,2160.0,2280.0,2470.0,43.4,23.6,18.9,1.93,1.2,0.594,2.49,1.09,2.98,15800.0,9760.0,10300.0,1080.0,562.0,344.0,1620.0,508.0,1.21,7.7,7.81,7.46,0.027
W220788,2250.0,2390.0,2530.0,30.0,28.2,23.5,3.81,0.664,0.405,0.745,1.04,4.47,10200.0,10900.0,12000.0,1990.0,293.0,220.0,454.0,454.0,1.82,7.2,7.32,7.07,0.011
W220789,2600.0,2730.0,2800.0,48.6,32.9,7.29,0.742,0.946,0.324,1.83,1.32,0.825,28200.0,21600.0,6330.0,658.0,708.0,298.0,1890.0,981.0,0.333,12.3,12.4,12.19,0.0076
W220790,2440.0,2600.0,2700.0,45.8,28.5,12.4,1.9,0.813,0.473,1.39,1.29,2.8,16600.0,11700.0,6770.0,1060.0,381.0,272.0,902.0,599.0,1.13,7.7,7.78,7.48,0.013
W220791,2180.0,2320.0,2530.0,34.7,26.3,23.7,3.87,0.697,0.567,0.853,0.987,4.22,7370.0,6330.0,7560.0,1260.0,191.0,191.0,323.0,269.0,1.71,4.5,4.55,4.2,0.024
W220792,2520.0,2650.0,2750.0,47.5,28.7,9.44,0.644,0.664,0.324,2.14,2.02,0.9,24900.0,17100.0,7410.0,516.0,449.0,269.0,2000.0,1360.0,0.364,11.1,11.2,11.41,0.0043
W220793,1980.0,2070.0,2360.0,30.8,20.6,31.6,1.72,0.465,0.27,1.02,1.14,1.53,12900.0,9760.0,19800.0,1100.0,251.0,179.0,761.0,609.0,0.621,8.8,8.95,8.03,0.039
W220794,2240.0,2410.0,2580.0,52.0,24.0,10.9,0.518,1.15,0.297,4.59,0.702,1.18,53100.0,27700.0,16600.0,808.0,1510.0,480.0,8340.0,917.0,0.475,21.6,21.8,17.9,0.0088
W220795,2220.0,2380.0,2590.0,44.5,26.7,15.9,0.84,0.963,0.324,3.52,0.92,1.05,21000.0,14200.0,11200.0,606.0,585.0,242.0,2960.0,555.0,0.424,10.0,10.1,10.53,0.0072
W220796,2620.0,2800.0,2800.0,58.0,28.9,4.0,0.882,0.647,0.432,1.18,1.87,0.675,20200.0,11400.0,2090.0,470.0,291.0,239.0,731.0,835.0,0.272,7.4,7.45,7.11,0.0059
W220797,2100.0,2190.0,2320.0,40.9,14.9,21.3,9.01,0.415,0.27,0.841,0.903,6.95,42300.0,17500.0,33000.0,14200.0,553.0,443.0,1550.0,1200.0,2.81,21.9,22.1,23.21,0.0079
W220798,1920.0,1960.0,2140.0,49.0,27.2,13.9,0.686,1.06,0.419,2.79,1.45,1.13,14400.0,9030.0,6090.0,307.0,401.0,194.0,1460.0,546.0,0.455,6.2,6.27,12.59,0.0073
W220799,2190.0,2340.0,2580.0,46.0,22.7,16.0,1.71,0.88,0.405,2.64,1.35,1.53,49800.0,27800.0,25900.0,2830.0,1230.0,695.0,5100.0,1880.0,0.617,22.9,23.2,18.33,0.02
W220800,2560.0,2670.0,2730.0,48.4,13.8,27.6,2.79,0.398,0.338,1.08,1.44,1.43,33400.0,10800.0,28500.0,2940.0,354.0,369.0,1330.0,1270.0,0.576,14.6,14.8,14.27,0.013
W220801,2100.0,2250.0,2390.0,44.5,19.7,20.4,3.0,1.54,0.513,2.75,1.07,3.58,21000.0,10500.0,14500.0,2170.0,941.0,385.0,2320.0,648.0,1.45,10.0,10.1,11.76,0.014
W221402,2280.0,2400.0,2450.0,40.7,28.4,18.2,1.22,1.23,0.365,3.25,1.0,2.42,23700.0,18700.0,15900.0,1090.0,924.0,337.0,3370.0,749.0,0.985,12.3,12.5,11.06,0.01
W221403,2730.0,2800.0,2800.0,55.4,28.4,5.29,1.32,0.564,0.891,1.49,1.92,2.35,15500.0,8970.0,2210.0,562.0,203.0,395.0,742.0,688.0,0.953,5.9,5.98,6.18,0.0095
W221404,2800.0,2800.0,2800.0,51.4,34.4,3.29,0.826,0.681,0.338,2.79,1.66,1.33,26300.0,20000.0,2520.0,648.0,450.0,274.0,2550.0,1090.0,0.539,10.8,11.0,9.49,0.0062
W221405,2500.0,2610.0,2660.0,41.7,32.3,15.9,2.02,0.515,0.405,1.2,0.92,2.55,13300.0,11600.0,7560.0,981.0,211.0,204.0,681.0,375.0,1.04,6.7,6.81,6.59,0.02
W221406,2660.0,2760.0,2800.0,62.5,25.1,3.43,0.364,1.43,0.311,3.41,1.22,0.6,127000.0,57900.0,10500.0,1130.0,3750.0,1000.0,12400.0,3180.0,0.243,43.0,43.6,39.27,0.012
W221407,1950.0,2040.0,2080.0,40.9,20.4,29.9,1.11,0.813,0.297,1.97,1.17,2.15,25500.0,14400.0,27900.0,1060.0,655.0,294.0,2190.0,936.0,0.871,13.2,13.4,11.25,0.015
W221408,2800.0,2800.0,2800.0,60.3,28.5,3.15,0.434,0.946,0.243,1.75,1.67,0.9,125000.0,66900.0,9750.0,1370.0,2530.0,797.0,6470.0,4430.0,0.364,43.8,44.3,36.17,0.0075
W221409,2800.0,2800.0,2800.0,58.9,30.6,1.86,0.728,0.664,0.311,1.83,2.26,1.23,31700.0,18700.0,1500.0,599.0,461.0,265.0,1750.0,1560.0,0.495,11.4,11.5,10.62,0.006
W221410,2350.0,2450.0,2510.0,59.1,21.4,7.29,1.61,0.847,0.797,1.37,2.27,2.85,15600.0,6430.0,2890.0,652.0,289.0,335.0,646.0,771.0,1.15,5.6,5.67,5.51,0.0059
W221411,2800.0,2800.0,2800.0,55.6,31.9,2.57,1.43,0.614,0.378,1.33,2.37,1.73,19700.0,12800.0,1370.0,774.0,281.0,212.0,842.0,1080.0,0.698,7.5,7.59,7.55,0.0061
W221412,2690.0,2800.0,2800.0,54.1,29.9,6.86,0.868,0.93,0.27,3.11,1.44,1.9,37100.0,23100.0,7030.0,908.0,820.0,293.0,3790.0,1260.0,0.773,14.4,14.6,12.33,0.029
W221413,2710.0,2800.0,2800.0,47.1,34.8,8.72,1.29,0.88,0.324,2.46,0.87,2.17,14100.0,11800.0,3920.0,591.0,340.0,154.0,1320.0,334.0,0.887,6.3,6.42,6.26,0.011
W221414,2650.0,2790.0,2800.0,51.4,29.9,11.3,0.56,1.06,0.284,2.44,1.59,1.33,43000.0,28300.0,14200.0,717.0,1150.0,376.0,3640.0,1700.0,0.54,17.6,17.9,15.57,0.0086
W221415,2800.0,2800.0,2800.0,55.9,33.8,1.72,0.7,0.697,0.311,2.27,2.64,1.05,40000.0,27400.0,1840.0,766.0,643.0,352.0,2890.0,2420.0,0.426,15.1,15.3,14.37,0.006
W221802,2300.0,2400.0,2500.0,35.3,23.3,16.4,7.61,1.2,0.392,2.08,0.652,5.7,8360.0,6230.0,5830.0,2750.0,365.0,147.0,877.0,198.0,2.31,5.0,5.07,4.35,0.022
W221803,2180.0,2280.0,2540.0,46.7,22.7,18.6,0.728,0.963,0.257,3.99,0.753,1.45,34100.0,18700.0,20300.0,812.0,906.0,297.0,5190.0,703.0,0.588,15.4,15.6,13.88,0.0093
W221804,2110.0,2160.0,2250.0,16.9,10.7,57.5,1.67,0.465,0.189,1.14,0.485,2.65,8080.0,5820.0,41200.0,1220.0,287.0,143.0,973.0,297.0,1.07,10.1,10.2,8.57,0.013
W221805,2090.0,2150.0,2420.0,31.5,21.2,31.2,2.55,1.08,0.419,1.97,1.09,2.7,6560.0,5000.0,9730.0,812.0,290.0,138.0,732.0,290.0,1.1,4.4,4.46,4.4,0.0099
W221806,2160.0,2220.0,2520.0,49.0,20.8,17.3,0.602,1.33,0.284,3.89,0.719,3.65,66100.0,31700.0,34900.0,1240.0,2310.0,606.0,9350.0,1240.0,1.48,28.4,28.9,25.56,0.014
W221807,2070.0,2190.0,2330.0,9.99,7.13,63.5,2.86,0.73,0.216,0.529,0.268,1.8,2890.0,2330.0,27500.0,1260.0,272.0,99.0,272.0,99.0,0.73,6.1,6.19,5.57,0.1
W221808,2080.0,2100.0,2140.0,27.8,12.2,46.6,1.46,0.697,0.243,2.37,0.518,4.95,12500.0,6210.0,31500.0,1000.0,405.0,174.0,1900.0,299.0,2.01,9.5,9.65,7.61,0.02
W221809,2400.0,2480.0,2520.0,33.6,25.7,13.6,6.37,1.28,0.581,1.6,0.769,2.48,5430.0,4700.0,3290.0,1570.0,266.0,149.0,460.0,159.0,1.01,3.4,3.46,2.8,0.012
W221810,2620.0,2800.0,2800.0,39.8,35.0,9.15,2.48,0.681,0.27,1.91,1.17,2.7,6210.0,6180.0,2140.0,591.0,137.0,66.8,531.0,234.0,1.09,3.3,3.34,3.23,0.016
W221811,2180.0,2280.0,2550.0,50.5,18.6,15.6,1.58,1.06,0.351,2.37,1.22,2.45,15800.0,6580.0,7280.0,755.0,427.0,174.0,1320.0,488.0,0.992,6.6,6.68,5.85,0.022
W221812,2200.0,2260.0,2500.0,37.2,21.4,19.2,1.89,0.863,0.297,1.54,0.97,5.3,5470.0,3550.0,4210.0,424.0,163.0,69.1,402.0,182.0,2.15,3.1,3.14,2.74,0.015
W221813,2480.0,2620.0,2780.0,42.8,33.1,12.4,2.0,0.896,0.675,2.19,0.953,3.45,4680.0,4100.0,2040.0,335.0,126.0,117.0,426.0,133.0,1.4,2.3,2.34,3.02,0.0163
W221814,2030.0,2190.0,2470.0,33.6,22.7,34.7,1.61,0.979,0.419,2.42,0.886,3.05,7160.0,5470.0,11100.0,524.0,269.0,141.0,917.0,242.0,1.24,4.5,4.56,4.34,0.013
W221815,2570.0,2800.0,2800.0,52.9,31.2,5.58,0.714,1.38,0.54,3.61,1.12,1.55,31700.0,21200.0,5000.0,654.0,1060.0,513.0,3850.0,859.0,0.631,12.6,12.8,8.97,0.012
W221816,2480.0,2670.0,2760.0,45.4,31.9,7.72,3.29,1.21,0.5,2.04,1.02,4.15,12500.0,9970.0,3190.0,1390.0,431.0,218.0,1000.0,360.0,1.69,5.8,5.9,5.31,0.011
W221817,2520.0,2650.0,2760.0,53.9,26.1,11.4,0.854,0.548,0.243,1.2,0.0167,1.7,33600.0,18400.0,10700.0,812.0,439.0,240.0,1330.0,13.3,0.691,13.1,13.3,5.15,0.0059
W221818,2800.0,2800.0,2800.0,55.9,26.7,4.58,3.42,0.747,0.351,0.649,2.24,3.88,14000.0,7570.0,1720.0,1310.0,242.0,140.0,290.0,719.0,1.57,5.3,5.37,14.49,0.008
W221819,2520.0,2660.0,2710.0,52.6,33.1,4.72,0.518,0.73,0.419,2.87,1.91,1.13,31700.0,22600.0,4260.0,477.0,568.0,400.0,3080.0,1470.0,0.457,12.7,12.9,13.02,0.005
W223348,2210.0,2280.0,2510.0,43.2,28.7,20.0,0.28,0.681,0.189,2.58,1.56,1.0,71800.0,54000.0,49700.0,711.0,1460.0,497.0,7640.0,3300.0,0.404,35.2,35.5,35.42,0.0025
W223349,2230.0,2390.0,2560.0,44.1,27.2,20.7,1.23,0.747,0.243,1.89,1.14,1.8,19500.0,13600.0,13700.0,834.0,426.0,170.0,1490.0,644.0,0.726,9.4,9.47,9.78,0.0038
W223350,2530.0,2630.0,2740.0,49.9,30.6,12.6,0.364,0.78,0.203,2.45,1.37,0.85,67000.0,46600.0,25300.0,747.0,1350.0,431.0,5860.0,2360.0,0.343,28.5,28.7,33.86,0.0033
W223352,2800.0,2800.0,2800.0,53.5,31.4,3.15,0.602,1.13,0.581,3.49,1.45,0.75,56500.0,37500.0,4970.0,971.0,1540.0,971.0,6550.0,1960.0,0.302,22.4,22.6,17.32,0.0069
W223353,2410.0,2520.0,2680.0,44.9,29.9,7.58,2.14,1.03,1.49,2.43,1.27,2.9,7430.0,5590.0,1880.0,542.0,219.0,389.0,715.0,269.0,1.17,3.5,3.54,3.31,0.0084
W223354,2580.0,2620.0,2690.0,50.3,29.1,11.2,1.11,0.78,0.608,2.03,1.47,1.2,15400.0,10100.0,5120.0,519.0,309.0,296.0,1110.0,578.0,0.485,6.5,6.57,6.31,0.0082
W223355,2580.0,2660.0,2710.0,50.7,29.7,4.0,1.92,0.515,1.62,1.09,2.07,2.1,8120.0,5380.0,959.0,469.0,106.0,411.0,312.0,425.0,0.846,3.4,3.43,3.07,0.0032
W223356,2690.0,2770.0,2800.0,50.1,32.9,8.58,1.04,0.432,0.675,1.11,1.79,1.35,9450.0,7020.0,2420.0,299.0,105.0,202.0,371.0,432.0,0.545,4.0,4.04,3.48,0.0035
W223357,2800.0,2800.0,2800.0,54.4,31.9,3.0,1.06,0.448,1.23,0.613,2.31,1.35,14300.0,9540.0,1190.0,429.0,152.0,514.0,288.0,779.0,0.544,5.6,5.65,5.36,0.0037
W223358,1990.0,2030.0,2070.0,30.4,4.31,59.5,1.33,0.266,0.608,0.349,0.151,2.2,10000.0,1610.0,29400.0,672.0,113.0,318.0,205.0,63.6,0.889,7.0,7.07,5.89,0.012
W223359,2740.0,2800.0,2800.0,52.9,31.6,4.43,1.3,0.697,1.12,1.9,1.94,1.27,20900.0,14100.0,2620.0,786.0,355.0,702.0,1340.0,981.0,0.513,8.4,8.46,7.38,0.0053
W223360,2760.0,2800.0,2800.0,54.1,31.2,3.0,1.05,0.581,1.19,2.37,2.26,0.875,19600.0,12800.0,1630.0,581.0,271.0,682.0,1530.0,1050.0,0.352,7.7,7.75,6.49,0.0036
W223361,2440.0,2520.0,2580.0,44.9,27.8,17.0,0.952,0.614,1.35,1.63,1.44,1.58,11200.0,7860.0,6360.0,364.0,198.0,535.0,727.0,460.0,0.636,5.3,5.35,5.05,0.0046
W223392,2140.0,2380.0,2530.0,39.6,23.3,18.9,4.08,1.38,0.783,2.5,1.22,5.88,12500.0,8340.0,8950.0,1970.0,563.0,393.0,1410.0,495.0,2.38,6.7,6.78,6.32,0.035
W223393,2300.0,2440.0,2650.0,56.3,21.7,10.7,1.29,1.49,0.446,2.98,1.57,2.1,39500.0,17300.0,11300.0,1380.0,1350.0,496.0,3730.0,1410.0,0.853,14.8,15.0,14.27,0.056
W223394,2710.0,2760.0,2800.0,59.1,26.1,3.0,1.89,0.714,0.527,1.18,2.76,2.25,27700.0,13900.0,2110.0,1360.0,432.0,392.0,985.0,1660.0,0.914,9.9,10.0,10.47,0.0068
W223395,2190.0,2370.0,2570.0,51.8,21.2,15.9,1.25,1.15,0.392,2.46,1.54,2.6,27700.0,12800.0,12700.0,1020.0,788.0,331.0,2340.0,1050.0,1.06,11.2,11.4,10.64,0.0088
W223396,2210.0,2280.0,2550.0,46.7,25.1,14.7,1.5,1.48,0.486,3.16,0.886,2.85,18200.0,11100.0,8620.0,895.0,745.0,301.0,2200.0,443.0,1.16,8.2,8.37,7.17,0.011
W223397,2610.0,2670.0,2770.0,43.7,29.7,17.2,1.86,0.681,0.338,1.07,1.15,2.73,24000.0,18500.0,14100.0,1570.0,483.0,294.0,1050.0,812.0,1.11,11.6,11.8,11.67,0.01
W223398,2550.0,2650.0,2760.0,53.9,29.3,5.72,0.812,1.33,0.297,2.34,1.42,1.43,41400.0,25500.0,6570.0,952.0,1310.0,361.0,3200.0,1400.0,0.581,16.1,16.4,11.65,0.012
W223399,2080.0,2170.0,2570.0,14.6,11.3,58.5,3.75,0.93,0.432,0.913,0.318,6.25,3830.0,3350.0,22900.0,1500.0,314.0,179.0,425.0,106.0,2.54,5.5,5.6,5.49,0.027
W223400,2630.0,2750.0,2800.0,50.1,28.2,9.01,1.46,1.06,0.257,2.44,1.49,2.98,26600.0,16900.0,7150.0,1180.0,726.0,216.0,2300.0,1010.0,1.25,10.8,11.3,10.01,0.037
W223401,2400.0,2490.0,2550.0,53.1,24.4,3.58,5.88,0.996,0.446,2.54,1.09,3.1,36600.0,19000.0,3690.0,6200.0,885.0,487.0,3110.0,959.0,1.26,14.5,14.8,14.39,0.027
W223403,2630.0,2720.0,2760.0,53.5,28.9,4.43,2.0,0.764,0.405,2.62,1.52,1.53,25900.0,15900.0,3210.0,1480.0,477.0,311.0,2260.0,943.0,0.62,10.2,10.4,10.02,0.0048
W223404,2670.0,2790.0,2800.0,49.2,31.6,7.29,1.36,1.06,0.203,2.57,1.15,1.58,30000.0,21800.0,6650.0,1260.0,834.0,196.0,2790.0,900.0,0.642,12.8,13.0,11.87,0.0055
W223405,2690.0,2780.0,2800.0,56.9,27.6,3.15,1.18,1.03,0.243,2.76,1.25,1.0,35400.0,19400.0,2930.0,1120.0,826.0,240.0,3060.0,999.0,0.407,13.1,13.3,13.42,0.0045
W223406,2640.0,2780.0,2800.0,52.4,29.9,3.0,1.61,1.15,0.257,2.7,1.44,2.13,25900.0,16700.0,2220.0,1220.0,730.0,201.0,2380.0,910.0,0.873,10.3,10.6,9.77,0.0031
W223407,2520.0,2590.0,2660.0,59.9,26.1,4.58,1.11,1.11,0.527,2.86,1.27,1.35,43800.0,21600.0,5010.0,1240.0,1050.0,610.0,3720.0,1190.0,0.549,15.4,15.7,13.68,0.0089
W223408,2710.0,2780.0,2800.0,54.8,28.4,3.15,1.65,0.979,0.392,2.67,1.44,1.05,37500.0,22000.0,3220.0,1730.0,864.0,425.0,3250.0,1260.0,0.427,14.4,14.6,12.89,0.007
W223409,2250.0,2290.0,2340.0,41.9,21.7,16.9,6.55,0.83,0.351,2.49,1.04,4.03,34500.0,20300.0,20800.0,8240.0,880.0,458.0,3650.0,1090.0,1.63,17.4,17.6,16.07,0.024
W223410,2400.0,2800.0,2800.0,56.9,28.9,2.86,1.29,0.996,0.216,2.72,1.44,1.18,35900.0,20700.0,2700.0,1240.0,810.0,216.0,3050.0,1160.0,0.477,13.3,13.5,12.33,0.003
W223411,2040.0,2080.0,2180.0,44.3,21.0,24.2,1.26,0.631,0.257,2.3,1.19,1.63,33300.0,17900.0,27200.0,1450.0,612.0,306.0,3080.0,1140.0,0.659,15.9,16.1,15.65,0.0058
W223412,2080.0,2190.0,2380.0,36.6,27.0,20.7,2.82,0.78,0.216,1.29,1.52,3.1,24600.0,20600.0,20900.0,2900.0,677.0,231.0,1540.0,1310.0,1.26,14.2,14.4,13.27,0.0061
W223413,2010.0,2060.0,2160.0,19.5,13.6,53.2,3.74,0.73,0.257,1.03,0.569,5.7,8150.0,6420.0,33200.0,2380.0,393.0,170.0,768.0,304.0,2.31,8.8,8.93,8.65,0.0066
W223414,2030.0,2060.0,2200.0,26.1,17.1,44.0,2.75,0.813,0.27,1.63,0.803,4.03,12000.0,8930.0,30300.0,1930.0,483.0,197.0,1340.0,473.0,1.64,9.7,9.85,10.15,0.0085
W223415,2070.0,2130.0,2380.0,31.2,25.1,28.3,3.35,0.697,0.257,1.2,1.12,3.2,16600.0,15100.0,22500.0,2720.0,477.0,216.0,1140.0,761.0,1.3,11.2,11.4,11.56,0.0096
W223416,2140.0,2220.0,2390.0,51.4,23.1,15.9,0.42,0.813,0.351,2.84,1.25,0.925,35100.0,17900.0,16300.0,439.0,717.0,381.0,3460.0,1100.0,0.376,14.4,14.6,14.56,0.0054
W223417,2220.0,2400.0,2470.0,52.4,25.0,12.0,0.798,0.847,0.297,2.91,1.29,0.975,32500.0,17500.0,11200.0,757.0,678.0,292.0,3210.0,1020.0,0.395,13.1,13.3,13.72,0.0023
W223418,2060.0,2090.0,2170.0,37.5,19.8,34.2,0.994,0.93,0.351,2.55,0.803,1.48,14500.0,8680.0,19800.0,587.0,463.0,215.0,1750.0,397.0,0.595,8.2,8.27,8.16,0.017
W223419,2060.0,2080.0,2110.0,23.3,12.4,49.9,2.28,0.88,0.216,1.2,0.418,4.95,26200.0,15700.0,84000.0,3920.0,1280.0,385.0,2410.0,602.0,1.99,23.9,24.1,23.48,0.48
W223420,2010.0,2060.0,2280.0,37.2,18.3,35.9,0.714,0.963,0.324,2.51,0.736,1.6,20200.0,11200.0,29100.0,592.0,673.0,278.0,2420.0,510.0,0.646,11.5,11.6,9.15,0.017
W223422,2180.0,2280.0,2400.0,44.9,25.9,19.4,1.11,1.06,0.419,3.09,0.903,1.48,29700.0,19400.0,19200.0,1120.0,905.0,438.0,3630.0,763.0,0.596,14.0,14.1,15.14,0.028
W223423,2010.0,2070.0,2340.0,27.4,19.1,47.0,1.22,0.548,0.257,1.15,0.602,1.23,9420.0,7430.0,24200.0,640.0,243.0,140.0,706.0,265.0,0.494,7.3,7.36,6.88,0.014
W223424,2160.0,2210.0,2300.0,42.2,26.5,23.6,0.658,1.16,0.392,2.81,0.836,1.15,13100.0,9310.0,11000.0,312.0,465.0,193.0,1560.0,332.0,0.463,6.6,6.65,6.15,0.012
W223425,2040.0,2100.0,2280.0,38.1,25.9,27.2,1.46,0.714,0.446,1.56,1.02,2.15,5040.0,3880.0,5380.0,295.0,122.0,93.5,368.0,173.0,0.87,2.8,2.83,3.19,0.012
W223426,1980.0,2020.0,2360.0,40.0,19.3,26.6,2.56,0.896,0.432,2.21,1.02,2.15,34300.0,18700.0,34200.0,3360.0,991.0,588.0,3380.0,1120.0,0.872,18.1,18.4,17.38,0.016
W223427,2770.0,2800.0,2800.0,53.5,31.4,4.15,0.476,1.23,0.311,2.68,1.44,1.08,47200.0,31300.0,5470.0,642.0,1400.0,434.0,4210.0,1620.0,0.448,18.1,18.9,17.65,0.0062
W223428,2220.0,2300.0,2440.0,41.5,24.6,19.9,2.32,1.66,0.284,3.32,1.05,3.5,11700.0,7810.0,8350.0,997.0,601.0,126.0,1660.0,379.0,1.43,5.9,6.01,5.2,0.024
W223429,2140.0,2180.0,2420.0,29.3,15.9,18.9,0.392,1.06,0.324,2.27,0.686,0.925,14800.0,9110.0,14300.0,303.0,692.0,260.0,2040.0,444.0,0.374,10.7,10.8,10.46,0.016
W223430,2490.0,2570.0,2790.0,55.4,23.8,10.7,0.966,1.43,0.648,2.32,1.34,1.53,11000.0,5350.0,3180.0,293.0,365.0,204.0,819.0,339.0,0.616,4.2,4.24,5.56,0.024
W223431,2480.0,2510.0,2640.0,50.3,27.2,11.7,1.13,1.23,0.743,2.25,1.04,1.35,11600.0,7120.0,4050.0,400.0,366.0,272.0,924.0,306.0,0.545,4.9,4.94,4.06,0.023
W223432,2090.0,2190.0,2400.0,40.0,17.7,35.8,0.686,1.16,0.365,2.26,0.769,1.15,33700.0,16800.0,45000.0,883.0,1260.0,486.0,3390.0,829.0,0.466,17.8,18.0,19.34,0.018
W223433,2080.0,2100.0,2390.0,40.4,17.1,36.6,0.476,1.29,0.419,2.56,0.886,0.775,22600.0,10800.0,30500.0,406.0,931.0,370.0,2540.0,632.0,0.313,11.8,11.9,11.19,0.015
W223434,2620.0,2690.0,2770.0,51.6,29.3,7.87,0.854,1.23,0.473,2.52,1.2,1.38,9980.0,6420.0,2280.0,252.0,306.0,145.0,869.0,298.0,0.555,4.1,4.14,3.89,0.02
W223435,2480.0,2590.0,2670.0,40.2,31.6,12.2,3.24,1.08,0.702,1.05,1.61,4.13,3040.0,2700.0,1370.0,373.0,105.0,84.0,141.0,155.0,1.67,1.6,1.62,1.95,0.19
W223436,2160.0,2250.0,2580.0,42.4,23.4,23.9,0.686,1.1,0.297,3.21,0.769,1.43,20000.0,12500.0,16900.0,495.0,667.0,222.0,2700.0,465.0,0.576,10.0,10.1,9.53,0.013
W223437,2050.0,2140.0,2320.0,40.4,21.6,29.0,0.728,0.88,0.338,2.27,0.953,1.05,22700.0,13700.0,24400.0,625.0,637.0,300.0,2270.0,685.0,0.424,11.9,12.0,10.13,0.02
W223438,2060.0,2090.0,2280.0,32.1,16.2,41.9,1.06,0.93,0.324,1.61,0.569,2.73,48100.0,27500.0,93900.0,2440.0,1790.0,769.0,4300.0,1090.0,1.1,31.7,32.1,27.02,0.8
W223439,2110.0,2140.0,2460.0,37.5,23.4,31.2,0.938,0.78,0.459,1.74,0.903,1.48,15900.0,11300.0,19900.0,610.0,428.0,310.0,1320.0,492.0,0.597,9.0,9.11,9.4,0.025
W223442,2330.0,2450.0,2500.0,52.4,24.4,13.2,0.812,0.78,0.203,2.5,1.57,1.27,49300.0,25900.0,18500.0,1170.0,945.0,302.0,4180.0,1890.0,0.526,19.5,20.1,17.85,0.0097
W223446,2100.0,2190.0,2230.0,40.7,17.4,24.2,5.18,0.631,0.297,1.62,0.92,5.0,33700.0,16400.0,30000.0,6570.0,675.0,391.0,2400.0,977.0,2.03,17.5,17.8,18.81,0.0462
W223447,2210.0,2340.0,2430.0,46.4,26.7,16.2,0.896,0.797,0.459,2.66,1.32,1.43,47400.0,30800.0,24700.0,1400.0,1050.0,743.0,4830.0,1730.0,0.579,21.5,21.8,21.39,0.0087
W223448,2020.0,2120.0,2170.0,37.5,21.2,27.6,2.3,0.896,0.513,1.92,0.987,2.68,20100.0,12900.0,22200.0,1880.0,620.0,436.0,1840.0,677.0,1.09,11.3,11.5,10.44,0.0173
W223449,2800.0,2800.0,2800.0,88.0,3.25,9.01,0.7,0.0498,0.0945,0.24,0.234,0.675,134000.0,5590.0,20500.0,1630.0,97.6,228.0,650.0,455.0,0.274,32.1,32.5,27.66,0.0029
W223450,2710.0,2800.0,2800.0,50.3,30.1,8.58,1.25,0.481,0.432,1.38,1.79,1.3,42100.0,28500.0,10700.0,1590.0,519.0,573.0,2060.0,1910.0,0.529,17.6,17.9,17.89,0.0111
W223452,2130.0,2380.0,2420.0,41.7,22.5,25.7,1.02,0.133,0.284,0.553,3.06,1.4,21700.0,13300.0,20100.0,814.0,89.2,234.0,513.0,2040.0,0.568,11.0,11.1,9.28,0.0024
W223455,2100.0,2190.0,2420.0,44.7,20.8,24.7,0.868,0.664,0.23,1.73,1.09,1.55,44200.0,23300.0,36600.0,1310.0,847.0,360.0,3050.0,1380.0,0.634,20.7,21.2,18.77,0.0225
W223456,2000.0,2090.0,2160.0,27.8,15.0,36.5,5.42,0.332,0.216,1.42,0.987,5.38,20400.0,12500.0,40000.0,6070.0,314.0,251.0,1850.0,925.0,2.18,15.5,15.7,14.9,0.045
W223457,1910.0,2020.0,2340.0,36.6,19.1,32.2,1.47,0.365,0.216,1.19,1.27,2.05,18600.0,11000.0,24500.0,1140.0,240.0,174.0,1080.0,828.0,0.835,10.7,10.9,10.17,0.0109
W223458,2000.0,2100.0,2430.0,29.1,22.3,37.2,1.36,0.299,0.257,1.03,1.19,1.78,8890.0,7710.0,17000.0,634.0,118.0,124.0,562.0,464.0,0.725,6.4,6.54,6.65,0.0064
W223459,2120.0,2200.0,2480.0,43.7,22.1,14.4,3.29,0.813,1.53,2.56,1.05,5.48,37200.0,21300.0,18400.0,4290.0,894.0,2060.0,3880.0,1150.0,2.28,17.5,18.2,13.05,0.0338
W223460,2150.0,2440.0,2510.0,44.5,23.4,22.3,1.19,0.548,0.338,1.55,1.39,1.55,18800.0,11200.0,14100.0,768.0,298.0,226.0,1170.0,750.0,0.629,8.9,9.03,7.85,0.0058
W223461,2060.0,2150.0,2400.0,34.9,22.3,33.3,1.2,0.448,0.405,0.925,1.09,1.88,15800.0,11400.0,22600.0,833.0,262.0,291.0,746.0,630.0,0.773,9.4,9.69,8.36,0.0149
W223462,2030.0,2050.0,2520.0,30.0,18.0,39.9,2.35,0.581,0.324,1.44,0.619,3.43,11100.0,7550.0,22100.0,1330.0,278.0,190.0,952.0,294.0,1.39,7.8,7.93,6.76,0.021
W223463,2590.0,2670.0,2800.0,48.4,29.9,7.72,1.99,1.06,0.27,2.2,1.02,2.45,17100.0,11900.0,4080.0,1070.0,484.0,151.0,1380.0,461.0,1.0,7.4,7.56,6.85,0.01
W223464,2010.0,2070.0,2410.0,48.2,17.4,25.6,1.2,0.93,0.338,2.0,0.719,2.2,20500.0,8390.0,16300.0,785.0,511.0,228.0,1510.0,392.0,0.902,8.9,9.13,11.83,0.023
W223465,2280.0,2540.0,2700.0,43.7,26.7,19.4,1.51,0.963,0.324,2.84,1.15,2.03,26100.0,18000.0,17400.0,1380.0,741.0,307.0,3020.0,882.0,0.815,12.7,12.8,13.1,0.0073
W223466,2700.0,2760.0,2800.0,52.9,27.4,10.2,0.91,0.93,0.243,2.58,1.66,1.25,36500.0,21400.0,10500.0,960.0,827.0,266.0,3180.0,1460.0,0.502,14.7,14.8,11.49,0.0044
W223474,2780.0,2800.0,2800.0,49.9,30.4,4.72,1.34,0.88,0.27,3.08,1.04,1.23,21200.0,14700.0,3010.0,875.0,483.0,182.0,2330.0,565.0,0.502,8.9,9.11,7.85,0.0072
W223475,2000.0,2130.0,2190.0,30.6,17.8,39.8,1.53,1.01,0.243,1.71,1.04,2.6,15400.0,10200.0,30000.0,1180.0,659.0,194.0,1530.0,670.0,1.06,10.6,10.8,9.91,0.013
W223476,2800.0,2800.0,2800.0,55.4,29.1,3.58,1.13,1.31,0.351,2.24,1.35,0.575,37100.0,22000.0,3580.0,1160.0,1130.0,372.0,2660.0,1160.0,0.234,14.1,14.3,13.48,0.0056
W223477,2640.0,2700.0,2730.0,50.3,26.8,11.7,0.616,1.15,0.324,2.88,1.15,0.9,26700.0,16100.0,9310.0,500.0,784.0,273.0,2730.0,784.0,0.365,11.2,11.4,10.34,0.012
W223478,2800.0,2800.0,2800.0,53.5,29.9,4.29,0.602,1.34,0.392,2.98,1.54,0.775,20900.0,13200.0,2510.0,359.0,677.0,242.0,2070.0,769.0,0.316,8.2,8.36,7.91,0.0095
W223479,2750.0,2800.0,2800.0,54.4,28.4,4.72,0.714,1.1,0.351,2.7,1.47,0.925,38600.0,22800.0,5020.0,775.0,1000.0,395.0,3420.0,1340.0,0.377,14.9,15.2,15.28,0.0096
W223480,1940.0,2080.0,2150.0,29.1,18.4,38.8,2.9,0.863,0.284,1.59,0.686,3.7,9020.0,6460.0,18000.0,1370.0,345.0,139.0,875.0,272.0,1.51,6.5,6.63,5.82,0.014
W223481,1990.0,2130.0,2220.0,35.1,18.3,37.9,0.532,0.714,0.27,2.54,0.702,0.975,20800.0,12300.0,33700.0,483.0,547.0,254.0,2680.0,534.0,0.397,12.5,12.7,11.67,0.012
W223482,2420.0,2530.0,2580.0,45.4,28.4,14.4,1.37,0.647,0.27,1.75,1.52,1.23,16100.0,11400.0,7650.0,742.0,295.0,151.0,1110.0,689.0,0.495,7.5,7.57,8.17,0.0088
W223483,2460.0,2570.0,2620.0,44.9,29.9,15.6,0.952,0.996,0.324,1.85,1.24,0.825,14400.0,10800.0,7470.0,466.0,411.0,165.0,1060.0,507.0,0.333,6.8,6.86,6.41,0.0043
W223484,2460.0,2630.0,2710.0,42.6,31.0,9.3,1.58,0.631,1.2,2.66,1.42,2.33,4630.0,3810.0,1510.0,263.0,88.4,207.0,514.0,198.0,0.94,2.3,2.33,2.33,0.012
W223485,2700.0,2800.0,2800.0,45.4,31.0,8.87,1.11,1.66,0.756,2.21,1.44,1.53,8560.0,6630.0,2500.0,319.0,404.0,226.0,743.0,347.0,0.616,4.0,4.04,3.97,0.013
W223486,2390.0,2480.0,2520.0,36.4,25.3,12.6,6.36,2.82,0.297,1.83,0.736,7.1,4610.0,3630.0,2390.0,1230.0,461.0,59.6,412.0,119.0,2.96,2.6,2.71,2.58,0.016
W223487,2040.0,2120.0,2150.0,25.9,16.2,29.7,5.84,3.65,0.189,1.74,0.602,8.45,2720.0,1930.0,4670.0,937.0,494.0,31.4,326.0,80.9,3.45,2.2,2.25,2.08,0.017
W223489,2630.0,2720.0,2750.0,46.0,30.1,8.87,1.51,1.08,0.459,2.3,1.34,1.7,7450.0,5510.0,2150.0,374.0,225.0,118.0,662.0,277.0,0.693,3.4,3.47,3.54,0.013
W223490,1990.0,2100.0,2130.0,39.4,11.5,38.5,1.12,1.41,0.554,1.59,0.635,1.68,21300.0,7010.0,31100.0,925.0,983.0,474.0,1530.0,439.0,0.68,11.4,11.6,11.15,0.034
W223491,2220.0,2320.0,2380.0,47.5,22.7,20.3,0.448,0.681,0.405,3.16,0.903,0.925,27700.0,15000.0,17700.0,399.0,512.0,374.0,3280.0,674.0,0.375,12.3,12.5,11.48,0.012
W223501,2650.0,2790.0,2800.0,46.0,32.7,7.15,1.78,1.08,0.378,2.01,1.76,1.6,26000.0,20900.0,6040.0,1530.0,785.0,338.0,2020.0,1270.0,0.655,11.8,12.1,11.22,0.011
W223502,2120.0,2180.0,2510.0,37.0,21.9,27.0,2.44,1.39,0.324,2.69,0.803,3.1,14000.0,9370.0,15300.0,1410.0,679.0,194.0,1810.0,388.0,1.27,7.9,8.08,9.18,0.023
W223503,2340.0,2540.0,2690.0,39.4,29.9,16.4,2.62,1.21,0.5,1.79,1.22,2.1,24500.0,21000.0,15300.0,2490.0,972.0,493.0,1980.0,972.0,0.854,13.1,13.3,11.95,0.015
W223504,2540.0,2660.0,2800.0,45.4,29.1,11.4,1.9,1.05,0.378,1.8,1.45,2.15,34800.0,25300.0,13100.0,2230.0,1040.0,460.0,2460.0,1430.0,0.872,16.2,16.4,14.73,0.011
W223505,2800.0,2800.0,2800.0,51.1,31.9,3.29,1.16,1.06,0.243,3.37,1.52,1.0,30800.0,21800.0,2960.0,1070.0,824.0,232.0,3600.0,1170.0,0.412,12.5,12.9,12.36,0.0081
W223506,2100.0,2150.0,2450.0,28.9,16.2,49.2,0.7,0.664,0.23,1.39,0.702,0.975,18200.0,11600.0,46400.0,674.0,539.0,229.0,1560.0,566.0,0.395,13.3,13.5,13.06,0.014
W223507,2000.0,2080.0,2390.0,42.4,21.2,23.3,2.48,1.43,0.365,3.09,0.886,2.2,12800.0,7250.0,10600.0,1150.0,557.0,175.0,1660.0,343.0,0.904,6.3,6.47,6.77,0.022
W223508,2220.0,2300.0,2590.0,30.4,24.2,23.5,6.5,0.996,0.189,1.51,1.19,5.9,3160.0,2850.0,3650.0,1030.0,134.0,31.2,281.0,158.0,2.39,2.2,2.23,2.23,0.0086
W223509,2060.0,2110.0,2460.0,34.7,19.5,36.3,0.798,1.83,0.365,3.69,0.652,1.75,17600.0,11200.0,27700.0,621.0,1200.0,294.0,3340.0,425.0,0.712,10.7,10.9,9.13,0.03
W223510,2250.0,2320.0,2540.0,39.8,20.2,13.6,3.33,2.16,0.23,1.31,0.686,5.78,7500.0,4310.0,3830.0,959.0,524.0,68.5,439.0,165.0,2.45,3.8,4.03,3.42,0.1
W223511,2000.0,2010.0,2320.0,31.5,12.3,41.0,3.25,1.26,0.257,2.31,0.502,3.58,10900.0,4840.0,21300.0,1720.0,564.0,141.0,1420.0,223.0,1.45,7.3,7.42,7.93,0.024
W223512,2020.0,2060.0,2520.0,37.7,16.1,33.7,2.66,1.23,0.257,2.26,0.552,2.93,13400.0,6470.0,18000.0,1450.0,564.0,145.0,1430.0,251.0,1.19,7.5,7.62,8.63,0.019
W223513,2150.0,2230.0,2550.0,45.6,19.3,19.3,4.09,0.996,0.297,1.63,0.936,4.35,16400.0,7870.0,10400.0,2250.0,463.0,170.0,1050.0,432.0,1.79,7.5,7.71,7.19,0.029
W223522,2550.0,2660.0,2800.0,54.8,26.1,6.29,0.574,1.36,0.378,3.34,1.27,1.08,24800.0,13400.0,4260.0,397.0,795.0,271.0,2690.0,737.0,0.434,9.6,9.69,9.55,0.017
W223523,2400.0,2540.0,2740.0,53.9,24.8,8.58,0.378,1.49,0.23,3.39,1.09,0.775,41400.0,21500.0,9860.0,444.0,1480.0,280.0,4640.0,1070.0,0.313,16.3,16.4,15.08,0.011
W223524,2050.0,2100.0,2560.0,30.4,18.9,40.3,1.08,0.598,0.311,1.63,0.736,1.43,6030.0,4250.0,12000.0,327.0,153.0,97.6,577.0,187.0,0.576,4.2,4.25,4.13,0.011
W223525,2050.0,2130.0,2570.0,40.4,23.3,27.7,0.714,0.498,0.324,1.32,1.1,1.0,22900.0,14900.0,23500.0,618.0,363.0,291.0,1330.0,800.0,0.404,12.0,12.1,10.65,0.0052
W223526,2220.0,2320.0,2580.0,37.0,24.2,21.2,1.16,2.49,0.419,3.16,1.12,2.55,16200.0,12000.0,13800.0,776.0,1400.0,290.0,2460.0,626.0,1.07,8.9,9.33,9.16,0.0067
W223527,2330.0,2470.0,2620.0,52.2,24.6,12.7,0.448,1.38,0.365,3.89,1.12,0.925,48500.0,25900.0,17700.0,637.0,1650.0,537.0,6450.0,1330.0,0.374,19.7,19.9,18.97,0.029
W223528,2290.0,2400.0,2600.0,43.2,25.9,16.3,1.46,1.28,0.27,3.59,1.12,1.43,16800.0,11400.0,9470.0,864.0,640.0,166.0,2480.0,556.0,0.577,8.2,8.31,8.75,0.01
W223529,2550.0,2690.0,2800.0,47.5,32.1,9.01,1.54,1.13,0.486,1.88,1.32,1.73,7840.0,6000.0,2220.0,388.0,240.0,127.0,551.0,279.0,0.696,3.5,3.53,3.06,0.015
W223531,2060.0,2220.0,2540.0,26.8,21.9,42.8,2.02,0.398,0.338,0.577,0.987,2.15,2640.0,2450.0,6330.0,305.0,50.8,52.9,102.0,125.0,0.866,2.1,2.12,2.08,0.011
W223532,2050.0,2070.0,2160.0,19.3,9.87,59.1,2.06,0.382,0.297,1.01,0.502,2.1,5540.0,3210.0,25400.0,905.0,142.0,135.0,517.0,185.0,0.848,6.1,6.16,6.8,0.013
W223533,2220.0,2470.0,2600.0,42.4,27.0,18.3,1.64,0.664,0.594,1.79,1.44,2.3,9190.0,6640.0,5940.0,543.0,186.0,204.0,691.0,399.0,0.928,4.6,4.64,4.52,0.012
W223534,2300.0,2410.0,2460.0,46.7,27.0,12.4,1.04,0.93,0.324,2.68,1.29,1.1,10600.0,6930.0,4210.0,358.0,271.0,116.0,1080.0,373.0,0.444,4.8,4.84,5.48,0.0082
W223535,2200.0,2230.0,2320.0,16.3,9.19,21.3,13.7,1.53,0.203,0.493,0.401,10.8,1380.0,884.0,2710.0,1780.0,167.0,27.3,74.6,43.7,4.36,1.8,1.82,1.67,0.073
W223537,2290.0,2440.0,2600.0,33.2,27.0,20.4,1.82,0.697,0.378,1.63,1.49,2.83,3910.0,3610.0,3610.0,328.0,106.0,70.6,343.0,224.0,1.14,2.5,2.52,2.34,0.013
W223538,2080.0,2090.0,2400.0,36.0,18.3,38.0,0.7,1.58,0.284,2.22,0.87,0.625,17600.0,10100.0,27800.0,523.0,995.0,220.0,1940.0,544.0,0.252,10.4,10.5,10.64,0.012
W223539,2540.0,2660.0,2780.0,53.1,26.1,9.44,0.266,1.16,0.23,3.65,1.07,0.9,91500.0,50900.0,24300.0,701.0,2580.0,627.0,11200.0,2360.0,0.364,36.5,36.9,32.53,0.0078
W223540,2560.0,2680.0,2800.0,46.2,32.7,11.0,1.85,1.44,0.338,2.6,1.45,1.08,13800.0,11000.0,4900.0,840.0,554.0,159.0,1380.0,554.0,0.435,6.3,6.37,6.66,0.0072
W223541,2800.0,2800.0,2800.0,53.7,30.4,4.15,1.27,0.847,0.567,1.95,1.12,3.13,26100.0,16700.0,3010.0,945.0,529.0,436.0,1680.0,695.0,1.27,10.2,10.4,10.25,0.0064
W223542,2020.0,2180.0,2230.0,47.9,21.0,19.4,0.826,1.1,0.405,2.76,0.936,1.33,62400.0,30900.0,37900.0,1640.0,1840.0,836.0,6410.0,1560.0,0.537,27.5,27.9,25.39,0.012
W223543,2000.0,2160.0,2220.0,34.8,22.9,30.3,1.93,0.531,0.311,1.49,1.29,0.95,11900.0,8850.0,15500.0,1010.0,234.0,168.0,907.0,563.0,0.386,7.2,7.32,8.46,0.014
W223544,2790.0,2800.0,2800.0,45.2,25.9,18.0,0.616,0.614,0.459,2.02,2.53,2.23,50200.0,32600.0,30000.0,1050.0,881.0,809.0,4000.0,3590.0,0.901,23.5,23.8,23.66,0.0043
W223545,1980.0,2080.0,2100.0,27.0,12.0,47.5,1.65,0.714,0.351,1.08,0.635,1.2,14400.0,7280.0,38000.0,1350.0,492.0,297.0,1030.0,435.0,0.49,11.2,11.4,10.69,0.042
W223546,2090.0,2170.0,2230.0,38.9,28.9,10.6,4.23,1.2,0.621,2.16,1.27,1.63,13100.0,11000.0,5340.0,2180.0,520.0,332.0,1300.0,549.0,0.68,6.9,7.25,8.62,0.035
W223548,2580.0,2660.0,2720.0,46.9,28.9,10.2,3.25,1.24,0.554,2.02,0.87,4.85,22700.0,15800.0,7350.0,2400.0,776.0,424.0,1740.0,538.0,1.99,10.1,10.4,9.5,0.027
W223552,2010.0,2080.0,2130.0,46.2,18.1,15.9,6.26,1.24,0.23,2.58,0.92,2.23,26600.0,11800.0,13700.0,5500.0,923.0,209.0,2650.0,677.0,0.928,11.8,12.3,11.62,0.034
W223554,2070.0,2150.0,2200.0,24.6,14.8,47.0,2.34,0.498,0.392,0.733,0.669,3.78,11000.0,7510.0,31500.0,1600.0,287.0,277.0,583.0,383.0,1.57,9.2,9.57,5.63,0.027
W223557,2170.0,2270.0,2350.0,48.6,21.4,21.5,1.25,0.797,0.378,2.3,1.12,1.4,21100.0,10500.0,14000.0,828.0,446.0,260.0,1780.0,623.0,0.579,9.0,9.3,9.02,0.0075
W223559,2280.0,2410.0,2420.0,53.3,22.5,13.7,1.08,0.88,0.311,2.85,1.29,1.2,30000.0,14300.0,11600.0,927.0,638.0,277.0,2850.0,927.0,0.494,11.7,12.0,9.77,0.0045
W223560,2800.0,2800.0,2800.0,60.8,26.8,2.15,0.406,0.448,0.284,0.709,1.44,0.55,2010.0,1000.0,106.0,20.5,19.1,14.8,41.7,60.8,0.222,0.7,0.706,12.68,0.0037
W223561,2800.0,2800.0,2800.0,62.5,25.5,6.86,0.336,0.349,0.243,0.853,1.44,0.5,76400.0,35300.0,12600.0,628.0,550.0,471.0,1860.0,2250.0,0.202,25.9,26.2,17.75,0.0092
W223562,2690.0,2760.0,2800.0,73.4,18.8,2.29,0.518,0.432,0.338,0.913,1.34,0.9,29200.0,8470.0,1360.0,315.0,221.0,213.0,646.0,680.0,0.364,8.4,8.5,7.01,0.0045
W223563,2800.0,2800.0,2800.0,62.3,30.4,1.29,0.308,0.681,0.608,1.65,0.97,0.475,74800.0,41400.0,2310.0,565.0,1050.0,1160.0,3520.0,1490.0,0.192,25.4,25.7,23.03,0.0038
W223564,2620.0,2740.0,2800.0,69.8,19.7,2.86,1.01,0.764,0.594,1.61,1.14,1.25,50400.0,16100.0,3090.0,1110.0,711.0,680.0,2070.0,1050.0,0.505,15.3,15.5,14.26,0.0094
W223565,2520.0,2680.0,2750.0,62.5,24.2,4.86,1.11,0.515,0.891,0.577,1.45,1.38,10100.0,4420.0,1180.0,273.0,107.0,228.0,166.0,301.0,0.559,3.4,3.46,3.35,0.006
W223566,2580.0,2660.0,2800.0,85.8,7.96,3.29,0.84,0.133,0.203,0.24,1.54,0.675,70700.0,7420.0,4050.0,1060.0,141.0,264.0,352.0,1620.0,0.272,17.5,17.6,23.85,0.017
W224308,2020.0,2130.0,2420.0,34.9,21.0,38.5,0.924,0.548,0.419,1.15,0.97,1.05,18200.0,12400.0,30100.0,738.0,369.0,347.0,1070.0,649.0,0.431,10.9,11.2,11.39,0.018
W224309,2030.0,2100.0,2380.0,25.3,15.0,50.1,2.07,0.747,0.432,1.91,0.736,2.08,7980.0,5380.0,23700.0,1000.0,304.0,216.0,1070.0,297.0,0.85,6.6,6.76,5.51,0.027
W224311,2030.0,2130.0,2360.0,28.9,15.7,46.2,2.28,0.681,0.473,1.17,0.635,2.48,11900.0,7340.0,28500.0,1440.0,362.0,309.0,856.0,335.0,1.02,8.6,8.83,7.88,0.023
W224312,2100.0,2120.0,2340.0,20.4,8.77,63.1,1.43,0.481,0.297,1.07,0.385,1.48,9230.0,4490.0,42600.0,986.0,280.0,213.0,861.0,222.0,0.607,9.4,9.67,9.79,0.029
W224314,2560.0,2640.0,2750.0,50.9,29.5,9.87,0.812,0.93,0.648,3.37,1.22,0.775,27000.0,17700.0,7840.0,659.0,636.0,546.0,3180.0,830.0,0.32,11.0,11.4,9.48,0.0074
W224315,2800.0,2800.0,2800.0,53.5,35.0,1.0,0.672,0.515,0.527,1.26,1.51,0.875,20600.0,15300.0,577.0,396.0,256.0,322.0,866.0,742.0,0.361,8.0,8.24,8.27,0.0049
W224316,2800.0,2800.0,2800.0,52.9,35.3,1.29,0.546,0.365,0.189,0.889,2.56,0.475,27700.0,21000.0,1010.0,438.0,247.0,157.0,831.0,1720.0,0.196,10.9,11.2,9.24,0.0027
W224317,2510.0,2520.0,2600.0,39.4,32.1,4.0,6.11,1.23,0.365,0.397,0.903,7.5,5320.0,4920.0,810.0,1260.0,214.0,78.1,95.4,156.0,3.1,2.8,2.89,2.86,0.017
W224318,2250.0,2300.0,2450.0,29.3,23.8,19.4,6.54,1.15,0.905,1.55,0.736,8.5,3300.0,3030.0,3270.0,1120.0,166.0,161.0,310.0,106.0,3.56,2.3,2.42,2.35,0.027
W224319,2610.0,2640.0,2700.0,49.2,28.0,7.01,2.61,1.88,0.567,1.48,1.32,3.3,9930.0,6390.0,2120.0,803.0,488.0,181.0,531.0,341.0,1.36,4.2,4.32,3.49,0.011
W224320,2260.0,2320.0,2450.0,34.7,19.3,32.9,1.55,1.36,0.459,2.44,0.786,2.28,15100.0,9490.0,21400.0,1030.0,763.0,316.0,1890.0,437.0,0.93,9.1,9.3,9.87,0.023
W224321,2000.0,2030.0,2250.0,17.1,10.1,55.6,3.45,0.564,0.392,0.577,0.418,4.3,4750.0,3170.0,23100.0,1460.0,202.0,172.0,285.0,148.0,1.76,5.8,5.94,5.49,0.033
W224322,2590.0,2640.0,2710.0,44.9,32.9,5.43,2.87,0.764,1.08,2.14,1.1,3.1,12500.0,10400.0,2260.0,1220.0,274.0,476.0,1060.0,393.0,1.27,5.8,5.95,5.28,0.036
W224323,2310.0,2480.0,2690.0,44.1,25.1,18.9,1.65,1.53,0.635,1.36,1.32,1.78,15500.0,9990.0,9910.0,886.0,691.0,353.0,849.0,593.0,0.73,7.3,7.51,6.85,0.014
W224324,2800.0,2800.0,2800.0,54.1,31.0,2.29,1.46,0.78,0.702,1.6,1.39,1.58,15400.0,9950.0,971.0,631.0,285.0,316.0,807.0,504.0,0.648,5.9,6.07,5.94,0.0074
W224325,2050.0,2060.0,2440.0,27.4,13.3,45.5,2.11,0.93,0.729,2.02,1.07,2.5,6090.0,3340.0,15100.0,718.0,266.0,257.0,799.0,304.0,1.03,4.6,4.75,3.87,0.029
W224326,2210.0,2320.0,2530.0,52.9,20.8,15.4,0.77,1.11,0.378,2.87,1.15,1.48,21100.0,9410.0,9240.0,471.0,573.0,240.0,2050.0,590.0,0.608,8.3,8.56,7.79,0.0088
W224327,2150.0,2320.0,2390.0,36.8,24.2,26.9,0.938,0.764,0.243,1.63,1.59,1.63,20200.0,15100.0,22100.0,788.0,541.0,212.0,1600.0,1120.0,0.665,11.5,11.8,9.69,0.02
W224328,2030.0,2100.0,2360.0,41.5,20.6,23.9,2.61,0.647,0.378,1.54,1.49,1.83,19000.0,10700.0,16400.0,1820.0,382.0,274.0,1250.0,872.0,0.745,9.6,9.79,8.1,0.02
W224329,2200.0,2400.0,2520.0,44.7,21.9,20.9,0.784,1.21,0.608,2.82,1.15,1.88,44000.0,24400.0,30800.0,1180.0,1540.0,948.0,4950.0,1450.0,0.763,20.7,21.1,17.8,0.0077
W224330,2650.0,2800.0,2800.0,56.1,25.7,4.86,0.574,1.06,0.594,2.76,2.42,0.975,121000.0,62900.0,15700.0,1900.0,2960.0,2030.0,10600.0,6700.0,0.397,45.4,46.2,42.83,0.0051
W224331,1990.0,2080.0,2130.0,36.2,16.5,33.7,1.93,0.647,0.378,2.02,0.903,2.48,18700.0,9680.0,26100.0,1530.0,431.0,310.0,1860.0,597.0,1.02,10.7,11.1,9.27,0.014
W224332,2120.0,2280.0,2350.0,40.9,25.9,23.3,1.11,0.664,0.216,1.17,1.56,1.65,15000.0,10800.0,12800.0,622.0,315.0,126.0,764.0,733.0,0.675,7.7,7.88,5.89,0.012
W224333,2050.0,2140.0,2180.0,39.6,17.0,31.3,1.88,0.714,0.203,1.84,0.87,1.83,21100.0,10300.0,25000.0,1530.0,491.0,171.0,1750.0,594.0,0.745,11.2,11.4,11.77,0.008
W224334,2130.0,2220.0,2250.0,40.0,22.1,26.5,1.01,0.714,0.216,1.59,0.92,1.53,17700.0,11100.0,17500.0,682.0,407.0,152.0,1250.0,521.0,0.621,9.3,9.47,9.51,0.01
W224335,1950.0,2020.0,2060.0,43.2,10.0,40.9,0.546,0.183,0.189,0.445,0.803,0.775,33300.0,8710.0,47100.0,642.0,181.0,231.0,609.0,790.0,0.317,16.1,16.5,15.84,0.015
W224336,2030.0,2110.0,2140.0,37.0,15.9,29.5,4.06,0.913,0.432,2.02,0.819,3.43,32400.0,15800.0,38500.0,5430.0,1030.0,599.0,3140.0,917.0,1.39,18.4,18.7,16.8,0.054
W224337,2280.0,2510.0,2560.0,46.7,22.9,15.0,2.25,1.11,0.689,2.63,1.39,3.0,43500.0,24100.0,20900.0,3210.0,1340.0,1020.0,4370.0,1660.0,1.22,19.6,19.9,16.99,0.0031
W224338,2800.0,2800.0,2800.0,55.6,28.7,55.5,0.63,0.564,0.405,1.42,2.36,0.7,34700.0,20300.0,51800.0,601.0,454.0,401.0,1580.0,1880.0,0.283,13.2,13.4,11.61,0.0031
W224339,1970.0,2060.0,2100.0,33.4,16.7,38.9,1.64,0.515,0.459,1.18,1.3,0.8,18900.0,10700.0,32900.0,1420.0,375.0,411.0,1190.0,944.0,0.325,11.9,12.1,13.28,0.016
W224340,2250.0,2360.0,2400.0,44.1,20.8,20.2,1.13,1.33,0.446,3.2,1.09,1.95,56000.0,29900.0,38300.0,2200.0,2180.0,897.0,7230.0,1770.0,0.794,26.7,27.2,21.86,0.024
W224341,1960.0,2050.0,2100.0,20.1,9.75,50.3,5.67,0.481,0.365,0.793,0.552,5.2,12100.0,6660.0,45500.0,5230.0,374.0,349.0,852.0,426.0,2.11,12.7,12.9,12.57,0.038
W224342,1990.0,2140.0,2200.0,33.2,19.3,37.6,1.06,0.415,0.27,0.817,1.71,1.68,24700.0,16200.0,41900.0,1210.0,398.0,318.0,1080.0,1620.0,0.684,15.6,15.9,7.02,0.0079
W224343,2340.0,2460.0,2510.0,53.1,21.9,13.4,0.868,0.946,0.284,2.36,1.17,1.4,14500.0,6760.0,5480.0,362.0,332.0,122.0,1140.0,408.0,0.573,5.7,5.83,11.24,0.0058
W224346,2430.0,2530.0,2580.0,53.9,24.4,10.3,0.686,0.78,0.513,2.38,1.82,0.85,36700.0,18800.0,10500.0,714.0,685.0,554.0,2880.0,1590.0,0.346,14.3,14.6,12.81,0.0067
W224347,1970.0,2100.0,2140.0,38.1,16.9,35.5,1.04,0.747,0.23,1.79,0.936,1.33,37200.0,18700.0,51800.0,1540.0,940.0,355.0,3110.0,1170.0,0.54,20.5,20.9,18.49,0.029
W224348,1970.0,2070.0,2110.0,43.4,20.4,20.7,2.61,1.08,0.486,2.73,1.07,3.4,33600.0,17900.0,24000.0,3080.0,1080.0,596.0,3760.0,1060.0,1.39,16.2,16.5,12.57,0.02
W224349,2760.0,2800.0,2800.0,54.6,27.6,5.72,1.3,0.847,0.446,2.33,1.62,1.02,46900.0,26900.0,7360.0,1710.0,939.0,607.0,3570.0,1790.0,0.417,18.1,18.4,16.71,0.0089
W224350,1880.0,1990.0,2030.0,19.8,11.8,47.9,5.46,0.465,0.351,0.793,0.619,5.68,8280.0,5570.0,30000.0,3490.0,251.0,233.0,591.0,331.0,2.33,8.7,8.95,9.03,0.038
W224351,1970.0,2070.0,2110.0,27.2,13.2,46.6,1.44,0.498,0.243,1.32,0.97,0.875,18500.0,10200.0,47500.0,1500.0,437.0,262.0,1600.0,845.0,0.357,14.3,14.6,13.73,0.023
W224443,1930.0,2050.0,2100.0,34.9,19.5,34.9,1.02,0.498,0.324,1.55,0.886,2.0,23700.0,15000.0,35500.0,1060.0,437.0,349.0,1880.0,771.0,0.814,14.3,14.6,11.19,0.0088
W224444,2010.0,2100.0,2240.0,38.3,15.6,33.5,3.11,0.382,0.378,1.19,1.07,2.58,27800.0,12800.0,36300.0,3440.0,357.0,434.0,1530.0,992.0,1.05,15.2,15.5,10.82,0.02
W224445,2290.0,2370.0,2390.0,47.5,24.4,9.3,5.29,0.598,0.473,1.77,1.44,3.78,31500.0,18300.0,9220.0,5360.0,511.0,497.0,2090.0,1220.0,1.54,13.9,14.2,15.24,0.017
W224446,2060.0,2130.0,2500.0,30.8,23.1,37.3,1.08,0.398,0.149,0.913,0.619,0.9,9540.0,8080.0,17300.0,510.0,159.0,72.9,504.0,245.0,0.373,6.4,6.63,6.14,0.0052
W224447,2300.0,2420.0,2450.0,56.1,22.3,12.2,0.686,0.465,0.189,1.68,1.59,0.875,65400.0,29500.0,21200.0,1220.0,699.0,349.0,3490.0,2370.0,0.36,24.3,25.0,20.6,0.0046
W224448,2640.0,2650.0,2660.0,41.9,35.9,4.0,3.59,0.714,0.351,0.925,0.552,2.5,6280.0,6090.0,897.0,820.0,138.0,83.3,247.0,106.0,1.03,3.1,3.2,3.01,0.012
W224449,2090.0,2120.0,2170.0,40.0,20.6,28.7,0.672,1.05,0.27,3.22,0.87,1.5,35800.0,20800.0,38400.0,918.0,1200.0,382.0,5130.0,994.0,0.614,18.7,19.1,16.14,0.0026
W224450,2290.0,2320.0,2380.0,43.9,22.3,13.2,7.1,0.747,0.176,1.75,0.92,2.58,21900.0,12600.0,9840.0,5420.0,481.0,139.0,1560.0,588.0,1.06,10.4,10.7,11.04,0.035
W224451,2150.0,2180.0,2280.0,45.6,20.0,18.6,3.84,0.896,0.311,2.45,1.0,2.85,30500.0,15200.0,18600.0,3930.0,774.0,330.0,2920.0,860.0,1.17,14.0,14.3,14.0,0.034
W225106,2540.0,2650.0,2800.0,40.7,22.3,4.58,0.812,1.54,0.783,2.84,0.87,1.38,15300.0,9510.0,2580.0,468.0,750.0,468.0,1900.0,419.0,0.554,8.0,8.06,8.42,0.015
W225107,2800.0,2800.0,2800.0,50.1,34.2,3.43,1.37,0.664,0.702,1.8,1.56,1.68,17700.0,13700.0,1810.0,739.0,302.0,392.0,1130.0,702.0,0.674,7.5,7.54,7.72,0.0049
W225108,2720.0,2800.0,2800.0,49.9,32.9,6.29,1.2,0.631,0.405,1.86,1.45,1.58,11300.0,8410.0,2130.0,416.0,184.0,145.0,749.0,421.0,0.635,4.8,4.84,4.44,0.0051
W225523,2110.0,2180.0,2430.0,36.0,18.1,34.0,1.78,0.78,0.432,1.8,0.803,3.0,25500.0,14600.0,36200.0,1930.0,715.0,487.0,2280.0,730.0,1.22,14.9,15.2,13.63,0.0158
W225524,1940.0,1980.0,2000.0,29.3,13.8,45.6,2.06,0.332,0.297,0.733,1.1,2.3,17000.0,9070.0,39600.0,1830.0,248.0,273.0,758.0,820.0,0.937,12.2,12.4,9.81,0.0229
W225525,2520.0,2630.0,2660.0,51.4,28.0,8.44,1.96,0.813,0.473,2.38,1.49,1.98,43200.0,26700.0,10600.0,2520.0,882.0,630.0,3570.0,1600.0,0.804,17.7,18.0,17.73,0.0131
W225909,2020.0,2080.0,2250.0,36.6,17.1,36.9,1.2,0.631,0.338,2.01,0.936,0.9,18200.0,9620.0,27500.0,916.0,405.0,266.0,1780.0,597.0,0.369,10.4,10.7,6.44,0.009
W225910,2070.0,2100.0,2150.0,27.4,11.9,18.3,18.5,0.764,0.405,1.65,0.535,10.8,15200.0,7490.0,15200.0,15700.0,546.0,356.0,1630.0,380.0,4.43,11.6,11.9,10.2,0.1
W225911,2150.0,2210.0,2340.0,54.4,22.5,10.4,1.61,0.83,0.662,2.86,1.09,1.02,39700.0,18600.0,11400.0,1800.0,781.0,765.0,3720.0,1020.0,0.419,15.3,15.6,12.99,0.012
W225912,1970.0,1990.0,2060.0,38.3,16.2,34.9,1.71,0.681,0.432,2.06,0.903,1.25,18800.0,8980.0,25600.0,1280.0,431.0,336.0,1800.0,567.0,0.51,10.3,10.5,11.11,0.0026
W226363,1870.0,2040.0,2100.0,17.4,13.4,47.6,6.26,0.481,0.459,0.517,0.552,7.38,5570.0,4860.0,22800.0,3060.0,199.0,233.0,295.0,226.0,3.02,6.7,6.85,6.12,0.02
W226364,2750.0,2800.0,2800.0,46.0,32.1,13.9,0.532,0.598,0.486,2.44,1.14,0.625,53900.0,42600.0,24300.0,953.0,902.0,902.0,5090.0,1700.0,0.255,24.6,25.1,22.09,0.0029
W226365,1970.0,2100.0,2150.0,26.8,17.2,47.0,1.36,0.365,0.23,0.901,0.719,1.73,12600.0,9190.0,33200.0,979.0,222.0,172.0,757.0,434.0,0.704,9.9,10.1,8.46,0.01
W226366,1970.0,2120.0,2160.0,40.4,16.6,33.7,1.2,0.564,0.189,1.74,1.15,1.63,50000.0,23200.0,62400.0,2270.0,899.0,370.0,3830.0,1820.0,0.661,26.0,26.4,25.21,0.035
W226367,1970.0,2080.0,2130.0,20.9,13.7,52.8,2.1,0.349,0.351,0.541,0.518,2.5,7170.0,5320.0,27100.0,1100.0,154.0,191.0,330.0,228.0,1.02,7.2,7.34,8.26,0.012
W226368,1950.0,2110.0,2190.0,20.4,18.8,46.9,2.46,0.465,0.324,0.757,0.452,2.98,11300.0,11800.0,39000.0,2100.0,333.0,286.0,750.0,321.0,1.21,11.7,11.9,11.26,0.011
W226369,2020.0,2150.0,2210.0,26.3,17.4,43.6,2.41,0.365,0.284,1.07,0.853,2.33,21500.0,16100.0,53400.0,3010.0,385.0,368.0,1560.0,893.0,0.947,17.2,17.5,17.27,0.0095
W226370,2000.0,2150.0,2220.0,31.0,17.6,42.0,1.05,0.448,0.405,1.27,0.92,1.35,15900.0,10200.0,32200.0,820.0,295.0,328.0,1160.0,602.0,0.552,10.7,10.9,11.34,0.012
W226371,2150.0,2300.0,2340.0,9.52,6.9,67.1,3.38,0.133,0.189,0.313,0.268,3.18,6800.0,5580.0,71700.0,3680.0,122.0,214.0,398.0,245.0,1.29,15.0,15.3,12.48,0.018
W226372,2090.0,2260.0,2300.0,38.5,15.7,13.4,12.5,1.03,0.473,1.13,0.786,9.85,23200.0,10700.0,12100.0,11500.0,798.0,451.0,1210.0,605.0,4.03,12.6,12.9,11.94,0.054
W226373,2000.0,2140.0,2170.0,33.2,16.4,28.7,6.44,0.747,0.473,1.77,0.669,7.58,35200.0,19700.0,45700.0,10400.0,1020.0,795.0,3340.0,909.0,3.09,22.3,22.7,20.55,0.045
W226374,1960.0,2080.0,2110.0,29.3,18.4,42.0,1.89,0.398,0.527,1.31,0.87,1.95,12900.0,9150.0,27600.0,1270.0,225.0,366.0,1020.0,489.0,0.797,9.2,9.4,8.56,0.011
W226970,1980.0,1990.0,2090.0,34.5,20.4,31.2,3.01,0.697,0.716,0.853,1.56,3.13,13100.0,8770.0,17700.0,1750.0,341.0,430.0,576.0,755.0,1.27,8.0,8.12,9.22,0.012
W226971,2000.0,2030.0,2120.0,32.3,20.8,36.2,2.28,0.764,0.284,1.15,0.97,3.25,15900.0,11600.0,26700.0,1720.0,486.0,222.0,1010.0,613.0,1.32,10.4,10.6,9.68,0.016
W226972,2020.0,2080.0,2520.0,34.5,22.7,34.5,1.55,0.614,0.405,2.07,1.29,1.27,6690.0,4990.0,10000.0,461.0,154.0,125.0,715.0,320.0,0.517,4.1,4.16,4.14,0.014
W226973,2640.0,2740.0,2800.0,52.2,29.7,7.87,1.58,0.448,1.32,0.998,2.07,1.85,8110.0,5220.0,1830.0,376.0,89.8,326.0,276.0,412.0,0.746,3.3,3.32,3.32,0.0066
W226974,2480.0,2620.0,2800.0,49.2,27.4,11.6,0.826,0.963,0.324,2.64,1.56,1.08,18100.0,11400.0,6390.0,465.0,457.0,189.0,1730.0,733.0,0.435,7.8,7.89,7.3,0.0078
W226975,2080.0,2100.0,2420.0,33.2,16.8,44.5,0.77,0.315,0.176,1.08,1.12,1.1,10800.0,6220.0,21700.0,384.0,133.0,90.8,628.0,468.0,0.445,6.9,6.98,7.0,0.0053
W226976,2180.0,2320.0,2420.0,25.9,19.3,7.58,12.2,3.72,0.594,1.74,0.719,16.2,6110.0,5150.0,2680.0,4400.0,1130.0,222.0,732.0,217.0,6.81,4.8,5.05,4.83,0.14
W226977,2800.0,2800.0,2800.0,55.4,31.0,4.86,0.714,0.896,0.311,1.71,1.56,0.725,27700.0,17500.0,3630.0,545.0,577.0,246.0,1520.0,993.0,0.292,10.6,10.7,8.82,0.005
W227071,2230.0,2430.0,2720.0,36.2,24.8,4.86,8.53,4.48,0.54,1.71,1.71,3.68,12400.0,9580.0,2490.0,4460.0,1980.0,293.0,1040.0,746.0,1.56,6.9,7.32,6.15,0.13
W227087,2610.0,2680.0,2750.0,46.9,26.8,18.0,0.84,0.581,0.311,1.89,1.71,1.0,18500.0,12000.0,10700.0,508.0,296.0,195.0,1330.0,864.0,0.408,8.3,8.47,8.12,0.003
W227088,1990.0,2070.0,2300.0,41.1,17.4,30.5,3.03,0.415,0.189,1.36,1.25,2.45,29800.0,14300.0,33000.0,3350.0,388.0,217.0,1750.0,1160.0,0.993,15.3,15.5,14.89,0.015
W227089,2190.0,2310.0,2390.0,30.8,16.6,21.5,12.7,0.564,0.297,1.31,0.585,8.05,16400.0,10000.0,17100.0,10300.0,387.0,250.0,1240.0,398.0,3.27,11.2,11.4,10.11,0.035
W227090,2170.0,2250.0,2320.0,30.8,19.7,30.6,6.13,0.465,0.446,0.913,1.07,6.38,11900.0,8570.0,17600.0,3610.0,231.0,272.0,626.0,527.0,2.59,8.1,8.24,7.53,0.023
W227091,1990.0,2130.0,2280.0,29.3,12.4,31.6,10.9,0.598,0.27,1.09,0.552,6.5,19400.0,9300.0,31300.0,11000.0,510.0,283.0,1290.0,468.0,2.63,14.0,14.2,11.83,0.053
W227092,2100.0,2180.0,2320.0,37.9,17.0,28.2,5.63,0.581,0.392,1.97,0.87,5.15,28000.0,14200.0,31200.0,6360.0,554.0,459.0,2590.0,822.0,2.09,15.6,15.8,14.29,0.023
W227093,2080.0,2160.0,2320.0,43.0,19.7,26.2,3.68,0.531,0.662,1.49,1.24,2.95,34700.0,17900.0,31600.0,4530.0,552.0,845.0,2140.0,1280.0,1.2,17.0,17.2,15.78,0.012
W227094,2000.0,2090.0,2290.0,27.2,17.6,45.2,2.55,0.714,0.459,1.26,0.719,1.85,11500.0,8430.0,28600.0,1650.0,389.0,308.0,950.0,389.0,0.752,8.9,9.05,8.94,0.015
W227095,2540.0,2690.0,2760.0,43.0,28.5,19.4,1.18,0.996,0.878,2.31,1.09,1.5,19400.0,14600.0,13200.0,813.0,580.0,629.0,1860.0,629.0,0.611,9.5,9.67,10.33,0.0045
W229003,2110.0,2170.0,2530.0,38.3,21.9,29.3,1.34,0.714,0.203,2.09,0.987,1.2,21200.0,13800.0,24300.0,1140.0,510.0,178.0,2070.0,700.0,0.487,11.7,11.9,10.7,0.033
W229004,2240.0,2310.0,2600.0,50.7,22.3,16.6,0.42,0.93,0.108,2.96,1.15,0.475,51800.0,25800.0,25400.0,656.0,1230.0,175.0,5380.0,1510.0,0.192,21.6,21.9,20.23,0.012
W229007,2800.0,2800.0,2800.0,51.4,30.1,3.29,0.476,0.664,0.135,2.66,1.56,0.825,40400.0,26800.0,3870.0,573.0,674.0,168.0,3720.0,1570.0,0.339,16.4,16.8,14.25,0.003
W229008,2070.0,2090.0,2320.0,16.7,11.3,52.9,3.49,1.53,0.135,0.685,0.435,6.1,6380.0,4870.0,30300.0,2040.0,752.0,81.8,466.0,213.0,2.46,8.1,8.18,7.22,0.53
W229009,2020.0,2110.0,2510.0,23.1,19.3,46.6,2.27,0.299,0.122,0.349,0.468,2.28,9270.0,8760.0,28000.0,1390.0,155.0,77.3,249.0,240.0,0.919,8.5,8.58,7.73,0.018
W229010,2070.0,2140.0,2480.0,41.3,23.4,25.2,0.896,0.614,0.203,1.66,1.05,1.08,24500.0,15700.0,22300.0,812.0,470.0,190.0,1750.0,800.0,0.433,12.6,12.7,12.24,0.0097
W229011,2210.0,2240.0,2480.0,27.4,13.5,19.0,8.96,5.54,0.27,1.56,0.585,12.4,23800.0,13300.0,24700.0,11900.0,6200.0,371.0,2410.0,650.0,4.99,18.4,18.6,16.89,0.13
W229012,2080.0,2130.0,2480.0,44.3,22.1,22.7,1.11,0.88,0.284,2.61,1.12,0.95,47400.0,26800.0,36400.0,1810.0,1210.0,481.0,4970.0,1530.0,0.383,22.7,22.9,20.34,0.027
W229013,1940.0,2020.0,2360.0,36.6,16.3,33.6,1.86,0.747,0.216,1.65,0.635,2.78,61900.0,31200.0,85000.0,4810.0,1630.0,579.0,4960.0,1380.0,1.12,35.8,36.2,29.56,0.21
W229014,1980.0,2150.0,2490.0,27.2,15.8,34.5,7.56,0.531,0.108,1.42,0.786,3.53,10600.0,6980.0,20100.0,4510.0,267.0,66.9,986.0,393.0,1.42,8.3,8.36,7.24,0.006
W229015,2530.0,2620.0,2720.0,52.9,29.9,7.72,0.602,0.432,0.081,1.14,1.94,0.8,41000.0,26200.0,8970.0,714.0,432.0,99.6,1580.0,1930.0,0.322,16.5,16.6,13.85,0.0031
W229016,1950.0,2090.0,2160.0,30.4,17.7,41.3,1.26,0.448,0.081,1.17,0.886,2.05,21200.0,14000.0,43100.0,1340.0,403.0,89.5,1450.0,790.0,0.826,14.8,14.9,12.59,0.32
W229017,2420.0,2460.0,2580.0,46.7,26.8,19.4,0.602,0.166,0.0675,0.457,2.01,0.725,50000.0,32600.0,31200.0,986.0,229.0,115.0,871.0,2750.0,0.292,22.8,22.9,20.6,0.0024
W229019,2220.0,2460.0,2520.0,43.4,26.5,21.2,0.63,0.614,0.135,2.14,0.953,1.0,45400.0,31300.0,33100.0,1010.0,828.0,224.0,3980.0,1280.0,0.403,22.2,22.4,20.39,0.0097
W229020,1930.0,1970.0,2130.0,38.5,17.4,34.5,1.89,0.598,0.0945,0.493,0.97,2.33,16300.0,8340.0,21900.0,1220.0,326.0,63.5,372.0,526.0,0.937,9.0,9.07,8.84,0.027
W229021,2030.0,2100.0,2240.0,42.8,19.7,29.0,0.938,1.03,0.149,2.24,0.97,0.775,29600.0,15400.0,30100.0,993.0,919.0,163.0,2760.0,860.0,0.313,14.7,14.8,14.44,0.013
W229022,2080.0,2170.0,2270.0,42.8,21.0,28.5,0.602,0.481,0.122,1.84,1.89,0.775,40500.0,22500.0,40300.0,870.0,587.0,182.0,3100.0,2290.0,0.312,20.1,20.2,17.77,0.0082
W229023,2350.0,2470.0,2550.0,43.7,25.9,23.7,0.574,0.515,0.149,1.84,1.07,0.65,34100.0,22900.0,27800.0,686.0,518.0,184.0,2560.0,1070.0,0.262,16.6,16.7,14.67,0.0052
W229024,2380.0,2520.0,2610.0,39.2,30.8,22.0,0.784,0.448,0.149,1.15,1.92,1.1,27500.0,24500.0,23100.0,841.0,405.0,165.0,1440.0,1730.0,0.443,14.9,15.0,12.36,0.0053
W229025,2290.0,2500.0,2550.0,46.7,25.3,13.7,0.476,0.681,0.527,2.48,1.09,0.9,31900.0,19600.0,14000.0,497.0,599.0,570.0,3010.0,950.0,0.363,14.5,14.6,14.12,0.011
W229026,2800.0,2800.0,2800.0,56.9,28.0,2.57,0.476,0.564,0.716,2.09,1.72,0.55,29700.0,16500.0,2010.0,380.0,380.0,592.0,1940.0,1150.0,0.221,11.1,11.2,11.72,0.0063
W229027,2610.0,2720.0,2780.0,52.2,27.8,8.15,0.546,0.697,0.203,2.91,1.25,0.6,39600.0,23800.0,9240.0,632.0,681.0,243.0,3920.0,1220.0,0.242,16.1,16.2,15.71,0.0062
W229028,2580.0,2720.0,2770.0,49.2,29.3,11.7,0.406,0.697,0.149,1.86,1.89,0.8,47300.0,31800.0,16800.0,596.0,863.0,226.0,3180.0,2320.0,0.322,20.4,20.5,19.13,0.0076
W229029,2580.0,2750.0,2800.0,47.9,28.2,2.43,3.54,1.61,0.203,2.7,1.25,4.45,31500.0,21000.0,2390.0,3560.0,1370.0,211.0,3170.0,1060.0,1.87,13.4,14.1,11.55,0.019
W229030,2480.0,2610.0,2740.0,53.5,25.3,4.86,2.66,1.38,0.216,2.9,1.1,2.58,46100.0,24700.0,6270.0,3500.0,1530.0,295.0,4440.0,1220.0,1.04,18.2,18.4,13.02,0.044
W229031,2570.0,2680.0,2740.0,48.4,29.7,10.7,0.658,0.93,0.351,2.26,1.57,0.775,51500.0,35800.0,17100.0,1070.0,1280.0,593.0,4290.0,2140.0,0.311,22.7,22.8,21.34,0.0052
W229032,2150.0,2370.0,2480.0,48.2,21.7,19.7,1.74,0.498,0.378,0.589,1.56,1.95,18800.0,9610.0,11500.0,1040.0,251.0,234.0,409.0,777.0,0.785,8.3,8.35,7.48,0.014
W229033,2620.0,2800.0,2800.0,49.2,30.4,5.86,1.11,1.18,0.23,3.44,1.22,1.7,92100.0,64500.0,16400.0,3160.0,2840.0,681.0,11500.0,2920.0,0.684,39.8,40.0,38.52,0.0096
W229034,2480.0,2750.0,2800.0,58.2,25.3,2.0,2.09,0.896,0.108,1.72,1.69,2.23,80600.0,39700.0,4150.0,4420.0,1600.0,237.0,4240.0,2990.0,0.894,29.5,29.6,26.89,0.005
W229036,2150.0,2270.0,2360.0,40.7,26.3,19.0,2.02,1.41,0.108,2.8,0.836,3.35,41800.0,30600.0,29300.0,3170.0,1870.0,176.0,5130.0,1100.0,1.34,22.0,22.0,20.51,0.253
W229037,2800.0,2800.0,2800.0,52.9,30.8,2.0,0.854,0.963,0.149,3.26,2.16,0.875,112000.0,73800.0,6340.0,2760.0,2630.0,498.0,12300.0,5840.0,0.352,45.1,45.3,39.99,0.004
W229038,2520.0,2720.0,2800.0,45.8,29.7,3.15,4.61,2.16,0.0945,1.08,1.56,5.58,35900.0,26300.0,3690.0,5520.0,2180.0,117.0,1510.0,1560.0,2.24,16.7,16.8,15.01,0.0046
W229039,2760.0,2800.0,2800.0,53.7,29.7,2.57,1.27,1.03,0.257,3.38,1.64,1.85,77400.0,48400.0,5550.0,2810.0,1910.0,586.0,8660.0,3020.0,0.75,30.4,30.8,26.31,0.012
W229040,2050.0,2180.0,2390.0,41.9,23.1,20.7,2.09,0.73,0.23,2.14,1.02,2.88,18600.0,11600.0,13800.0,1410.0,418.0,161.0,1690.0,579.0,1.16,9.4,9.49,9.83,0.014
W229041,2010.0,2040.0,2140.0,31.5,16.9,40.3,1.67,0.714,0.459,1.69,0.786,1.73,22300.0,13500.0,42700.0,1800.0,652.0,515.0,2140.0,712.0,0.702,14.9,15.2,13.8,0.022
W229042,2070.0,2090.0,2150.0,26.5,10.8,53.3,1.3,0.448,0.27,1.09,0.635,1.63,19600.0,9030.0,59000.0,1470.0,427.0,316.0,1440.0,601.0,0.659,15.6,15.8,14.19,0.0098
W229043,2080.0,2100.0,2170.0,18.4,12.6,56.3,1.78,0.398,0.27,0.625,0.485,2.68,7120.0,5510.0,32600.0,1050.0,199.0,165.0,430.0,240.0,1.09,8.1,8.27,7.9,0.0049
W229044,2170.0,2230.0,2410.0,38.1,26.1,24.5,1.6,0.83,0.365,1.56,0.953,1.93,13300.0,10300.0,12800.0,852.0,374.0,202.0,972.0,426.0,0.789,7.3,7.48,6.83,0.0085
W229045,2210.0,2250.0,2480.0,41.5,24.6,22.0,1.32,0.747,0.27,2.49,1.59,1.5,20300.0,13600.0,16100.0,982.0,470.0,209.0,2160.0,992.0,0.615,10.2,10.4,9.95,0.011
W229046,2010.0,2050.0,2140.0,44.1,12.1,35.6,1.2,0.797,0.203,1.62,0.435,1.0,21600.0,6690.0,26100.0,900.0,502.0,157.0,1410.0,272.0,0.41,10.2,10.5,10.07,0.013
W229047,2620.0,2660.0,2700.0,44.9,28.4,15.6,0.924,0.813,0.338,2.74,1.22,1.25,25300.0,18100.0,13100.0,795.0,590.0,301.0,2750.0,879.0,0.51,11.8,12.0,12.15,0.0059
W229048,2000.0,2070.0,2210.0,32.7,20.0,38.0,1.22,0.515,0.243,1.11,0.92,1.75,17500.0,12100.0,30400.0,993.0,354.0,206.0,1050.0,628.0,0.714,11.2,11.4,10.67,0.017
W229049,2800.0,2800.0,2800.0,56.3,30.1,3.29,0.406,0.515,0.162,1.54,2.94,0.425,36800.0,22200.0,3220.0,406.0,434.0,168.0,1790.0,2460.0,0.174,13.7,14.0,13.36,0.0044
W229050,1970.0,2040.0,2100.0,30.0,13.2,27.5,9.92,0.764,0.878,1.67,0.619,7.85,12900.0,6430.0,17700.0,6520.0,423.0,598.0,1280.0,341.0,3.21,9.0,9.21,7.93,0.086
W229052,1930.0,2070.0,2150.0,42.4,20.0,20.2,3.45,1.29,0.878,2.79,1.0,3.08,47400.0,25400.0,33800.0,5890.0,1870.0,1560.0,5560.0,1440.0,1.25,23.5,24.0,21.21,0.073
W229054,1960.0,2090.0,2150.0,36.8,14.0,22.2,9.99,0.813,0.608,1.66,0.635,6.78,21900.0,9420.0,19800.0,9090.0,624.0,573.0,1760.0,484.0,2.76,12.5,12.7,10.51,0.089
W229055,1930.0,2020.0,2070.0,35.5,19.3,30.5,2.46,0.747,0.702,2.09,1.0,2.23,15900.0,9760.0,20400.0,1680.0,430.0,497.0,1660.0,574.0,0.906,9.4,9.57,8.67,0.03
W229058,2010.0,2030.0,2160.0,36.0,15.7,39.5,0.364,0.797,0.554,2.0,0.87,1.63,41900.0,20700.0,68900.0,649.0,1200.0,1020.0,4140.0,1300.0,0.662,24.5,25.0,22.22,0.024
W229059,1930.0,2040.0,2180.0,25.7,14.6,39.3,7.89,0.349,0.419,0.697,0.485,5.1,17400.0,11200.0,40000.0,8180.0,305.0,450.0,843.0,421.0,2.09,14.2,14.5,12.34,0.077
W229060,2010.0,2050.0,2190.0,29.7,11.4,34.7,8.73,0.598,0.513,1.27,0.569,7.1,19300.0,8360.0,33800.0,8660.0,501.0,528.0,1470.0,473.0,2.93,13.5,13.9,7.87,0.07
W229061,2050.0,2080.0,2230.0,36.0,17.9,28.2,3.53,1.15,0.878,2.46,0.87,3.4,33200.0,18700.0,38900.0,4970.0,1360.0,1280.0,4050.0,1030.0,1.39,19.3,19.7,17.5,0.054
W229062,1950.0,2060.0,2200.0,32.1,12.7,27.7,10.1,0.697,0.729,1.32,0.635,7.23,18700.0,8380.0,24200.0,9020.0,525.0,675.0,1370.0,475.0,2.98,12.1,12.5,10.0,0.057
W229063,2000.0,2060.0,2220.0,43.9,16.7,23.3,3.53,1.06,0.864,2.0,0.769,3.83,33100.0,14200.0,26300.0,4070.0,1030.0,1030.0,2680.0,742.0,1.56,15.8,16.1,14.67,0.043
W229064,1970.0,2000.0,2100.0,25.5,12.6,31.6,10.8,0.647,0.635,1.44,0.585,7.65,17500.0,9820.0,32500.0,11300.0,573.0,691.0,1760.0,514.0,3.12,14.4,14.7,12.15,0.084
W229065,2010.0,2040.0,2150.0,18.0,12.3,58.5,2.13,0.116,0.23,0.216,0.201,2.35,24300.0,18800.0,118000.0,4390.0,202.0,491.0,520.0,347.0,0.96,28.3,28.9,27.08,0.043
W229066,1950.0,2000.0,2170.0,28.2,12.5,42.2,4.76,0.448,0.392,1.26,0.769,3.33,22100.0,11100.0,49500.0,5700.0,453.0,486.0,1760.0,772.0,1.36,16.4,16.8,13.35,0.031
W229069,2020.0,2140.0,2230.0,33.6,14.5,22.0,11.5,0.83,0.689,1.61,0.702,8.75,22800.0,11100.0,22400.0,11900.0,727.0,742.0,1950.0,611.0,3.61,14.1,14.5,12.42,0.13
W229070,2030.0,2170.0,2220.0,37.7,14.4,12.9,13.1,1.16,0.702,1.94,0.602,8.57,32400.0,14100.0,16600.0,17300.0,1290.0,959.0,2970.0,664.0,3.51,18.0,18.4,15.31,0.085
W229071,1980.0,2030.0,2150.0,33.0,15.0,36.6,3.77,0.813,0.675,1.73,0.92,2.7,24600.0,12700.0,40900.0,4290.0,782.0,798.0,2300.0,878.0,1.11,15.5,16.0,12.81,0.032
W229072,2050.0,2190.0,2260.0,36.6,19.5,28.3,3.53,0.963,0.662,2.19,0.753,2.3,42700.0,25700.0,49500.0,6300.0,1450.0,1220.0,4550.0,1120.0,0.938,24.5,25.0,21.68,0.022
W229073,2500.0,2610.0,2780.0,46.9,28.4,10.2,1.93,0.498,0.216,0.901,2.69,1.35,17000.0,11700.0,5520.0,1070.0,233.0,124.0,583.0,1250.0,0.545,7.7,7.78,7.42,0.0087
W229074,2020.0,2060.0,2340.0,30.8,18.4,40.5,1.06,0.498,0.122,1.47,1.02,1.38,14000.0,9430.0,27400.0,737.0,291.0,87.3,1180.0,592.0,0.556,9.6,9.7,9.01,0.012
W229075,2780.0,2800.0,2800.0,47.3,31.9,3.29,2.55,0.498,1.08,1.37,1.81,1.75,9120.0,6980.0,949.0,751.0,124.0,330.0,471.0,446.0,0.705,4.1,4.13,3.55,0.0094
W229076,2470.0,2540.0,2750.0,40.2,31.2,13.0,2.55,0.73,0.891,0.974,1.32,2.35,5680.0,4990.0,2750.0,550.0,133.0,199.0,245.0,239.0,0.947,3.0,3.02,3.19,0.013
W229077,2380.0,2640.0,2790.0,42.8,31.2,8.15,1.9,1.03,1.62,2.48,1.89,2.83,7670.0,6330.0,2190.0,522.0,238.0,460.0,790.0,433.0,1.14,3.8,3.84,3.43,0.013
W229078,2560.0,2750.0,2800.0,49.9,30.1,5.29,0.966,1.53,0.648,4.23,1.34,1.55,20700.0,14100.0,3280.0,612.0,816.0,426.0,3120.0,709.0,0.625,8.8,8.87,8.06,0.018
W229079,2290.0,2430.0,2610.0,49.2,22.9,18.3,0.672,0.847,0.108,2.12,1.15,0.925,29700.0,15600.0,16500.0,619.0,658.0,103.0,2270.0,890.0,0.373,12.8,12.9,12.28,0.0088
W229080,2000.0,2030.0,2390.0,34.9,21.0,33.2,2.02,0.448,0.297,0.853,1.51,1.9,10200.0,6930.0,14500.0,899.0,169.0,137.0,443.0,562.0,0.765,6.2,6.24,5.9,0.015
W229081,2600.0,2640.0,2790.0,48.6,29.9,9.87,0.644,1.13,0.351,3.45,1.27,0.9,20400.0,14200.0,6190.0,413.0,610.0,233.0,2580.0,682.0,0.363,8.9,8.98,9.64,0.013
W229082,2760.0,2800.0,2800.0,52.4,28.2,7.72,0.448,0.913,0.162,2.5,1.82,0.725,31600.0,19200.0,6960.0,413.0,709.0,155.0,2680.0,1410.0,0.292,12.8,12.9,11.64,0.007
W229083,2410.0,2520.0,2700.0,45.2,27.4,16.2,0.868,0.614,0.432,1.6,1.67,1.25,15500.0,10700.0,8310.0,456.0,272.0,235.0,978.0,736.0,0.504,7.3,7.36,6.91,0.011
W229084,2370.0,2480.0,2690.0,39.4,28.0,13.2,3.89,1.18,0.432,1.61,1.92,4.8,11100.0,8920.0,5550.0,1680.0,428.0,193.0,808.0,693.0,1.96,5.9,6.03,5.69,0.26
W229085,2120.0,2150.0,2280.0,41.1,18.8,27.2,2.09,1.13,0.27,2.33,0.87,1.33,42800.0,22100.0,42400.0,3320.0,1520.0,446.0,4330.0,1160.0,0.54,21.9,22.3,18.72,0.03
W229086,2090.0,2130.0,2170.0,36.4,18.7,29.0,5.04,0.647,0.311,1.57,0.619,1.13,35300.0,20500.0,42200.0,7480.0,810.0,478.0,2720.0,769.0,0.46,20.3,20.8,19.38,0.035
W229087,2090.0,2120.0,2170.0,45.4,15.7,21.7,5.01,0.797,0.135,1.96,0.702,1.58,36300.0,14300.0,26100.0,6140.0,823.0,171.0,2790.0,720.0,0.643,16.8,17.1,15.93,0.026
W229088,2010.0,2040.0,2290.0,36.4,19.3,35.0,0.742,0.847,0.27,1.79,0.92,0.5,12200.0,7340.0,17600.0,382.0,367.0,144.0,1070.0,396.0,0.206,7.0,7.2,6.24,0.028
W229089,2130.0,2150.0,2240.0,35.1,16.7,30.9,5.55,0.498,0.243,1.73,0.886,2.25,22700.0,12200.0,29900.0,5490.0,416.0,250.0,2000.0,735.0,0.924,13.5,13.9,11.06,0.03
W229090,2220.0,2250.0,2340.0,45.8,20.0,19.6,5.15,0.631,0.162,1.95,1.02,0.675,21100.0,10400.0,13500.0,3620.0,374.0,118.0,1590.0,600.0,0.28,9.5,9.84,8.04,0.023
W229093,2020.0,2040.0,2100.0,38.9,17.4,30.5,2.8,0.78,0.351,2.01,0.803,1.63,31800.0,16200.0,37300.0,3500.0,822.0,455.0,2920.0,840.0,0.665,17.1,17.5,14.78,0.023
W229094,2030.0,2060.0,2120.0,30.4,17.8,41.5,3.17,0.249,0.27,0.709,1.04,0.225,37900.0,25100.0,77400.0,6030.0,400.0,534.0,1570.0,1650.0,0.0924,26.0,26.7,21.46,0.017
W229095,1970.0,2000.0,2030.0,17.6,12.2,44.2,8.92,0.332,0.203,0.637,0.268,5.08,8260.0,6460.0,31000.0,6390.0,201.0,151.0,532.0,161.0,2.08,9.8,10.0,8.63,0.05
W229096,2220.0,2280.0,2310.0,48.8,24.0,16.9,0.434,0.581,0.284,2.24,1.07,0.775,41800.0,23300.0,21600.0,568.0,641.0,385.0,3410.0,1170.0,0.319,17.8,18.3,15.87,0.0066
W229097,2000.0,2040.0,2080.0,24.4,13.5,48.0,3.21,0.398,0.257,1.06,0.552,2.17,14300.0,8960.0,42000.0,2870.0,300.0,238.0,1100.0,413.0,0.892,12.2,12.5,11.93,0.021
W229098,2090.0,2130.0,2210.0,41.3,20.2,25.7,3.24,0.365,0.432,1.48,1.2,1.2,23800.0,13200.0,22200.0,2840.0,271.0,394.0,1510.0,886.0,0.492,12.0,12.3,10.78,0.026
W229099,2650.0,2720.0,2770.0,48.8,28.9,9.3,1.39,0.365,0.459,1.07,1.52,0.825,33300.0,22400.0,9500.0,1450.0,322.0,497.0,1300.0,1330.0,0.34,14.2,14.6,11.74,0.0074
W229100,1960.0,2080.0,2200.0,13.5,6.28,65.4,4.3,0.216,0.257,0.505,0.268,2.38,7280.0,3820.0,52500.0,3530.0,149.0,218.0,483.0,184.0,0.975,11.2,11.5,11.12,0.02
W229101,2030.0,2070.0,2160.0,29.3,15.3,46.8,0.392,0.548,0.0945,1.81,0.719,0.925,24000.0,14200.0,57300.0,491.0,578.0,123.0,2650.0,753.0,0.381,17.0,17.5,13.67,0.024
W229102,1960.0,1980.0,2160.0,42.2,18.1,28.7,2.48,0.581,0.243,1.88,0.92,1.02,17200.0,8370.0,17600.0,1550.0,306.0,158.0,1370.0,481.0,0.427,8.4,8.75,7.7,0.018
W229103,2010.0,2030.0,2170.0,27.4,17.7,43.2,2.49,0.282,0.216,0.865,0.452,2.4,35500.0,26000.0,83800.0,4940.0,472.0,444.0,2000.0,749.0,0.979,27.2,27.7,25.35,0.028
W229104,2080.0,2110.0,2150.0,21.3,9.0,28.3,20.0,0.432,0.203,0.938,0.368,5.05,15800.0,7550.0,31400.0,22700.0,413.0,238.0,1240.0,349.0,2.07,15.5,15.9,13.35,0.14
W229105,2150.0,2220.0,2320.0,13.3,6.84,43.6,17.6,0.133,0.162,0.361,0.234,2.83,12100.0,7050.0,59400.0,24500.0,156.0,234.0,584.0,273.0,1.16,19.0,19.5,16.68,0.1
W229106,2020.0,2060.0,2150.0,36.2,17.4,34.7,4.41,0.548,0.351,1.68,0.736,0.475,22000.0,12000.0,31700.0,4110.0,430.0,339.0,1830.0,574.0,0.195,12.7,13.0,11.59,0.039
W229107,1970.0,2040.0,2140.0,34.5,14.2,39.5,3.1,0.581,0.338,1.67,0.619,0.9,37800.0,17700.0,64800.0,5190.0,822.0,587.0,3260.0,869.0,0.368,23.0,23.5,21.25,0.03
W229108,2120.0,2150.0,2370.0,9.93,4.12,61.9,9.73,0.133,0.135,0.252,0.134,3.68,6990.0,3290.0,65300.0,10500.0,121.0,151.0,317.0,121.0,1.51,14.7,15.1,13.3,0.05
W229109,2050.0,2070.0,2110.0,9.74,4.1,60.3,9.4,0.133,0.135,0.252,0.134,5.43,6870.0,3280.0,63700.0,10100.0,121.0,151.0,317.0,121.0,2.21,14.8,15.1,13.93,0.05
W229110,2060.0,2090.0,2130.0,18.2,10.1,64.1,0.532,0.149,0.135,0.457,0.401,0.5,9350.0,5860.0,49200.0,418.0,98.9,110.0,418.0,264.0,0.205,10.7,11.0,8.85,0.012
W229111,1980.0,2040.0,2160.0,33.8,18.3,41.9,0.7,0.315,0.081,1.05,0.769,0.775,33100.0,20300.0,61300.0,1050.0,398.0,126.0,1820.0,962.0,0.318,20.4,20.9,17.28,0.04
W229112,2140.0,2240.0,2360.0,45.4,19.3,16.7,8.77,0.681,0.243,1.79,0.987,1.08,20200.0,9740.0,11200.0,5970.0,391.0,172.0,1420.0,563.0,0.446,9.2,9.54,8.24,0.037
W229113,2130.0,2210.0,2350.0,49.4,16.8,17.6,5.03,0.913,0.419,2.24,0.803,1.2,48600.0,18700.0,25900.0,7550.0,1160.0,652.0,3910.0,1010.0,0.49,20.6,21.0,18.79,0.037
W229114,1980.0,2050.0,2210.0,34.2,17.7,34.2,4.43,0.564,0.27,1.47,0.769,1.27,33200.0,19400.0,49500.0,6550.0,705.0,414.0,2530.0,953.0,0.521,20.3,20.7,18.38,0.036
W229115,2060.0,2080.0,2110.0,26.8,12.3,25.7,17.2,0.598,0.365,1.42,0.569,2.2,14500.0,7580.0,20900.0,14300.0,418.0,313.0,1370.0,395.0,0.896,11.4,11.6,9.94,0.079
W229116,2110.0,2160.0,2300.0,51.6,18.8,21.2,1.02,0.83,0.594,2.21,1.15,0.575,59900.0,24700.0,36800.0,1810.0,1240.0,1090.0,4570.0,1710.0,0.234,24.4,24.9,20.63,0.022
W229117,2370.0,2390.0,2420.0,38.1,25.1,11.9,9.51,0.448,0.689,1.15,0.97,1.23,8190.0,6120.0,3820.0,3120.0,124.0,235.0,442.0,267.0,0.501,4.5,4.6,3.88,0.039
W229118,2240.0,2290.0,2400.0,54.6,23.8,15.3,0.406,0.963,0.432,2.82,1.15,0.4,71900.0,35500.0,30200.0,818.0,1640.0,903.0,6630.0,1950.0,0.163,27.7,28.2,26.14,0.013
W229119,2000.0,2030.0,2080.0,26.3,10.9,45.5,3.56,0.515,0.365,1.17,0.652,3.03,13500.0,6340.0,34800.0,2780.0,340.0,296.0,1060.0,427.0,1.24,10.7,11.0,10.05,0.036
W229120,2000.0,2030.0,2080.0,28.2,11.7,47.0,2.8,0.481,0.432,1.26,0.502,1.85,22100.0,10400.0,55000.0,3340.0,485.0,535.0,1750.0,501.0,0.754,16.4,16.7,15.1,0.029
W229121,2040.0,2090.0,2200.0,54.4,11.3,19.7,3.84,0.946,0.324,1.25,0.953,1.75,49400.0,11600.0,26900.0,5330.0,1110.0,467.0,2020.0,1110.0,0.71,19.2,19.5,19.63,0.036
W229122,1940.0,1970.0,2060.0,27.2,10.7,29.6,14.4,0.581,0.392,1.2,0.502,3.75,22400.0,10000.0,36500.0,18200.0,617.0,511.0,1760.0,529.0,1.53,17.3,17.6,14.69,0.1
W229123,2460.0,2480.0,2500.0,57.6,25.3,7.58,0.574,1.1,0.459,3.32,1.29,0.65,64500.0,32100.0,12700.0,982.0,1580.0,815.0,6610.0,1850.0,0.266,23.4,24.0,21.52,0.015
W229124,2110.0,2150.0,2350.0,48.8,22.1,16.9,2.11,0.697,0.432,2.0,1.19,1.0,15300.0,7870.0,7940.0,1020.0,283.0,215.0,1120.0,478.0,0.414,6.5,6.73,5.74,0.018
W229125,2180.0,2370.0,2420.0,47.1,20.6,19.6,0.798,0.581,0.257,1.3,1.51,1.25,25700.0,12700.0,16000.0,665.0,409.0,222.0,1260.0,1050.0,0.503,11.6,11.7,11.12,0.012
W229126,1990.0,2050.0,2150.0,42.6,18.5,28.2,0.784,0.515,0.189,1.42,1.39,1.35,37800.0,18600.0,37400.0,1060.0,589.0,266.0,2240.0,1580.0,0.543,18.9,19.0,15.22,0.027
W229127,2000.0,2120.0,2210.0,44.5,18.8,28.9,0.728,0.515,0.203,1.42,1.51,0.9,42600.0,20300.0,41400.0,1070.0,635.0,307.0,2420.0,1840.0,0.361,20.4,20.5,20.45,0.032
W229128,2460.0,2560.0,2620.0,48.6,26.1,16.4,0.686,0.415,0.203,1.61,1.47,0.875,41500.0,25300.0,21000.0,897.0,457.0,274.0,2450.0,1610.0,0.352,18.2,18.3,16.91,0.0055
W229129,2720.0,2800.0,2800.0,47.5,30.4,6.15,0.406,0.847,0.324,3.97,1.14,0.725,58100.0,42100.0,11300.0,759.0,1330.0,628.0,8640.0,1780.0,0.292,26.0,26.2,20.68,0.0078
W229130,1950.0,2120.0,2260.0,41.3,19.7,21.0,3.98,0.996,0.459,3.17,0.936,3.13,52300.0,28200.0,39800.0,7690.0,1620.0,921.0,7150.0,1520.0,1.26,26.8,27.1,25.56,0.028
W229131,1880.0,1930.0,2000.0,19.3,11.1,45.3,8.29,0.415,0.23,0.853,0.418,4.47,8370.0,5440.0,29500.0,5510.0,233.0,158.0,660.0,233.0,1.81,9.2,9.3,8.39,0.13
W229132,1900.0,2020.0,2150.0,28.7,18.8,41.0,1.48,0.481,0.243,1.14,0.736,2.65,7460.0,5540.0,16000.0,590.0,161.0,100.0,529.0,245.0,1.07,5.5,5.57,4.83,0.009
W229133,2120.0,2400.0,2490.0,42.6,25.5,22.7,0.616,0.465,0.257,1.44,1.22,0.9,29700.0,20100.0,23700.0,656.0,418.0,283.0,1790.0,1090.0,0.363,14.8,14.9,13.76,0.018
W229134,2530.0,2650.0,2790.0,33.4,22.7,30.5,1.46,0.681,0.351,1.6,0.819,2.2,7110.0,5470.0,9710.0,474.0,187.0,119.0,607.0,223.0,0.892,4.5,4.56,4.48,0.0084
W229135,2040.0,2210.0,2320.0,43.2,32.1,12.3,1.81,0.747,0.243,1.74,1.56,1.2,22500.0,18900.0,9580.0,1440.0,501.0,200.0,1620.0,1040.0,0.486,11.0,11.1,9.68,0.024
W229136,2000.0,2150.0,2270.0,45.2,23.1,21.0,1.29,0.714,0.324,2.06,0.819,1.73,15000.0,8660.0,10400.0,653.0,305.0,170.0,1210.0,348.0,0.7,7.0,7.1,5.69,0.011
W229137,2010.0,2110.0,2190.0,24.8,17.1,49.8,0.896,0.249,0.23,0.493,0.719,1.27,9410.0,7320.0,28200.0,519.0,122.0,138.0,333.0,349.0,0.517,8.0,8.11,7.33,0.006
W229138,2000.0,2090.0,2150.0,41.1,19.7,27.3,1.27,0.896,0.311,1.79,1.32,1.68,15200.0,8210.0,15100.0,719.0,426.0,182.0,1180.0,624.0,0.678,7.8,7.9,8.0,0.017
W229139,2650.0,2770.0,2800.0,55.0,27.8,6.44,0.882,0.697,0.594,2.2,1.64,0.45,34400.0,19700.0,6030.0,844.0,563.0,589.0,2450.0,1310.0,0.183,13.2,13.4,11.79,0.014
W229140,2090.0,2180.0,2320.0,37.0,23.8,28.7,0.924,0.481,0.54,1.2,1.0,1.35,18400.0,13400.0,21300.0,701.0,308.0,425.0,1060.0,637.0,0.546,10.5,10.6,9.39,0.006
W229141,2080.0,2420.0,2520.0,43.4,27.2,15.9,1.27,0.664,0.648,1.63,1.37,1.88,9070.0,6430.0,4960.0,406.0,179.0,214.0,607.0,366.0,0.761,4.4,4.47,5.81,0.042
W229142,1920.0,2080.0,2200.0,37.5,18.2,35.2,0.994,0.315,0.621,1.05,1.74,1.23,21700.0,11900.0,30400.0,879.0,235.0,569.0,1080.0,1290.0,0.493,12.3,12.4,11.51,0.0061
W229143,2710.0,2800.0,2800.0,63.1,24.4,1.72,0.364,0.681,0.554,2.66,1.56,0.4,97900.0,42800.0,3980.0,863.0,1360.0,1360.0,7330.0,3090.0,0.161,33.0,33.2,30.21,0.0062
W229144,1890.0,2020.0,2180.0,32.7,17.4,37.6,1.47,0.432,0.54,0.709,1.37,2.23,15100.0,9110.0,26000.0,1040.0,257.0,395.0,583.0,811.0,0.898,9.8,9.89,8.51,0.089
W229145,1990.0,2130.0,2250.0,36.0,20.8,32.6,1.02,0.614,0.608,1.56,1.05,1.6,19800.0,13000.0,26900.0,861.0,436.0,531.0,1530.0,743.0,0.645,11.7,11.8,10.6,0.017
W229146,2140.0,2350.0,2450.0,37.0,27.0,24.6,1.57,0.465,0.581,1.08,1.09,0.85,12100.0,10000.0,12000.0,783.0,196.0,301.0,629.0,455.0,0.345,6.9,6.99,6.32,0.01
W229147,2220.0,2460.0,2520.0,45.8,27.4,15.9,1.26,0.498,0.554,1.61,1.2,1.45,16500.0,11200.0,8540.0,693.0,231.0,316.0,1030.0,554.0,0.587,7.6,7.7,7.17,0.011
W229148,1940.0,2120.0,2240.0,35.3,18.6,34.3,1.57,0.332,0.513,0.745,1.51,1.88,13600.0,8130.0,19800.0,926.0,165.0,314.0,512.0,744.0,0.756,8.2,8.26,7.48,0.011
W229149,2470.0,2600.0,2650.0,51.4,28.4,8.44,0.602,0.946,0.554,2.63,1.47,0.925,49400.0,30900.0,12100.0,885.0,1170.0,844.0,4510.0,1810.0,0.375,20.3,20.6,17.74,0.0065
W229150,1980.0,2140.0,2270.0,27.4,18.0,43.6,0.924,0.349,0.513,0.853,0.87,1.55,20700.0,15400.0,49200.0,1060.0,339.0,613.0,1150.0,839.0,0.625,16.0,16.1,14.48,0.027
W229151,1940.0,2150.0,2330.0,36.0,22.1,33.3,1.01,0.465,0.27,1.12,1.05,1.4,18200.0,12700.0,25200.0,779.0,303.0,216.0,1010.0,682.0,0.566,10.7,10.8,10.17,0.0095
W229152,2070.0,2230.0,2370.0,33.8,25.5,30.2,2.13,0.382,0.27,0.938,0.886,1.53,12500.0,10600.0,16600.0,1200.0,181.0,158.0,615.0,418.0,0.616,7.8,7.88,6.96,0.009
W229153,1870.0,2010.0,2160.0,32.7,19.3,37.3,1.53,3.93,0.648,0.853,1.39,1.95,14200.0,9480.0,24300.0,1010.0,2200.0,446.0,660.0,771.0,0.788,9.2,9.29,8.54,0.11
W229154,2460.0,2550.0,2590.0,47.1,26.1,13.7,0.798,0.614,0.338,2.51,1.27,1.35,40200.0,25200.0,17600.0,1040.0,677.0,457.0,3820.0,1390.0,0.546,18.1,18.3,17.12,0.023
W229155,1970.0,2150.0,2250.0,36.4,20.2,27.0,4.3,1.08,0.554,0.673,1.09,2.93,15800.0,9920.0,17500.0,2850.0,603.0,380.0,519.0,603.0,1.18,9.2,9.27,8.65,0.013
W229156,2230.0,2340.0,2390.0,33.0,19.8,15.0,7.21,0.365,0.5,1.96,1.04,6.95,19600.0,13300.0,13300.0,6540.0,280.0,470.0,2070.0,788.0,2.8,12.6,12.7,11.04,0.009
W229157,2700.0,2780.0,2800.0,50.1,28.4,5.72,0.35,1.29,0.338,3.45,1.27,0.575,18200.0,11700.0,3110.0,194.0,606.0,194.0,2230.0,591.0,0.232,7.7,7.77,7.67,0.014
W229158,2800.0,2800.0,2800.0,52.6,31.0,3.72,0.602,1.06,0.27,3.14,1.47,0.425,36400.0,24300.0,3850.0,636.0,947.0,296.0,3860.0,1300.0,0.171,14.7,14.8,13.83,0.012
W229159,2570.0,2660.0,2700.0,54.4,25.7,5.86,0.462,1.05,0.216,3.35,1.17,0.675,40700.0,21800.0,6570.0,529.0,1010.0,256.0,4470.0,1120.0,0.272,15.9,16.0,15.59,0.01
W229160,2160.0,2310.0,2480.0,35.7,24.2,30.6,0.532,1.08,0.176,2.22,0.92,0.325,26800.0,20500.0,34300.0,610.0,1040.0,209.0,2970.0,882.0,0.131,15.9,16.0,15.72,0.018
W229161,2130.0,2260.0,2400.0,41.5,25.1,19.0,1.34,1.34,0.527,2.7,0.836,0.825,7220.0,4950.0,4950.0,357.0,301.0,145.0,837.0,186.0,0.332,3.7,3.72,3.48,0.036
W229162,2210.0,2480.0,2560.0,32.7,27.8,21.6,1.39,1.54,0.203,0.889,1.14,3.53,7440.0,7150.0,7350.0,482.0,452.0,73.0,360.0,331.0,1.46,4.7,4.86,4.26,0.056
W229163,2400.0,2500.0,2560.0,40.2,30.6,18.9,1.36,0.681,0.216,1.49,0.803,1.3,7000.0,6030.0,4910.0,361.0,153.0,59.6,462.0,179.0,0.523,3.7,3.72,3.63,0.023
W229164,1980.0,2030.0,2160.0,30.2,16.6,39.8,1.51,1.31,0.378,1.61,0.585,1.88,5670.0,3540.0,11200.0,434.0,318.0,113.0,539.0,141.0,0.754,4.0,4.02,3.8,0.32
W229165,2630.0,2760.0,2800.0,49.9,32.7,6.01,1.23,0.714,0.23,1.78,1.82,0.5,11500.0,8540.0,2070.0,434.0,212.0,83.9,731.0,538.0,0.201,4.9,4.94,4.63,0.027
W229166,2800.0,2800.0,2800.0,52.2,29.5,9.15,0.35,0.664,0.135,1.75,1.44,0.35,44800.0,28700.0,11800.0,459.0,735.0,184.0,2680.0,1580.0,0.142,18.1,18.4,17.45,0.007
W229167,2030.0,2070.0,2290.0,23.5,17.6,49.2,0.826,0.249,0.0945,0.505,0.569,0.725,8620.0,7300.0,27000.0,462.0,118.0,54.9,329.0,266.0,0.291,7.8,7.84,7.58,0.018
W229168,2640.0,2760.0,2800.0,29.3,20.0,35.8,2.89,0.664,0.783,1.53,0.669,1.7,2350.0,1820.0,4280.0,353.0,68.5,99.4,218.0,68.5,0.685,1.7,1.71,1.95,0.0313
W229169,1940.0,2120.0,2290.0,43.0,23.3,19.6,1.72,0.896,0.243,2.87,0.819,1.75,8130.0,4970.0,5540.0,497.0,218.0,72.8,966.0,198.0,0.707,4.0,4.04,3.88,0.0391
W229170,2100.0,2270.0,2420.0,47.9,31.0,6.72,1.36,0.647,0.176,1.66,1.72,1.38,12200.0,8920.0,2560.0,528.0,212.0,70.7,751.0,560.0,0.554,5.4,5.44,5.22,0.058
W229171,2800.0,2800.0,2800.0,50.1,31.8,8.29,0.462,0.631,0.311,1.69,1.25,0.575,27600.0,19800.0,6840.0,389.0,448.0,271.0,1660.0,884.0,0.232,11.7,11.8,11.43,0.01
W229172,2450.0,2560.0,2670.0,51.1,25.9,12.0,1.2,0.398,0.513,0.781,1.92,0.775,11100.0,6360.0,3900.0,399.0,111.0,176.0,302.0,534.0,0.313,4.6,4.64,4.07,0.017
W229173,2600.0,2670.0,2710.0,53.3,26.8,6.86,1.06,1.58,0.405,2.58,1.27,1.43,30500.0,17400.0,5870.0,930.0,1160.0,367.0,2630.0,930.0,0.581,12.0,12.2,12.52,0.021
W229174,2420.0,2520.0,2630.0,49.9,26.8,12.2,0.602,0.863,0.473,2.56,1.2,0.525,27100.0,16500.0,9900.0,501.0,606.0,408.0,2480.0,838.0,0.213,11.5,11.6,11.14,0.015
W229175,2560.0,2780.0,2800.0,37.0,36.9,6.29,3.1,1.05,0.662,1.98,1.52,3.35,5670.0,6390.0,1440.0,724.0,206.0,160.0,540.0,298.0,1.37,3.2,3.27,3.01,0.14
W229176,1920.0,2070.0,2270.0,29.5,20.6,37.0,1.5,0.531,0.986,1.3,0.903,1.43,7780.0,6140.0,14600.0,603.0,180.0,411.0,609.0,304.0,0.574,5.6,5.63,5.95,0.033
W229177,2630.0,2760.0,2800.0,49.6,29.9,8.29,0.966,0.78,0.338,2.32,1.2,0.775,7940.0,5410.0,1990.0,236.0,161.0,85.6,661.0,247.0,0.312,3.4,3.42,3.36,0.015
W229178,2180.0,2300.0,2520.0,40.2,25.5,22.3,1.32,0.896,0.297,2.09,1.32,1.25,16300.0,11700.0,13500.0,813.0,467.0,190.0,1510.0,683.0,0.509,8.5,8.65,7.9,0.035
W229179,2330.0,2490.0,2620.0,38.3,30.1,15.7,1.41,2.19,0.567,2.33,1.27,2.48,8500.0,7550.0,5230.0,480.0,627.0,200.0,922.0,361.0,1.02,4.6,4.75,4.14,0.053
W229180,2700.0,2800.0,2800.0,42.4,32.5,11.0,1.19,0.498,0.432,1.61,1.71,1.3,7400.0,6430.0,2880.0,318.0,112.0,120.0,501.0,381.0,0.525,3.7,3.74,3.55,0.01
W229181,2710.0,2800.0,2800.0,48.8,32.3,5.01,1.04,0.83,0.392,2.58,1.32,1.58,30400.0,22800.0,4660.0,985.0,666.0,386.0,2860.0,1050.0,0.636,13.2,13.3,11.62,0.0088
W229182,2650.0,2760.0,2800.0,45.4,31.2,6.86,1.06,1.13,0.351,3.09,1.2,1.68,26800.0,20800.0,6060.0,960.0,859.0,328.0,3250.0,909.0,0.677,12.5,12.6,11.86,0.0062
W229183,2180.0,2330.0,2650.0,36.6,25.3,25.0,1.04,1.05,0.405,2.3,1.17,1.9,19700.0,15400.0,20200.0,853.0,726.0,346.0,2200.0,807.0,0.769,11.4,11.5,11.05,0.035
W229184,2550.0,2620.0,2770.0,46.0,28.4,14.6,1.04,0.913,0.486,1.94,1.42,1.45,21700.0,15100.0,10300.0,746.0,555.0,363.0,1620.0,857.0,0.585,10.0,10.1,9.36,0.011
W229185,1980.0,2030.0,2370.0,41.9,15.9,34.2,0.434,0.448,0.189,1.26,2.19,0.7,40100.0,17100.0,48800.0,634.0,552.0,286.0,2150.0,2680.0,0.282,20.3,20.4,18.12,0.0038
W229186,2550.0,2590.0,2690.0,52.0,26.5,9.44,0.644,1.08,0.243,2.52,1.35,1.18,51200.0,29500.0,13900.0,970.0,1370.0,380.0,4430.0,1710.0,0.477,20.8,21.1,18.89,0.0094
W229187,1990.0,2010.0,2390.0,37.7,18.9,32.2,0.756,0.764,0.351,2.03,0.953,1.4,17500.0,9930.0,22300.0,536.0,457.0,258.0,1680.0,566.0,0.567,9.8,9.93,14.37,0.012
W229188,2520.0,2740.0,2800.0,45.8,32.5,7.29,1.04,0.813,0.432,2.32,1.64,2.1,6740.0,5420.0,1610.0,233.0,154.0,101.0,608.0,309.0,0.854,3.1,3.15,2.94,0.0086
W229189,2520.0,2620.0,2720.0,37.9,23.8,23.7,1.09,1.33,0.311,3.8,0.786,1.93,16000.0,11400.0,15000.0,706.0,724.0,208.0,2860.0,425.0,0.774,9.0,9.05,9.1,0.029
W229190,2150.0,2260.0,2500.0,53.5,25.7,9.87,0.644,0.847,0.257,3.38,1.97,0.825,23800.0,12900.0,6570.0,438.0,485.0,181.0,2670.0,1120.0,0.334,9.4,9.52,7.95,0.0084
W229191,2710.0,2730.0,2800.0,55.4,26.5,7.58,0.56,1.03,0.284,2.42,1.34,0.75,36900.0,19900.0,7540.0,569.0,882.0,299.0,2860.0,1140.0,0.303,14.1,14.2,13.88,0.01
W229192,2800.0,2800.0,2800.0,52.9,33.1,2.72,0.504,0.78,0.338,2.4,1.67,0.55,31900.0,22600.0,2450.0,465.0,607.0,323.0,2580.0,1290.0,0.222,12.8,12.9,12.59,0.0062
W229193,2510.0,2600.0,2770.0,49.0,25.7,7.15,1.97,1.34,0.378,3.09,1.19,3.33,30200.0,17900.0,6590.0,1860.0,1070.0,369.0,3390.0,936.0,1.37,12.8,13.2,11.84,0.041
W229194,2790.0,2800.0,2800.0,53.3,28.7,5.29,0.35,1.18,0.365,2.91,1.35,0.675,27100.0,16600.0,4030.0,273.0,774.0,294.0,2640.0,883.0,0.273,10.8,10.9,10.15,0.008
W229195,2750.0,2780.0,2800.0,56.7,26.8,6.58,0.294,1.16,0.284,2.39,1.35,0.425,38500.0,20600.0,6690.0,305.0,1020.0,305.0,2890.0,1180.0,0.172,14.4,14.5,14.48,0.01
W229196,2800.0,2800.0,2800.0,54.1,30.6,1.72,1.74,0.564,0.27,1.73,2.31,0.725,27800.0,17800.0,1320.0,1360.0,374.0,220.0,1580.0,1520.0,0.293,10.9,11.0,10.07,0.0048
W229197,2040.0,2080.0,2490.0,39.6,18.7,29.7,0.504,0.78,0.351,2.22,0.987,1.15,27100.0,14400.0,30400.0,527.0,688.0,380.0,2710.0,863.0,0.464,14.5,14.6,14.2,0.01
W229198,2580.0,2640.0,2740.0,42.4,28.4,19.0,0.588,0.93,0.311,2.22,1.07,1.0,25900.0,19600.0,17400.0,549.0,733.0,301.0,2420.0,837.0,0.403,13.0,13.1,14.1,0.0069
W229199,2200.0,2290.0,2540.0,37.5,24.4,25.3,1.04,0.93,0.365,2.03,1.04,1.58,13200.0,9730.0,13400.0,558.0,422.0,204.0,1280.0,468.0,0.634,7.5,7.54,7.28,0.017
W229200,2360.0,2480.0,2650.0,33.0,28.0,18.2,1.43,1.56,0.324,2.06,1.54,3.98,11700.0,11300.0,9660.0,776.0,715.0,183.0,1300.0,700.0,1.66,7.3,7.61,6.26,0.018
W229201,2070.0,2170.0,2570.0,31.7,23.1,29.5,2.51,1.01,0.54,1.32,1.19,3.55,16100.0,13300.0,22400.0,1950.0,664.0,435.0,1200.0,772.0,1.44,10.7,10.9,10.34,0.027
W229202,2330.0,2380.0,2560.0,31.7,21.6,6.29,7.04,4.98,0.419,1.61,1.0,12.8,12800.0,9840.0,3800.0,4340.0,2590.0,268.0,1160.0,518.0,5.44,8.1,8.64,6.49,0.019
W229203,2690.0,2800.0,2800.0,42.8,33.8,8.87,0.896,0.896,0.311,3.58,1.92,0.775,46400.0,41500.0,14400.0,1480.0,1250.0,534.0,6910.0,2670.0,0.317,22.7,23.2,20.56,0.0058
W229204,2770.0,2800.0,2800.0,47.5,33.6,5.29,1.43,0.913,0.567,2.4,1.34,1.78,14200.0,11400.0,2370.0,654.0,353.0,269.0,1280.0,513.0,0.723,6.3,6.42,6.34,0.0075
W229205,2190.0,2270.0,2600.0,42.2,24.8,21.9,0.84,0.88,0.284,2.61,1.24,1.55,24900.0,16500.0,19300.0,757.0,669.0,265.0,2740.0,934.0,0.626,12.5,12.6,10.87,0.016
W229206,2640.0,2750.0,2800.0,52.2,30.1,5.72,0.462,1.31,0.365,3.73,1.29,0.9,18900.0,12300.0,3100.0,256.0,612.0,209.0,2400.0,597.0,0.362,7.7,7.75,6.94,0.014
W229207,2130.0,2270.0,2530.0,43.0,24.4,21.3,0.742,1.01,0.297,2.4,0.97,0.95,49800.0,32000.0,36900.0,1310.0,1510.0,545.0,4950.0,1440.0,0.384,24.5,24.8,20.26,0.0092
W229208,2010.0,2090.0,2240.0,31.9,18.7,39.8,0.546,0.996,0.243,2.33,0.836,0.9,14900.0,9920.0,27800.0,390.0,601.0,180.0,1940.0,500.0,0.364,9.9,10.0,10.52,0.013
W229209,2780.0,2800.0,2800.0,54.6,29.5,3.72,0.616,1.08,0.189,2.85,1.37,0.575,30600.0,18700.0,3120.0,528.0,781.0,168.0,2850.0,985.0,0.232,11.9,12.0,11.71,0.0079
W229210,1920.0,2060.0,2270.0,30.4,20.2,33.6,2.54,1.08,0.23,1.78,0.87,3.53,13900.0,10500.0,23100.0,1780.0,638.0,167.0,1450.0,511.0,1.43,9.7,9.82,9.02,0.036
W229480,2470.0,2640.0,2740.0,50.7,34.0,2.0,0.616,0.847,0.567,2.66,1.17,1.1,35100.0,26600.0,2070.0,651.0,755.0,621.0,3270.0,1040.0,0.449,14.5,14.8,14.02,0.0058
W229481,2060.0,2090.0,2380.0,25.3,13.0,53.2,1.26,0.432,0.162,1.14,0.619,1.35,15000.0,8740.0,47100.0,1140.0,329.0,152.0,1200.0,469.0,0.547,12.5,12.7,11.46,0.032
W229482,2160.0,2240.0,2580.0,42.8,21.4,23.3,2.7,0.896,0.405,2.01,1.04,1.9,36700.0,20700.0,29900.0,3540.0,990.0,550.0,3060.0,1140.0,0.77,18.1,18.3,16.3,0.026
W229483,2190.0,2450.0,2600.0,47.5,23.4,16.0,1.75,0.88,0.446,2.02,1.1,1.83,36100.0,20100.0,18200.0,2030.0,861.0,536.0,2730.0,1070.0,0.741,16.0,16.2,15.41,0.016
W229484,2280.0,2520.0,2690.0,44.5,24.8,11.4,4.06,0.747,0.405,2.06,1.34,3.15,40000.0,25200.0,15400.0,5580.0,865.0,577.0,3290.0,1540.0,1.28,19.0,19.2,18.3,0.03
W229544,2020.0,2110.0,2280.0,47.5,22.9,18.2,0.882,0.631,0.446,2.66,1.14,1.45,34800.0,19000.0,19900.0,988.0,596.0,517.0,3470.0,1070.0,0.594,15.3,15.7,29.95,0.11
W229548,2800.0,2800.0,2800.0,52.9,30.8,3.43,1.08,0.847,0.203,2.48,2.16,1.1,22600.0,14900.0,2190.0,703.0,466.0,137.0,1880.0,1180.0,0.446,9.0,9.13,8.32,0.0083
W229549,2300.0,2420.0,2640.0,33.6,30.1,18.3,3.18,0.78,1.11,0.745,1.19,4.78,2050.0,2080.0,1670.0,297.0,61.5,107.0,81.1,92.9,1.92,1.3,1.31,1.25,0.056
W229550,2460.0,2630.0,2680.0,53.5,27.4,4.43,2.3,0.548,0.648,1.21,2.24,2.33,19100.0,11100.0,2370.0,1250.0,252.0,367.0,772.0,1020.0,0.936,7.6,7.65,6.43,0.0091
W229551,2030.0,2120.0,2160.0,17.7,12.6,58.9,1.74,0.498,0.108,0.589,0.318,2.42,10100.0,8150.0,50500.0,1520.0,368.0,98.1,601.0,233.0,0.975,12.2,12.3,11.36,0.022
W229552,2000.0,2090.0,2200.0,32.5,16.8,38.2,1.29,0.498,0.27,1.72,0.903,1.85,17900.0,10500.0,31400.0,1080.0,353.0,235.0,1680.0,636.0,0.745,11.7,11.8,10.86,0.02
W229553,2260.0,2330.0,2420.0,51.4,18.5,3.15,9.47,0.714,1.09,1.03,1.25,5.75,43900.0,17900.0,4020.0,12400.0,786.0,1480.0,1570.0,1370.0,2.32,18.1,18.3,16.61,0.11
W229554,2370.0,2380.0,2400.0,9.84,5.54,64.6,3.95,0.647,0.797,0.216,0.351,3.38,2100.0,1330.0,20600.0,1280.0,178.0,269.0,82.0,95.7,1.37,4.5,4.56,4.67,0.046
W229555,2030.0,2050.0,2260.0,28.5,13.2,39.9,5.81,1.28,1.49,1.65,0.669,2.48,13500.0,7100.0,28300.0,4220.0,782.0,1120.0,1390.0,406.0,1.02,9.9,10.2,9.62,0.03
W229556,2140.0,2260.0,2370.0,52.9,17.2,13.3,4.68,0.83,0.959,2.26,0.836,1.5,46900.0,17300.0,17700.0,6350.0,950.0,1350.0,3570.0,950.0,0.613,18.6,19.0,17.09,0.032
W229557,2130.0,2190.0,2710.0,44.7,17.7,22.2,2.51,0.813,1.05,2.44,0.936,2.48,41400.0,18600.0,30700.0,3540.0,970.0,1540.0,4020.0,1110.0,1.01,19.4,19.8,16.52,0.03
W229558,2030.0,2080.0,2280.0,32.5,17.5,31.5,4.47,0.614,0.891,1.77,0.87,2.28,10700.0,6540.0,15500.0,2250.0,261.0,466.0,1040.0,367.0,0.931,6.9,7.06,6.46,0.021
W229559,2080.0,2110.0,2280.0,26.5,14.1,49.5,0.84,0.448,0.54,1.5,0.769,1.2,10700.0,6410.0,29800.0,517.0,233.0,345.0,1080.0,397.0,0.493,8.4,8.62,7.69,0.019
W229560,1940.0,1950.0,2220.0,22.3,8.47,42.2,11.9,0.199,0.189,0.877,0.435,5.9,16300.0,7020.0,46200.0,13300.0,188.0,219.0,1140.0,408.0,2.42,15.3,15.7,12.3,0.03
W229561,2090.0,2120.0,2520.0,40.2,18.1,23.0,4.3,0.73,0.567,2.12,0.92,4.15,23000.0,11800.0,19700.0,3760.0,539.0,515.0,2160.0,674.0,1.69,12.0,12.3,11.62,0.023
W229562,2120.0,2190.0,2360.0,32.1,13.6,24.3,12.3,0.614,0.378,1.67,0.702,7.4,15400.0,7410.0,17400.0,8990.0,380.0,287.0,1430.0,431.0,3.01,10.1,10.3,9.36,0.049
W229563,2050.0,2090.0,2330.0,29.7,12.1,28.7,11.4,0.714,0.324,1.79,0.552,5.25,24600.0,11300.0,35600.0,14400.0,761.0,425.0,2640.0,584.0,2.15,17.3,17.7,15.5,0.14
W229564,2100.0,2140.0,2540.0,40.4,20.2,25.5,1.86,0.896,0.459,2.73,0.886,2.48,50400.0,28500.0,47400.0,3550.0,1440.0,906.0,6050.0,1410.0,1.02,25.9,26.7,24.36,0.018
W229565,2770.0,2800.0,2800.0,49.9,29.9,6.72,1.44,0.266,0.284,1.32,1.29,1.3,62900.0,42600.0,12700.0,2780.0,432.0,567.0,2970.0,2080.0,0.531,26.4,27.0,24.8,0.0097
W229566,2150.0,2280.0,2490.0,45.4,16.3,15.2,7.86,0.249,0.419,2.48,1.02,3.23,23100.0,9400.0,11500.0,6110.0,163.0,338.0,2240.0,664.0,1.31,10.7,10.9,9.69,0.035
W229567,2040.0,2070.0,2250.0,18.8,9.79,57.2,3.12,0.747,0.419,1.01,0.518,2.6,8910.0,5250.0,40500.0,2260.0,456.0,314.0,851.0,314.0,1.06,9.9,10.1,9.19,0.011
W229568,2270.0,2370.0,2690.0,45.2,23.8,14.2,4.06,0.365,0.446,1.24,0.92,1.58,24500.0,14600.0,11500.0,3360.0,255.0,383.0,1190.0,638.0,0.646,11.3,11.6,10.85,0.0061
W229569,1980.0,2050.0,2340.0,30.8,16.7,44.3,1.55,0.282,0.594,0.637,0.736,1.65,16100.0,9880.0,34600.0,1240.0,190.0,491.0,591.0,491.0,0.663,11.1,11.2,10.71,0.014
W229570,2150.0,2230.0,2400.0,46.7,20.8,20.7,1.74,0.797,0.324,2.72,1.0,2.15,33700.0,17000.0,22400.0,1920.0,742.0,371.0,3490.0,927.0,0.874,15.2,15.5,14.88,0.011
W229571,2080.0,2190.0,2320.0,39.4,22.1,25.5,2.69,0.598,0.378,1.35,1.0,3.6,7460.0,4740.0,7220.0,779.0,146.0,114.0,454.0,243.0,1.46,4.0,4.06,4.03,0.0091
W229572,2000.0,2090.0,2250.0,29.3,18.8,41.2,1.86,0.282,0.311,1.18,0.786,2.13,10900.0,7900.0,22800.0,1050.0,135.0,182.0,777.0,373.0,0.864,7.8,7.93,7.75,0.021
W229573,2400.0,2480.0,2550.0,47.1,20.4,13.3,1.46,1.49,0.54,2.66,0.953,1.6,87000.0,42700.0,36800.0,4110.0,3560.0,1580.0,8740.0,2250.0,0.646,39.2,39.5,37.0,0.13
W229574,2150.0,2250.0,2350.0,42.8,18.4,17.3,6.83,0.764,0.405,2.13,0.87,6.65,21500.0,10500.0,13000.0,5250.0,495.0,323.0,1900.0,560.0,2.7,10.6,10.8,10.23,0.05
W229575,2210.0,2400.0,2480.0,39.6,23.4,24.2,3.0,0.365,0.351,1.08,1.14,2.42,20800.0,14000.0,19000.0,2410.0,248.0,293.0,1010.0,766.0,0.984,11.1,11.3,11.27,0.022
W229576,2210.0,2320.0,2430.0,38.7,21.4,21.3,5.31,0.847,0.513,2.27,0.803,3.23,26400.0,16500.0,21700.0,5530.0,744.0,554.0,2760.0,700.0,1.31,14.4,14.6,13.12,0.032
W229580,2730.0,2800.0,2800.0,45.6,35.2,3.43,4.13,0.465,0.729,0.553,1.62,2.98,8780.0,7670.0,989.0,1220.0,115.0,223.0,190.0,400.0,1.2,4.1,4.12,4.24,0.027
W229581,2370.0,2470.0,2650.0,40.3,30.8,9.87,6.58,1.66,0.824,0.613,1.3,4.0,11800.0,10200.0,4310.0,2930.0,624.0,381.0,318.0,487.0,1.61,6.2,6.24,5.67,0.035
W231828,2070.0,2250.0,2430.0,20.1,17.7,20.5,10.4,1.83,0.729,1.26,0.619,17.4,4050.0,4030.0,6180.0,3200.0,474.0,233.0,452.0,159.0,7.32,4.1,4.3,3.79,0.19
W231829,2190.0,2290.0,2580.0,36.9,21.5,14.2,3.14,2.49,1.13,1.62,1.34,8.85,7010.0,4630.0,4030.0,912.0,611.0,342.0,550.0,326.0,3.7,3.9,4.08,3.53,0.26
W231830,2750.0,2800.0,2800.0,51.5,31.4,6.89,1.04,0.88,0.419,2.73,1.43,1.13,25300.0,17500.0,5070.0,778.0,557.0,326.0,2390.0,900.0,0.455,10.4,10.5,9.63,0.0089
W231834,2300.0,2420.0,2630.0,39.3,26.8,22.2,1.22,0.598,0.648,2.54,1.22,1.83,10200.0,7860.0,8600.0,484.0,200.0,266.0,1170.0,403.0,0.736,5.5,5.54,5.4,0.01
W231835,2650.0,2730.0,2800.0,37.4,36.9,13.4,2.9,0.548,0.513,0.901,1.03,3.05,4580.0,5120.0,2460.0,543.0,86.5,99.6,197.0,162.0,1.23,2.6,2.62,2.57,0.015
W231836,2520.0,2540.0,2620.0,37.0,22.6,29.4,1.76,0.398,0.324,0.745,2.11,2.42,13400.0,9280.0,15900.0,977.0,186.0,186.0,481.0,977.0,0.977,7.7,7.76,7.74,0.015
W231838,2700.0,2780.0,2800.0,43.2,30.6,14.3,2.51,0.863,0.392,1.23,1.41,3.38,7530.0,6030.0,3730.0,667.0,194.0,108.0,380.0,313.0,1.36,3.7,3.73,3.46,0.14
W231839,2330.0,2440.0,2730.0,45.5,23.2,15.0,3.94,0.83,0.675,2.14,1.06,2.6,35600.0,20600.0,17600.0,4710.0,839.0,839.0,2990.0,1060.0,1.06,16.4,16.8,14.8,0.027
W232471,2370.0,2470.0,2620.0,50.4,26.4,3.19,8.1,1.13,0.149,2.1,1.04,5.4,57000.0,33800.0,5390.0,14000.0,1640.0,266.0,4230.0,1500.0,2.3,22.7,24.2,19.3,0.024
W232481,2800.0,2800.0,2800.0,49.6,30.9,4.78,3.24,0.979,0.122,1.59,1.35,1.15,57000.0,40100.0,8210.0,5680.0,1450.0,221.0,3240.0,1990.0,0.485,23.3,24.6,19.69,0.054
W232486,2450.0,2640.0,2790.0,53.8,28.4,2.9,3.43,1.41,0.338,2.7,1.16,1.93,80200.0,47900.0,6480.0,7820.0,2710.0,798.0,7180.0,2210.0,0.828,29.7,31.9,25.06,0.014
W232491,2800.0,2800.0,2800.0,42.5,36.2,7.35,1.31,1.43,0.797,0.685,2.42,2.2,17000.0,16400.0,4390.0,800.0,735.0,504.0,487.0,1240.0,0.917,8.2,8.54,7.65,0.03
W232492,2260.0,2380.0,2610.0,39.1,30.1,10.7,2.86,1.49,1.32,1.79,1.79,4.85,10600.0,9210.0,4300.0,1180.0,520.0,566.0,861.0,618.0,2.0,5.6,5.78,5.04,0.058
W232940,2110.0,2210.0,2500.0,45.2,23.6,19.6,2.66,0.548,0.513,2.25,1.02,1.63,26000.0,15300.0,16800.0,2340.0,406.0,468.0,2300.0,752.0,0.661,12.1,12.3,10.65,0.018
W232941,2210.0,2270.0,2540.0,40.8,25.1,24.5,1.12,0.697,0.189,2.36,1.02,1.63,10000.0,6990.0,9010.0,422.0,221.0,73.6,1030.0,320.0,0.684,5.0,5.25,4.75,0.0099
W232942,2040.0,2080.0,2540.0,39.3,19.1,27.5,4.58,0.548,0.27,1.9,0.819,3.75,18100.0,10000.0,19000.0,3230.0,326.0,197.0,1560.0,483.0,1.56,9.5,9.87,8.58,0.027
W232943,2040.0,2080.0,2560.0,35.2,18.1,38.2,1.5,0.515,0.189,1.89,0.87,1.75,21000.0,12200.0,34100.0,1370.0,396.0,179.0,2010.0,665.0,0.716,12.5,12.8,11.09,0.021
W232944,2040.0,2070.0,2360.0,36.7,16.5,39.4,1.6,0.465,0.189,1.94,0.753,2.05,26700.0,13600.0,42800.0,1770.0,435.0,218.0,2500.0,699.0,0.839,15.2,15.5,13.22,0.02
W232945,2050.0,2080.0,2310.0,30.0,15.9,31.4,8.88,1.01,0.189,1.51,0.619,6.13,17500.0,10500.0,27400.0,7910.0,761.0,175.0,1570.0,461.0,2.5,12.2,12.5,11.14,0.058
W232946,2130.0,2220.0,2600.0,34.0,21.9,37.7,0.518,0.697,0.135,2.36,0.786,2.08,43200.0,31600.0,71700.0,1010.0,1140.0,272.0,5330.0,1280.0,0.849,26.6,27.2,25.5,0.017
W232947,2140.0,2160.0,2330.0,24.6,11.7,54.5,1.5,0.382,0.108,1.38,0.552,4.08,24900.0,13400.0,82600.0,2320.0,498.0,173.0,2490.0,715.0,1.67,21.2,21.7,20.05,0.047
W232948,2120.0,2200.0,2600.0,41.1,21.5,30.4,0.938,0.315,0.257,1.36,1.03,1.33,22900.0,13500.0,25300.0,798.0,226.0,226.0,1350.0,735.0,0.544,11.6,11.9,10.65,0.011
W233083,2000.0,2050.0,2500.0,32.1,15.6,43.7,0.644,0.83,0.351,2.51,0.819,1.08,27200.0,15000.0,55400.0,835.0,907.0,472.0,3790.0,889.0,0.436,17.9,18.1,15.34,0.029
W233084,1920.0,2000.0,2150.0,35.5,15.1,39.9,3.11,0.415,0.621,1.5,0.736,3.65,19500.0,9360.0,32800.0,2610.0,294.0,540.0,1470.0,517.0,1.48,11.6,11.7,12.0,0.021
W233085,2030.0,2140.0,2250.0,35.7,15.8,15.3,15.2,0.448,1.04,1.5,0.686,11.4,20500.0,10300.0,13200.0,13300.0,331.0,944.0,1530.0,503.0,4.78,11.7,12.2,9.33,0.082
W233086,2800.0,2800.0,2800.0,51.6,37.2,4.19,0.714,0.664,0.891,2.16,1.27,0.65,29300.0,23900.0,3570.0,621.0,487.0,803.0,2190.0,921.0,0.273,11.6,12.1,10.1,0.0063
W233087,1960.0,2160.0,2410.0,24.3,19.9,45.0,3.11,0.515,0.5,0.901,0.569,3.93,5640.0,5210.0,15600.0,1100.0,154.0,184.0,372.0,169.0,1.59,4.9,4.96,4.51,0.015
W233088,2180.0,2340.0,2570.0,41.2,26.5,19.1,2.55,0.83,1.49,1.78,1.38,3.65,4900.0,3570.0,3410.0,464.0,127.0,280.0,377.0,210.0,1.49,2.5,2.55,2.3,0.017
W233089,2050.0,2110.0,2460.0,36.1,22.8,35.9,0.868,0.515,2.16,1.41,1.01,1.05,16800.0,12000.0,25000.0,618.0,309.0,1590.0,1170.0,600.0,0.431,9.7,9.96,8.82,0.009
W233090,2100.0,2190.0,2520.0,46.9,20.4,16.1,5.76,0.714,0.365,2.5,0.87,4.45,34400.0,16900.0,17700.0,6440.0,674.0,423.0,3260.0,815.0,1.82,15.3,15.7,14.65,0.041
W233558,2050.0,2100.0,2410.0,39.5,23.2,30.2,1.36,0.598,0.446,1.81,0.886,0.925,20100.0,13300.0,23000.0,1060.0,391.0,359.0,1640.0,576.0,0.379,10.6,10.9,9.48,0.013
W233559,2075.0,2120.0,2440.0,34.3,22.8,27.3,1.14,0.647,0.122,1.56,0.819,1.88,17900.0,13400.0,21300.0,909.0,435.0,100.0,1450.0,546.0,0.782,10.7,11.2,9.26,0.013
W233560,2700.0,2770.0,2800.0,52.7,31.8,7.02,1.03,0.498,0.311,1.41,2.22,1.13,26600.0,18100.0,5300.0,794.0,324.0,248.0,1260.0,1440.0,0.454,10.7,10.8,10.94,0.0048
W233561,2750.0,2800.0,2800.0,48.7,33.6,9.02,1.3,0.498,0.284,1.98,1.97,1.0,20900.0,16400.0,5800.0,854.0,276.0,193.0,1520.0,1080.0,0.404,9.1,9.19,8.84,0.0097
W233562,2140.0,2200.0,2500.0,47.6,23.1,22.4,0.574,0.93,0.176,3.33,0.769,1.08,40800.0,22400.0,28700.0,753.0,1030.0,239.0,5090.0,845.0,0.434,18.2,18.4,17.89,0.013
W233563,2540.0,2710.0,2800.0,53.8,30.9,5.26,0.798,0.946,0.351,3.73,1.2,1.1,30900.0,20100.0,4530.0,702.0,702.0,320.0,3820.0,886.0,0.444,12.2,12.3,11.69,0.021
W233564,1950.0,2060.0,2370.0,34.8,20.2,36.6,0.854,1.23,0.162,1.48,0.97,1.43,23600.0,15500.0,37200.0,886.0,1070.0,174.0,1790.0,842.0,0.583,14.2,14.5,11.69,0.02
W233565,1970.0,2070.0,2260.0,32.5,21.2,34.8,3.4,0.481,0.149,1.68,0.92,2.58,12600.0,9290.0,20200.0,2020.0,240.0,91.2,1160.0,456.0,1.05,8.1,8.29,6.93,0.024
W233566,2000.0,2070.0,2270.0,35.1,19.9,36.2,2.04,0.481,0.176,1.62,0.903,1.75,15700.0,10100.0,24200.0,1400.0,277.0,124.0,1290.0,516.0,0.72,9.3,9.56,7.73,0.016
W233567,2180.0,2270.0,2390.0,49.5,23.7,11.7,4.33,0.448,0.176,2.86,1.03,2.49,34100.0,18500.0,12000.0,4560.0,398.0,192.0,3510.0,911.0,1.02,14.4,14.7,13.67,0.033
W233568,1970.0,2040.0,2230.0,34.9,17.6,31.1,5.88,0.764,0.311,1.63,0.769,4.45,24700.0,14100.0,32900.0,6360.0,697.0,348.0,2060.0,697.0,1.83,14.7,15.2,11.56,0.02
W233569,2050.0,2100.0,2150.0,26.7,13.6,20.2,18.5,0.515,0.081,1.1,0.569,8.95,18200.0,10500.0,20600.0,19300.0,453.0,87.7,1340.0,497.0,3.71,14.1,14.6,10.12,0.15
W233570,2230.0,2500.0,2580.0,38.5,29.8,25.3,0.7,0.631,0.122,1.91,0.936,1.0,14100.0,12400.0,13900.0,393.0,299.0,70.7,1250.0,440.0,0.413,7.6,7.86,7.4,0.013
W233571,2520.0,2570.0,2680.0,47.8,28.1,14.1,1.15,0.631,0.176,1.94,1.09,1.33,5560.0,3700.0,2460.0,205.0,94.6,32.4,401.0,162.0,0.55,2.4,2.49,2.38,0.023
W233572,2270.0,2530.0,2610.0,41.2,32.1,19.4,0.756,0.681,0.189,1.78,0.987,0.8,7630.0,6730.0,5360.0,214.0,162.0,55.5,586.0,234.0,0.334,3.8,3.97,3.72,0.0078
W233573,2800.0,2800.0,2800.0,48.6,36.4,5.33,0.756,0.797,0.243,2.43,1.11,0.775,14000.0,11900.0,2300.0,333.0,296.0,111.0,1250.0,411.0,0.319,6.0,6.17,5.26,0.018
W233574,2020.0,2050.0,2370.0,31.4,17.9,44.3,1.06,0.365,0.257,0.913,0.669,1.48,5450.0,3510.0,11500.0,280.0,81.6,70.5,282.0,148.0,0.608,3.6,3.71,3.54,0.008
W233575,2140.0,2230.0,2490.0,43.2,26.4,23.6,0.784,0.681,0.203,2.34,1.07,1.2,24400.0,16900.0,20000.0,677.0,496.0,181.0,2360.0,774.0,0.488,11.9,12.1,11.19,0.055
W233576,2440.0,2530.0,2650.0,45.8,26.4,14.6,2.32,0.631,0.176,1.83,0.97,3.18,21100.0,13800.0,10100.0,1640.0,376.0,129.0,1500.0,573.0,1.34,9.4,9.88,7.77,0.013
W233972,2600.0,2660.0,2730.0,49.8,32.4,7.88,0.56,1.64,0.108,3.57,1.28,1.13,20400.0,15000.0,4820.0,350.0,866.0,70.0,2600.0,669.0,0.453,8.7,8.75,8.66,0.016
W233973,2060.0,2240.0,2560.0,31.8,23.8,32.4,1.34,1.26,0.081,2.82,0.92,2.55,6140.0,5200.0,9370.0,396.0,314.0,24.8,971.0,227.0,1.03,4.1,4.13,3.85,0.23
W233974,2240.0,2470.0,2530.0,42.1,29.4,23.5,0.574,0.813,0.041,1.55,0.903,0.875,22900.0,18100.0,19200.0,478.0,571.0,35.0,1500.0,629.0,0.352,11.6,11.7,10.27,0.0093
W233975,2520.0,2640.0,2700.0,57.5,27.8,5.25,0.406,1.31,0.041,3.95,1.18,0.675,44100.0,24200.0,6020.0,476.0,1300.0,50.0,5400.0,1160.0,0.272,16.3,16.4,15.46,0.0071
W233976,2720.0,2800.0,2800.0,61.0,27.5,2.99,0.28,1.08,0.041,3.19,1.18,0.35,122000.0,62400.0,8970.0,859.0,2790.0,130.0,11400.0,3020.0,0.141,42.6,42.9,39.36,0.0042
W233977,2420.0,2620.0,2700.0,56.3,28.9,5.13,0.42,1.26,0.0675,4.46,1.17,0.725,42600.0,24700.0,5800.0,485.0,1230.0,80.8,6000.0,1130.0,0.291,16.1,16.2,15.06,0.0088
W233978,1970.0,2070.0,2380.0,32.5,20.9,38.8,1.64,0.913,0.203,1.03,0.786,2.03,17000.0,12400.0,30400.0,1310.0,616.0,168.0,958.0,526.0,0.817,11.1,11.2,10.81,0.025
W233979,2090.0,2200.0,2500.0,35.7,25.3,27.8,2.04,1.28,0.108,1.77,1.27,3.05,10600.0,8470.0,12300.0,924.0,487.0,50.6,930.0,481.0,1.23,6.3,6.33,6.06,0.097
W233980,2240.0,2510.0,2640.0,41.9,28.1,20.4,1.76,0.813,0.041,1.43,1.01,2.2,11100.0,8400.0,8060.0,711.0,276.0,17.0,671.0,340.0,0.886,5.6,5.64,5.61,0.014
W233981,2150.0,2300.0,2500.0,38.5,27.9,22.1,2.28,1.08,0.081,1.65,1.12,3.2,7810.0,6400.0,6690.0,707.0,282.0,26.0,594.0,291.0,1.29,4.3,4.34,4.11,0.067
W233982,2780.0,2800.0,2800.0,57.9,29.5,4.9,0.672,0.93,0.041,2.14,1.31,0.65,56500.0,32600.0,7170.0,1000.0,1170.0,63.0,3720.0,1640.0,0.263,20.7,20.9,20.48,0.0131
W233983,2590.0,2800.0,2800.0,49.6,32.7,4.42,0.77,2.66,0.054,1.73,1.38,2.7,51700.0,38600.0,6890.0,1230.0,3570.0,89.2,3210.0,1850.0,1.14,21.1,22.3,18.0,0.0082
W233984,2250.0,2490.0,2690.0,44.3,27.5,14.4,2.48,1.34,0.041,3.04,1.07,3.33,15100.0,10600.0,7340.0,1290.0,589.0,22.0,1840.0,466.0,1.34,7.2,7.27,6.91,0.063
W233985,2570.0,2650.0,2730.0,49.0,29.9,10.7,1.22,1.38,0.041,2.94,0.936,1.38,37800.0,26100.0,12300.0,1430.0,1370.0,50.0,4050.0,925.0,0.554,16.4,16.5,16.0,0.0153
W233986,2800.0,2800.0,2800.0,51.3,33.6,5.86,0.602,1.43,0.041,3.64,0.886,0.95,49800.0,36900.0,8520.0,893.0,1790.0,63.0,6290.0,1100.0,0.383,20.6,20.8,20.15,0.0141
W233987,2800.0,2800.0,2800.0,50.4,33.7,6.59,0.826,1.21,0.041,2.92,0.92,0.95,37300.0,28200.0,7290.0,933.0,1150.0,48.0,3840.0,870.0,0.385,15.6,15.8,15.98,0.0113
W233988,2800.0,2800.0,2800.0,53.1,32.2,5.15,0.77,1.16,0.108,2.51,1.12,0.975,33700.0,23100.0,4890.0,747.0,951.0,109.0,2840.0,907.0,0.395,13.4,13.6,13.18,0.0073
W233990,2080.0,2140.0,2440.0,37.3,23.5,28.0,3.17,1.01,0.446,1.18,1.08,4.45,7220.0,5160.0,8110.0,937.0,253.0,137.0,407.0,268.0,1.8,4.1,4.15,4.54,0.0254
W233992,2800.0,2800.0,2800.0,47.7,36.4,4.65,1.09,1.1,0.378,2.43,1.51,1.02,19300.0,16700.0,2810.0,671.0,570.0,242.0,1750.0,781.0,0.417,8.5,8.64,8.23,0.0081
W233993,2020.0,2070.0,2360.0,38.5,20.7,34.4,0.7,0.946,0.176,2.12,0.987,1.08,30500.0,18600.0,40900.0,848.0,967.0,221.0,2990.0,1000.0,0.434,16.8,17.0,16.63,0.0128
W233994,2160.0,2220.0,2370.0,16.1,9.75,63.8,1.95,0.631,0.041,0.625,0.385,2.68,6070.0,4170.0,36100.0,1120.0,307.0,25.0,420.0,186.0,1.08,8.0,8.08,7.91,0.036
W233995,2660.0,2700.0,2790.0,45.9,33.0,12.8,0.742,1.08,0.0675,1.54,1.27,1.08,56000.0,45500.0,23400.0,1380.0,1700.0,130.0,3340.0,1990.0,0.435,25.8,26.1,24.6,0.0115
W233996,2140.0,2210.0,2680.0,47.2,24.9,20.9,0.756,1.1,0.149,2.52,1.14,1.02,36900.0,22000.0,24400.0,902.0,1100.0,184.0,3510.0,1140.0,0.415,16.5,16.7,16.02,0.0108
W233997,2230.0,2330.0,2490.0,41.5,22.1,13.5,5.11,1.15,0.108,2.82,1.01,6.25,12900.0,7770.0,6290.0,2430.0,459.0,53.2,1560.0,403.0,2.52,6.6,6.65,6.0,0.11
W233998,2050.0,2140.0,2410.0,34.7,17.8,37.2,1.06,0.78,0.108,2.44,0.736,1.98,23800.0,13900.0,38300.0,1120.0,691.0,118.0,2980.0,647.0,0.795,14.6,14.7,13.1,0.018
W233999,2460.0,2580.0,2770.0,54.0,24.3,10.6,0.462,1.05,0.203,3.0,1.15,0.525,42000.0,21400.0,12300.0,549.0,1050.0,250.0,4160.0,1150.0,0.211,16.6,16.6,15.52,0.016
W234000,2140.0,2420.0,2510.0,40.0,22.4,24.4,0.616,0.847,0.149,2.69,0.92,2.5,58500.0,37100.0,53600.0,1380.0,1600.0,345.0,7020.0,1720.0,1.01,31.1,31.3,27.62,0.017
W234001,2080.0,2220.0,2550.0,34.9,24.6,26.0,1.51,0.813,0.689,2.15,1.14,2.2,6540.0,5220.0,7300.0,433.0,196.0,204.0,718.0,274.0,0.905,3.9,4.01,4.14,0.1
W234002,2580.0,2680.0,2790.0,48.3,27.4,10.3,1.24,0.747,0.162,2.38,1.49,1.38,17700.0,11400.0,5660.0,697.0,354.0,94.3,1560.0,700.0,0.554,7.8,7.86,6.91,0.01
W234003,2760.0,2800.0,2800.0,47.4,32.8,6.75,0.448,0.946,0.162,4.83,1.18,0.725,31700.0,24800.0,6760.0,458.0,816.0,172.0,5750.0,1010.0,0.292,14.2,14.3,12.3,0.0067
W234004,2060.0,2160.0,2360.0,16.2,11.5,58.9,2.38,0.631,0.176,0.721,0.635,1.93,2200.0,1760.0,12000.0,495.0,111.0,37.8,175.0,111.0,0.772,2.9,2.91,2.68,0.18
W234005,2160.0,2310.0,2560.0,38.3,22.6,29.6,0.406,0.83,0.135,3.45,0.886,1.27,40100.0,26800.0,46400.0,650.0,1120.0,224.0,6430.0,1190.0,0.512,22.3,22.4,17.9,0.012
W234006,2800.0,2800.0,2800.0,50.5,34.7,3.33,0.77,0.73,0.203,2.33,1.47,0.9,14000.0,10900.0,1380.0,326.0,261.0,88.9,1150.0,520.0,0.362,5.9,5.93,5.41,0.092
W234008,2030.0,2160.0,2470.0,27.6,15.5,41.3,2.41,1.11,0.162,1.32,0.786,4.68,5170.0,3290.0,11600.0,690.0,269.0,48.1,441.0,189.0,1.88,4.0,4.01,4.07,0.7
W234009,2800.0,2800.0,2800.0,52.3,31.6,4.08,0.966,0.797,0.23,2.57,1.5,0.875,30700.0,21000.0,3570.0,865.0,602.0,213.0,2680.0,1120.0,0.351,12.5,12.5,10.13,0.02
W234011,2350.0,2530.0,2660.0,55.0,23.8,9.97,0.42,0.896,0.513,3.39,1.13,0.8,52800.0,25900.0,14300.0,617.0,1110.0,782.0,5800.0,1400.0,0.321,20.5,20.6,18.86,0.016
W234012,2120.0,2250.0,2430.0,41.3,19.7,29.6,0.574,0.979,0.446,2.73,1.0,1.08,24200.0,13100.0,25900.0,514.0,740.0,414.0,2850.0,750.0,0.432,12.5,12.5,12.38,0.017
W234013,2800.0,2800.0,2800.0,49.1,29.6,4.13,2.13,0.647,0.149,1.67,1.43,1.23,11500.0,7870.0,1450.0,763.0,196.0,55.2,698.0,430.0,0.492,5.0,5.02,5.1,0.028
W234014,2200.0,2410.0,2560.0,43.5,24.8,21.8,1.05,0.598,0.176,2.32,1.32,1.18,11200.0,7240.0,8420.0,415.0,199.0,71.8,1070.0,437.0,0.472,5.5,5.52,6.18,0.01
W234015,2480.0,2560.0,2650.0,47.5,26.9,4.22,2.39,1.08,0.135,5.05,1.08,1.4,64400.0,41300.0,8560.0,4960.0,1890.0,290.0,12200.0,1880.0,0.562,28.9,29.0,28.25,0.021
W234016,2000.0,2120.0,2400.0,26.5,19.7,42.4,2.54,0.847,0.23,1.6,1.04,3.78,2980.0,2510.0,7150.0,436.0,123.0,41.0,321.0,150.0,1.52,2.4,2.41,2.44,0.19
W234017,2080.0,2280.0,2630.0,26.0,20.8,38.1,2.02,0.714,0.203,1.48,0.97,3.28,2800.0,2540.0,6150.0,332.0,99.1,34.6,284.0,134.0,1.31,2.3,2.31,2.31,0.035
W234018,2800.0,2800.0,2800.0,50.7,33.1,3.96,0.938,0.647,0.189,2.68,1.57,0.925,20700.0,15300.0,2430.0,587.0,342.0,123.0,1950.0,821.0,0.372,8.7,8.76,8.18,0.0071
W234019,2800.0,2800.0,2800.0,56.7,29.5,3.06,0.56,0.946,0.338,3.0,1.4,0.525,35700.0,21000.0,2880.0,539.0,768.0,337.0,3370.0,1130.0,0.211,13.4,13.5,10.97,0.0075
W234020,2560.0,2640.0,2740.0,57.3,24.7,6.42,0.546,0.913,0.216,3.43,1.24,0.625,31800.0,15600.0,5340.0,463.0,654.0,190.0,3390.0,884.0,0.252,11.8,11.9,11.62,0.014
W234104,2800.0,2800.0,2800.0,54.6,29.9,3.36,1.09,0.979,0.23,2.6,1.4,0.875,38200.0,23700.0,3520.0,1170.0,883.0,255.0,3230.0,1260.0,0.356,14.7,15.0,13.95,0.009
W234105,2460.0,2520.0,2630.0,51.4,25.3,12.5,1.06,0.714,0.216,2.44,1.34,1.48,33100.0,18500.0,12100.0,1040.0,593.0,221.0,2800.0,1100.0,0.598,13.6,13.8,12.48,0.0075
W234106,2320.0,2450.0,2490.0,49.5,24.2,16.0,1.08,1.05,0.081,2.32,1.34,1.33,31000.0,17200.0,15000.0,1040.0,845.0,80.5,2590.0,1070.0,0.538,13.2,13.4,12.47,0.0158
W234107,2100.0,2140.0,2240.0,15.2,8.6,54.0,3.22,2.32,0.27,1.21,0.368,7.6,8030.0,5150.0,42700.0,2600.0,1580.0,226.0,1140.0,249.0,3.34,10.3,11.3,8.98,0.0047
W234109,2560.0,2600.0,2760.0,52.9,26.2,9.64,0.924,1.38,0.122,2.69,1.37,0.85,31700.0,17800.0,8630.0,845.0,1060.0,115.0,2870.0,1050.0,0.346,12.6,12.8,12.04,0.0171
W234110,2800.0,2800.0,2800.0,57.8,29.1,4.43,0.63,0.863,0.162,2.45,1.47,0.5,44500.0,25400.0,5110.0,742.0,857.0,198.0,3360.0,1450.0,0.204,16.2,16.5,15.39,0.0056
W234111,2800.0,2800.0,2800.0,53.7,30.2,3.63,0.588,0.847,0.243,2.39,1.51,0.8,49900.0,31800.0,5050.0,835.0,1010.0,358.0,3960.0,1800.0,0.33,19.3,19.9,17.69,0.0059
W234112,2110.0,2180.0,2320.0,43.1,23.6,21.9,1.33,1.53,0.473,2.39,1.17,1.08,30300.0,18800.0,23000.0,1420.0,1380.0,525.0,2990.0,1050.0,0.436,14.8,15.0,13.83,0.011
W234113,2780.0,2800.0,2800.0,54.7,28.2,3.47,1.22,0.913,0.189,2.6,1.39,0.85,35200.0,20500.0,3340.0,1200.0,757.0,193.0,2970.0,1150.0,0.347,13.5,13.8,12.9,0.0102
W234114,2760.0,2800.0,2800.0,56.8,27.3,4.5,0.728,1.06,0.162,2.7,1.3,0.75,32200.0,17500.0,3820.0,630.0,775.0,145.0,2730.0,939.0,0.305,11.9,12.1,11.58,0.0113
W234115,2800.0,2800.0,2800.0,45.2,37.8,4.3,0.952,0.232,0.081,2.27,1.4,1.02,21500.0,20300.0,3060.0,692.0,142.0,61.0,1920.0,852.0,0.417,10.0,10.2,9.52,0.0015
W234116,2800.0,2800.0,2800.0,60.7,26.7,2.76,0.742,0.979,0.135,2.51,1.29,0.725,30500.0,15100.0,2070.0,569.0,633.0,107.0,2240.0,828.0,0.296,10.5,10.7,9.95,0.0107
W234117,2800.0,2800.0,2800.0,56.0,29.0,2.2,0.77,0.813,0.122,2.57,1.46,0.6,35500.0,20800.0,2090.0,745.0,664.0,122.0,2900.0,1190.0,0.245,13.3,13.6,12.92,0.0055
W234118,2800.0,2800.0,2800.0,58.4,28.1,3.19,0.784,0.93,0.176,2.51,1.32,0.825,33300.0,18100.0,2720.0,683.0,683.0,159.0,2550.0,965.0,0.336,12.0,12.2,11.63,0.0104
W234119,2400.0,2450.0,2580.0,49.3,24.1,13.1,1.34,0.78,0.149,2.36,1.28,1.0,33500.0,18500.0,13300.0,1390.0,684.0,160.0,2850.0,1120.0,0.407,14.3,14.6,13.79,0.0089
W234120,2210.0,2290.0,2570.0,36.7,27.7,17.9,3.4,0.946,0.203,1.89,1.39,4.68,7510.0,6420.0,5490.0,1060.0,250.0,65.7,688.0,364.0,1.9,4.3,4.38,4.15,0.0091
W234121,2210.0,2290.0,2560.0,40.3,25.7,23.4,0.98,0.681,0.122,2.1,0.652,1.68,26200.0,18900.0,22700.0,974.0,571.0,125.0,2440.0,543.0,0.681,13.7,13.9,12.88,0.0148
W234122,2730.0,2790.0,2800.0,50.8,28.7,6.08,1.35,0.664,0.243,1.79,1.71,1.55,32800.0,21000.0,5880.0,1340.0,553.0,249.0,2060.0,1410.0,0.631,13.6,13.8,12.8,0.0068
W234123,2440.0,2500.0,2710.0,50.1,25.2,10.7,0.714,0.681,0.338,3.53,0.903,1.55,51500.0,29300.0,16500.0,1120.0,902.0,550.0,6470.0,1190.0,0.629,21.7,22.0,20.64,0.0085
W234124,2530.0,2600.0,2730.0,48.2,28.4,12.1,1.82,0.73,0.176,1.43,1.64,2.08,27500.0,18300.0,10400.0,1590.0,537.0,159.0,1450.0,1200.0,0.844,12.0,12.2,11.81,0.015
W234125,2470.0,2520.0,2700.0,37.5,27.3,16.7,1.67,0.647,0.297,2.0,1.16,2.73,12800.0,10500.0,8510.0,869.0,285.0,161.0,1210.0,507.0,1.11,7.2,7.3,7.05,0.0098
W234126,2520.0,2580.0,2680.0,44.8,28.1,11.5,1.43,0.863,0.0675,1.44,1.74,1.25,44600.0,31600.0,17000.0,2170.0,1110.0,106.0,2550.0,2210.0,0.507,21.0,21.3,19.72,0.016
W234127,2480.0,2540.0,2620.0,49.8,25.6,11.3,1.36,0.697,0.23,1.88,1.22,2.42,18600.0,10800.0,6310.0,777.0,336.0,136.0,1250.0,585.0,0.983,7.9,8.01,7.43,0.006
W234128,2680.0,2760.0,2800.0,46.4,29.2,5.15,1.58,1.26,0.122,3.16,1.0,1.88,21100.0,15000.0,3500.0,1100.0,739.0,87.5,2560.0,581.0,0.768,9.5,9.72,9.14,0.012
W234129,2560.0,2620.0,2740.0,42.5,31.8,10.7,2.34,1.08,0.135,2.96,1.1,2.5,12600.0,10700.0,4730.0,1060.0,412.0,63.4,1560.0,418.0,1.02,6.2,6.34,6.08,0.011
W234130,2600.0,2660.0,2750.0,46.2,30.0,10.1,1.96,0.747,0.257,1.54,1.64,2.7,27200.0,20000.0,8880.0,1760.0,566.0,239.0,1610.0,1230.0,1.1,12.4,12.6,11.5,0.0095
W234131,2260.0,2300.0,2540.0,35.5,27.1,17.2,3.56,1.08,1.34,2.21,1.27,4.83,5910.0,5110.0,4290.0,905.0,231.0,353.0,655.0,270.0,1.96,3.5,3.56,3.6,0.018
W234132,2450.0,2490.0,2550.0,38.3,28.6,14.4,2.06,1.31,0.284,2.55,1.42,3.63,15800.0,13300.0,8890.0,1300.0,697.0,185.0,1870.0,749.0,1.52,8.4,8.81,7.12,0.0083
W234588,2250.0,2340.0,2430.0,55.5,19.4,6.72,2.32,1.24,0.77,2.79,0.736,6.7,63700.0,25200.0,11500.0,4080.0,1840.0,1400.0,5700.0,1080.0,2.87,22.9,24.5,19.81,0.02
W234589,2110.0,2190.0,2250.0,35.2,15.1,7.05,10.9,1.64,2.16,0.469,0.635,16.9,14200.0,6900.0,4250.0,6700.0,854.0,1380.0,336.0,328.0,7.27,8.0,8.63,7.06,0.028
W235310,2350.0,2490.0,2630.0,48.3,23.4,13.6,2.63,0.531,0.554,1.5,2.81,1.7,51400.0,28200.0,21600.0,4280.0,728.0,933.0,2840.0,3820.0,0.685,22.6,22.8,24.52,0.012
W235311,2040.0,2090.0,2240.0,35.5,19.4,36.4,1.07,0.598,0.311,1.85,0.853,1.18,13300.0,8230.0,20400.0,612.0,289.0,184.0,1230.0,409.0,0.477,7.9,8.02,8.03,0.019
W235312,2725.0,2760.0,2800.0,50.0,30.9,6.36,0.882,0.847,0.284,2.12,1.2,0.975,9950.0,6960.0,1900.0,269.0,217.0,89.5,750.0,306.0,0.396,4.2,4.26,3.71,0.012
W235313,2350.0,2520.0,2620.0,43.2,29.6,14.9,1.22,0.863,0.756,3.13,1.22,1.4,13800.0,10700.0,7140.0,597.0,355.0,383.0,1780.0,500.0,0.563,6.8,6.84,5.31,0.013
W235315,2040.0,2160.0,2390.0,28.1,17.9,45.1,1.53,0.465,0.419,1.37,1.05,1.27,6340.0,4560.0,15200.0,526.0,135.0,150.0,550.0,304.0,0.513,4.8,4.82,5.01,0.022
W235318,2025.0,2055.0,2270.0,26.3,10.9,43.5,3.78,0.747,0.716,1.38,0.468,3.5,4830.0,2260.0,11900.0,1060.0,177.0,208.0,451.0,110.0,1.41,3.9,3.93,3.87,0.13
W235319,2030.0,2130.0,2330.0,36.0,14.6,24.5,8.59,0.631,0.675,1.74,0.819,4.05,22600.0,10300.0,23000.0,8220.0,509.0,670.0,1940.0,657.0,1.66,13.1,13.4,12.13,0.063
W235320,2800.0,2800.0,2800.0,50.9,31.3,4.25,0.812,0.847,0.324,2.46,1.41,0.825,5640.0,3930.0,704.0,138.0,121.0,56.9,486.0,200.0,0.34,2.3,2.37,2.56,0.011
W235321,2030.0,2080.0,2270.0,27.2,10.4,54.1,0.812,0.847,0.446,1.5,0.552,1.05,11400.0,4930.0,33800.0,519.0,456.0,295.0,1120.0,295.0,0.437,8.6,8.94,6.87,0.038
W235322,2730.0,2800.0,2800.0,50.5,28.8,9.81,0.616,0.631,0.311,1.88,1.25,0.75,28500.0,18400.0,8290.0,532.0,459.0,278.0,1890.0,904.0,0.307,11.8,12.1,11.09,0.0084
W235323,2500.0,2610.0,2660.0,45.2,25.4,19.6,0.854,0.531,0.284,1.42,1.04,1.13,12700.0,8090.0,8270.0,367.0,193.0,126.0,710.0,374.0,0.459,5.9,6.02,5.48,0.01
W235621,2560.0,2650.0,2760.0,47.9,25.5,8.34,4.4,0.714,0.945,0.445,0.953,3.65,34900.0,21100.0,9100.0,4900.0,671.0,1090.0,578.0,890.0,1.49,15.3,15.6,12.98,0.067
W235622,2420.0,2500.0,2620.0,43.2,21.6,10.2,9.02,0.73,0.797,0.204,0.87,4.75,24000.0,13600.0,8440.0,7650.0,522.0,701.0,202.0,617.0,1.94,11.6,11.9,9.88,0.12
W235623,2640.0,2700.0,2760.0,42.5,18.7,16.1,4.85,0.83,0.905,0.625,1.36,1.35,32600.0,16200.0,18400.0,5680.0,821.0,1100.0,853.0,1340.0,0.554,16.0,16.4,14.2,0.041
W235624,1980.0,2090.0,2300.0,33.8,10.2,28.4,10.4,0.896,1.03,0.118,0.753,6.43,16900.0,5780.0,21300.0,7990.0,579.0,815.0,105.0,482.0,2.62,10.5,10.7,8.68,0.13
W235629,2250.0,2320.0,2450.0,40.5,16.7,6.12,12.6,1.31,0.945,0.457,0.936,3.43,18900.0,8830.0,4270.0,8950.0,789.0,699.0,379.0,559.0,1.41,9.7,9.98,7.46,0.18
W235630,2270.0,2350.0,2530.0,48.6,18.4,7.41,8.08,1.56,0.473,0.409,0.997,5.48,28200.0,12100.0,6430.0,7170.0,1170.0,435.0,422.0,740.0,2.25,12.1,12.4,11.03,0.05
W235634,2220.0,2330.0,2560.0,52.2,17.1,8.74,5.66,1.66,0.338,0.24,0.853,4.97,21300.0,7910.0,5340.0,3530.0,873.0,218.0,175.0,445.0,2.04,8.5,8.73,7.68,0.028
W235635,2360.0,2480.0,2640.0,59.7,18.9,8.65,1.82,1.46,0.108,1.62,0.936,1.68,80600.0,28900.0,17500.0,3760.0,2540.0,231.0,3900.0,1620.0,0.689,28.1,28.9,26.29,0.11
W235636,2160.0,2260.0,2520.0,57.4,17.5,11.6,2.86,1.34,0.297,1.27,0.92,2.83,63500.0,21900.0,19200.0,4830.0,1920.0,520.0,2510.0,1300.0,1.16,23.1,23.7,21.0,0.023
W235637,2240.0,2370.0,2540.0,38.4,16.4,13.7,11.1,1.66,0.486,0.397,0.753,5.4,18000.0,8700.0,9600.0,7960.0,1000.0,361.0,331.0,451.0,2.25,9.6,10.0,8.12,0.18
W235638,2230.0,2330.0,2540.0,50.3,20.8,6.84,5.66,1.59,0.243,0.313,1.23,4.28,19100.0,8940.0,3880.0,3280.0,780.0,146.0,211.0,599.0,1.78,7.8,8.12,6.83,0.085
W235639,2330.0,2440.0,2630.0,43.7,24.1,9.05,5.8,1.66,0.176,0.264,0.936,3.85,20400.0,12800.0,6320.0,4140.0,999.0,130.0,220.0,559.0,1.59,9.7,9.99,8.15,0.072
W235640,2180.0,2300.0,2540.0,49.2,18.3,6.03,6.16,1.24,2.84,0.24,1.18,6.48,14200.0,5950.0,2600.0,2710.0,462.0,1290.0,123.0,436.0,2.66,6.0,6.16,5.61,0.064
W235641,2650.0,2770.0,2800.0,61.3,22.5,3.73,2.14,0.963,1.19,0.769,1.32,1.83,47700.0,19800.0,4350.0,2550.0,966.0,1470.0,1070.0,1310.0,0.751,16.2,16.7,14.81,0.012
W235642,2540.0,2650.0,2750.0,60.3,21.1,6.05,2.73,1.56,2.16,0.757,1.07,2.0,42200.0,16700.0,6340.0,2920.0,1410.0,2400.0,944.0,961.0,0.816,14.7,15.0,13.62,0.028
W235643,2000.0,2090.0,2260.0,45.0,12.4,25.1,3.85,1.1,1.2,0.986,0.753,4.5,30500.0,9500.0,25400.0,3990.0,957.0,1290.0,1190.0,652.0,1.84,14.2,14.5,9.72,0.22
W235644,2420.0,2610.0,2700.0,56.4,22.9,3.93,3.67,1.56,0.419,0.637,1.4,3.85,28700.0,13200.0,3000.0,2850.0,1020.0,338.0,578.0,915.0,1.58,10.6,10.9,8.99,0.032
W235645,2440.0,2560.0,2790.0,52.9,24.5,4.38,4.62,1.2,0.5,0.469,1.12,3.35,31300.0,16400.0,3880.0,4190.0,914.0,470.0,495.0,849.0,1.37,12.4,12.7,11.62,0.031
W235646,2800.0,2800.0,2800.0,51.7,35.9,1.56,1.9,0.365,0.837,0.517,1.34,1.33,66400.0,52200.0,3000.0,3740.0,605.0,1700.0,1180.0,2200.0,0.542,26.9,27.5,24.59,0.013
W235647,2800.0,2800.0,2800.0,51.4,34.3,1.86,2.42,0.448,0.891,0.505,1.23,1.18,67400.0,51000.0,3650.0,4850.0,757.0,1850.0,1180.0,2070.0,0.488,27.0,28.1,23.65,0.013
W235648,2800.0,2800.0,2800.0,55.7,33.9,2.04,1.04,0.515,1.16,0.349,1.16,1.1,51900.0,35800.0,2850.0,1480.0,619.0,1720.0,579.0,1390.0,0.455,19.3,20.0,18.04,0.005
W235649,2660.0,2800.0,2800.0,66.1,21.7,3.95,1.31,0.73,0.945,0.685,0.836,1.02,91700.0,34100.0,8190.0,2770.0,1310.0,2080.0,1690.0,1480.0,0.423,28.8,29.7,25.32,0.012
W235650,2800.0,2800.0,2800.0,60.0,27.2,2.75,1.71,0.465,0.824,0.529,1.66,1.3,59300.0,30400.0,4050.0,2580.0,591.0,1290.0,929.0,2090.0,0.533,20.6,21.1,19.27,0.013
W235651,2800.0,2800.0,2800.0,54.2,31.7,2.6,1.13,0.697,0.851,0.661,1.16,0.875,67100.0,44400.0,4820.0,2150.0,1110.0,1670.0,1460.0,1840.0,0.362,25.6,26.5,26.82,0.0079
W235653,2800.0,2800.0,2800.0,58.7,28.1,2.36,1.08,0.515,0.891,0.601,1.2,0.875,67400.0,36600.0,4060.0,1900.0,762.0,1620.0,1230.0,1770.0,0.36,23.9,24.6,17.86,0.0049
W235654,2800.0,2800.0,2800.0,51.7,32.6,2.29,2.65,0.564,1.05,0.493,1.43,1.48,57400.0,41000.0,3810.0,4500.0,809.0,1860.0,975.0,2040.0,0.613,22.9,23.8,22.06,0.024
W235655,2800.0,2800.0,2800.0,50.5,31.3,2.16,4.92,0.481,0.81,0.541,1.46,1.93,55300.0,38900.0,3540.0,8230.0,680.0,1410.0,1050.0,2040.0,0.785,23.0,23.4,21.71,0.072
W235656,2800.0,2800.0,2800.0,57.1,31.0,2.0,2.11,0.465,0.743,0.505,1.24,1.35,69800.0,42900.0,3660.0,3950.0,732.0,1440.0,1100.0,1950.0,0.549,25.7,26.1,22.34,0.0098
W235657,2800.0,2800.0,2800.0,50.3,30.0,2.36,4.96,0.515,0.743,0.853,1.1,1.53,72100.0,48700.0,5070.0,10900.0,952.0,1690.0,2180.0,2020.0,0.62,30.2,30.7,26.6,0.091
W235658,2530.0,2600.0,2770.0,46.5,27.9,2.27,9.94,0.481,0.999,0.493,1.02,2.23,55800.0,37900.0,4080.0,18200.0,745.0,1900.0,1050.0,1560.0,0.907,25.2,25.7,22.91,0.073
W235659,2800.0,2800.0,2800.0,52.8,31.6,3.05,2.16,0.681,0.986,0.637,1.29,2.42,57600.0,39100.0,4980.0,3600.0,958.0,1710.0,1240.0,1810.0,0.994,22.8,23.4,20.12,0.015
W235660,2260.0,2380.0,2690.0,58.4,18.0,4.36,5.49,0.896,1.76,0.228,1.24,5.15,41200.0,14300.0,4600.0,5910.0,815.0,1960.0,287.0,1120.0,2.11,14.7,15.1,12.91,0.069
W236192,2000.0,2050.0,2080.0,26.3,12.6,51.2,1.03,0.564,0.216,1.48,0.535,1.93,12000.0,6520.0,35000.0,721.0,332.0,156.0,1200.0,313.0,0.775,9.7,9.77,9.05,0.023
W236193,2130.0,2250.0,2440.0,47.7,21.5,17.9,1.44,1.44,0.216,2.69,1.23,1.48,57700.0,29400.0,32300.0,2660.0,2250.0,414.0,5790.0,1900.0,0.596,25.6,25.9,25.13,0.017
W236194,2130.0,2210.0,2340.0,43.5,20.7,17.7,4.54,1.29,0.284,2.91,0.903,3.78,41700.0,22500.0,25300.0,6650.0,1600.0,431.0,4970.0,1110.0,1.53,20.3,20.5,18.86,0.14
W236195,2230.0,2290.0,2500.0,43.4,23.0,16.7,0.364,1.18,0.23,3.09,1.01,1.13,37100.0,22300.0,21300.0,475.0,1300.0,311.0,4700.0,1110.0,0.454,18.1,18.3,17.05,0.0087
W236196,1920.0,2030.0,2120.0,36.9,17.6,36.1,0.952,1.21,0.135,2.37,0.853,1.98,22400.0,12100.0,32900.0,886.0,951.0,130.0,2570.0,665.0,0.804,12.8,13.0,12.56,0.019
W236197,2200.0,2270.0,2460.0,51.6,22.2,18.3,0.322,0.863,0.257,3.65,0.953,1.2,50500.0,24600.0,26800.0,481.0,1090.0,397.0,6360.0,1190.0,0.495,20.3,20.9,19.56,0.0086
W236198,2310.0,2500.0,2550.0,38.9,30.5,15.3,1.6,1.18,0.405,3.43,1.13,3.78,6170.0,5470.0,3620.0,386.0,241.0,102.0,966.0,229.0,1.55,3.3,3.39,3.29,0.093
W236199,2710.0,2800.0,2800.0,56.1,29.1,5.71,0.392,1.08,0.297,4.12,0.819,1.0,46400.0,27200.0,7060.0,496.0,1150.0,389.0,6070.0,867.0,0.405,17.5,17.7,16.23,0.0078
W236200,2290.0,2460.0,2580.0,30.3,26.9,17.1,0.238,2.49,0.378,2.93,0.686,6.48,15900.0,15900.0,13400.0,190.0,1680.0,314.0,2730.0,459.0,2.87,10.1,11.2,7.96,0.013
W236201,2230.0,2460.0,2610.0,42.4,25.2,14.3,0.84,0.93,0.419,2.81,1.1,1.75,9640.0,6480.0,4860.0,292.0,273.0,151.0,1140.0,321.0,0.71,4.8,4.87,4.42,0.012
W236203,2420.0,2510.0,2620.0,54.0,24.6,12.4,0.378,0.93,0.23,3.86,1.15,0.9,38900.0,20000.0,13400.0,416.0,864.0,262.0,4950.0,1060.0,0.365,15.2,15.4,14.48,0.0095
W236204,2620.0,2730.0,2790.0,62.0,25.5,4.0,0.154,0.847,0.23,2.97,1.21,0.6,124000.0,57800.0,12000.0,471.0,2180.0,727.0,10600.0,3110.0,0.243,42.2,42.8,38.9,0.0053
W236205,2180.0,2460.0,2630.0,30.1,30.0,20.7,0.966,2.16,0.419,2.68,0.886,4.78,12100.0,13700.0,12500.0,596.0,1120.0,268.0,1930.0,458.0,2.06,8.0,8.64,6.39,0.012
W236206,2260.0,2470.0,2550.0,53.0,24.0,15.2,0.294,0.88,0.392,3.58,1.16,0.85,57000.0,29300.0,24500.0,484.0,1220.0,668.0,6860.0,1600.0,0.351,22.3,23.0,22.09,0.011
W236207,2720.0,2800.0,2800.0,54.4,30.9,4.73,0.378,0.93,0.27,4.16,1.17,0.925,55300.0,35600.0,7210.0,588.0,1220.0,436.0,7540.0,1520.0,0.373,21.6,21.8,19.61,0.0068
W236208,2130.0,2220.0,2430.0,51.5,21.6,19.8,0.924,0.432,0.324,0.889,1.94,1.55,12600.0,6000.0,7250.0,346.0,136.0,126.0,388.0,608.0,0.625,5.2,5.24,4.86,0.016
W236209,2800.0,2800.0,2800.0,46.1,34.7,6.66,0.49,0.847,0.27,2.79,0.92,0.95,21300.0,18200.0,4620.0,347.0,505.0,198.0,2300.0,545.0,0.384,9.8,9.91,8.75,0.0085
W236210,2800.0,2800.0,2800.0,47.3,24.7,15.8,0.378,1.13,0.324,3.26,0.853,1.83,69000.0,40900.0,34500.0,844.0,2130.0,750.0,8470.0,1590.0,0.736,31.0,31.3,15.27,0.024
W236211,2380.0,2490.0,2620.0,55.4,33.3,4.2,0.35,0.93,0.297,2.49,1.32,0.6,42700.0,29100.0,4860.0,413.0,925.0,363.0,3420.0,1310.0,0.243,16.3,16.5,28.93,0.0087
W236212,2070.0,2140.0,2220.0,41.0,11.0,5.51,15.0,3.49,0.783,0.156,1.77,19.6,33500.0,10200.0,6750.0,18700.0,3680.0,1020.0,228.0,1860.0,9.75,14.1,17.5,12.27,0.042
W236213,2260.0,2390.0,2660.0,59.9,14.7,1.87,8.32,2.32,0.378,0.757,1.0,6.75,74700.0,20700.0,3490.0,15800.0,3730.0,747.0,1680.0,1600.0,3.27,22.0,26.7,19.6,0.076
W236214,2180.0,2250.0,2320.0,37.4,19.4,5.38,13.8,4.98,1.01,0.325,1.27,12.3,23700.0,14000.0,5110.0,13400.0,4080.0,1020.0,367.0,1030.0,5.82,11.5,13.6,10.77,0.052
W236215,2260.0,2330.0,2490.0,52.2,18.1,6.42,9.05,2.49,0.028,0.697,1.52,5.98,57700.0,22700.0,10600.0,15300.0,3550.0,48.0,1370.0,2150.0,2.96,19.1,23.7,16.92,0.1
W236217,2100.0,2170.0,2220.0,34.2,13.3,11.7,15.9,4.65,0.432,0.505,1.27,12.2,17500.0,7720.0,8950.0,12400.0,3060.0,350.0,460.0,828.0,5.86,9.1,10.9,8.25,0.18
W236218,2060.0,2140.0,2180.0,28.2,13.7,12.5,15.2,4.65,0.473,0.385,0.736,17.7,15600.0,8600.0,10400.0,12800.0,3320.0,414.0,379.0,521.0,8.22,10.2,11.8,9.44,0.13
W236219,2100.0,2200.0,2300.0,32.6,14.7,22.3,8.15,2.16,0.028,0.118,0.87,14.4,19600.0,10000.0,20000.0,7470.0,1670.0,26.0,126.0,667.0,6.9,10.7,12.8,9.56,0.085
W236220,2080.0,2150.0,2180.0,25.1,10.2,13.9,15.7,4.65,0.54,0.276,0.87,24.3,16000.0,7360.0,13300.0,15300.0,3830.0,547.0,315.0,711.0,12.2,10.9,13.7,9.11,0.032
W236221,2320.0,2380.0,2560.0,43.5,25.4,3.12,7.14,3.49,0.203,0.649,1.44,12.8,52200.0,34500.0,5600.0,13100.0,5390.0,385.0,1390.0,2220.0,6.13,21.4,25.6,19.24,0.025
W236223,2090.0,2200.0,2250.0,27.5,14.2,9.81,16.0,4.48,0.028,0.18,1.04,25.1,16700.0,9680.0,8880.0,14800.0,3490.0,26.0,194.0,803.0,11.3,11.5,12.9,11.08,0.07
W236224,2060.0,2150.0,2240.0,44.4,12.9,5.18,15.9,2.16,0.0675,0.3,2.59,14.9,45000.0,14800.0,7850.0,24600.0,2820.0,108.0,542.0,3360.0,6.85,18.8,21.7,16.83,0.061
W236225,2370.0,2470.0,2570.0,64.0,15.6,0.887,5.39,0.548,0.675,0.962,0.753,3.3,126000.0,34700.0,2610.0,16200.0,1390.0,2110.0,3370.0,1900.0,1.52,36.6,42.2,34.41,0.13
W236226,2410.0,2500.0,2600.0,56.3,21.6,1.5,5.66,1.05,0.675,0.853,0.719,5.0,99300.0,43100.0,3960.0,15200.0,2380.0,1890.0,2680.0,1620.0,2.34,32.3,37.7,30.25,0.09
W236227,2360.0,2440.0,2600.0,49.5,22.1,7.55,5.27,0.315,0.028,0.276,1.48,6.73,22800.0,11500.0,5210.0,3710.0,187.0,20.0,227.0,875.0,2.98,8.9,9.84,8.46,0.18
W236232,2050.0,2150.0,2300.0,53.0,13.2,3.95,7.39,0.465,5.67,1.67,0.635,12.5,67500.0,19100.0,7520.0,14400.0,763.0,11400.0,3790.0,1040.0,5.83,23.4,27.2,22.04,0.063
W236233,2280.0,2360.0,2430.0,48.7,18.0,1.06,11.2,1.08,0.608,0.409,0.87,17.0,59600.0,24900.0,1950.0,21000.0,1700.0,1180.0,890.0,1360.0,9.18,19.4,26.2,15.17,0.14
W236237,2800.0,2800.0,2800.0,52.2,36.7,3.1,1.04,0.481,0.27,1.48,1.55,1.2,12800.0,10200.0,1140.0,391.0,152.0,105.0,645.0,485.0,0.484,5.2,5.25,5.45,0.0071
W236240,2060.0,2160.0,2380.0,39.9,20.4,32.3,0.588,0.78,0.338,2.4,0.769,1.15,26600.0,15300.0,32100.0,598.0,669.0,356.0,2850.0,655.0,0.464,14.1,14.2,11.81,0.0087
W236241,2460.0,2600.0,2720.0,46.6,30.8,9.92,2.54,0.963,0.311,1.95,1.28,3.18,6600.0,4940.0,2100.0,549.0,176.0,69.7,491.0,232.0,1.28,3.0,3.03,2.84,0.02
W236243,2430.0,2530.0,2690.0,48.5,29.3,7.18,2.94,0.813,0.932,0.589,1.76,3.93,5270.0,3600.0,1170.0,488.0,114.0,160.0,114.0,244.0,1.59,2.3,2.32,2.47,0.029
W236245,1900.0,2010.0,2160.0,29.0,15.0,40.6,2.04,0.531,1.49,1.44,0.502,4.18,2740.0,1610.0,5730.0,295.0,64.7,222.0,242.0,60.6,1.69,2.0,2.02,1.93,0.014
W236247,2470.0,2600.0,2760.0,45.7,31.9,12.6,1.38,0.83,0.297,2.36,1.42,1.75,15100.0,11900.0,6250.0,695.0,353.0,156.0,1390.0,600.0,0.707,7.0,7.07,6.91,0.1
W238405,2100.0,2130.0,2420.0,29.3,19.1,43.3,0.938,0.664,0.0945,1.61,0.719,2.13,13700.0,10100.0,30200.0,669.0,400.0,69.9,1340.0,430.0,0.858,9.9,9.99,10.67,0.022
W238406,2600.0,2660.0,2720.0,48.9,30.4,11.2,0.448,1.13,0.324,3.05,1.29,0.925,52700.0,37100.0,18100.0,738.0,1570.0,554.0,5860.0,1770.0,0.373,22.9,23.1,21.91,0.007
W238407,2660.0,2720.0,2770.0,41.8,32.3,19.5,0.7,0.299,0.176,1.29,1.59,1.18,33600.0,29400.0,23400.0,859.0,309.0,223.0,1840.0,1630.0,0.472,17.1,17.2,16.93,0.0054
W238408,2800.0,2800.0,2800.0,49.5,36.5,7.58,0.49,0.382,0.257,1.47,2.24,0.925,36300.0,30300.0,8320.0,549.0,361.0,298.0,1910.0,2100.0,0.372,15.6,15.7,15.42,0.0039
W238409,2260.0,2380.0,2610.0,44.7,26.2,19.7,1.93,0.664,0.216,1.89,1.14,1.9,27800.0,18400.0,18300.0,1830.0,531.0,213.0,2090.0,905.0,0.765,13.2,13.3,13.58,0.028
W238474,2600.0,2790.0,2800.0,53.5,30.3,7.68,1.22,0.515,0.608,1.5,1.61,1.18,29200.0,18700.0,6270.0,1020.0,362.0,526.0,1460.0,1120.0,0.473,11.6,11.7,10.75,0.0067
W238475,2045.0,2080.0,2360.0,29.6,19.9,31.4,3.7,1.34,0.81,2.38,0.535,8.2,5360.0,4090.0,8510.0,1020.0,314.0,233.0,767.0,124.0,3.35,3.8,3.88,3.37,0.15
W238476,2650.0,2720.0,2780.0,49.3,28.8,1.99,3.53,0.714,0.432,1.38,1.54,6.75,33700.0,22300.0,2030.0,3690.0,629.0,468.0,1680.0,1350.0,2.82,14.0,14.7,11.95,0.025
W238477,2020.0,2080.0,2430.0,36.8,20.3,31.2,1.29,0.714,1.12,2.6,0.669,2.48,6240.0,3900.0,7920.0,335.0,156.0,301.0,784.0,145.0,0.998,3.6,3.63,3.25,0.076
W238481,2060.0,2290.0,2490.0,48.0,26.3,16.5,1.29,0.664,0.27,2.64,1.16,2.63,10900.0,6760.0,5620.0,448.0,194.0,97.1,1070.0,338.0,1.06,4.8,4.86,4.92,0.011
W238482,2700.0,2800.0,2800.0,48.3,35.1,7.06,1.76,0.282,1.01,0.913,1.15,3.08,4330.0,3560.0,948.0,242.0,32.6,144.0,146.0,132.0,1.24,1.9,1.92,2.4,0.014
W238483,1920.0,2020.0,2370.0,34.5,24.3,28.5,2.66,0.332,0.513,0.601,1.72,4.18,11000.0,8790.0,13600.0,1300.0,137.0,260.0,342.0,704.0,1.68,6.8,6.84,6.92,0.038
W238512,2240.0,2450.0,2660.0,48.7,25.5,18.7,0.91,0.564,0.243,1.68,1.61,1.73,42100.0,24900.0,24200.0,1200.0,629.0,333.0,2590.0,1780.0,0.694,18.4,18.5,18.81,0.0085
W238517,2000.0,2080.0,2260.0,39.9,21.3,28.7,1.68,0.531,0.311,1.41,0.903,2.65,14600.0,8830.0,15800.0,941.0,251.0,180.0,918.0,423.0,1.08,7.7,7.84,7.58,0.025
W238519,2660.0,2770.0,2800.0,55.3,29.2,7.39,0.896,0.432,0.311,1.47,2.44,1.25,26300.0,15700.0,5260.0,651.0,264.0,234.0,1240.0,1490.0,0.509,10.0,10.2,9.68,0.0021
W238520,2470.0,2620.0,2760.0,53.9,27.1,8.82,1.47,0.448,0.446,1.61,1.92,1.63,34400.0,19600.0,8420.0,1430.0,369.0,451.0,1830.0,1570.0,0.662,13.4,13.7,13.3,0.0024
W238521,2070.0,2170.0,2530.0,36.9,25.0,29.2,1.04,0.548,0.23,1.53,2.32,1.83,28900.0,22100.0,34100.0,1240.0,552.0,284.0,2120.0,2320.0,0.74,16.5,16.7,17.23,0.068
W238523,2800.0,2800.0,2800.0,43.2,35.7,6.26,1.88,0.365,0.135,1.57,1.2,2.08,34700.0,32500.0,7540.0,2310.0,379.0,172.0,2250.0,1240.0,0.84,17.0,17.2,16.12,0.0043
W238524,2730.0,2800.0,2800.0,58.4,27.5,3.35,0.84,0.564,0.23,2.44,2.78,1.4,44700.0,23800.0,3840.0,984.0,558.0,279.0,3330.0,2720.0,0.567,16.2,16.4,16.31,0.029
W238527,2130.0,2230.0,2400.0,47.5,23.3,22.7,0.35,0.797,0.257,2.98,1.08,1.23,54800.0,30400.0,39200.0,617.0,1180.0,469.0,6120.0,1590.0,0.494,24.5,24.7,23.43,0.013
W238528,2740.0,2800.0,2800.0,51.9,32.7,8.01,0.742,0.282,0.297,1.15,1.48,1.25,24000.0,17100.0,5550.0,525.0,168.0,218.0,949.0,879.0,0.505,9.8,9.9,9.65,0.022
W238530,2400.0,2510.0,2630.0,51.4,28.6,9.91,1.64,0.83,0.324,1.98,1.01,1.4,22000.0,13900.0,6360.0,1070.0,459.0,220.0,1510.0,555.0,0.564,9.1,9.17,9.75,0.0089
W238532,2370.0,2490.0,2600.0,44.2,25.3,20.3,0.574,0.664,0.176,2.32,1.42,1.65,47400.0,30700.0,32600.0,941.0,918.0,298.0,4430.0,1950.0,0.67,22.6,23.0,22.15,0.0083
W238533,2220.0,2440.0,2580.0,49.0,25.0,17.5,0.784,0.863,0.189,2.7,1.07,1.9,31400.0,18100.0,16700.0,767.0,712.0,192.0,3080.0,877.0,0.771,13.5,13.7,13.45,0.014
W238534,2010.0,2080.0,2330.0,40.9,20.9,30.3,1.12,0.598,0.135,1.61,1.14,2.28,25900.0,15000.0,28700.0,1080.0,488.0,136.0,1820.0,922.0,0.921,13.4,13.6,13.57,0.021
W238540,2470.0,2540.0,2670.0,44.9,27.8,17.6,1.05,0.498,0.0945,2.27,1.74,1.85,29000.0,20300.0,17000.0,1040.0,414.0,96.7,2610.0,1440.0,0.746,13.7,13.8,13.44,0.0084
W238541,2050.0,2150.0,2370.0,40.0,22.0,29.9,1.39,0.282,0.0675,0.925,1.25,2.83,15800.0,9850.0,17700.0,844.0,144.0,42.4,652.0,635.0,1.14,8.4,8.47,7.86,0.011
W238543,2800.0,2800.0,2800.0,49.9,35.7,6.54,0.42,0.382,0.122,1.78,1.45,0.9,32200.0,26000.0,6300.0,414.0,317.0,124.0,2040.0,1200.0,0.365,13.6,13.8,13.42,0.003
W238544,2100.0,2210.0,2450.0,44.6,25.3,21.2,1.13,0.631,0.149,2.13,0.987,2.17,23500.0,15100.0,16700.0,908.0,428.0,124.0,1990.0,664.0,0.882,11.1,11.3,10.91,0.01
W238545,2330.0,2460.0,2500.0,49.9,24.6,14.7,2.55,0.498,0.365,1.71,1.37,2.98,23800.0,13300.0,10500.0,1850.0,306.0,275.0,1450.0,838.0,1.2,10.1,10.2,9.85,0.011
W238546,2170.0,2290.0,2430.0,38.5,27.5,25.7,0.672,0.481,0.203,2.3,0.92,1.55,35800.0,29000.0,35800.0,955.0,577.0,298.0,3800.0,1090.0,0.626,19.7,19.9,20.18,0.0084
W238547,2060.0,2200.0,2250.0,37.6,25.3,29.5,0.826,0.515,0.257,2.03,0.97,1.7,30300.0,23100.0,35700.0,1020.0,536.0,328.0,2920.0,1000.0,0.687,17.1,17.3,17.33,0.01
W238548,2180.0,2450.0,2560.0,47.6,26.7,18.6,0.602,0.581,0.419,2.28,1.23,1.6,28600.0,18200.0,16700.0,553.0,450.0,399.0,2440.0,944.0,0.648,12.7,12.9,13.02,0.0087
W238549,2330.0,2450.0,2500.0,51.6,26.4,14.5,0.784,0.78,0.149,2.72,1.31,1.15,80300.0,46500.0,33900.0,1870.0,1570.0,367.0,7530.0,2610.0,0.465,33.0,33.3,33.6,0.0035
W238550,2000.0,2040.0,2150.0,25.3,20.5,46.0,1.29,0.216,0.028,0.457,0.686,2.83,14500.0,13300.0,39500.0,1130.0,160.0,25.0,466.0,503.0,1.15,12.1,12.3,11.44,0.017
W238551,2030.0,2210.0,2400.0,32.9,23.4,35.8,0.728,0.481,0.122,1.6,1.49,1.68,20000.0,16100.0,32500.0,675.0,377.0,117.0,1730.0,1160.0,0.675,12.9,13.0,12.73,0.13
W238552,2150.0,2300.0,2470.0,53.3,22.8,15.3,1.24,0.88,0.513,2.49,1.12,1.93,27000.0,13100.0,11600.0,959.0,574.0,411.0,2240.0,725.0,0.779,10.7,10.8,11.13,0.02
W238553,2040.0,2150.0,2400.0,35.9,23.3,32.2,1.22,0.415,0.203,1.1,1.18,2.75,14400.0,10600.0,19300.0,750.0,215.0,129.0,789.0,606.0,1.11,8.5,8.59,8.98,0.0093
W238555,2020.0,2140.0,2420.0,31.7,25.1,31.9,2.14,0.73,0.297,1.44,0.719,4.35,6570.0,5890.0,9900.0,679.0,195.0,97.6,532.0,191.0,1.75,4.4,4.44,4.4,0.021
W238557,2500.0,2590.0,2650.0,41.2,29.5,15.9,3.56,0.598,0.203,0.697,2.04,4.68,13300.0,10800.0,7690.0,1760.0,249.0,104.0,401.0,844.0,1.9,6.8,6.92,6.51,0.01
W238558,2080.0,2210.0,2360.0,39.4,24.2,25.4,1.06,0.598,0.216,1.53,1.07,2.5,16500.0,11500.0,16000.0,679.0,323.0,144.0,1140.0,576.0,1.01,8.9,8.97,8.28,0.018
W238560,2070.0,2140.0,2240.0,43.7,23.3,24.7,1.02,0.564,0.135,1.97,1.19,2.08,21800.0,13200.0,18400.0,778.0,363.0,107.0,1750.0,760.0,0.835,10.6,10.7,10.9,0.012
W238562,2200.0,2400.0,2480.0,54.7,23.5,13.3,0.308,0.93,0.257,3.35,1.13,1.2,67100.0,32600.0,24500.0,578.0,1470.0,499.0,7330.0,1780.0,0.485,26.0,26.3,25.1,0.0085
W238563,2140.0,2270.0,2400.0,40.2,28.7,22.7,0.728,0.78,0.23,2.46,0.987,2.33,40800.0,33000.0,34400.0,1130.0,1020.0,369.0,4450.0,1280.0,0.94,21.5,21.7,20.09,0.015
W238564,2600.0,2750.0,2800.0,54.9,30.4,5.63,0.924,0.863,0.27,2.98,1.3,1.58,16800.0,10600.0,2590.0,433.0,342.0,131.0,1630.0,509.0,0.637,6.5,6.57,6.18,0.0082
W238565,2400.0,2500.0,2600.0,53.0,25.9,12.0,0.812,0.73,0.27,1.78,1.94,1.8,24100.0,13300.0,8180.0,565.0,428.0,195.0,1440.0,1130.0,0.73,9.6,9.74,8.14,0.017
W238566,2340.0,2510.0,2630.0,40.0,31.1,17.6,2.24,0.531,0.311,1.3,1.48,3.5,12600.0,11100.0,8340.0,1080.0,216.0,156.0,730.0,597.0,1.41,6.7,6.76,6.65,0.014
W238567,2000.0,2210.0,2400.0,34.1,25.7,29.4,2.41,0.498,0.324,0.829,1.31,3.98,11400.0,9740.0,14700.0,1230.0,215.0,172.0,495.0,561.0,1.61,7.1,7.17,7.2,0.024
W238940,2590.0,2690.0,2800.0,51.5,27.8,12.3,1.36,0.664,0.176,1.03,2.11,2.58,45800.0,28100.0,16300.0,1850.0,762.0,248.0,1630.0,2400.0,1.04,18.8,19.0,17.6,0.0085
W238941,2580.0,2675.0,2800.0,47.8,30.0,13.4,1.28,0.896,0.581,2.13,1.53,2.2,11700.0,8330.0,4930.0,480.0,284.0,226.0,930.0,481.0,0.889,5.2,5.26,5.31,0.012
W238942,2560.0,2640.0,2750.0,43.2,31.0,15.3,1.4,0.647,1.17,1.89,1.42,2.55,7770.0,6310.0,4110.0,385.0,150.0,335.0,605.0,326.0,1.03,3.8,3.85,3.72,0.01
W238943,2240.0,2330.0,2440.0,39.2,23.6,5.72,8.25,2.66,0.419,2.15,0.97,15.0,13800.0,9440.0,3020.0,4450.0,1210.0,234.0,1350.0,438.0,6.3,7.2,7.52,6.21,0.029
W238944,2800.0,2800.0,2800.0,44.5,39.2,4.9,1.81,0.548,1.34,1.14,2.22,3.48,6740.0,6720.0,1110.0,418.0,107.0,321.0,307.0,431.0,1.41,3.2,3.24,3.18,0.0061
W238945,2690.0,2745.0,2800.0,44.6,33.0,12.4,1.35,0.73,1.15,1.29,1.58,2.6,7600.0,6380.0,3170.0,351.0,161.0,310.0,391.0,344.0,1.05,3.6,3.65,3.74,0.019
W238946,1960.0,2060.0,2160.0,36.4,22.7,28.0,2.65,0.664,0.905,0.601,2.01,4.6,11000.0,7770.0,12700.0,1220.0,259.0,433.0,323.0,776.0,1.86,6.4,6.47,5.91,0.031
W239224,2410.0,2500.0,2620.0,51.4,25.4,14.3,0.56,1.49,0.162,2.79,1.54,0.35,53200.0,29800.0,22200.0,887.0,1990.0,266.0,5140.0,2030.0,0.141,22.0,22.2,22.88,0.04
W239225,2180.0,2260.0,2370.0,22.2,14.1,59.9,0.966,0.332,0.297,1.05,0.719,0.6,17000.0,12200.0,68700.0,1130.0,328.0,361.0,1430.0,705.0,0.244,16.1,16.4,13.18,0.011
W239226,1980.0,2060.0,2170.0,30.9,17.1,44.2,0.924,0.598,0.27,1.86,0.936,0.6,24600.0,15400.0,52600.0,1120.0,613.0,340.0,2640.0,953.0,0.245,16.7,17.0,15.74,0.014
W239227,2030.0,2070.0,2150.0,10.5,6.81,73.4,1.89,0.249,0.257,0.337,0.284,1.38,4400.0,3220.0,46000.0,1210.0,134.0,170.0,251.0,152.0,0.56,8.8,8.95,8.92,0.016
W239228,1900.0,1960.0,2070.0,29.5,14.5,44.1,3.38,0.647,0.23,1.23,0.652,1.7,28700.0,16000.0,64200.0,5010.0,811.0,354.0,2120.0,811.0,0.69,20.5,20.8,20.03,0.028
W239229,2050.0,2130.0,2400.0,47.0,22.1,20.0,1.93,0.847,0.513,2.44,1.1,1.15,55900.0,29700.0,35700.0,3520.0,1300.0,968.0,5170.0,1670.0,0.465,25.2,25.5,23.63,0.016
W239230,2160.0,2500.0,2620.0,29.5,13.2,47.2,1.28,0.681,0.311,1.54,0.803,1.13,19200.0,9770.0,46100.0,1270.0,572.0,321.0,1790.0,669.0,0.455,13.8,13.9,10.41,0.5
W239231,2000.0,2035.0,2100.0,42.4,25.7,20.6,1.9,0.797,0.378,2.32,1.17,0.9,21400.0,14800.0,15600.0,1470.0,520.0,303.0,2090.0,760.0,0.364,10.7,10.8,12.94,0.021
W239232,1935.0,2020.0,2340.0,43.1,19.3,28.5,1.47,0.398,0.27,1.27,1.46,3.1,20700.0,10500.0,20500.0,1080.0,247.0,206.0,1090.0,896.0,1.25,10.2,10.3,9.72,0.023
W239236,2680.0,2710.0,2780.0,47.6,30.6,12.7,0.714,0.365,0.27,1.44,1.55,0.95,21100.0,15300.0,8420.0,483.0,209.0,190.0,1140.0,879.0,0.383,9.4,9.48,9.02,0.0073
W239239,2170.0,2280.0,2410.0,44.0,20.4,27.3,0.952,0.614,0.135,2.21,0.953,2.2,41100.0,21500.0,38200.0,1360.0,739.0,200.0,3680.0,1140.0,0.888,19.8,20.0,19.25,0.037
W239240,2800.0,2800.0,2800.0,58.9,35.4,10.3,0.868,0.315,0.135,2.2,1.36,0.925,41800.0,28400.0,10900.0,942.0,289.0,152.0,2780.0,1240.0,0.372,15.1,15.2,14.35,0.011
W239241,2800.0,2800.0,2800.0,51.2,36.8,2.62,1.64,0.415,0.162,1.48,1.31,3.05,20500.0,16700.0,1570.0,1000.0,214.0,103.0,1050.0,673.0,1.23,8.5,8.58,7.81,0.052
W239242,2800.0,2800.0,2800.0,51.2,35.7,1.47,1.27,0.299,0.135,1.39,2.29,1.9,30900.0,24400.0,1330.0,1170.0,232.0,129.0,1500.0,1770.0,0.766,12.8,12.9,12.19,0.0053
W239243,2800.0,2800.0,2800.0,46.5,31.6,11.4,1.53,0.266,0.176,1.33,2.01,2.33,24900.0,19200.0,9110.0,1250.0,183.0,149.0,1270.0,1370.0,0.934,11.4,11.5,12.09,0.0083
W239245,2800.0,2800.0,2800.0,48.7,38.6,3.03,0.994,0.266,0.135,1.23,2.26,1.7,30300.0,27100.0,2820.0,943.0,213.0,133.0,1360.0,1790.0,0.684,13.2,13.3,14.65,0.011
W239246,2800.0,2800.0,2800.0,46.7,37.6,2.17,1.92,0.515,0.135,1.41,3.19,3.4,34300.0,31300.0,2390.0,2160.0,488.0,157.0,1840.0,3000.0,1.38,15.5,15.7,14.68,0.12
W239247,2800.0,2800.0,2800.0,45.8,34.7,7.29,1.96,0.332,0.405,1.65,2.26,1.2,32300.0,27800.0,7700.0,2110.0,302.0,453.0,2070.0,2040.0,0.483,15.0,15.1,15.23,0.0059
W239248,2070.0,2170.0,2210.0,15.1,12.4,67.5,1.26,0.116,0.837,0.144,0.702,1.6,8820.0,8150.0,58900.0,1120.0,87.3,773.0,150.0,524.0,0.643,12.4,12.5,11.48,0.017
W239249,2220.0,2520.0,2620.0,37.5,30.6,21.9,2.13,0.564,1.13,1.37,1.26,3.68,13800.0,12700.0,12000.0,1190.0,267.0,660.0,895.0,593.0,1.5,7.7,7.85,6.92,0.02
W239250,2520.0,2630.0,2800.0,48.7,27.3,13.8,1.13,0.564,1.08,2.57,1.33,1.45,25000.0,15800.0,10600.0,888.0,373.0,877.0,2350.0,872.0,0.584,10.9,11.0,10.29,0.0083
W239251,2800.0,2800.0,2800.0,51.4,31.4,2.8,1.24,0.581,1.22,2.22,1.42,2.38,17900.0,12400.0,1460.0,657.0,261.0,670.0,1380.0,632.0,0.969,7.3,7.45,6.59,0.0095
W239253,2060.0,2160.0,2400.0,41.9,22.3,28.4,0.756,0.299,0.81,1.59,1.37,1.38,36800.0,22200.0,37400.0,1020.0,338.0,1130.0,2480.0,1540.0,0.553,18.7,18.8,17.77,0.0067
W239254,2490.0,2570.0,2630.0,44.9,27.7,18.6,0.672,0.415,0.945,1.95,1.67,1.08,48600.0,33900.0,30100.0,1110.0,580.0,1620.0,3760.0,2320.0,0.433,23.0,23.2,20.66,0.017
W239255,2010.0,2060.0,2270.0,44.1,19.4,29.8,0.63,0.332,1.03,1.85,1.36,1.15,56300.0,28000.0,56900.0,1230.0,546.0,2080.0,4210.0,2230.0,0.467,26.9,27.3,27.09,0.013
W239256,2450.0,2560.0,2770.0,52.2,25.0,10.1,1.68,0.813,0.405,3.04,1.25,3.13,55500.0,30100.0,16100.0,2730.0,1120.0,683.0,5760.0,1700.0,1.27,22.4,22.8,21.74,0.014
W239257,2580.0,2710.0,2790.0,52.4,26.9,12.5,0.686,0.498,0.203,2.28,1.52,1.13,43800.0,25400.0,15600.0,876.0,537.0,268.0,3400.0,1620.0,0.455,17.7,17.9,18.49,0.0041
W239258,2790.0,2800.0,2800.0,54.2,30.6,3.32,0.49,1.08,0.297,4.88,1.03,1.13,71200.0,45500.0,6530.0,985.0,1830.0,619.0,11400.0,1730.0,0.456,27.8,28.1,27.44,0.0088
W239259,2800.0,2800.0,2800.0,52.3,31.8,3.43,1.28,0.863,0.324,3.65,1.03,1.5,24200.0,16700.0,2380.0,904.0,516.0,238.0,3010.0,609.0,0.607,9.8,9.92,8.88,0.0081
W239261,2080.0,2170.0,2270.0,33.7,18.2,13.4,16.4,0.415,0.189,1.48,0.652,18.0,25000.0,15300.0,14800.0,18600.0,396.0,222.0,1950.0,618.0,7.3,15.6,15.8,14.24,0.1
W239725,2090.0,2210.0,2280.0,22.7,17.4,37.5,9.66,0.216,0.27,0.288,0.284,6.05,9240.0,8000.0,22800.0,6000.0,113.0,174.0,209.0,148.0,2.45,8.6,8.7,8.03,0.071
W239754,2480.0,2510.0,2560.0,33.0,26.9,8.32,11.1,1.51,0.446,0.95,0.97,9.55,8080.0,7440.0,3050.0,4150.0,476.0,173.0,414.0,304.0,3.85,5.2,5.24,5.09,0.074
W239757,2450.0,2620.0,2750.0,59.4,22.6,9.5,0.854,0.581,0.851,1.79,0.753,1.33,101000.0,43400.0,24100.0,2220.0,1270.0,2290.0,5420.0,1640.0,0.534,36.1,36.4,35.98,0.006
W239758,2800.0,2800.0,2800.0,62.9,24.9,2.17,1.18,0.681,0.864,0.601,0.97,1.68,103000.0,46200.0,5340.0,2960.0,1440.0,2250.0,1760.0,2040.0,0.676,34.8,35.1,34.38,0.023
W239759,2800.0,2800.0,2800.0,63.9,24.2,1.34,1.15,0.631,0.648,0.661,0.719,2.5,104000.0,44700.0,3270.0,2870.0,1330.0,1680.0,1920.0,1500.0,1.01,34.6,34.9,34.43,0.018
W239765,2020.0,2050.0,2200.0,38.4,19.0,29.8,3.0,0.614,0.392,2.04,1.48,4.38,26900.0,15100.0,31200.0,3210.0,555.0,435.0,2550.0,1320.0,1.78,14.7,15.0,6.62,0.034
W239766,1920.0,2000.0,2090.0,22.1,13.9,55.7,1.67,0.398,0.27,0.901,0.552,2.98,7150.0,5090.0,26900.0,823.0,166.0,138.0,519.0,228.0,1.21,6.8,6.92,14.27,0.024
W239767,2100.0,2380.0,2490.0,55.7,20.8,15.7,0.812,0.564,0.243,2.06,1.32,1.23,48200.0,20400.0,20300.0,1070.0,630.0,333.0,3170.0,1460.0,0.501,18.1,18.5,17.63,0.0044
W239768,2040.0,2110.0,2440.0,40.3,23.6,27.1,1.58,0.631,0.581,1.45,1.17,2.75,16200.0,10700.0,16300.0,970.0,326.0,369.0,1040.0,602.0,1.12,8.4,8.59,8.25,0.025
W240450,2580.0,2670.0,2800.0,55.2,27.2,5.65,1.13,1.66,0.621,3.05,1.38,2.54,25700.0,14300.0,3940.0,804.0,996.0,458.0,2530.0,822.0,1.02,9.9,9.96,10.83,0.016
W240452,2660.0,2720.0,2800.0,50.4,28.5,12.8,0.83,0.797,0.554,1.28,1.29,1.35,22500.0,14400.0,8550.0,566.0,458.0,392.0,1020.0,736.0,0.543,9.5,9.55,8.96,0.012
W240453,1960.0,2040.0,2300.0,38.8,23.6,25.7,3.09,0.73,0.392,0.89,1.16,3.58,18800.0,12900.0,18600.0,2280.0,456.0,300.0,767.0,718.0,1.44,10.3,10.4,10.11,0.015
W240458,2800.0,2800.0,2800.0,53.1,30.1,6.94,0.36,0.847,0.135,1.72,2.74,0.7,49400.0,31700.0,9670.0,512.0,1020.0,199.0,2850.0,3260.0,0.285,19.6,19.9,12.16,0.0091
W241017,2470.0,2730.0,2800.0,46.2,30.9,8.65,1.81,0.681,0.162,2.2,1.27,1.72,15100.0,11400.0,4220.0,901.0,286.0,83.7,1280.0,530.0,0.706,6.8,6.97,6.59,0.012
W241019,2110.0,2190.0,2500.0,38.9,26.6,28.2,0.95,0.332,0.162,1.38,0.92,1.74,30800.0,23800.0,33400.0,1150.0,339.0,203.0,1940.0,931.0,0.701,16.8,16.9,17.02,0.0068
W241858,2060.0,2170.0,2510.0,40.5,23.6,26.2,1.36,0.216,0.176,1.53,1.34,2.17,17400.0,11500.0,16800.0,892.0,119.0,119.0,1170.0,736.0,0.876,9.1,9.18,8.82,0.013
W241859,2480.0,2570.0,2780.0,51.3,25.3,12.4,1.16,0.88,0.257,2.37,0.94,1.83,27100.0,15100.0,9810.0,937.0,600.0,215.0,2230.0,636.0,0.74,11.2,11.3,9.73,0.021
W241860,2020.0,2060.0,2320.0,41.0,21.1,29.9,1.2,0.448,0.365,1.38,1.15,2.14,15700.0,9130.0,17100.0,701.0,221.0,221.0,939.0,562.0,0.864,8.1,8.18,7.72,0.013
W241864,2110.0,2210.0,2630.0,46.5,21.7,21.0,0.41,0.664,0.23,3.14,0.91,1.9,99100.0,52300.0,66900.0,1330.0,1820.0,775.0,11900.0,2480.0,0.765,45.3,45.6,42.86,0.18
W241866,2000.0,2080.0,2330.0,37.3,21.9,32.2,1.16,0.365,0.203,1.63,1.53,2.38,21400.0,14200.0,27600.0,1010.0,270.0,184.0,1660.0,1120.0,0.956,12.2,12.3,11.43,0.02
W241867,2440.0,2540.0,2680.0,45.4,25.6,19.5,1.2,0.299,0.23,1.78,1.49,2.17,23900.0,15300.0,15400.0,966.0,203.0,192.0,1670.0,1000.0,0.873,11.2,11.3,11.53,0.019
W241868,2360.0,2520.0,2710.0,55.0,23.3,6.94,2.0,1.28,0.257,3.19,1.25,2.11,81800.0,39200.0,15400.0,4540.0,2450.0,604.0,8440.0,2380.0,0.847,31.7,31.8,31.2,0.048
W241869,2130.0,2480.0,2620.0,46.5,26.1,18.0,1.53,0.398,0.23,2.07,1.79,2.16,26400.0,16800.0,15300.0,1330.0,292.0,207.0,2090.0,1300.0,0.868,12.1,12.2,12.02,0.014
W241870,2710.0,2800.0,2800.0,57.9,27.5,6.12,0.7,0.332,0.176,1.94,2.01,1.07,44900.0,24100.0,7090.0,829.0,332.0,216.0,2680.0,1990.0,0.43,16.5,16.6,16.76,0.0037
W241871,2080.0,2380.0,2580.0,49.5,23.1,16.7,1.55,0.398,0.216,2.01,0.992,1.88,28800.0,15200.0,14500.0,1380.0,299.0,199.0,2080.0,739.0,0.755,12.4,12.5,11.44,0.017
W241872,2100.0,2320.0,2440.0,52.4,22.2,11.0,2.29,1.58,0.216,3.2,1.06,2.75,75700.0,36300.0,23800.0,5050.0,2940.0,495.0,8230.0,1960.0,1.1,30.8,30.9,31.0,0.054
W241873,2580.0,2710.0,2800.0,43.4,32.2,16.7,1.22,0.183,0.203,1.44,1.04,1.99,20200.0,16900.0,11600.0,866.0,109.0,149.0,1190.0,619.0,0.8,9.9,9.95,9.7,0.012
W241874,2440.0,2530.0,2640.0,46.5,24.8,19.6,0.76,0.581,0.149,2.06,1.33,1.18,48200.0,29100.0,30400.0,1200.0,776.0,244.0,3800.0,1760.0,0.474,22.1,22.2,21.65,0.024
W241876,2730.0,2800.0,2800.0,60.3,28.6,5.75,0.71,0.432,0.189,2.28,1.59,0.93,48000.0,25800.0,6850.0,863.0,443.0,238.0,3230.0,1620.0,0.375,16.9,17.0,17.25,0.0082
W241877,2800.0,2800.0,2800.0,43.9,35.0,3.45,3.56,0.681,0.257,2.02,1.59,5.77,9310.0,8410.0,1100.0,1150.0,186.0,86.3,763.0,432.0,2.33,4.5,4.54,4.54,0.017
W241878,1950.0,2150.0,2450.0,27.1,22.4,39.7,2.35,0.0498,0.135,0.83,0.85,2.18,18400.0,17200.0,40300.0,2430.0,43.5,145.0,1000.0,737.0,0.878,14.4,14.5,14.57,0.008
W241884,2600.0,2800.0,2800.0,48.5,29.0,9.25,1.55,0.88,0.203,2.27,1.5,2.19,28300.0,19200.0,8080.0,1380.0,662.0,187.0,2360.0,1120.0,0.883,12.4,12.5,11.97,0.029
W241885,1950.0,1960.0,2000.0,32.8,15.6,44.0,1.3,0.332,0.135,0.97,1.02,2.51,20700.0,11200.0,41600.0,1260.0,271.0,135.0,1090.0,825.0,1.01,13.4,13.5,12.98,0.028
W241887,2080.0,2220.0,2440.0,28.8,21.4,29.6,6.1,0.747,0.203,0.9,0.7,10.6,8900.0,7490.0,13700.0,2880.0,298.0,99.2,495.0,277.0,4.31,6.5,6.61,5.99,0.024
W241889,2000.0,2170.0,2380.0,31.5,25.0,35.6,1.38,0.249,0.108,0.58,1.05,1.7,12800.0,11500.0,21600.0,856.0,130.0,69.5,419.0,545.0,0.687,8.6,8.68,8.51,0.019
W241893,2730.0,2800.0,2800.0,38.9,37.4,3.39,5.84,0.614,0.23,0.89,1.71,7.05,10800.0,11800.0,1410.0,2480.0,220.0,101.0,440.0,607.0,2.84,5.9,5.94,5.69,0.019
W241894,1870.0,1950.0,2270.0,32.7,20.5,38.4,1.7,0.332,0.0675,0.83,1.45,2.44,16800.0,11900.0,29400.0,1330.0,219.0,54.8,757.0,951.0,0.982,10.9,11.0,10.63,0.046
W241896,2030.0,2200.0,2440.0,39.3,25.4,26.2,1.77,0.382,0.122,1.4,1.33,1.32,19700.0,14400.0,19600.0,1350.0,246.0,96.4,1250.0,852.0,0.534,10.6,10.7,10.38,0.0071
W241898,1990.0,2020.0,2230.0,29.4,19.9,43.5,1.42,0.432,0.149,1.33,0.72,1.72,7900.0,6050.0,17500.0,583.0,149.0,63.2,636.0,247.0,0.694,5.7,5.75,5.74,0.013
W241899,2510.0,2680.0,2780.0,49.4,27.3,12.7,1.14,0.631,0.203,1.65,1.59,1.38,24900.0,15600.0,9570.0,877.0,409.0,162.0,1480.0,1020.0,0.561,10.6,10.8,10.52,0.37
W241901,2600.0,2710.0,2800.0,50.5,28.1,11.5,1.06,0.697,0.0945,2.22,1.33,1.57,36100.0,22700.0,12300.0,1160.0,643.0,107.0,2830.0,1220.0,0.632,15.2,15.3,14.46,0.0081
W242554,2040.0,2060.0,2100.0,40.1,22.5,14.4,4.37,1.11,0.297,2.26,0.91,9.06,15500.0,9870.0,8350.0,2590.0,556.0,183.0,1560.0,451.0,3.85,7.8,8.3,6.18,0.022
W245898,2010.0,2110.0,2390.0,42.1,21.1,27.8,1.34,0.714,0.351,2.3,1.1,1.76,20000.0,11400.0,19800.0,973.0,437.0,265.0,1950.0,669.0,0.709,10.1,10.2,9.61,0.022
W245899,1950.0,2010.0,2320.0,40.3,19.4,33.1,1.38,0.365,0.351,1.01,1.26,2.03,17300.0,9410.0,21200.0,903.0,202.0,238.0,770.0,691.0,0.818,9.1,9.17,8.43,0.0073
W245900,2450.0,2550.0,2600.0,46.4,25.6,19.0,1.06,0.647,0.351,1.99,1.63,1.21,24900.0,15500.0,15300.0,869.0,448.0,298.0,1900.0,1120.0,0.487,11.4,11.5,11.1,0.0032
W245901,1990.0,2030.0,2240.0,32.9,20.4,38.9,1.02,0.465,0.23,1.63,0.92,2.02,17400.0,12200.0,30700.0,823.0,316.0,192.0,1530.0,622.0,0.815,11.2,11.3,11.3,0.0096
W245902,2140.0,2360.0,2450.0,47.6,23.3,19.7,1.44,0.863,0.243,2.55,1.07,1.66,25300.0,14000.0,15700.0,1170.0,592.0,205.0,2410.0,728.0,0.669,11.3,11.4,10.57,0.0053
W245905,2290.0,2580.0,2640.0,51.8,23.3,15.2,1.57,0.614,0.203,1.65,1.37,1.96,21000.0,10700.0,9220.0,973.0,321.0,130.0,1190.0,711.0,0.791,8.6,8.68,11.65,0.012
W245906,2550.0,2670.0,2770.0,45.3,29.9,4.62,5.12,1.16,0.203,1.04,1.16,7.64,3640.0,2720.0,556.0,629.0,120.0,25.8,149.0,119.0,3.09,1.7,1.72,1.7,0.01
W245907,2120.0,2580.0,2690.0,44.7,30.2,16.3,1.45,0.531,0.459,1.57,1.14,1.93,18300.0,14000.0,9980.0,907.0,280.0,298.0,1140.0,597.0,0.777,8.7,8.76,9.29,0.0014
W245908,1880.0,2010.0,2260.0,36.6,21.2,34.8,1.34,0.581,0.162,1.78,0.79,1.65,15500.0,10200.0,22100.0,867.0,317.0,109.0,1340.0,428.0,0.665,9.0,9.06,9.68,0.0023
W245909,2100.0,2220.0,2550.0,49.9,26.2,19.3,1.04,0.681,0.149,2.57,1.16,1.14,26300.0,15600.0,15200.0,838.0,463.0,124.0,2410.0,783.0,0.459,11.2,11.3,11.24,0.0037
W245910,2790.0,2800.0,2800.0,53.3,31.0,5.54,1.79,0.548,0.189,1.85,1.73,1.7,17800.0,11700.0,2770.0,914.0,236.0,100.0,1100.0,740.0,0.685,7.1,7.15,6.94,0.0013
W245911,1920.0,2000.0,2300.0,32.6,13.4,34.2,4.74,0.797,0.189,1.82,0.68,3.73,31900.0,14800.0,50100.0,7090.0,1010.0,293.0,3170.0,852.0,1.5,20.8,20.9,20.3,0.024
W245917,1970.0,2070.0,2470.0,36.9,20.3,34.6,1.18,0.465,0.162,1.79,0.89,1.45,19600.0,12200.0,27500.0,959.0,319.0,137.0,1700.0,606.0,0.584,11.3,11.4,11.2,0.006
W245918,2140.0,2460.0,2560.0,46.1,23.0,18.7,0.96,0.631,0.162,2.56,1.08,1.27,24800.0,14000.0,15000.0,789.0,437.0,138.0,2450.0,743.0,0.513,11.4,11.5,11.05,0.0048
W245919,2110.0,2480.0,2530.0,41.6,25.4,26.5,0.52,0.465,0.149,1.71,1.36,1.15,40500.0,28000.0,38700.0,774.0,584.0,229.0,2970.0,1700.0,0.464,20.7,20.9,20.55,0.0016
W245920,1960.0,2100.0,2450.0,35.9,20.5,35.3,1.58,0.498,0.176,1.15,1.02,2.36,12600.0,8180.0,18600.0,851.0,226.0,98.0,721.0,460.0,0.949,7.5,7.54,7.77,0.0065
W245921,1980.0,2500.0,2650.0,49.8,27.1,17.5,0.6,0.896,0.135,3.04,1.24,1.18,67300.0,41500.0,35400.0,1240.0,1560.0,289.0,7320.0,2150.0,0.476,28.7,28.9,28.66,0.013
W245922,2010.0,2170.0,2470.0,33.7,23.5,34.4,1.74,0.531,0.203,1.29,1.19,2.31,15500.0,12200.0,23700.0,1220.0,315.0,148.0,1060.0,701.0,0.928,9.8,9.85,9.44,0.0077
W245924,2520.0,2800.0,2800.0,56.8,26.5,7.32,0.54,1.13,0.243,3.18,1.05,0.77,42300.0,22400.0,8160.0,615.0,1080.0,287.0,4220.0,1000.0,0.311,15.8,15.9,16.65,0.0076
W245928,2230.0,2380.0,2590.0,51.1,20.8,17.2,1.2,0.515,0.23,0.98,2.33,1.34,50700.0,23300.0,25500.0,1820.0,658.0,361.0,1730.0,2960.0,0.539,21.1,21.2,20.73,0.0036
W245931,1990.0,2040.0,2190.0,45.0,16.8,17.9,5.52,1.66,0.257,2.72,0.76,4.81,70100.0,29600.0,41700.0,13100.0,3330.0,633.0,7540.0,1510.0,1.94,33.1,33.3,30.67,0.2
W245933,1970.0,2190.0,2310.0,49.0,24.6,16.3,1.53,1.46,0.189,2.73,1.03,2.11,113000.0,64100.0,56100.0,5380.0,4330.0,689.0,11200.0,3030.0,0.848,49.0,49.2,48.58,0.2
W245935,2300.0,2620.0,2650.0,39.6,28.7,26.0,0.86,0.415,0.162,1.29,1.13,1.02,30100.0,24700.0,29600.0,1000.0,407.0,195.0,1750.0,1100.0,0.41,16.2,16.3,16.81,0.028
W245936,2030.0,2100.0,2140.0,47.2,20.0,24.0,0.62,0.697,0.162,2.66,1.18,1.09,74400.0,35700.0,56600.0,1490.0,1420.0,405.0,7460.0,2380.0,0.439,33.5,33.7,32.76,0.018
W245939,1950.0,1980.0,2000.0,39.2,26.0,28.1,2.3,0.548,0.23,0.993,1.28,3.08,19100.0,14300.0,20500.0,1710.0,344.0,177.0,860.0,797.0,1.25,10.3,10.4,10.17,0.026
W246187,1980.0,2140.0,2480.0,35.4,23.1,32.2,1.19,0.714,0.257,2.56,0.95,1.61,32200.0,23800.0,43800.0,1650.0,837.0,370.0,4150.0,1110.0,0.65,19.3,19.5,19.09,0.015
W246188,2580.0,2650.0,2790.0,49.8,29.5,12.7,0.97,0.996,0.162,2.97,1.18,1.22,47600.0,31900.0,18200.0,1420.0,1230.0,246.0,5060.0,1440.0,0.492,20.3,20.5,19.6,0.039
W246189,2470.0,2560.0,2790.0,54.4,24.4,10.6,0.51,1.13,0.189,3.26,1.36,1.37,99700.0,50600.0,29100.0,1430.0,2670.0,549.0,10600.0,3190.0,0.553,38.9,39.2,37.98,0.087
W246192,2500.0,2570.0,2770.0,47.4,25.9,19.1,1.17,0.481,0.176,1.65,1.48,1.6,31500.0,19500.0,19000.0,1190.0,412.0,185.0,1950.0,1260.0,0.645,14.1,14.2,13.71,0.009
W246902,2730.0,2800.0,2800.0,51.7,30.3,5.94,0.8,0.913,0.189,2.75,1.6,1.37,25600.0,17000.0,4400.0,605.0,582.0,148.0,2420.0,1010.0,0.553,10.5,10.6,10.51,0.011
W246903,2520.0,2620.0,2760.0,46.5,28.2,13.8,1.04,0.614,0.324,2.2,1.69,2.02,13600.0,9340.0,6040.0,465.0,232.0,150.0,1150.0,633.0,0.816,6.2,6.26,6.25,0.037
W246904,2700.0,2800.0,2800.0,47.8,28.8,8.8,1.19,0.93,0.891,1.12,1.47,2.28,9890.0,6740.0,2720.0,376.0,248.0,292.0,412.0,389.0,0.918,4.4,4.43,4.27,0.011
W246905,2740.0,2800.0,2800.0,51.6,31.6,5.8,0.8,1.24,0.378,3.47,0.79,1.95,22300.0,15500.0,3760.0,529.0,695.0,259.0,2680.0,438.0,0.786,9.2,9.27,8.36,0.012
W246906,2800.0,2800.0,2800.0,55.5,31.2,4.27,0.5,0.896,0.311,2.82,1.15,1.56,36600.0,23300.0,4210.0,503.0,761.0,324.0,3310.0,970.0,0.628,14.0,14.1,13.81,0.0094
W246907,2450.0,2620.0,2800.0,49.2,26.2,12.7,0.55,0.847,0.419,2.36,1.21,1.71,23700.0,14300.0,9150.0,405.0,526.0,320.0,2020.0,746.0,0.691,10.2,10.3,10.13,0.0062
W246908,2490.0,2630.0,2800.0,57.2,23.4,11.9,0.61,0.531,0.486,2.07,1.5,0.87,28900.0,13400.0,8980.0,470.0,345.0,389.0,1860.0,968.0,0.351,10.7,10.8,10.96,0.0031
W246909,2010.0,2040.0,2250.0,26.7,13.2,45.2,1.45,0.93,0.54,1.82,0.59,3.54,8840.0,4950.0,22400.0,733.0,397.0,283.0,1070.0,250.0,1.43,7.0,7.08,6.95,0.014
W246910,2750.0,2800.0,2800.0,49.0,32.2,5.12,2.04,0.631,0.608,1.32,1.8,3.17,11300.0,8410.0,1770.0,719.0,188.0,222.0,542.0,531.0,1.28,4.9,4.94,4.76,0.0084
W246911,2730.0,2800.0,2800.0,51.9,27.8,4.28,0.52,0.963,0.54,2.95,1.66,1.99,24400.0,14800.0,3020.0,374.0,585.0,403.0,2470.0,1000.0,0.802,10.0,10.1,9.85,0.12
W248053,1940.0,1980.0,2020.0,41.6,18.8,34.0,0.87,0.282,0.107,0.64,1.03,1.5,18400.0,9430.0,22500.0,589.0,161.0,74.9,505.0,584.0,0.625,9.1,9.48,9.11,2e-06
W248054,2390.0,2450.0,2500.0,57.4,23.8,11.6,0.36,1.24,0.162,3.5,1.26,1.5,132000.0,61800.0,39800.0,1260.0,3680.0,589.0,14300.0,3700.0,0.625,47.1,49.1,46.11,1.3e-05
W248056,2300.0,2380.0,2490.0,49.6,25.1,11.2,1.38,0.747,0.675,3.42,1.3,3.13,17900.0,10200.0,6040.0,760.0,347.0,385.0,2190.0,599.0,1.3,7.4,7.71,7.49,2e-06
W248057,2700.0,2700.0,2700.0,46.3,36.2,2.42,2.92,1.29,1.76,3.05,1.2,4.98,10100.0,8980.0,793.0,977.0,366.0,609.0,1190.0,336.0,2.08,4.5,4.69,4.7,1e-06
W248058,2700.0,2700.0,2700.0,51.4,32.5,4.06,2.85,1.06,1.2,3.34,1.26,2.86,21300.0,15200.0,2510.0,1800.0,567.0,788.0,2460.0,667.0,1.19,8.5,8.85,8.52,3e-06
W248209,2050.0,2070.0,2170.0,24.8,14.0,56.0,1.29,0.166,0.162,0.64,0.65,2.2,17000.0,10900.0,57400.0,1350.0,147.0,176.0,781.0,570.0,0.89,14.5,14.7,13.77,0.021
W248210,1950.0,1970.0,2220.0,39.4,14.8,32.5,3.57,0.365,0.284,0.75,0.86,4.1,12500.0,5300.0,15400.0,1730.0,149.0,142.0,422.0,348.0,1.66,6.7,6.77,6.36,0.02
W249033,2650.0,2740.0,2800.0,52.6,28.0,9.44,1.32,0.415,0.162,1.62,1.5,1.2,34200.0,20600.0,9190.0,1310.0,348.0,167.0,1880.0,1250.0,0.488,13.7,13.9,14.07,0.007
WA11194359,2561.0,2622.0,2678.0,48.7,26.0,11.1,0.749,0.545,0.287,2.11,1.35,0.824,35300.0,21200.0,11100.0,845.0,524.0,330.0,2740.0,1260.0,0.34,14.8,15.4,15.44,0.00757
WA1201588,2055.0,2155.0,2250.0,30.6,19.5,38.2,3.0,0.249,0.189,0.349,1.1,2.4,15700.0,11300.0,29300.0,2350.0,165.0,154.0,318.0,724.0,0.975,10.8,11.0,9.9,0.014
WA1201591,2070.0,2160.0,2260.0,33.4,22.1,29.7,4.01,0.465,0.324,0.841,0.652,2.9,13100.0,9850.0,17500.0,2410.0,236.0,202.0,589.0,328.0,1.18,8.3,8.42,7.8,0.023
WA14242134,2644.0,2713.0,2734.0,43.7,32.5,4.13,5.77,0.931,0.817,0.593,1.0,6.01,16400.0,13200.0,1720.0,2390.0,365.0,432.0,454.0,436.0,2.5,7.21,7.5,6.91,0.00624
WA15242122,2499.0,2537.0,2585.0,35.8,32.2,4.79,7.42,1.34,1.7,0.499,1.0,10.3,10900.0,10500.0,1550.0,2440.0,415.0,639.0,305.0,339.0,4.32,5.64,5.9,5.2,0.00759
WA2184956,2910.0,2910.0,2910.0,28.3,22.3,6.1,0.258,0.106,0.0409,2.14,2.2,0.179,25100.0,22500.0,8300.0,368.0,145.0,64.5,3360.0,2460.0,0.0737,18.1,18.7,10.0,0.0683
WA2187012,2910.0,2910.0,2910.0,61.8,27.6,1.34,0.388,0.671,0.378,2.62,1.62,0.32,51900.0,26200.0,1670.0,489.0,720.0,498.0,3910.0,1740.0,0.14,17.2,17.9,19.36,0.0114
WA2187016,2910.0,2910.0,2910.0,55.5,29.7,5.07,0.426,0.939,0.529,4.57,1.32,1.11,46400.0,28300.0,6560.0,521.0,1030.0,698.0,7050.0,1360.0,0.462,17.4,18.1,18.14,0.0111
WA2187018,2910.0,2910.0,2910.0,50.0,28.8,2.41,0.318,0.608,0.378,1.83,1.85,1.08,37500.0,24000.0,2280.0,330.0,629.0,347.0,2610.0,1800.0,0.449,15.4,16.1,14.26,0.00733
WA2188857,2059.0,2093.0,2127.0,24.3,12.0,49.2,0.595,0.349,0.163,0.888,0.927,1.85,18600.0,10200.0,56000.0,690.0,343.0,194.0,1210.0,916.0,0.769,15.7,16.3,15.32,0.0302
WA2188867,1978.0,2013.0,2055.0,36.3,18.3,33.0,1.28,0.374,0.201,1.03,0.858,1.23,22600.0,12800.0,30900.0,1200.0,305.0,195.0,1150.0,681.0,0.51,12.8,13.4,13.0,0.00546
WA2188974,2135.0,2224.0,2344.0,37.2,25.2,18.9,3.12,0.753,0.476,2.51,1.03,1.86,27300.0,20400.0,18400.0,3050.0,709.0,541.0,3320.0,965.0,0.775,14.5,15.1,11.28,0.016
WA2188988,2496.0,2526.0,2555.0,49.1,21.5,16.0,0.402,0.722,0.348,1.77,1.28,0.639,32500.0,16000.0,13500.0,380.0,622.0,345.0,1970.0,1060.0,0.266,13.1,13.6,12.84,0.0106
WA2188999,2290.0,2345.0,2422.0,37.9,26.3,21.6,2.68,0.683,0.467,2.49,0.907,2.93,24600.0,18800.0,17400.0,2090.0,577.0,471.0,2970.0,744.0,1.22,12.5,13.0,14.56,0.0264
WA2189020,1991.0,2041.0,2094.0,25.8,13.4,38.0,5.77,0.731,0.51,1.23,0.915,5.81,13400.0,6970.0,19900.0,1770.0,397.0,235.0,1130.0,504.0,2.42,7.98,8.31,8.47,0.0462
WA2189045,2607.0,2657.0,2762.0,55.3,25.5,9.11,1.37,0.895,0.547,2.42,1.09,1.91,41700.0,21600.0,9940.0,1610.0,867.0,660.0,3200.0,1060.0,0.794,15.4,16.1,15.64,0.0476
WA2189061,2580.0,2642.0,2692.0,53.6,23.6,14.3,0.441,0.952,0.303,2.54,1.05,0.616,47000.0,23800.0,20100.0,615.0,1090.0,431.0,3980.0,1200.0,0.257,18.4,19.1,18.68,0.0125
WA2189065,2408.0,2488.0,2628.0,55.0,24.4,11.9,0.422,0.963,0.37,2.78,1.16,0.518,53000.0,27200.0,18800.0,679.0,1210.0,548.0,4830.0,1450.0,0.216,20.2,21.0,19.54,0.0114
WA2189067,2101.0,2151.0,2231.0,20.5,10.5,48.0,4.77,0.569,0.444,0.975,0.802,5.0,9200.0,5250.0,31200.0,2500.0,309.0,268.0,800.0,441.0,2.08,8.8,9.16,8.88,0.0427
WA2189187,2440.0,2478.0,2538.0,41.8,28.4,14.5,2.81,0.85,0.284,2.4,1.06,2.34,36900.0,25200.0,11300.0,1820.0,1090.0,405.0,4020.0,1190.0,0.975,15.9,16.6,14.92,0.0181
WA2189211,2327.0,2493.0,2608.0,37.2,24.1,27.7,0.648,0.558,0.27,1.55,0.762,1.28,18700.0,14000.0,22200.0,519.0,348.0,209.0,1320.0,471.0,0.535,10.6,11.1,13.28,0.0331
WA2189214,2069.0,2119.0,2268.0,31.8,19.3,33.9,2.83,0.485,0.173,1.01,1.02,2.5,13600.0,9480.0,21600.0,1890.0,268.0,117.0,768.0,559.0,1.04,8.81,9.18,9.49,0.0254
WA2189215,2300.0,2426.0,2686.0,38.3,27.4,22.4,1.12,0.781,0.268,2.08,1.1,1.58,26600.0,21400.0,26600.0,1010.0,677.0,287.0,2520.0,1030.0,0.656,14.7,15.3,12.05,0.0263
WA2189217,2066.0,2133.0,2266.0,24.1,16.4,45.5,1.41,0.434,0.212,0.522,0.627,2.71,9370.0,7290.0,27500.0,831.0,217.0,132.0,363.0,305.0,1.13,8.18,8.52,8.62,0.0228
WA2189232,2511.0,2537.0,2634.0,40.0,26.9,22.1,0.626,0.53,0.135,1.2,1.25,1.12,39600.0,30400.0,32400.0,942.0,679.0,212.0,2110.0,1580.0,0.467,20.3,21.2,14.78,0.018
WA2189241,2408.0,2489.0,2594.0,44.4,24.9,19.0,0.513,0.672,0.182,1.54,1.4,1.03,57200.0,36400.0,36500.0,1010.0,1110.0,371.0,3550.0,2300.0,0.429,26.4,27.5,26.43,0.0793
WA2189253,2790.0,2842.0,2910.0,51.1,29.3,4.37,0.783,0.649,0.784,1.88,1.34,1.09,26500.0,15400.0,3940.0,440.0,443.0,451.0,1980.0,779.0,0.454,10.3,10.7,10.76,0.013
WA2189289,2780.0,2800.0,2800.0,60.4,26.4,4.4,0.7,1.3,0.918,2.75,1.35,1.5,49400.0,24500.0,5440.0,884.0,1400.0,1200.0,4060.0,1420.0,0.625,16.9,17.6,16.2,0.0268
WA2189343,2910.0,2910.0,2910.0,51.6,32.6,1.88,0.604,0.611,1.4,2.61,1.35,0.5,18600.0,13400.0,1000.0,333.0,281.0,781.0,1650.0,613.0,0.208,7.41,7.72,8.79,0.00513
WA2189346,2771.0,2808.0,2843.0,48.8,27.9,5.31,1.41,0.835,1.67,1.94,1.81,1.92,10500.0,6880.0,1740.0,457.0,237.0,570.0,774.0,493.0,0.799,4.45,4.63,4.68,0.00891
WA2190534,2608.0,2711.0,2764.0,42.4,24.5,16.5,0.304,0.494,0.155,1.05,0.865,0.765,19000.0,12400.0,11100.0,208.0,285.0,110.0,836.0,496.0,0.319,9.2,9.58,8.5,0.0134
WA2190554,2321.0,2371.0,2431.0,41.5,24.5,18.3,0.894,0.704,0.408,2.0,1.08,0.698,33500.0,21700.0,21200.0,1170.0,749.0,512.0,2930.0,1090.0,0.291,16.3,17.0,15.76,0.0298
WA2190557,2026.0,2076.0,2126.0,24.6,15.9,47.1,1.61,1.05,0.293,0.827,0.632,1.47,9810.0,6900.0,28200.0,897.0,538.0,183.0,614.0,314.0,0.611,8.13,8.46,8.13,0.0127
WA2190560,2005.0,2055.0,2105.0,31.3,17.4,37.7,1.26,0.629,0.439,1.21,0.713,1.18,13700.0,8580.0,24500.0,834.0,354.0,301.0,945.0,398.0,0.491,8.95,9.33,8.05,0.00897
WA2190562,2811.0,2819.0,2829.0,43.0,29.0,5.61,3.16,0.852,0.655,2.55,1.1,0.216,33600.0,25400.0,7360.0,3560.0,860.0,780.0,3570.0,1100.0,0.0901,16.1,16.7,15.29,0.0276
WA2190577,2506.0,2556.0,2620.0,43.0,27.4,13.9,0.52,0.678,0.343,2.3,1.28,0.15,31400.0,22800.0,15000.0,573.0,636.0,404.0,2990.0,1210.0,0.062,15.0,15.6,14.51,0.0127
WA2190581,2462.0,2554.0,2646.0,40.6,26.5,8.91,3.99,1.21,0.556,2.19,1.12,5.2,24300.0,16500.0,7120.0,2760.0,818.0,471.0,2400.0,813.0,2.17,11.5,12.0,10.62,0.0146
WA2190587,2023.0,2073.0,2130.0,21.6,14.7,52.3,2.13,0.239,0.129,0.413,0.749,2.13,13600.0,9840.0,48400.0,2030.0,183.0,126.0,491.0,629.0,0.889,12.7,13.2,10.82,0.00965
WA2190589,2241.0,2319.0,2408.0,38.3,26.3,19.2,1.53,0.961,0.348,2.93,1.01,0.86,19000.0,14700.0,13800.0,1130.0,605.0,275.0,2570.0,638.0,0.358,10.1,10.5,9.46,0.0117
WA2190595,1987.0,2037.0,2130.0,22.5,13.6,54.4,0.989,0.299,0.152,0.566,0.691,0.88,17500.0,10700.0,73600.0,995.0,323.0,194.0,842.0,705.0,0.367,17.2,17.9,15.59,0.0582
WA2190597,2064.0,2128.0,2220.0,24.0,16.9,42.8,3.02,0.609,0.356,1.28,0.638,2.45,8870.0,6890.0,20400.0,1460.0,271.0,187.0,888.0,299.0,1.02,7.02,7.32,6.7,0.0131
WA2190637,2593.0,2625.0,2707.0,55.5,29.5,4.32,0.737,1.15,0.609,3.26,1.66,1.27,31100.0,18700.0,3630.0,632.0,832.0,544.0,3260.0,1190.0,0.531,11.5,12.0,10.47,0.0423
WA2190643,1935.0,2022.0,2104.0,24.8,20.1,42.0,2.26,0.86,1.35,0.822,0.749,4.31,11300.0,8900.0,21200.0,799.0,387.0,672.0,782.0,396.0,1.8,7.69,8.01,7.49,0.0654
WA2191109,2753.0,2788.0,2889.0,53.2,29.6,8.84,0.819,0.647,1.79,1.65,1.71,2.06,16600.0,10500.0,4300.0,394.0,260.0,877.0,914.0,681.0,0.857,6.45,6.72,6.66,0.00596
WA2191115,2750.0,2773.0,2820.0,61.7,25.9,2.8,2.14,0.483,1.04,0.294,1.45,1.86,20500.0,8710.0,851.0,677.0,155.0,465.0,143.0,573.0,0.775,6.43,6.7,6.7,0.00877
WA2191117,2910.0,2910.0,2910.0,55.4,33.5,2.73,0.817,0.704,1.19,2.18,1.83,1.92,23600.0,14700.0,1350.0,285.0,364.0,570.0,1820.0,1000.0,0.8,8.29,8.63,8.61,0.00423
WA2191119,2910.0,2910.0,2910.0,49.0,38.5,3.26,1.58,0.691,1.19,0.776,1.48,3.31,8520.0,7570.0,849.0,420.0,156.0,328.0,242.0,327.0,1.38,3.57,3.72,2.78,0.00496
WA2191122,2137.0,2224.0,2427.0,43.1,24.5,24.2,0.574,0.79,0.752,2.2,1.38,2.39,22900.0,14700.0,19300.0,467.0,544.0,630.0,2080.0,935.0,0.994,10.9,11.4,11.02,0.0115
WA2191123,2800.0,2800.0,2800.0,53.8,32.4,3.3,0.5,0.762,0.831,3.09,1.55,1.27,24300.0,16500.0,2230.0,345.0,440.0,585.0,2450.0,888.0,0.53,9.27,9.66,8.43,0.00611
WA2191128,2800.0,2800.0,2800.0,63.2,28.4,1.66,0.227,0.771,0.64,2.3,1.46,1.08,62800.0,32100.0,2540.0,356.0,1000.0,1020.0,4150.0,1870.0,0.45,20.5,21.4,23.69,0.00579
WA2191309,2489.0,2531.0,2632.0,50.5,28.5,7.21,2.61,1.57,1.49,2.59,1.18,4.52,10800.0,6830.0,2390.0,824.0,441.0,502.0,1020.0,314.0,1.88,4.38,4.57,4.44,0.0344
WA2191316,2259.0,2386.0,2565.0,49.7,25.4,13.7,0.133,1.99,0.989,3.73,0.927,1.67,84300.0,48900.0,34500.0,327.0,4350.0,2630.0,11200.0,2000.0,0.697,34.8,36.2,32.76,0.0143
WA2191324,2290.0,2345.0,2413.0,48.5,28.1,11.7,1.2,0.884,0.584,2.93,1.33,4.18,27600.0,18200.0,9830.0,1080.0,640.0,516.0,2980.0,969.0,1.74,11.7,12.2,12.7,0.0124
WA2191327,2224.0,2320.0,2403.0,40.9,23.6,22.2,0.615,0.822,0.434,1.95,1.05,0.559,33200.0,21700.0,26800.0,761.0,865.0,563.0,2830.0,1090.0,0.233,16.6,17.3,11.77,0.0149
WA2191328,2508.0,2703.0,2748.0,45.1,31.8,9.4,2.06,1.16,1.04,1.86,0.994,4.25,10000.0,8040.0,3130.0,702.0,331.0,366.0,739.0,281.0,1.77,4.57,4.76,4.44,0.0122
WA2191863,2107.0,2160.0,2408.0,38.7,21.5,25.3,0.572,1.41,1.23,3.03,0.801,2.32,19100.0,11400.0,13500.0,265.0,930.0,826.0,2840.0,507.0,0.967,9.35,9.74,8.24,0.0168
WA2191870,2160.0,2220.0,2465.0,39.6,24.4,19.7,1.19,1.24,1.48,2.68,0.782,2.4,16500.0,11100.0,17700.0,509.0,647.0,791.0,2010.0,383.0,1.0,9.0,9.37,7.77,0.016
WA2191883,2800.0,2800.0,2800.0,60.9,31.3,0.887,0.5,0.38,1.04,1.31,2.29,1.49,23500.0,13800.0,550.0,297.0,195.0,645.0,976.0,1120.0,0.621,7.99,8.32,5.94,0.00282
WA2191885,2775.0,2796.0,2800.0,52.2,33.0,5.26,0.79,1.05,1.12,4.09,1.32,1.83,23900.0,17200.0,3620.0,512.0,624.0,830.0,3390.0,790.0,0.762,9.42,9.81,8.58,0.012
WA2191889,2628.0,2655.0,2668.0,41.3,26.3,22.2,1.01,0.539,1.55,1.49,1.59,2.08,15800.0,11400.0,9800.0,509.0,256.0,883.0,1020.0,795.0,0.866,7.46,7.77,7.23,0.0112
WA2191897,2800.0,2800.0,2800.0,57.1,30.4,2.97,1.2,0.675,0.896,1.1,1.5,3.11,21800.0,13800.0,1580.0,618.0,330.0,536.0,822.0,739.0,1.29,7.91,8.24,8.11,0.0261
WA2191903,2800.0,2800.0,2800.0,48.7,35.0,3.66,1.14,0.858,1.44,3.5,1.92,2.32,17000.0,13800.0,1840.0,612.0,383.0,779.0,2130.0,844.0,0.967,7.15,7.44,7.24,0.0113
WA2192587,2648.0,2722.0,2796.0,52.0,26.3,7.59,2.29,0.611,0.977,1.06,1.44,2.23,17400.0,9830.0,3850.0,1170.0,261.0,526.0,620.0,620.0,0.928,6.84,7.13,6.57,0.00533
WA2192600,2526.0,2644.0,2714.0,51.5,26.0,10.2,1.75,0.746,0.557,1.84,1.32,1.4,27500.0,16400.0,9420.0,1370.0,532.0,428.0,1910.0,896.0,0.583,11.3,11.8,10.78,0.0124
WA2192701,2800.0,2800.0,2800.0,53.6,29.5,6.23,1.13,0.959,0.31,3.07,1.8,1.06,39600.0,22800.0,5310.0,634.0,1040.0,296.0,4730.0,1310.0,0.43,15.0,15.2,16.32,0.01
WA2192710,2800.0,2800.0,2800.0,55.0,30.7,3.94,1.08,0.687,1.37,1.82,2.1,1.25,19700.0,11200.0,1950.0,541.0,280.0,672.0,993.0,918.0,0.52,7.02,7.31,6.9,0.00856
WA2192737,2260.0,2343.0,2415.0,52.3,21.3,14.9,1.41,0.791,0.982,2.64,2.23,2.26,38100.0,12600.0,8950.0,922.0,516.0,816.0,2510.0,2390.0,0.942,12.6,13.1,10.4,0.00894
WA2192738,2647.0,2721.0,2765.0,49.4,27.7,8.87,1.54,0.913,1.13,1.66,1.42,2.28,17100.0,10600.0,4710.0,654.0,406.0,536.0,1350.0,665.0,0.951,7.09,7.38,7.78,0.00864
WA2193122,2154.0,2244.0,2327.0,36.3,16.7,19.3,8.21,0.861,0.904,2.32,0.869,4.73,19200.0,10100.0,15700.0,6760.0,589.0,752.0,2200.0,592.0,1.96,11.0,11.4,9.33,0.0546
WA2193671,2531.0,2645.0,2748.0,58.4,22.8,8.19,0.634,0.572,0.694,2.68,1.92,0.919,23200.0,8500.0,3600.0,338.0,240.0,412.0,1580.0,1030.0,0.371,7.8,7.87,11.13,0.0136
WA2193944,2574.0,2682.0,2786.0,48.6,24.0,8.42,2.38,1.16,0.693,0.692,1.92,4.15,16200.0,9080.0,4210.0,1220.0,499.0,365.0,417.0,818.0,1.68,7.06,7.14,6.95,0.0151
WA2193949,2664.0,2714.0,2741.0,49.6,23.6,12.3,0.915,0.977,0.526,2.73,1.42,1.43,23900.0,12700.0,7830.0,657.0,610.0,401.0,2310.0,875.0,0.579,10.0,10.1,8.82,0.0161
WA2193951,2800.0,2800.0,2800.0,48.7,27.9,5.01,1.86,1.05,0.373,2.75,1.02,2.38,14900.0,9800.0,2220.0,889.0,425.0,183.0,1550.0,389.0,0.963,6.5,6.58,11.93,0.0105
WA2193974,2620.0,2689.0,2712.0,51.5,23.4,9.96,0.976,0.816,0.555,0.533,2.46,1.29,17100.0,8760.0,4540.0,476.0,339.0,290.0,278.0,1070.0,0.52,6.94,6.99,7.25,0.0144
WA2194304,2213.0,2313.0,2428.0,46.2,19.2,14.0,3.1,1.4,0.718,3.14,0.738,4.74,31800.0,16600.0,8530.0,949.0,1360.0,400.0,4850.0,738.0,1.92,12.8,12.9,16.94,0.0769
WA2194966,2149.0,2252.0,2355.0,35.3,18.7,17.1,8.01,0.68,0.224,1.69,0.932,6.46,23200.0,14000.0,16800.0,7630.0,570.0,233.0,1970.0,789.0,2.62,13.8,14.0,12.18,0.0802
WA2194991,2455.0,2562.0,2653.0,49.6,25.1,12.7,1.1,0.5,0.355,1.58,1.71,0.704,30700.0,17600.0,10800.0,1130.0,431.0,340.0,2000.0,1370.0,0.283,13.1,13.1,11.29,0.0119
WA2194994,2800.0,2800.0,2800.0,57.6,29.4,1.75,0.578,0.574,0.43,2.21,2.68,0.397,39000.0,22800.0,1820.0,576.0,554.0,479.0,3050.0,2110.0,0.162,14.3,14.6,15.43,0.00282
WA2195000,2800.0,2800.0,2800.0,57.4,29.9,2.62,0.797,0.434,0.221,1.62,1.69,0.811,22900.0,13400.0,1550.0,466.0,218.0,140.0,1130.0,872.0,0.329,8.36,8.49,8.42,0.00358
WA2195002,2800.0,2800.0,2800.0,53.9,28.8,4.0,1.66,0.662,0.208,1.86,1.49,2.11,20400.0,11300.0,2100.0,716.0,308.0,119.0,1310.0,790.0,0.861,7.68,7.8,7.02,0.00447
WA2195003,2800.0,2800.0,2800.0,63.4,25.0,2.66,0.914,0.565,0.222,2.11,1.53,1.08,33800.0,16700.0,2850.0,633.0,538.0,191.0,2900.0,979.0,0.438,11.9,12.1,10.95,0.00529
WA2195011,2766.0,2800.0,2800.0,51.9,30.6,6.77,1.33,0.579,0.221,1.51,2.45,1.47,21700.0,13700.0,4530.0,798.0,291.0,144.0,1040.0,1240.0,0.603,8.6,8.83,9.38,0.0752
WA2195015,2352.0,2450.0,2555.0,52.1,18.4,13.6,2.46,0.693,0.36,1.52,1.53,3.86,16400.0,6440.0,5970.0,1140.0,273.0,174.0,839.0,614.0,1.58,6.46,6.6,6.5,0.0117
WA2195019,2768.0,2800.0,2800.0,61.0,26.0,3.59,1.46,0.462,0.203,1.41,1.93,1.56,22900.0,11800.0,1920.0,813.0,230.0,115.0,994.0,905.0,0.635,8.01,8.16,7.72,0.0054
WA2195023,2800.0,2800.0,2800.0,52.6,34.0,3.2,1.28,0.647,0.321,1.42,1.94,1.22,18900.0,14000.0,1780.0,704.0,310.0,187.0,989.0,881.0,0.495,7.62,7.73,8.24,0.0044
WA2195026,2482.0,2538.0,2602.0,45.0,29.0,8.01,1.8,1.19,0.692,3.14,0.988,2.16,12800.0,9540.0,3230.0,782.0,424.0,302.0,1550.0,360.0,0.877,5.99,6.08,5.36,0.00967
WA2195028,2535.0,2594.0,2647.0,44.1,30.3,7.43,2.38,1.02,0.79,2.53,0.995,2.93,10700.0,8520.0,2540.0,853.0,307.0,297.0,1060.0,308.0,1.19,5.09,5.17,5.57,0.00908
WA2195041,2800.0,2800.0,2800.0,57.0,28.8,2.03,0.516,0.514,0.759,2.85,2.57,0.544,25900.0,14700.0,1450.0,383.0,290.0,526.0,2110.0,1450.0,0.221,9.52,9.69,10.94,0.0039
WA2195043,2800.0,2800.0,2800.0,55.9,28.9,3.54,1.34,0.617,0.858,1.16,1.98,1.45,18900.0,11000.0,1740.0,672.0,264.0,451.0,720.0,847.0,0.587,7.11,7.2,6.36,0.00377
WA2195053,2420.0,2465.0,2519.0,44.6,23.2,18.0,1.46,0.635,0.304,1.62,1.35,2.22,19900.0,11100.0,18000.0,1070.0,416.0,237.0,1550.0,729.0,0.905,10.4,10.6,12.23,0.0564
WA2195065,2800.0,2800.0,2800.0,51.1,29.3,8.4,0.527,0.66,0.384,2.91,1.46,0.712,37700.0,24300.0,9380.0,586.0,625.0,451.0,3780.0,1390.0,0.291,15.5,15.8,19.95,0.00551
WA2196592,2515.0,2616.0,2734.0,73.9,13.0,4.14,1.37,0.76,0.45,1.8,0.865,1.35,103000.0,20600.0,8660.0,2920.0,1370.0,995.0,4480.0,1550.0,0.557,29.0,29.9,27.75,0.0374
WA2197302,2539.0,2617.0,2875.0,49.2,26.8,8.35,2.61,1.57,0.237,3.02,1.3,4.47,23000.0,14200.0,5870.0,1850.0,950.0,176.0,2520.0,778.0,1.81,9.86,10.0,8.86,0.0228
WA2198997,2004.0,2106.0,2206.0,47.1,20.6,25.5,0.791,0.711,0.238,1.84,1.01,1.55,33000.0,16000.0,25200.0,807.0,705.0,284.0,2440.0,873.0,0.64,14.3,14.8,10.95,0.00932
WA2198998,2070.0,2177.0,2270.0,38.4,20.9,32.9,1.04,0.644,0.175,1.45,0.984,2.14,25800.0,15200.0,32100.0,991.0,579.0,176.0,1860.0,819.0,0.883,13.6,14.1,13.21,0.0139
WA2198999,1995.0,2091.0,2185.0,39.2,20.8,32.1,1.57,0.673,0.181,1.68,0.948,2.05,26700.0,15200.0,31900.0,1720.0,618.0,183.0,2140.0,796.0,0.851,13.7,14.3,13.48,0.0163
WA2199002,2800.0,2800.0,2800.0,50.7,32.0,5.88,0.914,0.879,0.306,2.65,1.34,1.43,19200.0,13700.0,3410.0,541.0,436.0,180.0,1810.0,652.0,0.596,7.82,8.14,9.01,0.0495
WA2199005,2578.0,2669.0,2751.0,41.1,27.4,18.5,1.73,0.632,0.429,1.17,1.15,2.75,11600.0,9020.0,7800.0,679.0,234.0,180.0,662.0,390.0,1.15,5.82,6.06,5.41,0.0155
WA2199327,2602.0,2646.0,2730.0,38.3,29.7,17.8,4.25,0.744,0.316,0.262,1.31,5.78,7620.0,6630.0,6490.0,1230.0,178.0,94.8,90.0,325.0,2.35,4.32,4.39,4.28,0.0238
WA2199330,2105.0,2190.0,2355.0,26.4,20.0,48.1,1.08,0.215,0.0763,0.285,0.515,1.75,12000.0,10300.0,31100.0,674.0,115.0,52.1,202.0,276.0,0.71,9.3,9.45,9.1,0.00585
WA2199331,2910.0,2910.0,2910.0,54.6,32.3,2.83,0.953,0.802,0.243,2.69,1.04,0.943,35400.0,21400.0,2570.0,683.0,728.0,266.0,3740.0,958.0,0.388,12.8,13.3,9.57,0.00717
WA2199598,2651.0,2691.0,2791.0,41.4,30.0,16.5,0.946,0.494,0.124,1.57,1.33,1.38,25900.0,21300.0,19100.0,755.0,334.0,110.0,1560.0,1090.0,0.561,13.8,14.0,12.67,0.0109
WA2199637,2740.0,2800.0,2800.0,49.6,28.8,12.3,0.646,0.686,0.17,1.93,1.21,1.02,42900.0,28800.0,12000.0,711.0,952.0,285.0,4310.0,1310.0,0.423,17.8,18.4,17.18,0.0151
WA2199662,2073.0,2183.0,2445.0,33.6,22.1,23.1,1.13,0.339,0.158,0.886,0.842,2.67,13700.0,9180.0,13300.0,596.0,199.0,92.6,731.0,498.0,1.11,7.79,8.03,6.54,0.00683
WA2199664,2027.0,2084.0,2326.0,37.1,20.5,34.0,1.01,0.482,0.153,1.49,0.845,2.32,36000.0,22600.0,49500.0,1490.0,603.0,235.0,2570.0,1050.0,0.94,20.5,20.8,19.75,0.016
WA2199668,2103.0,2145.0,2284.0,22.9,15.3,54.3,0.749,0.26,0.105,0.804,0.771,1.24,20500.0,15300.0,70800.0,1010.0,293.0,145.0,1280.0,896.0,0.518,18.1,18.8,19.67,0.021
WA2199682,2170.0,2317.0,2535.0,39.3,23.4,30.2,0.758,0.448,0.152,1.59,0.875,1.53,26200.0,17100.0,26800.0,685.0,393.0,155.0,1980.0,763.0,0.617,13.5,13.7,13.57,0.00975
WA2199683,2910.0,2910.0,2910.0,53.3,33.2,2.67,1.12,0.658,0.383,2.55,1.33,1.56,23900.0,16300.0,1810.0,684.0,388.0,240.0,2110.0,762.0,0.633,9.33,9.48,8.5,0.0503
WA2199684,2236.0,2396.0,2646.0,48.3,26.7,15.6,0.696,0.558,0.2,2.18,1.32,1.74,46000.0,27000.0,18100.0,719.0,713.0,255.0,3550.0,1440.0,0.725,18.8,19.3,15.66,0.00868
WA2199686,2181.0,2410.0,2620.0,46.0,26.7,19.0,0.85,0.559,0.235,2.13,1.11,1.77,22700.0,14900.0,15000.0,620.0,351.0,184.0,1880.0,696.0,0.721,10.5,10.7,10.11,0.00679
WA2199688,2910.0,2910.0,2910.0,54.0,32.6,1.76,0.959,0.659,0.21,2.4,1.61,1.17,24700.0,16800.0,1130.0,671.0,367.0,151.0,1840.0,954.0,0.472,9.67,9.76,8.64,0.00572
WA2199691,2135.0,2185.0,2304.0,28.9,19.2,43.2,1.77,0.295,0.12,0.614,0.747,3.22,15900.0,10700.0,29900.0,1230.0,208.0,98.2,689.0,577.0,1.3,10.4,10.6,11.86,0.0138
WA2199693,2421.0,2488.0,2658.0,44.2,26.7,20.7,0.786,0.541,0.249,2.15,1.13,1.07,22600.0,15300.0,14900.0,586.0,357.0,195.0,1980.0,747.0,0.439,10.4,10.8,10.05,0.00553
WA2199694,2910.0,2910.0,2910.0,37.9,29.7,24.4,1.35,0.244,0.156,0.684,0.813,0.972,26700.0,23800.0,28400.0,1540.0,216.0,182.0,835.0,732.0,0.403,14.9,15.5,7.22,0.00664
WA2199696,2123.0,2208.0,2388.0,26.8,18.1,45.5,2.74,0.498,0.189,0.865,0.665,2.87,14200.0,10800.0,32400.0,1930.0,322.0,150.0,817.0,441.0,1.19,10.4,10.7,10.28,0.029
WA2199709,2637.0,2785.0,2910.0,47.4,27.5,7.11,4.15,0.946,0.141,1.18,1.35,5.38,21400.0,14100.0,4800.0,2860.0,551.0,101.0,948.0,781.0,2.24,9.32,9.66,8.77,0.0182
WA2199710,2910.0,2910.0,2910.0,44.0,34.3,2.9,2.78,1.21,0.48,1.65,1.48,4.94,9980.0,8710.0,946.0,877.0,333.0,165.0,686.0,421.0,2.07,4.63,4.77,4.57,0.0224
WA2199711,2246.0,2371.0,2733.0,47.9,23.2,20.2,0.982,0.703,0.19,2.57,1.08,1.51,23900.0,13100.0,12800.0,708.0,450.0,148.0,2290.0,688.0,0.623,9.95,10.3,8.25,0.0115
WA2199712,2107.0,2165.0,2412.0,23.5,15.1,49.0,1.54,0.461,0.315,0.767,0.631,2.85,8580.0,5680.0,17300.0,527.0,251.0,122.0,710.0,259.0,1.18,5.9,6.08,5.66,0.00447
WA2199713,2339.0,2458.0,2713.0,39.3,30.1,20.4,1.7,0.543,0.157,1.15,0.904,2.71,19800.0,16800.0,24000.0,872.0,269.0,110.0,882.0,563.0,1.1,11.6,11.7,12.24,0.0386
WA2199721,1998.0,2092.0,2426.0,37.3,17.2,38.3,0.877,0.486,0.149,1.7,0.982,1.05,26400.0,13800.0,37300.0,875.0,438.0,161.0,2170.0,792.0,0.434,14.1,14.6,10.78,0.0193
WA2199723,2099.0,2167.0,2234.0,19.5,11.4,62.9,1.21,0.253,0.135,0.38,0.511,1.72,7000.0,4600.0,36100.0,680.0,118.0,78.8,240.0,234.0,0.704,7.83,8.01,7.71,0.0105
WA2199727,2087.0,2316.0,2486.0,33.9,21.2,36.7,1.17,0.303,0.309,0.938,1.04,1.65,11100.0,6690.0,14000.0,465.0,114.0,122.0,655.0,496.0,0.68,6.02,6.17,6.22,0.012
WA2199731,2199.0,2291.0,2411.0,28.7,19.4,41.7,2.34,0.447,0.151,0.948,0.635,2.79,13400.0,10700.0,37600.0,1340.0,237.0,110.0,674.0,378.0,1.15,10.9,11.2,10.73,0.011
WA2199732,2910.0,2910.0,2910.0,47.5,35.3,6.97,0.464,0.673,0.189,2.81,1.62,0.217,40500.0,34200.0,8170.0,486.0,829.0,274.0,4860.0,1550.0,0.088,18.0,18.2,17.02,0.011
WA2199734,2273.0,2366.0,2467.0,45.0,28.3,17.0,1.39,0.599,0.252,1.5,1.21,1.55,28500.0,16400.0,7600.0,546.0,549.0,167.0,2270.0,1080.0,0.627,11.3,11.4,11.83,0.0115
WA2199736,2124.0,2217.0,2317.0,37.8,26.3,26.8,1.13,0.437,0.177,1.31,1.21,1.07,23000.0,18200.0,23900.0,958.0,325.0,156.0,1400.0,965.0,0.435,12.7,12.9,13.32,0.00719
WA2199737,2550.0,2592.0,2634.0,43.6,20.6,24.4,1.36,0.903,0.231,2.06,0.924,0.841,50300.0,25300.0,16100.0,1870.0,1380.0,323.0,4260.0,1320.0,0.34,20.4,20.5,13.73,0.012
WA2199738,2910.0,2910.0,2910.0,43.6,34.8,4.87,3.6,0.6,1.75,0.46,1.37,4.5,6270.0,5610.0,1030.0,789.0,111.0,390.0,115.0,257.0,1.82,3.03,3.06,2.8,0.0052
WA2199744,2193.0,2293.0,2393.0,48.0,16.7,26.9,1.13,0.519,0.32,1.08,1.79,1.41,40200.0,14200.0,24800.0,949.0,527.0,324.0,1650.0,1830.0,0.574,15.9,16.1,15.68,0.013
WA2199931,2022.0,2128.0,2277.0,38.9,15.8,36.5,1.44,0.505,0.344,1.07,0.832,2.24,48400.0,19700.0,35500.0,1640.0,992.0,682.0,3280.0,1230.0,0.932,20.4,21.2,19.97,0.013
WA2199984,2300.0,2398.0,2480.0,32.3,22.6,34.3,1.16,0.714,0.238,1.52,0.9,1.48,27700.0,22400.0,37500.0,1270.0,763.0,289.0,2380.0,971.0,0.597,17.2,17.4,15.5,0.0109
WA2200129,2508.0,2633.0,2675.0,50.1,30.4,4.4,1.44,1.32,0.683,2.98,1.02,1.84,41000.0,27500.0,5200.0,1770.0,1390.0,817.0,4870.0,1090.0,0.744,17.1,17.3,18.19,0.0113
WA2200987,2094.0,2170.0,2530.0,50.1,17.2,23.1,0.994,0.457,0.367,1.11,1.7,1.24,56200.0,24500.0,33900.0,1270.0,927.0,753.0,3150.0,2190.0,0.505,23.5,24.0,19.55,0.0159
WA2201287,2910.0,2910.0,2910.0,46.7,39.9,5.33,1.5,0.408,0.14,0.675,1.39,2.19,14000.0,13600.0,2180.0,673.0,153.0,65.4,356.0,549.0,0.883,6.33,6.39,6.19,0.00614
WA2201529,2910.0,2910.0,2910.0,47.7,36.2,6.15,0.427,0.56,0.199,2.34,1.25,0.636,45200.0,38800.0,8910.0,573.0,694.0,323.0,4140.0,1610.0,0.257,20.2,20.3,17.89,0.00567
WA2201596,2184.0,2301.0,2398.0,54.1,19.9,14.8,2.08,0.623,0.467,1.62,1.1,0.333,52500.0,21000.0,14000.0,1990.0,976.0,755.0,3650.0,1280.0,0.135,19.1,19.3,18.6,0.0139
WA2201603,1987.0,2106.0,2199.0,45.4,20.0,22.3,2.65,0.456,0.318,1.13,0.964,1.68,42100.0,19400.0,24600.0,2780.0,689.0,535.0,2480.0,1110.0,0.684,18.2,18.4,18.14,0.0177
WA2201763,2434.0,2532.0,2865.0,34.8,26.7,13.5,10.3,0.783,0.814,1.36,0.81,4.35,11500.0,9080.0,3900.0,2940.0,308.0,296.0,1190.0,347.0,1.76,5.87,5.92,5.89,0.0104
WA2201944,2064.0,2174.0,2264.0,40.3,22.6,23.8,1.96,0.723,0.305,1.57,1.01,3.48,22400.0,12800.0,18700.0,1370.0,516.0,228.0,1700.0,680.0,1.43,11.1,11.4,10.47,0.0231
WA2201957,2016.0,2107.0,2204.0,27.1,18.6,51.7,1.51,0.248,0.202,1.17,0.753,2.55,10100.0,7840.0,28700.0,859.0,119.0,119.0,773.0,358.0,1.05,7.7,7.95,7.35,0.0243
WA2202670,1969.0,2066.0,2172.0,37.3,19.8,34.2,0.743,0.472,0.176,1.26,0.817,1.82,22800.0,13200.0,32700.0,631.0,380.0,163.0,1490.0,632.0,0.742,12.9,13.2,11.62,0.0163
WA2203388,2445.0,2550.0,2650.0,55.8,24.9,8.73,1.15,1.33,0.257,3.33,1.1,2.11,36500.0,18500.0,8590.0,1140.0,1130.0,262.0,3840.0,921.0,0.857,13.8,14.0,14.46,0.0158
WA2203660,2800.0,2800.0,2800.0,57.1,28.7,6.49,0.276,0.802,0.257,3.1,1.29,0.588,77400.0,43500.0,12500.0,488.0,1400.0,546.0,7610.0,2190.0,0.237,28.6,28.7,25.6,0.00866
WA2203662,2449.0,2539.0,2649.0,54.9,24.5,10.0,1.34,0.909,0.249,2.68,1.15,1.34,30000.0,15100.0,9130.0,1070.0,634.0,208.0,2590.0,806.0,0.539,11.7,11.8,11.31,0.0292
WA2203670,2251.0,2333.0,2398.0,37.4,23.6,28.2,1.84,0.57,0.16,1.22,0.772,2.37,25000.0,14200.0,12400.0,925.0,510.0,144.0,2120.0,761.0,0.974,10.8,11.0,10.15,0.031
WA2203684,2054.0,2171.0,2259.0,38.4,20.2,23.1,3.79,1.05,0.239,1.91,1.03,6.37,24000.0,13000.0,14000.0,3170.0,820.0,194.0,2160.0,802.0,2.64,11.4,11.8,10.94,0.0222
WA2204148,2321.0,2425.0,2521.0,36.7,23.6,29.3,1.16,0.371,0.411,0.986,1.05,2.08,14900.0,10400.0,16700.0,697.0,188.0,219.0,677.0,543.0,0.841,8.31,8.39,7.61,0.0346
WA2204151,2315.0,2414.0,2519.0,47.7,19.6,21.7,1.77,0.615,0.273,1.69,0.841,2.35,25800.0,12000.0,17500.0,1500.0,435.0,235.0,1640.0,580.0,0.947,11.5,11.6,10.88,0.0303
WA2204153,2766.0,2786.0,2800.0,59.3,26.8,2.85,1.09,0.51,0.245,2.21,1.5,1.41,39700.0,19500.0,2770.0,1040.0,423.0,258.0,2600.0,1320.0,0.579,13.8,14.1,12.1,0.00692
WA2204618,2800.0,2800.0,2800.0,52.2,34.1,2.89,0.677,0.726,0.244,2.97,1.08,0.623,23900.0,17900.0,2020.0,453.0,465.0,193.0,2680.0,632.0,0.252,9.79,9.89,9.34,0.00632
WA2204663,2486.0,2536.0,2585.0,54.3,29.2,4.7,0.73,0.891,0.229,2.05,1.64,0.836,50500.0,30100.0,6100.0,962.0,1040.0,307.0,3420.0,1970.0,0.339,19.4,19.7,21.08,0.00837
WA2204686,2288.0,2388.0,2488.0,34.4,19.4,30.3,2.08,1.21,0.207,2.27,0.777,4.22,17400.0,11100.0,20700.0,1500.0,768.0,153.0,2030.0,508.0,1.71,10.3,10.4,11.05,0.0238
WA2204706,2169.0,2268.0,2378.0,48.7,24.0,16.9,0.815,0.593,0.277,2.41,1.23,1.02,34400.0,18700.0,18000.0,805.0,548.0,307.0,3130.0,1100.0,0.413,14.9,15.0,15.74,0.0119
WA2204708,2546.0,2636.0,2731.0,50.5,25.3,13.4,0.592,0.69,0.238,2.47,1.2,0.634,42600.0,24000.0,17400.0,749.0,749.0,313.0,3710.0,1290.0,0.256,17.9,18.1,16.93,0.01
WA2205206,2610.0,2655.0,2700.0,39.8,29.6,15.2,1.98,0.896,0.331,2.15,1.38,4.63,14500.0,12200.0,8430.0,1100.0,419.0,189.0,1390.0,641.0,1.88,7.7,7.81,8.45,0.02
WA2205211,2330.0,2435.0,2525.0,42.9,24.9,18.4,2.3,1.07,0.486,2.37,1.17,3.63,21800.0,13300.0,13500.0,1650.0,709.0,418.0,2370.0,721.0,1.47,10.4,10.6,9.95,0.0315
WA2206489,2370.0,2470.0,2590.0,62.4,17.6,6.86,3.17,0.664,0.236,1.97,0.92,1.25,65500.0,18600.0,10600.0,4080.0,809.0,381.0,3400.0,1130.0,0.512,21.1,21.6,20.65,0.0221
WA2206494,2144.0,2252.0,2356.0,36.6,21.6,26.1,2.84,0.714,0.211,1.72,0.956,4.25,17100.0,10200.0,17900.0,1320.0,361.0,176.0,1490.0,572.0,1.74,9.26,9.47,11.83,0.0188
WA2206501,2675.0,2735.0,2790.0,44.8,28.7,13.0,1.94,0.697,0.297,1.61,1.64,3.5,27400.0,19900.0,11800.0,1820.0,546.0,287.0,1740.0,1290.0,1.43,12.8,13.1,15.65,0.0155
WA2206506,2501.0,2602.0,2710.0,44.6,31.5,8.98,1.99,1.0,0.251,2.48,1.04,1.93,26800.0,20200.0,8200.0,1550.0,800.0,230.0,2630.0,779.0,0.79,12.1,12.5,13.41,0.0308
WA2206705,2239.0,2351.0,2468.0,40.4,26.9,22.1,1.06,0.751,0.167,2.27,1.14,0.439,20600.0,15300.0,13900.0,710.0,588.0,138.0,2250.0,756.0,0.179,10.4,10.7,10.09,0.00645
WA2206822,2347.0,2434.0,2521.0,43.1,24.9,22.7,1.12,0.508,0.217,1.47,0.878,0.406,22400.0,14300.0,18800.0,772.0,365.0,175.0,1520.0,597.0,0.166,11.0,11.2,10.9,0.0138
WA2206853,2224.0,2343.0,2456.0,50.1,22.2,19.0,0.852,0.708,0.179,2.19,1.12,0.039,54600.0,27100.0,30500.0,1300.0,998.0,305.0,4200.0,1570.0,0.016,22.6,23.2,21.84,0.0119
WA2206855,2118.0,2215.0,2302.0,38.3,20.7,30.1,2.08,0.843,0.0653,0.674,0.733,1.84,23700.0,12400.0,16500.0,1530.0,650.0,56.1,711.0,619.0,0.761,10.6,10.9,10.13,0.00996
WA2206922,2034.0,2124.0,2230.0,36.1,24.0,26.5,2.71,0.678,0.139,1.3,0.807,2.46,14400.0,9990.0,14500.0,1400.0,345.0,77.1,1020.0,399.0,1.02,7.8,8.1,7.02,0.034
WA2207111,2800.0,2800.0,2800.0,57.0,31.7,2.97,0.612,0.537,0.15,2.1,2.06,0.65,39500.0,25200.0,2970.0,644.0,526.0,176.0,2910.0,1770.0,0.266,14.6,14.9,13.9,0.0044
WA2207123,2277.0,2351.0,2431.0,37.5,23.1,32.4,1.75,0.359,0.18,0.716,0.899,2.29,20600.0,14000.0,20800.0,1230.0,218.0,126.0,659.0,693.0,0.942,10.5,10.8,9.96,0.00939
WA2207521,2094.0,2201.0,2321.0,40.1,23.0,26.9,1.48,0.638,0.273,1.76,0.975,1.96,22600.0,13600.0,20600.0,1010.0,484.0,200.0,2030.0,689.0,0.808,11.2,11.5,10.76,0.0191
WA2207822,2624.0,2657.0,2691.0,52.9,26.7,4.23,1.2,1.15,0.258,3.58,1.4,1.07,69200.0,37500.0,8940.0,1520.0,1970.0,521.0,8510.0,2200.0,0.437,25.9,26.4,24.83,0.0333
WA2208037,2353.0,2433.0,2523.0,44.2,25.0,11.1,6.48,0.913,0.331,1.79,1.28,3.15,29800.0,19400.0,11600.0,7170.0,809.0,359.0,2150.0,1120.0,1.27,14.5,14.7,14.13,0.0293
WA2208104,2409.0,2472.0,2529.0,50.2,23.6,14.2,0.981,1.61,0.336,3.61,1.46,1.9,56700.0,30200.0,18200.0,1180.0,1950.0,518.0,7030.0,2310.0,0.771,22.7,23.0,20.91,0.232
WA2208207,2724.0,2753.0,2791.0,49.0,28.4,13.2,0.393,0.721,0.394,2.98,1.27,1.07,65200.0,41500.0,27400.0,808.0,1250.0,805.0,6980.0,2150.0,0.433,28.1,28.4,23.13,0.00899
WA2208217,2225.0,2285.0,2345.0,32.0,14.0,39.3,2.23,0.73,0.25,1.59,1.17,3.1,13500.0,6670.0,24800.0,1440.0,396.0,167.0,1190.0,630.0,1.26,8.85,9.0,8.23,0.0595
WA2208221,2646.0,2697.0,2755.0,50.9,30.6,7.49,3.48,0.503,0.27,1.47,1.61,0.875,19800.0,13600.0,5130.0,2420.0,261.0,171.0,1050.0,840.0,0.354,8.44,8.54,7.99,0.0094
WA2208223,2800.0,2800.0,2800.0,51.9,33.4,3.74,1.71,1.22,0.216,3.32,1.81,1.48,34100.0,23300.0,3540.0,1040.0,1140.0,218.0,4620.0,1290.0,0.603,13.3,13.6,13.26,0.0166
WA2208233,2304.0,2416.0,2527.0,52.2,24.4,12.1,0.791,1.35,0.248,3.4,1.15,1.21,55100.0,29100.0,17700.0,1270.0,1890.0,404.0,6610.0,1520.0,0.487,22.3,22.5,20.78,0.0214
WA2208241,2449.0,2559.0,2609.0,48.6,27.2,10.1,3.08,1.18,0.339,2.58,1.48,2.17,41900.0,26500.0,13200.0,4060.0,1310.0,462.0,3960.0,1630.0,0.878,18.3,18.5,16.86,0.0213
WA2208246,2237.0,2333.0,2417.0,40.8,22.6,19.4,4.83,0.858,0.374,1.5,1.13,2.57,42400.0,26600.0,25200.0,7740.0,1100.0,609.0,2560.0,1520.0,1.04,21.3,21.5,20.33,0.029
WA2208263,2715.0,2793.0,2800.0,47.8,32.5,13.5,0.881,0.669,0.172,1.77,1.11,0.969,39100.0,26400.0,11800.0,715.0,919.0,201.0,3400.0,1150.0,0.395,15.9,16.2,15.07,0.0108
WA2208275,2020.0,2106.0,2222.0,25.2,18.7,47.0,1.78,0.486,0.278,1.1,0.578,1.87,12400.0,10000.0,32300.0,1170.0,322.0,199.0,1090.0,373.0,0.761,9.89,10.1,9.82,0.0133
WA2209499,2793.0,2800.0,2800.0,60.5,27.8,3.85,0.707,0.605,0.344,1.43,2.34,0.961,29300.0,15500.0,3140.0,492.0,357.0,231.0,1240.0,1430.0,0.39,10.3,10.4,10.63,0.0117
WA2209515,2424.0,2514.0,2588.0,53.0,24.3,15.1,0.694,0.896,0.186,2.44,1.21,1.13,66600.0,34500.0,28000.0,1350.0,1460.0,367.0,5470.0,1960.0,0.46,26.4,26.9,25.04,0.0405
WA2209524,2577.0,2716.0,2794.0,44.5,33.5,15.1,1.07,0.548,0.139,1.28,0.809,1.02,24500.0,18700.0,10300.0,706.0,490.0,118.0,1670.0,596.0,0.421,10.9,11.2,10.63,0.0189
WA2209635,2536.0,2609.0,2668.0,54.4,26.0,11.4,0.842,0.786,0.274,2.83,1.17,0.899,40200.0,21600.0,13100.0,903.0,750.0,323.0,3740.0,1110.0,0.365,15.6,15.8,14.98,0.00901
WA2209669,2796.0,2800.0,2800.0,55.1,32.8,4.43,0.621,0.786,0.243,1.92,1.59,0.95,29200.0,19100.0,3620.0,486.0,590.0,203.0,2020.0,1030.0,0.386,11.1,11.3,11.25,0.00844
WA2209871,2127.0,2251.0,2360.0,55.9,30.3,4.55,0.734,0.736,0.0914,2.13,1.54,0.901,31800.0,19600.0,3730.0,623.0,530.0,80.6,2120.0,1120.0,0.367,11.9,12.2,8.79,0.0216
WA2209899,2711.0,2727.0,2743.0,52.2,33.6,5.57,1.0,0.716,0.142,1.92,1.78,1.13,24800.0,18200.0,2610.0,530.0,367.0,85.2,1330.0,1150.0,0.469,9.65,9.85,10.08,0.00832
WA2209953,2122.0,2241.0,2382.0,40.1,22.5,26.6,1.29,1.26,0.211,2.31,1.09,2.17,39800.0,25100.0,38200.0,1920.0,1630.0,327.0,4150.0,1350.0,0.878,20.8,21.0,18.52,0.0209
WA2210030,2800.0,2800.0,2800.0,58.6,31.5,1.46,0.459,0.543,0.13,2.24,1.97,0.618,36700.0,21900.0,1270.0,389.0,423.0,130.0,2520.0,1580.0,0.251,13.1,13.3,13.19,0.00314
WA2210127,2800.0,2800.0,2800.0,51.7,28.3,5.36,1.65,1.06,0.583,2.5,0.998,1.62,12700.0,7830.0,1940.0,619.0,328.0,228.0,1060.0,310.0,0.653,5.2,5.24,4.45,0.0115
WA2210257,2770.0,2800.0,2800.0,47.6,29.0,4.18,2.95,1.81,0.0748,1.74,1.62,4.11,23100.0,15800.0,2700.0,1840.0,973.0,58.7,1460.0,975.0,1.72,9.61,10.0,9.32,0.0114
WA2210287,2254.0,2446.0,2568.0,43.1,22.2,23.7,1.97,0.337,0.211,0.699,1.74,1.67,21100.0,12200.0,14300.0,1380.0,181.0,145.0,507.0,1110.0,0.676,9.79,9.91,10.47,0.012
WA2210290,2579.0,2709.0,2738.0,51.6,29.0,8.04,1.2,0.835,0.257,2.92,1.01,1.48,19500.0,12400.0,4320.0,689.0,408.0,154.0,1960.0,482.0,0.609,7.85,8.05,7.65,0.00716
WA2210331,2690.0,2718.0,2748.0,53.3,28.9,7.2,1.75,1.05,0.848,1.73,2.12,1.53,12200.0,7450.0,2430.0,603.0,307.0,305.0,695.0,620.0,0.618,4.83,4.87,4.74,0.0219
WA2210334,2698.0,2732.0,2766.0,50.9,30.5,8.48,1.15,0.8,0.0961,1.99,2.06,1.6,20000.0,13800.0,6150.0,678.0,436.0,67.3,1670.0,939.0,0.649,8.49,8.63,8.7,0.0157
WA2210398,2355.0,2465.0,2575.0,50.0,26.6,6.64,2.44,1.6,0.338,4.09,1.23,2.38,43800.0,26300.0,8690.0,3260.0,1810.0,469.0,6380.0,1380.0,0.958,18.6,18.8,17.47,0.0295
WA2211164,1971.0,2082.0,2254.0,35.8,20.1,34.8,1.29,0.468,0.101,1.33,1.11,1.81,29100.0,18600.0,42500.0,1610.0,493.0,130.0,1930.0,1150.0,0.73,17.3,17.4,16.09,0.0185
WA2211617,2800.0,2800.0,2800.0,53.1,33.6,4.89,0.593,0.491,0.183,1.9,1.56,1.05,26800.0,19000.0,4110.0,462.0,321.0,148.0,1730.0,1020.0,0.432,10.5,10.8,10.22,0.00742
WA2211628,2735.0,2765.0,2777.0,49.0,31.5,8.08,1.62,0.953,0.3,2.7,1.18,1.3,17900.0,12700.0,4660.0,835.0,439.0,165.0,1740.0,552.0,0.537,7.53,7.76,7.3,0.014
WA2211632,2800.0,2800.0,2800.0,48.4,38.5,4.17,1.13,0.641,0.556,1.71,1.11,0.952,21200.0,18500.0,2230.0,645.0,356.0,311.0,1390.0,727.0,0.394,8.87,9.14,8.59,0.00804
WA2211667,2258.0,2371.0,2475.0,44.6,29.1,7.43,4.6,1.27,0.999,2.0,1.32,3.16,25700.0,17300.0,6750.0,3420.0,931.0,795.0,2130.0,900.0,1.28,11.7,11.8,10.61,0.0241
WA2211679,2646.0,2746.0,2784.0,52.5,31.6,5.87,1.6,0.629,0.35,2.19,1.81,0.533,30500.0,20800.0,5110.0,1420.0,472.0,323.0,2270.0,1340.0,0.216,12.3,12.4,11.96,0.00643
WA2211689,2731.0,2800.0,2800.0,62.4,27.5,2.55,0.364,0.423,0.0914,1.43,1.81,0.327,55400.0,26300.0,4400.0,446.0,529.0,140.0,2530.0,1970.0,0.134,18.4,18.9,17.33,0.00408
WA2212494,2040.0,2165.0,2375.0,38.6,22.9,29.5,1.05,0.697,0.398,2.36,1.1,1.63,18000.0,10900.0,17700.0,526.0,402.0,259.0,1890.0,570.0,0.659,9.1,9.21,9.19,0.0225
WA2212698,1920.0,2050.0,2160.0,45.9,19.6,23.2,1.14,1.19,0.23,2.4,0.92,2.09,43200.0,20600.0,33500.0,1630.0,1430.0,331.0,3960.0,1110.0,0.856,19.7,20.2,16.83,0.0247
WA2212756,2120.0,2214.0,2244.0,31.4,15.6,10.3,14.5,2.88,3.12,0.969,0.475,14.4,16600.0,9090.0,8400.0,11200.0,1920.0,2530.0,981.0,310.0,6.17,10.5,11.3,7.54,0.0692
WA2212985,2172.0,2225.0,2298.0,40.1,26.2,13.2,7.65,1.08,0.648,1.3,1.28,3.72,24700.0,16500.0,11000.0,5390.0,732.0,481.0,1450.0,1040.0,1.51,12.1,12.2,8.77,0.0318
WA2212995,1995.0,2045.0,2095.0,41.2,21.8,23.5,4.38,1.16,0.297,2.47,0.928,3.47,68500.0,40900.0,57400.0,11500.0,2520.0,780.0,7400.0,1960.0,1.41,34.9,35.5,30.85,0.0451
WA2213000,2058.0,2108.0,2176.0,48.0,24.7,10.2,4.86,1.1,0.508,2.39,1.26,2.19,49700.0,29100.0,13700.0,8070.0,1510.0,853.0,4430.0,1640.0,0.895,21.6,22.0,22.32,0.0254
WA2213006,2478.0,2528.0,2594.0,48.8,28.9,6.44,3.38,1.11,0.895,2.72,1.2,2.29,33600.0,22500.0,6630.0,3550.0,987.0,977.0,3330.0,1060.0,0.938,14.4,14.7,11.94,0.0111
WA2213079,2170.0,2194.0,2224.0,28.4,11.3,5.07,22.4,0.979,0.569,0.313,0.762,13.7,14500.0,6630.0,3860.0,17300.0,638.0,456.0,287.0,500.0,6.32,9.51,10.9,6.89,0.0607
WA2213082,2030.0,2060.0,2090.0,36.5,14.1,6.66,14.5,0.722,0.682,0.433,0.953,11.9,25500.0,11200.0,6860.0,15400.0,648.0,753.0,540.0,859.0,5.47,12.9,14.9,8.94,0.0385
WA2213087,2375.0,2440.0,2475.0,21.1,8.36,9.5,25.9,6.31,6.28,0.272,0.484,15.1,6350.0,2860.0,4270.0,12000.0,2450.0,3000.0,145.0,188.0,6.44,6.05,6.48,4.36,0.0806
WA2213089,2132.0,2243.0,2303.0,33.7,9.98,16.5,12.9,5.55,3.81,1.31,0.445,17.1,42400.0,12100.0,27300.0,13700.0,6540.0,3380.0,3080.0,651.0,7.35,20.0,21.3,13.95,0.0824
WA2213091,2193.0,2313.0,2353.0,23.8,11.2,11.4,18.3,4.39,4.51,0.203,0.988,19.5,10100.0,5320.0,7520.0,11500.0,2320.0,2960.0,160.0,506.0,8.33,8.44,9.06,6.95,0.0361
WA2213093,2427.0,2487.0,2529.0,13.8,8.75,11.1,23.6,5.52,5.28,0.124,0.595,28.4,4600.0,3310.0,5570.0,12000.0,2380.0,2800.0,73.6,254.0,12.0,6.74,7.16,5.53,0.0544
WA2213106,2246.0,2329.0,2353.0,19.8,11.3,12.8,17.8,5.02,1.84,0.262,0.701,21.9,8710.0,5650.0,9110.0,11300.0,2690.0,1250.0,198.0,385.0,9.33,8.82,9.4,7.07,0.0176
WA2213422,2253.0,2388.0,2492.0,60.1,17.2,2.65,4.46,2.13,1.51,1.82,0.978,5.4,68500.0,21800.0,4480.0,7550.0,3070.0,2690.0,3710.0,1400.0,2.26,23.2,24.3,22.08,0.00882
WA2213424,2241.0,2356.0,2407.0,35.2,17.4,4.63,13.8,4.1,4.59,0.596,0.624,10.2,21800.0,11300.0,3370.0,7680.0,2620.0,3310.0,817.0,503.0,4.29,10.5,11.0,10.72,0.0191
WA2213426,2194.0,2325.0,2355.0,24.5,9.95,9.89,15.3,4.0,4.56,0.373,0.4,23.3,8250.0,3740.0,5070.0,7820.0,1730.0,2400.0,223.0,174.0,9.77,6.88,7.2,6.0,0.0148
WA2214038,1994.0,2081.0,2198.0,26.7,15.1,19.2,13.0,2.03,1.8,1.68,0.668,15.0,27400.0,15200.0,26300.0,3640.0,1370.0,794.0,4020.0,622.0,6.08,14.8,15.0,15.4,0.0325
WA2214043,2649.0,2731.0,2828.0,48.6,40.6,5.88,2.96,1.26,0.794,2.64,1.43,2.08,36500.0,33300.0,6540.0,3230.0,1220.0,911.0,3520.0,1350.0,0.844,15.7,15.9,15.3,0.015
WA2214048,2453.0,2538.0,2628.0,49.1,36.2,9.36,2.73,1.44,0.412,3.86,1.17,2.31,62900.0,47400.0,17400.0,3870.0,2360.0,812.0,9200.0,1810.0,0.937,26.4,26.8,37.28,0.0159
WA2214055,2102.0,2284.0,2349.0,41.6,22.8,26.0,0.822,0.821,0.402,2.73,0.761,1.19,28100.0,17900.0,26100.0,824.0,718.0,447.0,3270.0,660.0,0.498,13.8,14.5,13.21,0.0153
WA2215435,2692.0,2777.0,2800.0,51.0,30.8,8.28,1.41,0.522,0.621,2.88,1.6,1.13,39200.0,26700.0,9520.0,1660.0,517.0,755.0,3950.0,1570.0,0.461,16.2,16.4,15.44,0.00511
WA2215454,2708.0,2772.0,2800.0,52.2,32.6,5.79,1.11,0.564,0.224,1.28,1.63,1.32,44900.0,31600.0,7140.0,1260.0,621.0,310.0,2000.0,1790.0,0.531,18.1,18.3,16.97,0.00285
WA2215456,2358.0,2458.0,2516.0,36.3,22.8,19.8,5.08,1.17,0.321,2.38,0.819,6.57,16900.0,10800.0,6580.0,1440.0,491.0,176.0,2000.0,420.0,2.65,7.66,7.73,6.79,0.0135
WA2215578,2351.0,2383.0,2416.0,41.2,26.3,16.4,3.91,1.07,1.38,1.99,1.0,4.2,15300.0,11100.0,4330.0,1000.0,598.0,388.0,1450.0,418.0,1.71,6.71,6.82,6.47,0.011
WA2217153,2399.0,2489.0,2604.0,48.6,27.7,7.21,1.86,1.55,0.621,4.11,1.28,2.37,71000.0,45800.0,16300.0,3990.0,2940.0,1430.0,10700.0,2380.0,0.959,31.0,31.3,29.51,0.0189
WA2217392,2175.0,2270.0,2295.0,27.1,9.58,11.3,22.8,3.32,1.17,0.294,0.886,19.3,10500.0,4090.0,6270.0,12700.0,1580.0,728.0,201.0,439.0,8.65,7.15,8.01,6.12,0.029
WA2217687,2468.0,2728.0,2800.0,53.6,29.4,6.19,0.766,1.07,0.909,4.59,1.08,1.66,22700.0,14100.0,3910.0,494.0,582.0,609.0,3450.0,583.0,0.668,8.97,9.04,8.26,0.0127
WA2218485,2052.0,2150.0,2240.0,50.4,21.4,17.7,0.938,1.47,0.472,3.21,1.11,1.62,52400.0,25200.0,26800.0,1460.0,1980.0,778.0,5970.0,1480.0,0.651,22.0,22.1,21.28,0.013
WA2222272,2443.0,2551.0,2685.0,35.7,32.3,15.2,4.15,1.9,0.749,0.358,1.08,5.53,8610.0,8390.0,4770.0,1120.0,523.0,234.0,151.0,303.0,2.27,4.68,4.81,4.24,0.0261
WA2229005,2325.0,2455.0,2567.0,47.3,23.8,16.5,1.35,0.899,0.357,2.53,1.13,1.16,35100.0,20100.0,17100.0,1540.0,863.0,423.0,3350.0,1080.0,0.469,15.5,15.7,14.52,0.017
WA2229051,2027.0,2123.0,2220.0,47.7,19.1,16.6,4.11,0.797,0.986,1.72,0.983,3.08,17800.0,8120.0,9410.0,2340.0,384.0,585.0,1150.0,471.0,1.26,7.85,8.02,8.15,0.0318
WA2229056,1998.0,2042.0,2155.0,41.4,18.5,23.7,3.96,0.807,0.693,1.89,0.439,2.58,19300.0,9790.0,16600.0,2830.0,490.0,513.0,1580.0,275.0,1.05,9.79,9.98,9.13,0.026
WA2229067,2053.0,2125.0,2259.0,33.0,16.3,22.3,11.5,0.85,0.67,1.71,0.711,4.39,18800.0,10500.0,19600.0,9000.0,645.0,595.0,1800.0,519.0,1.8,11.8,12.0,9.89,0.0898
WA2229091,2000.0,2030.0,2189.0,32.2,15.0,35.1,6.79,0.407,0.3,1.3,0.668,2.02,20800.0,11000.0,34400.0,5750.0,337.0,307.0,1470.0,554.0,0.831,13.3,13.7,12.07,0.0489
WA2229543,2168.0,2297.0,2473.0,19.7,7.33,64.7,0.497,0.0996,0.353,0.771,0.329,1.62,24900.0,10400.0,118000.0,997.0,166.0,683.0,1750.0,532.0,0.659,25.9,26.4,16.35,0.0135
WA2229578,2290.0,2417.0,2518.0,37.1,23.9,23.7,4.39,0.517,0.499,1.59,1.1,3.41,17100.0,12200.0,17500.0,3550.0,327.0,360.0,1400.0,626.0,1.38,10.0,10.1,9.73,0.0157
WA2231832,2149.0,2228.0,2440.0,43.7,20.7,23.6,1.89,1.12,0.655,1.64,0.958,2.77,17600.0,9580.0,13900.0,1170.0,566.0,375.0,1110.0,542.0,1.12,8.48,8.58,7.93,0.119
WA2232576,2800.0,2800.0,2800.0,45.8,38.9,0.422,1.43,0.647,0.574,2.37,1.47,0.588,39600.0,38000.0,527.0,1790.0,726.0,792.0,3720.0,1630.0,0.25,17.3,18.4,16.43,0.00325
WA2232577,2800.0,2800.0,2800.0,42.1,36.3,0.472,1.86,0.548,0.5,2.06,1.26,1.01,43400.0,46700.0,565.0,3750.0,718.0,835.0,3690.0,1710.0,0.431,22.5,23.9,20.33,0.0033
WA2233091,2250.0,2345.0,2460.0,26.1,24.8,9.03,13.3,3.57,0.277,0.913,0.719,5.36,11700.0,11800.0,5380.0,8990.0,2100.0,214.0,779.0,414.0,2.37,8.35,9.19,5.96,0.135
WA2233096,2235.0,2295.0,2500.0,42.1,21.0,9.77,6.7,4.4,0.142,2.22,0.865,7.38,34200.0,18600.0,9580.0,7160.0,4190.0,170.0,3130.0,898.0,3.27,14.8,16.3,10.34,0.166
WA2233098,2245.0,2335.0,2385.0,38.1,25.0,4.18,11.0,4.48,0.169,2.57,0.861,4.84,33100.0,22500.0,3590.0,7880.0,4000.0,214.0,3860.0,844.0,2.13,14.5,15.9,10.26,0.023
WA2233100,2125.0,2285.0,2465.0,25.8,11.4,23.0,17.1,4.98,0.162,0.925,0.508,2.8,12900.0,6350.0,11800.0,10400.0,2730.0,120.0,837.0,324.0,1.23,8.3,9.13,5.78,0.243
WA2236239,2800.0,2800.0,2800.0,52.6,33.5,2.93,0.912,0.526,0.319,1.85,1.42,1.49,15400.0,10900.0,1270.0,396.0,206.0,148.0,1030.0,526.0,0.6,6.16,6.22,5.97,0.00714
WA2238471,2105.0,2170.0,2235.0,31.1,17.5,7.67,19.2,2.74,0.135,1.13,0.618,15.1,14700.0,9380.0,5450.0,13900.0,1680.0,102.0,955.0,374.0,6.12,10.1,10.2,8.9,0.066
WA2238472,2246.0,2353.0,2519.0,38.8,27.3,21.6,1.18,0.653,1.31,2.59,1.07,2.61,7200.0,5630.0,4880.0,297.0,153.0,346.0,848.0,255.0,1.05,3.72,3.76,3.75,0.00899
WA2238502,2256.0,2352.0,2484.0,44.4,28.7,3.61,5.57,2.42,0.375,1.98,0.992,6.96,32200.0,23500.0,3890.0,6100.0,2250.0,434.0,2580.0,916.0,3.1,13.9,15.5,11.99,0.025
WA2238509,2458.0,2490.0,2564.0,51.1,26.2,3.45,6.34,2.41,0.401,2.18,1.12,4.6,45700.0,26400.0,4640.0,8620.0,2810.0,588.0,3490.0,1270.0,2.03,17.3,19.1,14.02,0.0242
WA2242029,2789.0,2800.0,2800.0,67.1,20.6,1.28,1.15,0.125,0.738,0.805,0.77,2.57,55900.0,15900.0,1260.0,1270.0,102.0,821.0,1180.0,713.0,1.07,16.3,17.0,16.29,0.00373
WA2242050,2380.0,2540.0,2720.0,47.4,28.3,2.86,5.17,0.423,1.82,0.93,1.15,6.0,13000.0,9100.0,1190.0,2280.0,147.0,796.0,436.0,408.0,2.49,5.75,5.97,5.24,0.0076
WA2242535,2073.0,2348.0,2389.0,17.6,16.0,29.3,14.7,7.35,0.333,1.0,0.475,5.91,7090.0,6980.0,15400.0,8180.0,3480.0,200.0,719.0,242.0,2.62,7.24,7.98,5.98,0.131
WA2242537,2115.0,2160.0,2410.0,41.1,22.8,10.7,5.74,4.15,0.378,2.67,0.885,5.13,30900.0,19100.0,11200.0,6260.0,3860.0,450.0,3600.0,841.0,2.2,14.7,15.8,11.05,0.285
WA3184946,2910.0,2910.0,2910.0,44.4,30.4,2.71,0.396,0.106,0.0401,1.98,2.39,0.2,32500.0,24800.0,3150.0,352.0,117.0,46.2,2770.0,2050.0,0.082,14.7,15.2,10.4,0.00508
WA3187007,2910.0,2910.0,2910.0,53.4,28.1,2.53,1.21,0.617,0.579,1.65,2.07,1.94,23400.0,14500.0,2050.0,576.0,369.0,303.0,1850.0,1180.0,0.807,9.09,9.47,7.87,0.0236
WA3187027,2644.0,2663.0,2794.0,49.0,30.0,3.8,0.81,0.797,1.03,3.1,1.2,1.6,13100.0,9090.0,1520.0,331.0,275.0,435.0,1480.0,411.0,0.667,5.5,5.73,5.89,0.00917
WA3187028,2213.0,2285.0,2665.0,54.0,27.0,4.3,0.41,1.18,0.662,4.1,1.2,0.72,34700.0,19600.0,4130.0,403.0,976.0,674.0,4690.0,987.0,0.3,13.2,13.8,5.8,0.0253
WA3187029,2910.0,2910.0,2910.0,69.0,25.0,1.2,0.77,0.282,0.23,1.1,2.2,0.88,44000.0,18000.0,1150.0,750.0,232.0,232.0,1250.0,1800.0,0.367,13.1,13.6,14.51,0.00406
WA3187030,2846.0,2910.0,2910.0,51.0,33.0,1.5,0.49,0.764,0.405,3.1,1.2,0.6,30300.0,22200.0,1330.0,445.0,585.0,381.0,3280.0,912.0,0.25,12.2,12.7,10.17,0.00698
WA3188967,2553.0,2645.0,2685.0,48.8,23.7,15.7,0.513,0.577,0.3,2.03,1.11,0.74,21300.0,11500.0,9300.0,314.0,316.0,199.0,1570.0,626.0,0.31,8.77,9.13,8.99,0.0114
WA3188970,2030.0,2080.0,2130.0,26.6,10.5,25.7,9.24,4.61,0.222,1.28,0.492,12.9,19000.0,8300.0,28800.0,10400.0,4460.0,257.0,1670.0,456.0,5.37,15.1,15.7,13.44,0.0927
WA3189017,2077.0,2127.0,2213.0,25.5,16.4,37.1,3.54,0.933,0.529,1.13,0.816,5.59,10500.0,7300.0,22100.0,1740.0,444.0,262.0,855.0,402.0,2.33,8.01,8.34,7.3,0.0415
WA3189024,2079.0,2163.0,2222.0,26.4,16.3,37.8,3.04,1.42,0.401,1.2,0.803,5.74,20900.0,13100.0,23200.0,1640.0,873.0,320.0,1680.0,785.0,2.39,11.7,12.2,9.45,0.0351
WA3189027,2589.0,2654.0,2715.0,49.4,23.8,15.3,0.625,0.972,0.289,2.44,1.11,0.622,42800.0,23300.0,19800.0,881.0,1080.0,390.0,3730.0,1240.0,0.259,17.8,18.6,17.79,0.0123
WA3189038,2346.0,2427.0,2525.0,50.4,21.5,12.8,2.84,0.967,0.364,2.65,1.02,2.02,41200.0,19900.0,15800.0,3490.0,1030.0,471.0,3890.0,1070.0,0.841,16.9,17.6,15.96,0.027
WA3189042,2185.0,2247.0,2344.0,39.5,22.4,25.6,1.69,0.778,0.563,1.77,1.14,1.22,36900.0,22400.0,33600.0,1190.0,1020.0,813.0,3320.0,1310.0,0.508,18.5,19.2,19.03,0.0129
WA3189062,2232.0,2300.0,2406.0,48.0,20.6,22.2,0.407,0.561,0.331,1.78,1.01,0.743,23800.0,11600.0,16600.0,311.0,359.0,259.0,1580.0,642.0,0.309,10.2,10.6,9.74,0.00876
WA3189191,2084.0,2138.0,2304.0,28.8,19.9,37.9,2.43,0.394,0.154,0.779,0.764,2.62,11200.0,8620.0,21800.0,1550.0,198.0,93.7,551.0,388.0,1.09,7.96,8.29,8.04,0.0191
WA3189194,2624.0,2718.0,2789.0,55.1,27.5,7.28,0.423,1.43,0.322,3.48,1.24,1.29,44600.0,25500.0,8680.0,511.0,1510.0,412.0,5080.0,1280.0,0.537,16.7,17.4,14.78,0.0295
WA3189200,2910.0,2910.0,2910.0,50.2,28.6,2.78,2.82,1.02,0.56,2.31,1.54,5.28,20200.0,12400.0,1630.0,1440.0,508.0,323.0,1720.0,744.0,2.2,8.05,8.39,7.66,0.103
WA3189255,2498.0,2529.0,2566.0,46.0,25.3,2.26,3.09,0.854,1.38,1.38,1.47,5.1,14700.0,8930.0,1050.0,1540.0,353.0,685.0,790.0,588.0,2.12,6.43,6.7,6.69,0.0204
WA3189339,2910.0,2910.0,2910.0,61.5,25.1,2.39,0.515,0.809,1.17,2.22,1.22,0.51,34400.0,14000.0,1770.0,331.0,580.0,946.0,2480.0,810.0,0.22,11.1,11.5,10.48,0.00553
WA3189746,1981.0,2054.0,2119.0,26.2,15.4,35.6,8.01,0.594,0.701,1.41,0.754,5.32,27200.0,17900.0,53900.0,12400.0,796.0,1160.0,2680.0,1040.0,2.22,20.9,21.8,20.16,0.0152
WA3189751,2176.0,2277.0,2426.0,46.6,22.6,15.8,3.31,0.81,0.596,1.78,1.07,2.63,35900.0,20200.0,17300.0,3700.0,786.0,679.0,2300.0,1120.0,1.1,15.7,16.4,14.77,0.0117
WA3190617,2540.0,2566.0,2592.0,51.0,34.0,6.3,1.3,0.548,2.03,0.6,3.2,2.6,8190.0,6180.0,1510.0,319.0,113.0,516.0,172.0,658.0,1.08,3.3,3.44,2.82,0.0063
WA3190620,2910.0,2910.0,2910.0,51.2,36.7,4.2,1.5,0.797,0.878,2.1,1.8,1.7,17700.0,14400.0,2170.0,792.0,355.0,481.0,1290.0,796.0,0.708,7.1,7.4,7.79,0.01
WA3190622,2875.0,2910.0,2910.0,56.9,28.0,2.8,3.7,1.66,0.581,1.0,1.4,3.6,20200.0,11300.0,1490.0,2010.0,760.0,327.0,633.0,637.0,1.5,7.3,7.6,7.18,0.0064
WA3190639,2659.0,2684.0,2910.0,52.5,31.7,6.8,1.6,1.31,1.34,2.4,1.3,2.9,19900.0,13600.0,3860.0,928.0,642.0,804.0,1620.0,632.0,1.21,7.8,8.13,8.94,0.013
WA3190645,2211.0,2311.0,2436.0,25.5,16.0,48.9,1.42,0.81,1.1,1.11,0.829,2.86,19200.0,12200.0,30800.0,803.0,590.0,806.0,1460.0,722.0,1.19,11.3,11.7,11.38,0.0404
WA3190672.1,2670.0,2690.0,2701.0,47.9,31.2,9.1,2.2,0.797,1.49,1.1,1.1,3.1,10000.0,7390.0,2850.0,704.0,215.0,493.0,410.0,295.0,1.29,4.3,4.48,4.19,0.0056
WA3190677,2575.0,2616.0,2700.0,52.6,26.1,4.18,3.2,1.8,1.14,1.42,1.73,1.99,29200.0,16000.0,2940.0,1650.0,1180.0,759.0,2130.0,1080.0,0.828,10.7,11.1,7.48,0.022
WA3191305,2025.0,2075.0,2163.0,16.6,10.6,57.7,4.87,0.49,0.881,0.304,0.693,7.37,7750.0,4110.0,35700.0,2180.0,304.0,418.0,443.0,459.0,3.07,8.33,8.67,7.3,0.0148
WA3191867,2821.0,2835.0,2868.0,58.5,29.3,4.14,0.537,0.651,0.524,1.58,2.29,1.56,29800.0,16800.0,2670.0,323.0,403.0,394.0,1310.0,1540.0,0.648,10.3,10.7,10.25,0.00388
WA3191877,2408.0,2468.0,2677.0,49.4,27.1,9.19,2.02,1.08,0.972,1.85,1.44,4.48,40500.0,25100.0,12500.0,2430.0,1240.0,1000.0,3060.0,1590.0,1.87,17.1,17.8,18.82,0.0168
WA3191896,2800.0,2800.0,2800.0,55.6,32.8,2.64,0.504,0.858,0.891,2.89,1.44,1.4,61200.0,38400.0,3590.0,445.0,1190.0,1560.0,6160.0,2140.0,0.585,21.8,22.7,21.54,0.00942
WA3192698,2666.0,2714.0,2753.0,48.2,30.1,9.03,1.98,0.666,0.253,1.7,1.28,2.81,16300.0,11300.0,4380.0,857.0,299.0,144.0,1060.0,562.0,1.13,6.99,7.05,7.23,0.0101
WA3192726,2735.0,2769.0,2798.0,56.4,26.3,6.55,0.776,0.733,0.866,1.54,1.74,0.744,28800.0,14200.0,4530.0,572.0,482.0,666.0,1490.0,1180.0,0.31,10.2,10.6,8.46,0.00964
WA3192734,2325.0,2428.0,2535.0,45.8,23.6,9.18,5.82,0.975,2.2,0.234,2.74,3.04,13700.0,8080.0,4040.0,2700.0,373.0,1110.0,132.0,1070.0,1.27,6.15,6.41,5.93,0.0536
WA3193669,2339.0,2432.0,2543.0,32.9,19.3,32.2,1.29,0.991,0.809,2.26,0.59,2.42,5930.0,4000.0,9680.0,328.0,227.0,208.0,761.0,138.0,0.979,3.97,4.01,4.98,0.0203
WA3193726,2711.0,2780.0,2800.0,53.6,25.5,5.87,0.668,1.31,1.1,2.67,1.16,0.845,20300.0,11400.0,3570.0,417.0,698.0,508.0,1750.0,597.0,0.34,8.11,8.25,7.55,0.0113
WA3193959,2202.0,2293.0,2381.0,35.0,20.8,12.9,8.81,1.93,1.27,1.83,1.12,4.94,11100.0,7410.0,6220.0,4020.0,769.0,612.0,1110.0,446.0,2.06,6.46,6.73,5.92,0.0463
WA3193962,2800.0,2800.0,2800.0,50.4,30.0,7.25,1.2,0.935,0.46,1.39,1.6,1.52,13900.0,9340.0,3040.0,506.0,333.0,200.0,678.0,568.0,0.612,5.88,5.91,6.95,0.00583
WA3193965,2608.0,2694.0,2757.0,46.3,26.7,13.3,1.14,1.09,0.367,1.81,1.17,1.69,17600.0,11100.0,6130.0,532.0,471.0,205.0,1380.0,561.0,0.681,7.72,7.78,7.08,0.0321
WA3193971,2751.0,2765.0,2778.0,57.4,22.6,6.0,0.809,0.76,0.787,0.663,2.26,1.12,20300.0,8800.0,2930.0,416.0,318.0,427.0,374.0,1030.0,0.45,7.4,7.45,9.46,0.0123
WA3193978,2800.0,2800.0,2800.0,47.6,29.1,5.28,2.14,0.759,1.27,1.15,1.37,2.99,4640.0,3200.0,753.0,319.0,94.0,193.0,198.0,171.0,1.21,2.06,2.08,2.26,0.00704
WA3193985,2645.0,2744.0,2787.0,43.1,31.0,10.0,1.68,1.38,0.99,0.683,1.62,2.32,10500.0,8530.0,3640.0,621.0,432.0,379.0,297.0,505.0,0.934,5.18,5.21,5.69,0.0155
WA3193992,2204.0,2317.0,2478.0,39.9,25.1,14.7,1.33,1.02,1.28,2.5,1.02,3.02,7310.0,5140.0,4130.0,323.0,257.0,317.0,902.0,232.0,1.21,3.85,3.87,4.08,0.0111
WA3193996,2573.0,2680.0,2765.0,48.5,26.9,9.64,0.51,1.37,0.44,4.01,0.98,0.912,25800.0,16200.0,7560.0,414.0,940.0,372.0,3800.0,671.0,0.38,10.9,11.4,11.02,0.0114
WA3193999,2672.0,2736.0,2752.0,50.2,27.0,6.62,0.629,1.61,0.599,4.26,1.1,1.06,48900.0,27800.0,6700.0,704.0,2060.0,851.0,7700.0,1370.0,0.428,19.9,20.0,18.78,0.0131
WA3194005,2466.0,2566.0,2642.0,42.8,30.8,10.3,1.36,1.37,1.14,2.14,0.92,2.05,6540.0,5340.0,2370.0,320.0,270.0,277.0,583.0,181.0,0.827,3.25,3.27,2.88,0.0135
WA3194008,2538.0,2608.0,2683.0,41.0,31.2,11.2,1.52,0.955,1.4,1.53,0.793,2.73,5610.0,4830.0,2250.0,312.0,166.0,293.0,382.0,138.0,1.1,2.89,2.91,3.14,0.0348
WA3194013,2776.0,2800.0,2800.0,54.9,27.0,3.74,0.415,1.49,0.358,4.74,1.07,0.698,88900.0,48100.0,8850.0,963.0,3160.0,915.0,13700.0,2180.0,0.281,33.9,34.2,34.53,0.0129
WA3194017,2800.0,2800.0,2800.0,53.2,27.7,6.73,0.766,0.887,0.417,1.39,1.38,0.842,15400.0,9190.0,2860.0,333.0,331.0,185.0,724.0,505.0,0.339,6.16,6.21,6.5,0.0137
WA3194730,2401.0,2512.0,2775.0,76.0,9.04,6.19,4.6,2.42,0.274,1.73,0.237,0.829,66900.0,8970.0,8030.0,6020.0,2690.0,365.0,2670.0,270.0,0.342,18.2,18.8,22.81,0.248
WA3195008,2800.0,2800.0,2800.0,57.0,20.7,2.42,4.1,0.387,0.156,2.77,1.19,0.673,45400.0,16000.0,2160.0,5340.0,367.0,175.0,4060.0,1120.0,0.276,16.2,16.5,18.01,0.00359
WA3195051,2638.0,2695.0,2746.0,53.6,27.6,8.15,0.616,0.673,0.5,2.41,1.61,0.772,27300.0,15200.0,5240.0,436.0,399.0,375.0,2010.0,1130.0,0.312,10.4,10.5,11.47,0.00544
WA3195447,2502.0,2584.0,2646.0,45.2,21.4,5.82,9.63,1.09,0.188,2.08,1.4,3.49,42400.0,20900.0,6670.0,10100.0,1200.0,266.0,3790.0,1640.0,1.41,18.3,18.4,17.56,0.0862
WA3196286,2689.0,2714.0,2740.0,36.8,23.3,21.1,2.5,0.892,0.52,2.54,1.08,4.1,22000.0,15100.0,10400.0,1410.0,583.0,388.0,2910.0,751.0,1.66,10.6,10.7,14.16,0.0356
WA3196319,2215.0,2301.0,2510.0,39.0,23.2,20.1,2.12,0.76,0.393,2.45,1.21,2.72,16900.0,11100.0,10500.0,1190.0,414.0,228.0,1960.0,656.0,1.11,8.52,8.69,9.27,0.0217
WA3196336,2407.0,2498.0,2681.0,43.5,23.7,15.9,1.63,0.956,0.368,2.91,1.14,1.8,27600.0,17000.0,13800.0,1460.0,772.0,353.0,3340.0,942.0,0.727,13.2,13.3,12.95,0.0197
WA3199626,2325.0,2422.0,2512.0,49.6,20.6,20.5,1.08,0.801,0.657,2.25,1.02,1.49,84000.0,37400.0,32400.0,1760.0,1820.0,1070.0,6880.0,2140.0,0.615,31.9,32.6,32.04,0.0237
WA3199660,2221.0,2320.0,2385.0,19.5,13.8,62.9,0.923,0.141,0.0867,0.322,0.355,1.29,23200.0,19300.0,79500.0,1550.0,203.0,163.0,693.0,577.0,0.538,20.1,20.9,14.16,0.0196
WA3199678,2187.0,2287.0,2364.0,35.5,22.4,31.4,2.21,0.396,0.207,1.05,0.931,3.32,19900.0,13100.0,16900.0,1190.0,267.0,138.0,1180.0,676.0,1.38,9.85,10.3,10.53,0.0273
WA3199679,2910.0,2910.0,2910.0,45.6,37.9,5.38,1.15,0.257,0.123,0.982,3.67,0.783,29200.0,26400.0,6000.0,1010.0,221.0,121.0,1160.0,2830.0,0.326,13.0,13.5,12.03,0.00436
WA3199690,2244.0,2377.0,2586.0,38.6,24.4,28.1,1.05,0.596,0.24,1.69,1.2,2.23,37000.0,23900.0,26100.0,985.0,815.0,295.0,3320.0,1380.0,0.905,17.7,18.0,16.02,0.0142
WA3199718,2801.0,2808.0,2820.0,48.7,31.6,4.68,1.92,0.716,0.212,2.53,1.51,2.12,22400.0,16400.0,3420.0,1390.0,429.0,155.0,2080.0,884.0,0.877,9.64,9.88,8.48,0.0584
WA3199739,2646.0,2688.0,2747.0,38.9,34.4,17.3,1.2,0.319,0.196,0.787,0.771,1.42,19700.0,19100.0,19100.0,811.0,190.0,146.0,671.0,472.0,0.585,11.2,11.5,10.98,0.00326
WA3201278,2600.0,2632.0,2729.0,39.0,28.0,23.2,0.64,0.46,0.191,2.11,1.38,0.938,27600.0,22700.0,21200.0,617.0,441.0,214.0,2850.0,1230.0,0.388,14.1,14.7,12.66,0.0147
WA3201280,2910.0,2910.0,2910.0,47.2,39.8,2.12,1.01,0.315,0.13,1.47,2.57,0.283,27200.0,25700.0,1850.0,779.0,267.0,136.0,1840.0,1700.0,0.115,12.1,12.2,11.48,0.00735
WA3201282,2910.0,2910.0,2910.0,56.7,35.4,1.4,0.673,0.256,0.106,0.437,3.66,0.825,38000.0,25100.0,1240.0,579.0,245.0,113.0,619.0,3420.0,0.333,13.9,14.0,13.66,0.00512
WA3201522,2910.0,2910.0,2910.0,48.7,37.7,5.06,0.728,0.253,0.101,0.944,3.21,0.786,36400.0,32100.0,5730.0,824.0,241.0,121.0,1230.0,3080.0,0.319,15.8,16.0,14.55,0.00296
WA3202074,2563.0,2654.0,2760.0,51.1,27.6,12.6,0.752,0.834,0.17,2.16,1.51,0.618,42700.0,25400.0,13600.0,807.0,941.0,221.0,3250.0,1600.0,0.248,17.3,17.4,18.31,0.00552
WA3203837,2270.0,2349.0,2452.0,36.4,32.1,12.0,4.2,1.11,1.72,1.08,1.48,7.12,8400.0,5250.0,2380.0,357.0,182.0,184.0,915.0,256.0,2.86,3.5,3.52,3.13,0.016
WA3204134,2558.0,2636.0,2677.0,49.1,23.2,16.0,0.532,0.726,0.205,2.57,1.16,0.802,52700.0,27300.0,26700.0,852.0,1030.0,345.0,4920.0,1560.0,0.325,22.6,22.9,21.8,0.00864
WA3204136,2368.0,2438.0,2519.0,49.5,23.1,14.6,1.46,0.722,0.211,2.5,1.25,1.5,48600.0,25800.0,17600.0,1750.0,945.0,323.0,4410.0,1560.0,0.606,20.1,20.3,19.77,0.0197
WA3206820,1981.0,2080.0,2175.0,37.3,19.3,37.0,1.49,0.586,0.223,1.43,0.883,1.96,16000.0,9250.0,22300.0,924.0,324.0,148.0,1120.0,480.0,0.8,8.76,8.93,8.54,0.024
WA3208044,2749.0,2784.0,2796.0,50.8,30.2,8.01,0.973,1.44,0.438,3.63,1.26,1.69,31100.0,19200.0,7060.0,682.0,1100.0,275.0,3490.0,1020.0,0.685,12.3,12.5,11.55,0.092
WA3208218,2800.0,2800.0,2800.0,52.7,32.1,7.72,1.44,0.651,0.212,1.82,1.61,1.14,24300.0,15700.0,5970.0,762.0,413.0,148.0,1760.0,903.0,0.466,9.52,9.69,9.36,0.0105
WA3208224,2800.0,2800.0,2800.0,55.7,28.7,3.03,0.813,1.05,0.158,2.7,1.71,1.44,47400.0,27200.0,3710.0,970.0,1140.0,208.0,4120.0,1870.0,0.596,17.5,18.1,15.82,0.00661
WA3209902,2664.0,2688.0,2723.0,54.2,28.5,7.69,0.898,1.04,0.198,2.83,1.12,1.17,31600.0,18900.0,6990.0,758.0,738.0,170.0,2860.0,858.0,0.477,12.2,12.5,11.4,0.0137
WA3212753,2222.0,2349.0,2378.0,34.8,15.7,8.08,17.5,3.09,3.5,0.809,0.587,7.3,38600.0,16100.0,7670.0,10600.0,2380.0,2510.0,1890.0,698.0,3.12,15.8,16.7,11.35,0.0591
WA3212764,2154.0,2329.0,2355.0,28.3,18.2,11.9,12.0,2.58,3.1,0.492,0.983,14.4,19200.0,13300.0,11300.0,10100.0,1930.0,2760.0,622.0,835.0,6.18,12.5,13.4,9.59,0.0226
WA3212770,2154.0,2256.0,2301.0,29.0,16.5,6.21,15.8,3.58,4.16,0.489,0.759,11.9,17300.0,9730.0,4940.0,10500.0,2190.0,2870.0,611.0,515.0,5.11,10.2,10.9,7.54,0.018
WA3213084,2270.0,2346.0,2405.0,27.1,11.4,10.9,16.1,4.4,4.36,0.535,0.445,22.1,19400.0,7520.0,10600.0,12700.0,2980.0,3420.0,763.0,349.0,9.43,12.1,12.9,9.63,0.0398
WA3217378.1,2656.0,2795.0,2800.0,47.7,32.5,8.01,1.16,0.896,0.405,3.29,1.3,1.55,40600.0,31400.0,10200.0,1510.0,984.0,547.0,4990.0,1420.0,0.646,17.5,18.2,16.77,0.012
WA3217379.1,2328.0,2462.0,2619.0,38.8,29.1,24.6,0.07,0.133,0.324,0.589,3.03,1.35,34400.0,29200.0,32600.0,94.8,152.0,455.0,929.0,3430.0,0.563,18.2,19.0,19.54,0.011
WA3217380.1,2264.0,2336.0,2399.0,41.7,23.3,28.6,0.728,0.415,0.162,1.94,1.24,1.45,67000.0,42300.0,68800.0,1790.0,859.0,413.0,5530.0,2540.0,0.604,33.0,34.4,36.56,0.014
WA3217381.1,2763.0,2800.0,2800.0,50.4,36.3,5.72,0.56,0.382,0.23,1.69,2.26,0.975,65000.0,53000.0,11000.0,1100.0,635.0,469.0,3890.0,3730.0,0.406,26.5,27.6,32.6,0.006
WA3217383.1,2314.0,2424.0,2540.0,55.0,19.5,12.7,3.19,0.564,0.203,2.56,1.19,2.2,106000.0,42600.0,36800.0,9430.0,1410.0,620.0,8810.0,2940.0,0.917,39.7,41.4,38.3,0.019
WA3217384.1,2186.0,2267.0,2487.0,40.4,19.5,32.3,0.868,0.299,0.243,1.45,1.34,1.63,21300.0,11600.0,25400.0,698.0,203.0,203.0,1360.0,900.0,0.677,10.8,11.3,10.6,0.015
WA3217387.1,2194.0,2437.0,2516.0,45.9,25.9,17.0,1.69,0.481,0.257,2.26,1.82,2.53,34800.0,22300.0,19300.0,1970.0,471.0,309.0,3060.0,1770.0,1.05,15.6,16.3,15.01,0.016
WA3217388.1,2387.0,2468.0,2597.0,38.8,27.0,24.2,1.53,0.382,0.284,2.39,1.49,1.7,22500.0,17700.0,20900.0,1350.0,285.0,260.0,2470.0,1100.0,0.708,11.9,12.4,12.08,0.011
WA3217389.1,2411.0,2580.0,2646.0,53.5,26.5,12.0,1.39,0.498,0.257,2.73,1.24,1.53,25800.0,14400.0,8660.0,1020.0,309.0,196.0,2340.0,763.0,0.635,9.9,10.3,9.33,0.011
WA3222275,2301.0,2484.0,2758.0,33.4,34.0,3.31,4.53,1.2,0.641,1.05,2.33,4.78,6540.0,7430.0,955.0,1340.0,301.0,195.0,368.0,592.0,2.0,3.96,4.15,3.63,0.00634
WA3222280,2413.0,2650.0,2781.0,32.6,31.5,3.67,4.19,2.91,1.27,0.539,1.07,6.66,17200.0,17000.0,1870.0,2350.0,1490.0,827.0,459.0,695.0,2.83,9.19,9.75,7.49,0.0735
WA3222283,2579.0,2643.0,2766.0,40.9,37.1,2.87,2.7,0.851,0.617,0.606,1.06,2.39,25100.0,23400.0,2020.0,1900.0,537.0,493.0,618.0,805.0,0.988,11.5,11.9,10.47,0.0153
WA3222286,2169.0,2312.0,2468.0,40.4,27.1,3.04,2.69,2.82,6.77,0.716,1.01,3.84,13500.0,10200.0,1490.0,1380.0,1230.0,3520.0,416.0,428.0,1.61,6.8,7.12,6.03,0.0146
WA3229547,2388.0,2540.0,2606.0,43.8,28.4,19.4,1.01,0.587,0.123,1.89,1.11,1.38,23700.0,17200.0,15300.0,817.0,408.0,104.0,1830.0,775.0,0.554,11.5,11.5,10.73,0.00587
WA3232490,2313.0,2497.0,2731.0,64.5,16.8,0.733,3.58,0.201,1.05,6.54,0.511,3.11,72100.0,21400.0,1150.0,5850.0,279.0,1840.0,13500.0,745.0,1.33,22.4,23.9,19.12,0.0378
WA3235625,2327.0,2421.0,2563.0,55.7,17.0,6.77,7.58,0.984,0.258,0.331,1.19,3.31,45800.0,15700.0,8700.0,9700.0,946.0,311.0,492.0,1280.0,1.35,17.1,17.5,14.3,0.0755
WA3238511.1,2800.0,2800.0,2800.0,48.4,41.2,4.1,0.448,0.448,0.122,1.97,2.53,0.7,54600.0,52600.0,6940.0,773.0,653.0,218.0,3960.0,3650.0,0.292,23.2,24.2,22.59,0.002
WA3238513.1,2024.0,2149.0,2394.0,25.4,21.0,44.3,1.11,0.315,0.216,0.757,0.502,2.6,8660.0,8100.0,22600.0,575.0,139.0,117.0,459.0,219.0,1.08,7.0,7.29,6.98,0.018
WA3238514.1,1988.0,2061.0,2263.0,33.0,20.4,38.6,0.784,0.398,0.122,1.17,1.0,1.73,19900.0,13900.0,34900.0,723.0,310.0,116.0,1260.0,775.0,0.719,12.4,12.9,9.15,0.035
WA3238515.1,2544.0,2630.0,2687.0,52.9,26.3,5.92,1.21,0.83,0.23,2.68,1.19,2.8,19000.0,10700.0,3190.0,667.0,385.0,131.0,1720.0,550.0,1.17,7.4,7.71,6.96,0.072
WA3238516.1,1999.0,2069.0,2331.0,37.0,22.5,31.2,0.924,0.349,0.176,1.14,1.05,2.05,16000.0,11000.0,20200.0,612.0,195.0,121.0,881.0,580.0,0.854,8.9,9.27,8.92,0.015
WA3238518.1,2070.0,2160.0,2270.0,34.5,21.1,34.7,1.83,0.415,0.27,1.27,1.0,3.28,19300.0,13300.0,29100.0,1570.0,299.0,240.0,1270.0,719.0,1.36,11.5,12.0,11.33,0.011
WA3238522.1,2750.0,2800.0,2800.0,47.4,33.7,10.5,0.672,0.216,0.0945,0.913,2.69,1.33,40000.0,32100.0,13200.0,865.0,234.0,126.0,1370.0,2900.0,0.552,17.3,18.0,17.4,0.013
WA3238526.1,2334.0,2477.0,2604.0,46.9,28.3,14.7,1.36,0.614,0.23,2.44,1.09,2.83,42700.0,29100.0,20100.0,1890.0,721.0,331.0,3950.0,1270.0,1.18,18.7,19.5,17.85,0.021
WA3238529.1,2739.0,2781.0,2800.0,47.7,35.3,8.04,0.784,0.498,0.473,1.94,1.18,1.27,22100.0,18500.0,5560.0,554.0,297.0,346.0,1590.0,696.0,0.531,9.5,9.9,9.51,0.007
WA3238536,2187.0,2248.0,2288.0,29.8,22.5,37.2,1.48,0.349,0.054,1.27,0.903,2.23,15800.0,13500.0,29600.0,1200.0,238.0,45.4,1200.0,613.0,0.927,10.9,11.4,10.43,0.0089
WA3238538.1,2800.0,2800.0,2800.0,51.7,31.9,3.45,1.51,0.664,0.162,1.85,1.62,2.45,20100.0,14100.0,2010.0,900.0,333.0,100.0,1280.0,808.0,1.02,8.0,8.33,8.02,0.0087
WA3238539.1,2382.0,2588.0,2640.0,50.0,28.3,5.26,3.07,1.08,0.23,2.04,1.18,4.97,7790.0,4980.0,1230.0,730.0,217.0,56.7,567.0,235.0,2.07,3.2,3.33,3.04,0.023
WA3238542.2,2098.0,2176.0,2284.0,39.3,21.7,28.6,1.01,0.614,0.432,2.3,1.03,2.15,22200.0,13800.0,24200.0,870.0,447.0,387.0,2310.0,746.0,0.896,11.6,12.1,11.82,0.016
WA3238556,2791.0,2800.0,2800.0,45.7,36.3,2.75,3.03,0.564,0.135,1.32,1.77,4.28,9570.0,8600.0,860.0,968.0,152.0,44.8,493.0,475.0,1.78,4.3,4.48,4.14,0.039
WA3238559,2432.0,2522.0,2611.0,46.1,28.4,16.1,0.896,0.93,0.216,2.44,0.97,1.9,35900.0,25000.0,18800.0,1070.0,933.0,267.0,3380.0,967.0,0.792,16.0,16.7,15.27,0.014
WA3239235.2,2428.0,2534.0,2664.0,47.4,26.4,13.4,2.35,0.548,0.405,1.98,1.19,2.48,19600.0,12400.0,8290.0,1490.0,292.0,266.0,1460.0,628.0,1.03,8.5,8.85,8.36,0.014
WA3239238.1,2413.0,2476.0,2545.0,59.1,27.8,3.12,0.98,0.481,0.27,2.21,2.04,1.6,38500.0,20500.0,3040.0,977.0,405.0,279.0,2570.0,1700.0,0.667,13.4,14.0,14.73,0.0028
WA3239252.2,2374.0,2454.0,2551.0,48.6,25.6,17.4,0.896,0.448,0.864,2.07,1.28,1.6,32000.0,19000.0,17100.0,900.0,380.0,900.0,2420.0,1080.0,0.667,13.5,14.1,12.56,0.0086
WA3239761.1,2071.0,2326.0,2430.0,38.3,20.9,31.5,2.06,0.448,0.311,1.3,1.03,2.33,22200.0,13700.0,27300.0,1820.0,335.0,285.0,1340.0,764.0,0.969,11.9,12.4,11.48,0.013
WA3239762.1,1991.0,2111.0,2355.0,37.2,21.5,35.9,1.18,0.531,0.243,1.94,0.903,1.83,45600.0,29800.0,65800.0,2220.0,840.0,473.0,4230.0,1420.0,0.76,25.2,26.3,24.73,0.057
WA3240448,2586.0,2681.0,2800.0,67.9,19.3,3.51,2.06,0.657,0.516,0.483,1.2,2.68,12300.0,4370.0,1070.0,644.0,159.0,156.0,172.0,299.0,1.08,3.98,4.02,4.05,0.00729
WA3240456,2114.0,2426.0,2576.0,46.9,26.2,18.6,0.997,0.779,0.26,2.2,1.28,1.82,34800.0,21600.0,19700.0,1050.0,733.0,271.0,2900.0,1210.0,0.733,15.5,15.6,15.6,0.00752
WA3240457.1,2800.0,2800.0,2800.0,51.7,37.4,1.56,0.48,0.581,0.135,2.26,1.43,0.9,28200.0,23100.0,1270.0,400.0,408.0,117.0,2190.0,998.0,0.375,11.2,11.7,11.16,0.0047
WA3240459.1,2746.0,2764.0,2791.0,48.9,35.1,5.44,0.37,0.714,0.189,2.39,2.89,0.6,32100.0,26100.0,5350.0,372.0,605.0,197.0,2800.0,2430.0,0.25,13.5,14.1,18.08,0.012
WA3240460.1,2672.0,2741.0,2800.0,52.6,31.1,8.12,0.51,0.481,1.89,1.42,1.75,0.94,23800.0,15900.0,5500.0,353.0,281.0,1360.0,1140.0,1010.0,0.392,9.3,9.69,9.09,0.012
WA3240461.1,2399.0,2574.0,2768.0,53.3,28.1,1.82,4.13,0.614,1.76,1.43,1.98,0.92,27000.0,16100.0,1380.0,3190.0,401.0,1410.0,1290.0,1280.0,0.383,10.4,10.8,9.69,0.011
WA3241012.1,2647.0,2702.0,2784.0,53.2,26.4,11.7,0.66,0.681,0.203,1.82,1.69,1.17,56200.0,31600.0,18500.0,1070.0,927.0,339.0,3420.0,2280.0,0.488,21.7,22.6,21.63,0.0063
WA3241015.1,2790.0,2800.0,2800.0,51.1,31.3,6.06,0.69,1.29,0.351,3.38,1.18,1.36,40800.0,28300.0,7240.0,842.0,1330.0,444.0,4800.0,1210.0,0.567,16.4,17.1,15.77,0.016
WA3241021.1,2085.0,2188.0,2500.0,44.1,24.6,23.5,0.77,0.581,0.149,2.27,1.24,1.19,40400.0,25500.0,32200.0,1080.0,685.0,215.0,3700.0,1450.0,0.496,18.8,19.6,18.36,0.0095
WA3241862.1,2011.0,2097.0,2175.0,42.6,25.4,25.7,1.09,0.315,0.162,1.93,1.39,1.72,28800.0,19500.0,26000.0,1130.0,275.0,174.0,2330.0,1200.0,0.717,13.9,14.5,13.25,0.01
WA3241865.1,2257.0,2496.0,2626.0,45.0,28.0,17.0,0.7,0.664,0.311,3.33,1.17,1.56,39200.0,27600.0,22200.0,932.0,746.0,429.0,5170.0,1300.0,0.65,17.9,18.6,18.79,0.0071
WA3241879.1,2089.0,2219.0,2348.0,41.0,24.1,28.7,0.84,0.0498,0.149,1.14,1.45,1.03,30700.0,20500.0,32200.0,962.0,48.1,176.0,1520.0,1390.0,0.429,15.4,16.0,15.32,0.0046
WA3241880.1,2164.0,2254.0,2365.0,39.4,24.8,29.0,0.85,0.166,0.162,1.54,1.31,1.51,26800.0,19100.0,29600.0,885.0,146.0,175.0,1870.0,1140.0,0.629,14.0,14.6,13.3,0.031
WA3241881.1,2156.0,2299.0,2612.0,44.4,25.9,21.5,0.61,0.398,0.203,2.51,1.85,0.992,42600.0,28100.0,30900.0,894.0,493.0,308.0,4290.0,2270.0,0.413,19.7,20.5,18.51,0.0087
WA3241882.1,2501.0,2639.0,2716.0,49.3,27.7,13.3,0.89,0.797,0.135,1.54,1.31,1.24,57400.0,36500.0,23200.0,1580.0,1200.0,249.0,3190.0,1950.0,0.517,23.9,24.9,23.14,0.0073
WA3241886.1,2542.0,2725.0,2777.0,50.5,29.0,11.4,0.83,0.797,0.135,2.46,1.52,1.34,29000.0,18900.0,9800.0,728.0,590.0,123.0,2520.0,1120.0,0.558,11.8,12.3,11.0,0.0073
WA3241890.1,2037.0,2177.0,2467.0,29.1,23.6,42.1,1.43,0.415,0.0675,1.16,0.93,2.65,12200.0,11200.0,26400.0,915.0,224.0,44.8,865.0,498.0,1.1,8.6,8.96,8.01,0.014
WA3241891.1,2168.0,2223.0,2432.0,42.5,25.2,25.3,1.17,0.382,0.122,1.14,1.45,1.81,20700.0,13900.0,18400.0,870.0,240.0,93.8,988.0,903.0,0.754,10.0,10.4,9.92,0.0082
WA3241892.1,2018.0,2202.0,2435.0,34.1,21.2,34.2,2.2,0.681,0.135,0.52,1.13,4.14,11800.0,8290.0,17700.0,1160.0,303.0,74.0,320.0,500.0,1.73,7.1,7.4,6.81,0.076
WA3241895.1,2017.0,2262.0,2498.0,39.2,23.1,26.9,1.31,0.581,0.108,1.64,1.13,1.91,20800.0,13900.0,21400.0,1060.0,397.0,90.8,1550.0,767.0,0.796,10.9,11.4,9.58,0.021
WA3241897.1,2326.0,2424.0,2559.0,44.5,25.2,24.6,0.88,0.863,0.135,2.8,1.17,1.39,29500.0,18900.0,24400.0,890.0,737.0,142.0,3300.0,991.0,0.579,13.6,14.2,13.66,0.024
WA3241900.1,2676.0,2701.0,2759.0,46.5,34.6,6.3,0.84,1.13,0.23,4.34,1.09,1.01,42800.0,36000.0,8670.0,1180.0,1340.0,335.0,7110.0,1280.0,0.421,18.9,19.7,17.76,0.0089
WA3241903.1,2310.0,2446.0,2577.0,49.7,25.7,11.5,2.33,0.963,0.176,2.55,1.41,2.0,30000.0,17600.0,10400.0,2150.0,749.0,168.0,2740.0,1090.0,0.833,12.4,12.9,11.36,0.019
WA3242528,1967.0,2097.0,2290.0,34.0,12.9,38.4,1.59,0.703,0.198,1.17,0.833,4.07,16900.0,7540.0,14400.0,733.0,435.0,176.0,1260.0,551.0,1.73,7.8,8.27,6.24,0.0247
WA3242532,2080.0,2160.0,2210.0,39.9,20.1,11.3,6.77,4.49,0.357,2.38,0.779,8.54,32500.0,18600.0,12900.0,7820.0,4510.0,458.0,3340.0,814.0,3.68,15.8,17.1,12.23,0.22
WA3242551,2646.0,2708.0,2752.0,8.1,25.7,17.5,13.1,8.07,0.184,0.36,0.562,14.9,1480.0,5390.0,4770.0,3640.0,1920.0,53.6,120.0,136.0,6.53,3.58,3.95,2.51,0.608
WA3245897.1,1923.0,1989.0,2288.0,32.6,16.1,39.1,2.06,0.564,0.405,1.7,0.72,3.12,36200.0,20200.0,64900.0,3490.0,808.0,713.0,3360.0,1020.0,1.3,22.8,23.8,21.88,0.0073
WA3245923.1,2786.0,2800.0,2800.0,49.3,30.5,6.64,0.77,0.847,0.284,2.81,1.42,0.87,37700.0,26400.0,7590.0,899.0,834.0,343.0,3820.0,1390.0,0.363,15.7,16.4,15.05,0.0045
WA3245926.1,2068.0,2205.0,2403.0,42.0,21.7,25.8,1.3,0.581,0.108,1.42,1.34,1.63,29400.0,17200.0,27100.0,1390.0,525.0,120.0,1770.0,1200.0,0.679,14.4,15.0,14.01,0.0045
WA3245929.1,2228.0,2277.0,2451.0,47.8,25.5,18.6,0.72,0.797,0.122,2.5,1.5,0.88,56100.0,33900.0,32700.0,1290.0,1210.0,226.0,5220.0,2250.0,0.367,24.1,25.1,22.76,0.0022
WA3245937.1,2117.0,2230.0,2376.0,42.1,23.4,26.3,1.56,0.481,0.203,1.25,1.76,1.82,40600.0,25500.0,37900.0,2300.0,598.0,309.0,2150.0,2170.0,0.758,19.8,20.6,18.25,0.011
WA3245940.1,2270.0,2486.0,2595.0,50.1,24.4,17.7,0.69,0.747,0.203,2.49,1.48,1.01,60000.0,33100.0,31700.0,1260.0,1150.0,384.0,5310.0,2270.0,0.421,24.6,25.6,24.36,0.004
WA3246190.1,2450.0,2472.0,2568.0,47.9,28.1,14.6,1.14,0.564,0.149,1.59,1.73,1.41,46200.0,30700.0,21100.0,1680.0,701.0,227.0,2730.0,2130.0,0.588,19.8,20.6,19.35,0.018
WA3246191.1,2767.0,2784.0,2800.0,42.9,32.4,14.4,1.81,0.465,0.176,1.16,1.07,1.84,34900.0,29800.0,17500.0,2250.0,487.0,226.0,1680.0,1110.0,0.767,16.7,17.4,16.13,0.013
WA4184936,2910.0,2910.0,2910.0,54.0,27.8,5.78,0.578,0.0639,0.0486,1.88,1.4,0.18,34500.0,20200.0,5270.0,566.0,53.2,49.6,2140.0,1140.0,0.074,13.3,13.7,11.8,0.00634
WA4184961,2910.0,2910.0,2910.0,37.7,30.3,5.9,1.5,0.138,0.0487,2.5,2.3,1.2,26900.0,21200.0,4500.0,1010.0,145.0,55.2,3270.0,1810.0,0.47,12.9,13.3,13.9,0.169
WA4188984,2012.0,2062.0,2115.0,33.1,13.5,30.9,7.04,0.655,0.206,1.4,0.703,5.65,19900.0,9110.0,27300.0,6160.0,499.0,191.0,1500.0,541.0,2.35,12.2,12.7,12.25,0.0796
WA4189030,2065.0,2115.0,2177.0,45.8,19.9,26.1,0.341,0.841,0.253,2.45,0.977,0.936,40700.0,20000.0,34800.0,464.0,966.0,357.0,3880.0,1110.0,0.39,18.3,19.0,17.61,0.0114
WA4189034,2110.0,2178.0,2233.0,48.3,18.5,21.8,0.417,0.845,0.219,2.32,0.881,1.03,46200.0,19800.0,30500.0,611.0,1030.0,331.0,3920.0,1070.0,0.43,19.4,20.3,16.93,0.015
WA4189180,2260.0,2310.0,2425.0,47.4,22.9,18.7,1.79,0.754,0.345,1.61,0.999,2.04,19100.0,9390.0,9490.0,681.0,436.0,181.0,1360.0,491.0,0.851,7.81,8.14,7.63,0.0212
WA4189188,2509.0,2571.0,2776.0,45.1,30.1,9.76,2.69,0.958,0.505,2.55,1.19,2.23,27100.0,18800.0,7320.0,1640.0,815.0,512.0,2890.0,866.0,0.928,11.6,12.1,10.97,0.0159
WA4189207,2124.0,2194.0,2290.0,38.8,21.9,30.8,0.73,0.553,0.3,1.35,0.956,1.35,22300.0,13100.0,24800.0,464.0,434.0,284.0,1510.0,672.0,0.564,11.4,11.9,11.02,0.0214
WA4189218,2606.0,2654.0,2752.0,40.9,25.6,17.0,0.763,0.876,0.332,2.51,1.36,1.51,24500.0,16900.0,9130.0,362.0,665.0,251.0,2820.0,1010.0,0.628,10.8,11.3,10.73,0.0123
WA4189310,2036.0,2083.0,2143.0,38.8,16.1,15.2,8.02,0.692,0.76,1.5,0.717,4.23,20900.0,9750.0,11600.0,6370.0,470.0,649.0,1410.0,493.0,1.76,10.8,11.3,9.83,0.0206
WA4189759,1927.0,2002.0,2062.0,31.4,15.7,42.1,2.26,0.592,0.469,1.52,0.648,2.23,20300.0,11000.0,37400.0,2030.0,482.0,437.0,1750.0,528.0,0.929,12.6,13.2,12.03,0.0108
WA4190569,2561.0,2611.0,2724.0,43.8,26.3,13.2,0.419,0.769,0.246,2.27,1.01,0.44,38900.0,25400.0,16400.0,528.0,896.0,322.0,3710.0,1140.0,0.19,17.8,18.5,16.83,0.0192
WA4190586,2250.0,2308.0,2392.0,37.5,22.3,25.6,1.27,0.453,0.441,1.48,0.947,0.36,40800.0,27200.0,36300.0,1130.0,701.0,636.0,3400.0,1210.0,0.15,21.3,22.2,20.36,0.0116
WA4190591,2188.0,2238.0,2383.0,34.0,20.4,31.3,0.788,0.66,0.217,2.0,0.818,0.4,32200.0,21900.0,45600.0,1150.0,810.0,330.0,3380.0,987.0,0.17,19.6,20.5,19.13,0.0123
WA4191085,1951.0,2024.0,2072.0,22.7,11.8,46.5,5.54,0.469,0.825,0.878,0.576,2.33,6720.0,3920.0,20600.0,2690.0,182.0,386.0,459.0,217.0,0.96,6.21,6.39,5.47,0.0407
WA4191299,1956.0,2003.0,2081.0,37.9,13.7,30.1,7.34,0.332,0.717,1.02,0.794,4.99,17100.0,6940.0,19800.0,5540.0,191.0,513.0,808.0,460.0,2.08,9.32,9.71,7.48,0.0286
WA4191312,2361.0,2446.0,2647.0,46.6,26.7,16.9,1.82,1.03,1.12,1.83,1.1,1.96,32400.0,20600.0,13700.0,1900.0,879.0,1000.0,2390.0,970.0,0.816,13.6,14.2,16.22,0.0102
WA4192730,2774.0,2794.0,2800.0,56.8,24.4,7.0,0.919,1.2,1.41,1.83,1.38,0.91,23800.0,9510.0,3130.0,439.0,566.0,943.0,1260.0,782.0,0.375,8.0,8.23,8.5,0.0196
WA4194370,2709.0,2736.0,2759.0,53.4,25.7,7.13,0.534,0.796,0.156,3.17,1.23,0.76,28300.0,15200.0,7360.0,413.0,529.0,127.0,2940.0,806.0,0.32,11.3,11.7,10.51,0.00973
WA4194998,2800.0,2800.0,2800.0,58.4,29.5,2.16,0.629,0.562,0.367,2.14,1.77,0.521,47400.0,26000.0,2660.0,538.0,656.0,355.0,3940.0,1700.0,0.213,16.7,17.1,18.34,0.00522
WA4196301,2176.0,2237.0,2340.0,37.7,22.5,21.8,2.89,0.56,0.294,2.19,1.14,3.19,20300.0,13300.0,13700.0,2400.0,383.0,237.0,2190.0,778.0,1.31,10.5,10.8,9.79,0.0104
WA4196305,2088.0,2152.0,2336.0,39.6,22.7,20.5,3.31,0.753,0.258,2.45,1.08,3.31,36500.0,23700.0,26200.0,4420.0,928.0,383.0,4090.0,1280.0,1.37,18.6,19.3,17.6,0.0188
WA4196322,2302.0,2372.0,2601.0,44.7,23.8,15.2,1.89,0.731,0.327,2.59,1.2,2.66,26500.0,15800.0,11100.0,1570.0,575.0,281.0,2920.0,902.0,1.08,12.0,12.2,12.05,0.00911
WA4197219,2396.0,2476.0,2633.0,43.7,26.6,15.7,2.08,0.87,0.357,2.67,1.14,2.26,28100.0,19500.0,13000.0,1960.0,749.0,354.0,3180.0,946.0,0.908,13.4,13.5,11.98,0.00975
WA4197223,2332.0,2414.0,2523.0,43.9,24.4,16.3,2.76,0.868,0.306,2.66,1.05,2.51,34400.0,21900.0,17000.0,2960.0,866.0,377.0,3780.0,1070.0,1.01,16.3,16.4,15.38,0.0493
WA4197227,2124.0,2172.0,2314.0,34.2,19.6,32.8,3.22,0.621,0.274,2.01,0.901,2.61,28600.0,18600.0,34300.0,3550.0,685.0,345.0,3100.0,976.0,1.05,16.7,16.8,15.65,0.035
WA4197231,2183.0,2239.0,2433.0,35.3,22.3,23.7,5.05,0.685,0.252,2.28,0.963,4.74,24600.0,17500.0,19400.0,4780.0,631.0,266.0,2980.0,869.0,1.91,13.8,13.9,13.5,0.0224
WA4197235,2420.0,2500.0,2707.0,47.1,27.1,9.48,4.01,0.835,0.332,2.5,1.23,3.56,26700.0,16900.0,5850.0,2970.0,633.0,278.0,2660.0,899.0,1.43,11.5,11.6,11.45,0.0117
WA4197239,2099.0,2149.0,2332.0,37.0,20.9,25.4,4.66,0.619,0.302,2.05,0.973,3.35,23000.0,14500.0,20400.0,3760.0,496.0,282.0,2280.0,775.0,1.35,12.5,12.6,11.64,0.0254
WA4197248,2242.0,2342.0,2443.0,39.0,24.1,18.0,5.52,0.736,0.302,2.24,0.989,3.67,23300.0,16100.0,14300.0,4690.0,582.0,268.0,2540.0,758.0,1.48,12.4,12.4,13.18,0.0215
WA4197267,2137.0,2245.0,2336.0,44.1,23.8,20.9,1.53,0.706,0.211,2.26,1.09,1.59,24300.0,14900.0,17000.0,1250.0,505.0,185.0,2220.0,768.0,0.641,11.6,11.8,10.34,0.00925
WA4197271,2341.0,2444.0,2532.0,45.2,25.0,16.8,1.51,0.682,0.219,2.4,1.29,1.49,25800.0,15800.0,12700.0,1130.0,494.0,193.0,2450.0,953.0,0.601,11.7,11.8,11.32,0.00819
WA4197275,2622.0,2711.0,2751.0,45.1,25.7,16.7,1.86,0.481,0.182,2.19,0.988,1.97,20100.0,12500.0,8870.0,1010.0,277.0,120.0,1810.0,557.0,0.793,8.97,9.05,9.98,0.00754
WA4198996,2135.0,2238.0,2335.0,44.5,23.2,23.1,1.35,0.707,0.284,1.56,1.17,2.26,27600.0,15900.0,23200.0,1220.0,580.0,273.0,1790.0,905.0,0.925,13.1,13.4,12.23,0.0148
WA4199619,2402.0,2505.0,2599.0,45.2,27.9,14.3,2.53,0.502,0.137,1.13,1.41,1.81,18800.0,13100.0,9180.0,1660.0,264.0,90.0,809.0,763.0,0.753,8.63,8.96,9.38,0.0204
WA4202051,2337.0,2434.0,2550.0,45.9,24.5,18.9,0.882,0.73,0.224,2.45,1.08,1.14,29300.0,17900.0,15300.0,752.0,589.0,213.0,2750.0,896.0,0.459,13.1,13.3,12.86,0.00729
WA4206691,2053.0,2155.0,2254.0,41.5,22.2,27.3,1.2,0.485,0.18,1.33,0.942,0.872,28100.0,16800.0,26000.0,1160.0,439.0,191.0,1670.0,814.0,0.356,13.9,14.2,13.3,0.0112
WA4207297,2249.0,2348.0,2468.0,34.5,21.3,36.3,1.01,0.571,0.234,1.87,0.865,1.59,33600.0,21700.0,29000.0,891.0,873.0,286.0,3870.0,1030.0,0.642,16.3,16.5,15.97,0.0133
WA4207301,2214.0,2308.0,2381.0,39.6,21.1,16.7,7.53,0.721,0.206,2.05,0.936,6.1,23100.0,13700.0,13500.0,6840.0,542.0,187.0,2140.0,702.0,2.46,12.2,12.3,11.04,0.0393
WA4207305,2383.0,2472.0,2562.0,47.1,25.1,14.7,2.33,0.921,0.204,2.34,1.18,2.75,20800.0,12300.0,8230.0,1400.0,513.0,142.0,1860.0,667.0,1.11,9.08,9.14,8.92,0.0164
WA4207309,2441.0,2536.0,2619.0,46.5,25.7,8.69,5.75,0.903,0.229,2.39,1.09,3.64,28000.0,17200.0,6330.0,3660.0,682.0,196.0,2560.0,846.0,1.46,12.1,12.2,11.13,0.0172
WA4213102,2361.0,2434.0,2453.0,18.1,12.4,7.25,22.7,4.13,3.04,0.264,0.319,18.9,8410.0,6370.0,5120.0,14800.0,2290.0,1970.0,222.0,194.0,8.12,8.8,9.45,6.42,0.0673
WA4213112,2219.0,2335.0,2373.0,25.0,9.85,8.79,22.6,6.23,2.29,0.2,0.593,8.19,6600.0,2900.0,3540.0,8930.0,2070.0,937.0,94.4,200.0,3.47,5.25,5.57,4.15,0.0602
WA4222276,2193.0,2357.0,2561.0,24.4,19.5,20.9,8.0,8.05,2.62,1.17,0.533,4.52,13700.0,11900.0,13000.0,5460.0,4940.0,1630.0,947.0,363.0,2.01,9.54,10.4,8.47,0.124
WA4222289,2164.0,2357.0,2536.0,21.4,22.2,7.34,10.7,6.31,7.8,1.31,0.775,14.1,5120.0,5300.0,2070.0,3080.0,1560.0,2330.0,524.0,202.0,5.88,4.21,4.41,4.39,0.0181
WA4232481,2308.0,2375.0,2442.0,20.5,15.1,31.1,11.4,1.34,0.147,0.503,0.591,7.06,7580.0,6760.0,13000.0,4380.0,518.0,73.7,319.0,292.0,3.04,6.28,6.76,5.14,0.564
WA4236228,2087.0,2165.0,2364.0,53.3,15.7,2.02,7.25,0.369,4.26,1.46,0.757,9.9,71900.0,24000.0,4100.0,14700.0,638.0,8960.0,3490.0,1300.0,4.68,24.5,28.8,22.68,0.0566
WA4238525.1,2558.0,2661.0,2739.0,52.2,27.4,5.98,1.67,1.16,0.257,3.29,1.16,3.6,63200.0,37700.0,10800.0,3090.0,1820.0,493.0,7110.0,1790.0,1.5,24.9,25.9,22.4,0.01
WA4238537.1,2110.0,2271.0,2335.0,40.1,27.8,22.1,0.742,0.896,0.311,3.79,1.06,1.5,34900.0,27500.0,28800.0,988.0,1010.0,429.0,5870.0,1180.0,0.625,17.9,18.6,17.44,0.015
WA4238554.1,2547.0,2754.0,2776.0,54.2,29.6,6.56,0.686,0.979,0.216,3.11,1.31,1.27,45100.0,27900.0,8180.0,873.0,1050.0,285.0,4610.0,1400.0,0.531,17.1,17.8,18.08,0.018
WA4238568.1,2299.0,2424.0,2546.0,43.1,28.3,16.9,0.532,0.979,0.257,2.86,1.09,1.7,41000.0,30400.0,24000.0,772.0,1200.0,386.0,4830.0,1320.0,0.708,19.5,20.3,18.66,0.015
WA4239237.1,2537.0,2623.0,2714.0,52.2,27.7,9.4,1.6,0.515,0.365,2.18,1.24,1.7,36600.0,22000.0,9860.0,1710.0,465.0,405.0,2720.0,1120.0,0.708,14.4,15.0,15.82,0.01
WA4239244.1,2800.0,2800.0,2800.0,52.2,35.5,1.97,0.756,0.349,0.243,2.15,2.02,1.15,33100.0,25400.0,1870.0,731.0,284.0,244.0,2420.0,1640.0,0.479,13.0,13.5,12.49,0.006
WA4239260.1,2438.0,2541.0,2676.0,48.9,17.2,12.2,3.28,0.415,0.243,1.94,1.42,3.0,36700.0,14600.0,13700.0,3750.0,401.0,289.0,2580.0,1370.0,1.25,15.4,16.0,14.69,0.092
WA4239760.1,2142.0,2247.0,2337.0,27.0,15.1,51.3,1.11,0.166,0.23,0.781,0.903,2.1,18000.0,11400.0,51100.0,1130.0,143.0,243.0,928.0,771.0,0.875,13.7,14.3,14.42,0.011
WA4241016.1,2139.0,2264.0,2519.0,48.3,26.8,17.9,0.53,1.23,0.216,3.27,0.98,1.56,69100.0,43400.0,38300.0,1160.0,2270.0,490.0,8330.0,1790.0,0.65,29.4,30.6,26.99,0.017
WA4241018.1,2186.0,2270.0,2445.0,43.3,21.4,25.3,0.64,0.647,0.149,1.87,1.27,1.52,54000.0,30200.0,47200.0,1220.0,1040.0,293.0,4150.0,2030.0,0.633,25.6,26.7,24.34,0.034
WA4241861.1,2028.0,2117.0,2352.0,40.1,23.6,26.8,1.57,0.465,0.189,1.43,1.54,2.78,21500.0,14300.0,21500.0,1280.0,321.0,160.0,1360.0,1060.0,1.16,11.0,11.5,10.36,0.059
WA4241863.1,1985.0,2113.0,2350.0,34.5,22.8,34.2,1.62,0.249,0.216,1.62,0.89,2.79,16000.0,11900.0,23700.0,1140.0,148.0,158.0,1330.0,527.0,1.16,9.5,9.9,9.11,0.059
WA4241875.1,2340.0,2483.0,2638.0,40.0,28.0,23.5,1.39,0.299,0.257,1.33,1.57,2.29,17900.0,14200.0,15700.0,951.0,173.0,182.0,1060.0,900.0,0.954,9.2,9.58,9.08,0.011
WA4241883.1,2457.0,2550.0,2623.0,44.7,29.8,17.1,1.15,0.73,0.0945,2.6,1.19,1.26,36600.0,27600.0,20900.0,1440.0,770.0,123.0,3790.0,1250.0,0.525,16.8,17.5,15.7,0.009
WA4241888.1,2351.0,2399.0,2517.0,48.0,29.3,15.3,0.87,0.531,0.405,1.86,1.63,1.15,32000.0,22100.0,15300.0,886.0,457.0,428.0,2210.0,1390.0,0.479,13.7,14.3,12.37,0.0056
WA4242547,2258.0,2348.0,2365.0,20.8,16.8,20.6,16.5,4.35,0.142,0.645,0.583,10.9,8310.0,9200.0,4770.0,4680.0,877.0,78.9,391.0,356.0,4.65,5.78,6.13,4.94,0.12
WA4245903.1,2057.0,2184.0,2325.0,40.1,19.0,34.6,1.11,0.548,0.189,2.02,0.96,1.72,21100.0,11300.0,27200.0,892.0,371.0,158.0,1890.0,646.0,0.717,10.8,11.3,10.92,0.0071
WA4245912.1,2069.0,2284.0,2404.0,37.3,18.4,35.5,2.29,0.598,0.189,1.81,0.991,2.61,35200.0,19700.0,50200.0,3300.0,728.0,283.0,3040.0,1200.0,1.09,19.4,20.2,18.73,0.0067
WA4245913.1,2333.0,2577.0,2671.0,55.9,24.4,11.1,0.73,0.93,0.149,3.28,1.32,1.17,107000.0,52800.0,31800.0,2130.0,2290.0,450.0,11200.0,3230.0,0.488,39.3,40.9,39.2,0.01
WA4245915.1,2127.0,2196.0,2318.0,43.0,19.4,26.2,0.7,0.481,0.23,1.8,1.3,0.8,40000.0,20400.0,36500.0,994.0,577.0,338.0,2980.0,1550.0,0.333,19.1,19.9,17.69,0.0018
WA4245916.1,2181.0,2250.0,2487.0,46.1,26.6,19.0,1.33,0.564,0.243,1.98,0.91,1.68,20600.0,13500.0,12700.0,910.0,326.0,173.0,1580.0,522.0,0.7,9.2,9.58,9.29,0.0036
WA4245938.1,2450.0,2514.0,2657.0,45.5,22.7,23.0,0.65,0.548,0.162,1.7,2.19,0.74,55400.0,31300.0,41900.0,1210.0,859.0,313.0,3680.0,3410.0,0.308,25.0,26.0,23.06,0.028
WA5189047,2158.0,2231.0,2318.0,36.0,21.8,26.0,1.81,0.837,0.383,1.95,1.08,1.54,32000.0,20700.0,27000.0,1580.0,893.0,509.0,2980.0,1220.0,0.641,16.5,17.2,15.38,0.0226
WA5189052,2446.0,2499.0,2563.0,50.5,22.8,15.0,1.12,0.812,0.56,2.58,1.08,0.894,40400.0,20500.0,17700.0,1320.0,834.0,715.0,3600.0,1100.0,0.373,16.3,17.0,15.36,0.0144
WA5189298,1959.0,2028.0,2100.0,35.6,13.7,28.3,4.29,0.562,0.713,1.31,0.687,2.54,20800.0,8860.0,23200.0,3430.0,436.0,646.0,1410.0,508.0,1.06,11.6,12.0,11.18,0.016
WA5190564,2389.0,2446.0,2508.0,42.6,24.2,17.4,0.432,0.823,0.444,2.35,0.968,0.25,40200.0,24700.0,21700.0,591.0,1020.0,591.0,4030.0,1160.0,0.11,18.7,19.5,17.17,0.0143
WA5191095,1960.0,2050.0,2122.0,32.8,17.2,23.6,7.2,0.946,0.802,1.36,0.8,2.78,23400.0,13500.0,23300.0,5620.0,860.0,859.0,1730.0,741.0,1.16,13.5,14.1,13.7,0.0476
WA5192929,2040.0,2133.0,2206.0,25.9,7.84,26.0,14.6,0.467,0.866,1.12,0.571,16.3,17500.0,5620.0,22600.0,13400.0,401.0,870.0,1390.0,484.0,6.76,12.9,13.4,11.66,0.0381
WA5193926,2209.0,2270.0,2406.0,67.5,9.78,5.22,9.71,2.22,0.503,2.06,0.393,0.261,46200.0,7670.0,5240.0,9320.0,1920.0,545.0,2540.0,391.0,0.105,14.4,14.5,14.2,0.175
WA5196309,2180.0,2250.0,2434.0,37.2,22.6,21.6,3.17,0.683,0.338,2.43,1.11,3.46,28100.0,18900.0,18100.0,2850.0,699.0,365.0,3410.0,1060.0,1.41,14.5,14.8,13.18,0.0201
WA5196313,2352.0,2449.0,2628.0,43.2,24.2,17.5,1.76,0.689,0.363,2.14,1.12,2.43,36300.0,21600.0,17600.0,1690.0,746.0,430.0,3260.0,1180.0,0.994,16.2,16.7,16.16,0.0135
WA5196326,2745.0,2763.0,2794.0,49.3,26.7,3.43,4.98,0.999,0.347,2.25,1.54,5.19,36200.0,20400.0,3310.0,2510.0,791.0,346.0,3060.0,1490.0,2.1,14.0,14.2,13.44,0.0167
WA5196331,2773.0,2864.0,2886.0,58.9,23.2,5.23,1.36,1.06,0.269,2.2,1.38,1.59,74900.0,33000.0,9610.0,1920.0,1740.0,527.0,5220.0,2230.0,0.642,26.4,26.6,25.74,0.0125
WA5197243,2653.0,2743.0,2860.0,54.1,25.2,7.6,1.98,0.971,0.271,2.36,1.19,2.29,64200.0,32400.0,11800.0,2460.0,1460.0,497.0,5170.0,1800.0,0.921,24.3,24.5,23.57,0.012
WA5197252,2279.0,2370.0,2448.0,41.2,24.7,21.0,2.1,0.629,0.268,1.91,1.0,2.25,24500.0,16100.0,17200.0,1570.0,501.0,244.0,2140.0,765.0,0.906,12.2,12.3,12.05,0.0154
WA5202067,2106.0,2196.0,2349.0,43.4,24.6,20.9,0.914,0.901,0.198,2.88,1.06,0.958,24800.0,15700.0,16100.0,729.0,663.0,175.0,2930.0,772.0,0.392,11.7,11.9,11.28,0.0138
WA5206983,2415.0,2533.0,2622.0,43.5,26.4,15.1,2.78,0.78,0.31,2.53,1.25,2.37,42200.0,27800.0,18700.0,3430.0,1060.0,442.0,4850.0,1640.0,0.955,19.8,20.0,18.94,0.013
WA5213417,2288.0,2384.0,2438.0,27.6,12.2,5.53,16.7,4.09,4.76,0.275,1.01,19.1,12300.0,6030.0,3040.0,8770.0,1890.0,2640.0,256.0,560.0,8.0,7.93,8.3,6.52,0.025
WA5227066,2349.0,2407.0,2610.0,32.9,22.1,11.7,7.43,4.21,0.368,0.656,1.07,5.88,9750.0,7270.0,5760.0,3670.0,1600.0,183.0,433.0,406.0,2.51,6.08,6.48,3.59,0.0936
WA5232482,2445.0,2521.0,2671.0,37.7,23.5,11.9,8.21,1.44,0.406,1.6,0.878,3.25,41800.0,27400.0,11300.0,9470.0,1720.0,582.0,3180.0,1240.0,1.42,18.8,20.4,15.3,0.136
WA5238497,2126.0,2233.0,2321.0,13.4,14.1,31.4,11.3,2.45,0.037,0.278,0.432,12.2,3540.0,4610.0,16800.0,4110.0,836.0,16.0,122.0,152.0,5.45,5.73,6.35,4.93,0.437
WA5238561.1,2131.0,2358.0,2477.0,44.2,25.2,24.0,0.924,0.432,0.311,1.63,1.42,1.68,25000.0,16100.0,20300.0,798.0,314.0,278.0,1640.0,1030.0,0.698,11.6,12.1,11.57,0.0039
WA5239763.1,2380.0,2503.0,2647.0,54.6,26.9,13.6,0.644,0.664,0.284,2.19,1.24,0.925,46300.0,25800.0,17300.0,834.0,725.0,381.0,3300.0,1350.0,0.385,17.4,18.1,17.03,0.0075
WA5245896.1,2799.0,2800.0,2800.0,54.3,31.1,3.65,1.04,0.979,0.594,2.9,1.68,1.02,32800.0,21300.0,3300.0,959.0,762.0,568.0,3120.0,1300.0,0.425,12.4,12.9,12.23,0.0046
WA5245925.1,2062.0,2365.0,2513.0,37.6,22.9,36.8,0.63,0.216,0.243,0.31,1.07,1.17,45900.0,31700.0,67300.0,1180.0,340.0,471.0,674.0,1670.0,0.488,25.1,26.1,25.69,0.0027
WA5245927.1,2101.0,2244.0,2437.0,44.6,22.6,29.4,1.03,0.548,0.162,1.47,0.998,1.35,38900.0,22300.0,38300.0,1370.0,615.0,224.0,2280.0,1110.0,0.563,17.9,18.6,18.33,0.0042
WA5245930.1,2330.0,2599.0,2673.0,52.5,26.7,13.4,0.8,0.797,0.203,2.47,1.41,1.01,45700.0,26300.0,17500.0,1070.0,895.0,280.0,3830.0,1570.0,0.421,17.9,18.6,18.62,0.0086
WA6189314,2074.0,2129.0,2255.0,43.3,17.4,15.8,3.98,0.698,0.687,1.86,0.794,2.45,25600.0,11600.0,14600.0,2940.0,491.0,596.0,1960.0,595.0,1.02,12.0,12.5,11.28,0.0166
WA6191079,2024.0,2125.0,2208.0,42.4,21.5,23.0,4.18,0.959,1.07,1.83,0.969,2.23,20600.0,11600.0,14800.0,2700.0,636.0,732.0,1670.0,606.0,0.919,9.65,9.92,9.25,0.0444
WA6191088,2010.0,2093.0,2163.0,47.1,12.9,11.4,14.1,0.689,0.646,1.37,0.65,3.25,30700.0,9490.0,12000.0,14200.0,596.0,676.0,1660.0,536.0,1.34,13.6,14.0,12.82,0.104
WA6192923,2070.0,2160.0,2256.0,40.2,13.8,15.3,10.7,0.68,0.956,1.75,0.72,10.2,24200.0,9420.0,14400.0,8910.0,528.0,885.0,1910.0,561.0,4.24,12.3,12.7,11.53,0.0322
WA6206972,2488.0,2581.0,2687.0,50.5,25.7,6.36,1.52,0.892,0.488,2.82,1.23,1.58,49300.0,27500.0,9010.0,1800.0,1190.0,694.0,5170.0,1540.0,0.644,19.2,19.5,18.3,0.00667
WA6207285,2088.0,2190.0,2304.0,37.3,24.8,27.6,1.73,0.518,0.254,1.58,0.928,1.99,21700.0,15200.0,18900.0,1190.0,432.0,207.0,1910.0,738.0,0.802,11.1,11.2,9.7,0.0133
WA6241013.1,2023.0,2091.0,2311.0,40.4,22.7,30.5,0.72,0.515,0.162,1.82,1.21,2.03,46800.0,29800.0,52900.0,1270.0,769.0,298.0,3750.0,1790.0,0.846,23.8,24.8,20.02,0.084
WA6241014.1,2709.0,2737.0,2780.0,54.2,28.5,8.17,0.75,0.78,0.149,2.28,1.49,1.27,58600.0,34900.0,13200.0,1240.0,1090.0,254.0,4390.0,2060.0,0.529,22.2,23.1,21.57,0.0088
WA6241902.1,2655.0,2730.0,2775.0,57.1,26.9,7.4,0.69,0.979,0.486,2.41,1.35,0.65,34700.0,18500.0,6740.0,641.0,768.0,469.0,2610.0,1050.0,0.271,12.5,13.0,12.1,0.0081
WA6245904.1,2420.0,2520.0,2643.0,45.2,26.7,17.8,1.74,0.647,0.203,1.93,1.73,2.19,26000.0,17400.0,15300.0,1530.0,479.0,184.0,1970.0,1270.0,0.913,11.8,12.3,8.24,0.0086
WA6245914.1,2775.0,2800.0,2800.0,47.4,28.7,12.6,1.73,0.714,0.189,2.53,1.3,1.18,36700.0,25100.0,14600.0,2050.0,712.0,232.0,3490.0,1290.0,0.492,15.9,16.6,15.19,0.0039
WA7194352,2616.0,2688.0,2754.0,47.2,24.8,13.3,0.79,0.572,0.252,2.24,1.33,0.931,38100.0,21700.0,13200.0,874.0,618.0,292.0,3260.0,1320.0,0.383,16.0,16.5,17.03,0.00838
WA7241020.1,2614.0,2681.0,2749.0,54.7,26.4,12.1,0.61,0.199,0.122,1.04,2.6,1.0,58300.0,31900.0,19300.0,994.0,274.0,205.0,1970.0,3550.0,0.417,21.9,22.8,21.37,0.0037
WA8188976,2081.0,2128.0,2183.0,40.3,16.6,32.0,0.627,0.552,0.223,1.39,0.869,1.31,21900.0,9850.0,21800.0,435.0,381.0,182.0,1350.0,606.0,0.545,10.5,10.9,9.94,0.0115
WA8197258,2582.0,2669.0,2733.0,49.8,23.2,15.2,1.97,0.777,0.312,2.09,1.15,1.93,55100.0,27100.0,20900.0,1730.0,1120.0,517.0,4250.0,1640.0,0.775,22.1,22.2,20.98,0.0159
WA8206957,2413.0,2501.0,2588.0,48.8,23.8,17.4,1.44,0.711,0.597,2.57,1.15,1.35,43400.0,22900.0,16300.0,1260.0,870.0,821.0,4280.0,1320.0,0.548,17.4,17.7,16.08,0.00831
WA8242052,2170.0,2238.0,2328.0,33.7,12.3,36.7,4.23,0.706,0.208,0.269,0.644,8.56,21800.0,4170.0,16200.0,1560.0,218.0,144.0,302.0,327.0,3.54,8.44,8.69,8.0,0.0157
WA8242072,2565.0,2601.0,2691.0,45.0,29.9,4.35,6.55,1.36,0.225,0.479,0.983,6.4,21300.0,13500.0,1880.0,2580.0,521.0,175.0,489.0,488.0,2.66,8.35,8.66,7.75,0.00757
WA8242098,1896.0,1979.0,2114.0,23.7,14.1,40.5,6.13,0.727,1.34,0.204,0.547,8.94,7400.0,4380.0,16000.0,2720.0,245.0,535.0,123.0,194.0,3.74,5.72,5.93,5.29,0.0301
WA9242141,1934.0,2009.0,2231.0,27.0,15.4,33.3,5.94,0.896,1.61,0.38,0.742,11.1,11600.0,5030.0,14600.0,2110.0,256.0,610.0,361.0,283.0,4.61,6.53,6.77,6.51,0.0187
